query_user_id,rank,candidate_user_id,score
user_0168255c,1,user_c35d6565,0.791064
user_0168255c,2,user_d6175d39,0.790998
user_0168255c,3,user_07cb458d,0.779029
user_0168255c,4,user_bdcc6e7d,0.771423
user_0168255c,5,user_9dda4af9,0.763263
user_0168255c,6,user_56e6d0cd,0.762004
user_0168255c,7,user_8663226a,0.760957
user_0168255c,8,user_3f798a8b,0.760483
user_0168255c,9,user_4db0d490,0.758482
user_0168255c,10,user_38f4dfac,0.747519
user_0168255c,11,user_ca6074df,0.743588
user_0168255c,12,user_f030b951,0.740226
user_0168255c,13,user_657c72ca,0.739810
user_0168255c,14,user_d036c911,0.739736
user_0168255c,15,user_9d65649f,0.735792
user_02016939,1,user_74cfb8ef,0.844103
user_02016939,2,user_7b5f54c0,0.840124
user_02016939,3,user_aabd2642,0.830556
user_02016939,4,user_70bbda36,0.826765
user_02016939,5,user_2f4cc646,0.826239
user_02016939,6,user_476670f9,0.824176
user_02016939,7,user_e2e59795,0.812647
user_02016939,8,user_5526cbfd,0.812599
user_02016939,9,user_2c69b83e,0.810934
user_02016939,10,user_58bfeaad,0.808015
user_02016939,11,user_4bd9303b,0.804679
user_02016939,12,user_7de6f343,0.803687
user_02016939,13,user_54c1ebee,0.802276
user_02016939,14,user_25798310,0.801800
user_02016939,15,user_166a3647,0.798910
user_0285dee3,1,user_d70942c1,0.801144
user_0285dee3,2,user_5d35f631,0.786790
user_0285dee3,3,user_5349c6cf,0.754681
user_0285dee3,4,user_954805d7,0.749008
user_0285dee3,5,user_5881b259,0.742551
user_0285dee3,6,user_bbcbf015,0.736283
user_0285dee3,7,user_a75b4d6e,0.736252
user_0285dee3,8,user_a1b097c2,0.735631
user_0285dee3,9,user_14a2d3c6,0.733253
user_0285dee3,10,user_5ac1a174,0.732646
user_0285dee3,11,user_f654c33b,0.732555
user_0285dee3,12,user_29cd4556,0.731040
user_0285dee3,13,user_6bf0e007,0.730251
user_0285dee3,14,user_ec574395,0.730022
user_0285dee3,15,user_d1d16d30,0.729719
user_02d03e8a,1,user_2e05a7a0,0.785978
user_02d03e8a,2,user_4a57e449,0.756538
user_02d03e8a,3,user_07ec3726,0.744555
user_02d03e8a,4,user_8006727d,0.739940
user_02d03e8a,5,user_9bee2a7c,0.736980
user_02d03e8a,6,user_ab86ab82,0.727063
user_02d03e8a,7,user_ee8d5ec5,0.724161
user_02d03e8a,8,user_9571d0d5,0.718042
user_02d03e8a,9,user_3f2894b5,0.714401
user_02d03e8a,10,user_5159d3a1,0.698653
user_02d03e8a,11,user_126670d7,0.697481
user_02d03e8a,12,user_74d27419,0.697037
user_02d03e8a,13,user_ba4a78fc,0.696365
user_02d03e8a,14,user_96d9cb9a,0.694685
user_02d03e8a,15,user_67acd9b1,0.694360
user_02d8a1f8,1,user_9dda4af9,0.824096
user_02d8a1f8,2,user_c35d6565,0.820126
user_02d8a1f8,3,user_5881b259,0.819586
user_02d8a1f8,4,user_36d44add,0.816861
user_02d8a1f8,5,user_7aa3746b,0.814005
user_02d8a1f8,6,user_c39d41d7,0.807437
user_02d8a1f8,7,user_e6057285,0.795527
user_02d8a1f8,8,user_ef954c6e,0.792212
user_02d8a1f8,9,user_b16e0cf8,0.791813
user_02d8a1f8,10,user_dae4304f,0.787728
user_02d8a1f8,11,user_fba6bcd4,0.786342
user_02d8a1f8,12,user_54c1ebee,0.786093
user_02d8a1f8,13,user_adab54a0,0.785741
user_02d8a1f8,14,user_e5a6abbe,0.784327
user_02d8a1f8,15,user_f654c33b,0.784182
user_02fecea2,1,user_66772d98,0.738376
user_02fecea2,2,user_7b5f54c0,0.735165
user_02fecea2,3,user_81a80789,0.726460
user_02fecea2,4,user_9600e8bf,0.718833
user_02fecea2,5,user_a7b901f2,0.718104
user_02fecea2,6,user_364bb955,0.713352
user_02fecea2,7,user_d4c7b4c0,0.713327
user_02fecea2,8,user_b0129d9e,0.710000
user_02fecea2,9,user_aabd2642,0.708224
user_02fecea2,10,user_cbabbcee,0.707532
user_02fecea2,11,user_54c1ebee,0.699854
user_02fecea2,12,user_f51339f8,0.697343
user_02fecea2,13,user_acd6ddfb,0.694353
user_02fecea2,14,user_70bbda36,0.684471
user_02fecea2,15,user_d50d7985,0.681118
user_03410579,1,user_364bb955,0.822483
user_03410579,2,user_03410579,0.820686
user_03410579,3,user_cbabbcee,0.798025
user_03410579,4,user_d691d016,0.797839
user_03410579,5,user_02fecea2,0.796431
user_03410579,6,user_3bc84c13,0.788895
user_03410579,7,user_a7b901f2,0.781771
user_03410579,8,user_70bbda36,0.776957
user_03410579,9,user_b1a5a37e,0.776609
user_03410579,10,user_fcf93ee8,0.776153
user_03410579,11,user_147d1bbb,0.775867
user_03410579,12,user_dca78fea,0.773148
user_03410579,13,user_586752e4,0.771302
user_03410579,14,user_c994138f,0.768278
user_03410579,15,user_5c9b579a,0.765805
user_043ea160,1,user_043ea160,0.781617
user_043ea160,2,user_c157ca97,0.589343
user_043ea160,3,user_66a7ce5a,0.581247
user_043ea160,4,user_e88c308b,0.564916
user_043ea160,5,user_d499c752,0.553882
user_043ea160,6,user_3535252b,0.552030
user_043ea160,7,user_9d9fba70,0.551151
user_043ea160,8,user_2b03934e,0.546588
user_043ea160,9,user_201c8c78,0.544023
user_043ea160,10,user_8c0c7619,0.542510
user_043ea160,11,user_52c9252c,0.541894
user_043ea160,12,user_d69d04b7,0.539502
user_043ea160,13,user_406c399e,0.537170
user_043ea160,14,user_833d8832,0.533495
user_043ea160,15,user_74da5a13,0.531045
user_04d29f9c,1,user_fdcaaf41,0.870880
user_04d29f9c,2,user_1b7f8c56,0.866318
user_04d29f9c,3,user_aabd2642,0.865759
user_04d29f9c,4,user_fba6bcd4,0.857371
user_04d29f9c,5,user_5526cbfd,0.856765
user_04d29f9c,6,user_2c69b83e,0.855177
user_04d29f9c,7,user_0a0bcaa6,0.852586
user_04d29f9c,8,user_03969305,0.850808
user_04d29f9c,9,user_c39d41d7,0.849294
user_04d29f9c,10,user_88b2faba,0.848174
user_04d29f9c,11,user_147d1bbb,0.847751
user_04d29f9c,12,user_dbc4828c,0.847424
user_04d29f9c,13,user_1a2755b3,0.844133
user_04d29f9c,14,user_a3a4a20a,0.841879
user_04d29f9c,15,user_4f755977,0.841155
user_04d8419e,1,user_0bd8ba7c,0.738267
user_04d8419e,2,user_c7beef01,0.717664
user_04d8419e,3,user_d14b7d7b,0.713803
user_04d8419e,4,user_4a57e449,0.708470
user_04d8419e,5,user_a16d1fb6,0.705554
user_04d8419e,6,user_2c3eb234,0.700808
user_04d8419e,7,user_8006727d,0.698649
user_04d8419e,8,user_11e8421f,0.688526
user_04d8419e,9,user_ab86ab82,0.686500
user_04d8419e,10,user_9b6481e4,0.681135
user_04d8419e,11,user_07ec3726,0.650787
user_04d8419e,12,user_ffe2efae,0.634584
user_04d8419e,13,user_32934d38,0.634522
user_04d8419e,14,user_8a3bbeb2,0.623409
user_04d8419e,15,user_815b7baf,0.617711
user_0521a7ac,1,user_8be3f554,0.752329
user_0521a7ac,2,user_daf37424,0.741552
user_0521a7ac,3,user_c994138f,0.741214
user_0521a7ac,4,user_ab86ab82,0.732220
user_0521a7ac,5,user_406c399e,0.722475
user_0521a7ac,6,user_8dd20d7f,0.722056
user_0521a7ac,7,user_65d73ac1,0.718805
user_0521a7ac,8,user_f930e37f,0.716923
user_0521a7ac,9,user_91f807b9,0.716806
user_0521a7ac,10,user_89e04335,0.714565
user_0521a7ac,11,user_96013176,0.711796
user_0521a7ac,12,user_a151ddab,0.711533
user_0521a7ac,13,user_586752e4,0.709971
user_0521a7ac,14,user_a75b16f2,0.709890
user_0521a7ac,15,user_d849ac6e,0.709269
user_058c1800,1,user_e6057285,0.873635
user_058c1800,2,user_c35d6565,0.866818
user_058c1800,3,user_38dc2894,0.850538
user_058c1800,4,user_96013176,0.840730
user_058c1800,5,user_54c1ebee,0.840148
user_058c1800,6,user_e802076d,0.839991
user_058c1800,7,user_fba6bcd4,0.837016
user_058c1800,8,user_e59c000f,0.836724
user_058c1800,9,user_d691d016,0.836468
user_058c1800,10,user_5881b259,0.835058
user_058c1800,11,user_72b93300,0.835027
user_058c1800,12,user_394c25cc,0.834378
user_058c1800,13,user_2e81a539,0.831829
user_058c1800,14,user_0898fc4b,0.829466
user_058c1800,15,user_5c82df31,0.828579
user_0697c470,1,user_25b48a9a,0.824986
user_0697c470,2,user_8be3f554,0.815831
user_0697c470,3,user_b9036662,0.805589
user_0697c470,4,user_67acd9b1,0.798211
user_0697c470,5,user_b49274ca,0.797650
user_0697c470,6,user_0eb2abf1,0.795806
user_0697c470,7,user_6b311f43,0.794377
user_0697c470,8,user_030cf51a,0.792177
user_0697c470,9,user_16ac4154,0.791867
user_0697c470,10,user_ee8d5ec5,0.791512
user_0697c470,11,user_c2f18cf7,0.791475
user_0697c470,12,user_69df6330,0.790771
user_0697c470,13,user_56980aa9,0.790072
user_0697c470,14,user_9571d0d5,0.789357
user_0697c470,15,user_2dd5b531,0.788065
user_07cb458d,1,user_7b5f54c0,0.859458
user_07cb458d,2,user_2f4cc646,0.812689
user_07cb458d,3,user_07cb458d,0.810337
user_07cb458d,4,user_81a80789,0.809767
user_07cb458d,5,user_25798310,0.804033
user_07cb458d,6,user_acd6ddfb,0.801799
user_07cb458d,7,user_b63ea1d4,0.797881
user_07cb458d,8,user_aabd2642,0.797060
user_07cb458d,9,user_d6175d39,0.796986
user_07cb458d,10,user_70bbda36,0.796521
user_07cb458d,11,user_3e284ba5,0.792308
user_07cb458d,12,user_2c69b83e,0.785794
user_07cb458d,13,user_166a3647,0.783445
user_07cb458d,14,user_e6dd44b0,0.782965
user_07cb458d,15,user_364bb955,0.782199
user_07db2c6a,1,user_8e5e899b,0.828634
user_07db2c6a,2,user_4144252d,0.809032
user_07db2c6a,3,user_87e5d9b0,0.802169
user_07db2c6a,4,user_e8cdb142,0.783993
user_07db2c6a,5,user_ff39b6cf,0.774052
user_07db2c6a,6,user_233fda02,0.767008
user_07db2c6a,7,user_903329bb,0.762141
user_07db2c6a,8,user_3b90fb53,0.761046
user_07db2c6a,9,user_858fa00c,0.759532
user_07db2c6a,10,user_07db2c6a,0.748969
user_07db2c6a,11,user_5ac1a174,0.742955
user_07db2c6a,12,user_29266f60,0.731930
user_07db2c6a,13,user_0e82fe11,0.727457
user_07db2c6a,14,user_aabd2642,0.724681
user_07db2c6a,15,user_2c39731d,0.722358
user_07faa0fc,1,user_07faa0fc,0.696071
user_07faa0fc,2,user_586752e4,0.684979
user_07faa0fc,3,user_3971c3e6,0.682391
user_07faa0fc,4,user_1b2d69c1,0.678105
user_07faa0fc,5,user_baa70592,0.677063
user_07faa0fc,6,user_8e97a154,0.673765
user_07faa0fc,7,user_26fa9d90,0.669802
user_07faa0fc,8,user_74c84045,0.665543
user_07faa0fc,9,user_72b93300,0.663464
user_07faa0fc,10,user_dae4304f,0.657198
user_07faa0fc,11,user_737dd050,0.656942
user_07faa0fc,12,user_daf37424,0.655431
user_07faa0fc,13,user_b4214db6,0.653225
user_07faa0fc,14,user_f030b951,0.646870
user_07faa0fc,15,user_c994138f,0.645361
user_08aa624b,1,user_c39d41d7,0.863787
user_08aa624b,2,user_5881b259,0.852952
user_08aa624b,3,user_636ad58f,0.847089
user_08aa624b,4,user_f654c33b,0.840938
user_08aa624b,5,user_954805d7,0.833558
user_08aa624b,6,user_d199bef3,0.829741
user_08aa624b,7,user_b16e0cf8,0.826435
user_08aa624b,8,user_d70942c1,0.825617
user_08aa624b,9,user_d1d16d30,0.823866
user_08aa624b,10,user_43a979d2,0.821661
user_08aa624b,11,user_a01f16ac,0.820859
user_08aa624b,12,user_5c09bb3d,0.817663
user_08aa624b,13,user_c5f32c0d,0.814090
user_08aa624b,14,user_84e93af7,0.812657
user_08aa624b,15,user_50e2a836,0.810081
user_08c32973,1,user_7c3d63ce,0.879843
user_08c32973,2,user_4ea1ef09,0.878166
user_08c32973,3,user_ba8b1c05,0.877138
user_08c32973,4,user_7de6f343,0.869593
user_08c32973,5,user_795650bb,0.859188
user_08c32973,6,user_bf30f80d,0.856438
user_08c32973,7,user_421ae417,0.855603
user_08c32973,8,user_6fa47d61,0.851883
user_08c32973,9,user_04f39d22,0.836051
user_08c32973,10,user_40efa894,0.835697
user_08c32973,11,user_08c32973,0.834834
user_08c32973,12,user_2c2a5c24,0.834232
user_08c32973,13,user_f3377028,0.823712
user_08c32973,14,user_82c86537,0.818914
user_08c32973,15,user_0bc8e727,0.818306
user_08e9ce6e,1,user_a615a6d1,0.794956
user_08e9ce6e,2,user_3bb7992e,0.772262
user_08e9ce6e,3,user_26fa9d90,0.762069
user_08e9ce6e,4,user_372c2b3e,0.757309
user_08e9ce6e,5,user_8e97a154,0.757230
user_08e9ce6e,6,user_58bfeaad,0.742700
user_08e9ce6e,7,user_1022be44,0.741707
user_08e9ce6e,8,user_687feee4,0.739571
user_08e9ce6e,9,user_8e48a3f8,0.737417
user_08e9ce6e,10,user_e5f67397,0.725981
user_08e9ce6e,11,user_74cfb8ef,0.724080
user_08e9ce6e,12,user_fbed237d,0.723958
user_08e9ce6e,13,user_7de6f343,0.723763
user_08e9ce6e,14,user_166a3647,0.722656
user_08e9ce6e,15,user_0f0ad720,0.719478
user_092e219d,1,user_f654c33b,0.847905
user_092e219d,2,user_9dda4af9,0.810862
user_092e219d,3,user_5c5a0b40,0.805657
user_092e219d,4,user_adab54a0,0.804699
user_092e219d,5,user_5881b259,0.800767
user_092e219d,6,user_b16e0cf8,0.791093
user_092e219d,7,user_d036c911,0.789773
user_092e219d,8,user_b49274ca,0.785611
user_092e219d,9,user_636ad58f,0.784667
user_092e219d,10,user_7aa3746b,0.780687
user_092e219d,11,user_c35d6565,0.780118
user_092e219d,12,user_b6d05d1d,0.777517
user_092e219d,13,user_c5f32c0d,0.776776
user_092e219d,14,user_b6350ec1,0.776147
user_092e219d,15,user_8fe14601,0.776042
user_0a0bcaa6,1,user_8c0c7619,0.799419
user_0a0bcaa6,2,user_66a7ce5a,0.711922
user_0a0bcaa6,3,user_0bd8ba7c,0.711873
user_0a0bcaa6,4,user_8006727d,0.704030
user_0a0bcaa6,5,user_d14b7d7b,0.697043
user_0a0bcaa6,6,user_26565155,0.695108
user_0a0bcaa6,7,user_2c3eb234,0.694481
user_0a0bcaa6,8,user_ab86ab82,0.693272
user_0a0bcaa6,9,user_65d73ac1,0.691405
user_0a0bcaa6,10,user_8be3f554,0.684508
user_0a0bcaa6,11,user_a16d1fb6,0.673721
user_0a0bcaa6,12,user_a411fb06,0.672782
user_0a0bcaa6,13,user_126670d7,0.670572
user_0a0bcaa6,14,user_164fe4b8,0.668853
user_0a0bcaa6,15,user_795eb408,0.661131
user_0a245f61,1,user_c35d6565,0.850434
user_0a245f61,2,user_9dda4af9,0.840177
user_0a245f61,3,user_0a245f61,0.827764
user_0a245f61,4,user_b16e0cf8,0.827352
user_0a245f61,5,user_c39d41d7,0.824857
user_0a245f61,6,user_c5f32c0d,0.820416
user_0a245f61,7,user_0cee87f3,0.819357
user_0a245f61,8,user_adab54a0,0.817771
user_0a245f61,9,user_fba6bcd4,0.814146
user_0a245f61,10,user_5c5a0b40,0.811599
user_0a245f61,11,user_b49274ca,0.811499
user_0a245f61,12,user_5881b259,0.811405
user_0a245f61,13,user_e59c000f,0.810850
user_0a245f61,14,user_2c69b83e,0.810633
user_0a245f61,15,user_8a760553,0.808064
user_0b5c256a,1,user_0a3bcf86,0.760713
user_0b5c256a,2,user_9600e8bf,0.746040
user_0b5c256a,3,user_1a2755b3,0.745246
user_0b5c256a,4,user_5a283043,0.744496
user_0b5c256a,5,user_f51339f8,0.742256
user_0b5c256a,6,user_a743aff9,0.742019
user_0b5c256a,7,user_a6c2e760,0.738317
user_0b5c256a,8,user_5881b259,0.737882
user_0b5c256a,9,user_69df6330,0.727384
user_0b5c256a,10,user_0eb2abf1,0.724208
user_0b5c256a,11,user_c39d41d7,0.722890
user_0b5c256a,12,user_a57e47b1,0.721818
user_0b5c256a,13,user_ebddf9c1,0.718548
user_0b5c256a,14,user_8be3f554,0.718451
user_0b5c256a,15,user_e8d15537,0.717705
user_0b64b183,1,user_e6dd44b0,0.810312
user_0b64b183,2,user_0898fc4b,0.803752
user_0b64b183,3,user_032e5bc8,0.797425
user_0b64b183,4,user_e5a6abbe,0.796665
user_0b64b183,5,user_c5f32c0d,0.792554
user_0b64b183,6,user_8d22714e,0.792069
user_0b64b183,7,user_83afc7b2,0.783995
user_0b64b183,8,user_6deada35,0.782929
user_0b64b183,9,user_b6350ec1,0.782416
user_0b64b183,10,user_df8dc9bb,0.782073
user_0b64b183,11,user_7b5f54c0,0.781101
user_0b64b183,12,user_147d1bbb,0.780967
user_0b64b183,13,user_25798310,0.780400
user_0b64b183,14,user_02d8a1f8,0.779779
user_0b64b183,15,user_405db206,0.775177
user_0c578ab5,1,user_25798310,0.803703
user_0c578ab5,2,user_a01f16ac,0.796456
user_0c578ab5,3,user_147d1bbb,0.795404
user_0c578ab5,4,user_166a3647,0.781717
user_0c578ab5,5,user_0c578ab5,0.776685
user_0c578ab5,6,user_e2e59795,0.773214
user_0c578ab5,7,user_df8dc9bb,0.767069
user_0c578ab5,8,user_bd05225b,0.761294
user_0c578ab5,9,user_737dd050,0.757820
user_0c578ab5,10,user_032e5bc8,0.755528
user_0c578ab5,11,user_586752e4,0.751384
user_0c578ab5,12,user_5993b36a,0.751033
user_0c578ab5,13,user_b4d7e69a,0.750278
user_0c578ab5,14,user_70bbda36,0.748497
user_0c578ab5,15,user_7b5f54c0,0.748388
user_0c8c48ac,1,user_d7fde080,0.590115
user_0c8c48ac,2,user_9c88ee3d,0.587743
user_0c8c48ac,3,user_07db2c6a,0.577231
user_0c8c48ac,4,user_8e5e899b,0.572812
user_0c8c48ac,5,user_efb27a8e,0.571609
user_0c8c48ac,6,user_d5b21e00,0.567615
user_0c8c48ac,7,user_c81fae29,0.567281
user_0c8c48ac,8,user_04d8419e,0.562625
user_0c8c48ac,9,user_943e4045,0.561646
user_0c8c48ac,10,user_b1d0760b,0.558567
user_0c8c48ac,11,user_17054ec7,0.555901
user_0c8c48ac,12,user_1022be44,0.552840
user_0c8c48ac,13,user_ba010eec,0.549173
user_0c8c48ac,14,user_baeb91b3,0.546426
user_0c8c48ac,15,user_caaef3ca,0.545899
user_0cc626ee,1,user_95d648bc,0.836958
user_0cc626ee,2,user_1b7f8c56,0.816385
user_0cc626ee,3,user_a01f16ac,0.809239
user_0cc626ee,4,user_aa2fbe83,0.806778
user_0cc626ee,5,user_afff552a,0.800889
user_0cc626ee,6,user_aabd2642,0.786055
user_0cc626ee,7,user_940c7213,0.785497
user_0cc626ee,8,user_bd05225b,0.781798
user_0cc626ee,9,user_fba6bcd4,0.781533
user_0cc626ee,10,user_095ff43e,0.778681
user_0cc626ee,11,user_03969305,0.777674
user_0cc626ee,12,user_b325310b,0.774632
user_0cc626ee,13,user_5993b36a,0.769993
user_0cc626ee,14,user_c39d41d7,0.769707
user_0cc626ee,15,user_f8e2246f,0.769126
user_0cd29f02,1,user_72b93300,0.727471
user_0cd29f02,2,user_01916bd2,0.707504
user_0cd29f02,3,user_d691d016,0.704176
user_0cd29f02,4,user_394c25cc,0.695933
user_0cd29f02,5,user_c35d6565,0.694801
user_0cd29f02,6,user_a6c5a10c,0.688791
user_0cd29f02,7,user_df8dc9bb,0.686450
user_0cd29f02,8,user_b350e22b,0.684940
user_0cd29f02,9,user_e6057285,0.678608
user_0cd29f02,10,user_5c82df31,0.675572
user_0cd29f02,11,user_fba6bcd4,0.671814
user_0cd29f02,12,user_886f7373,0.671220
user_0cd29f02,13,user_36d44add,0.670879
user_0cd29f02,14,user_f0b144fc,0.669448
user_0cd29f02,15,user_7a7dda35,0.667033
user_0f0ad720,1,user_36e75535,0.840801
user_0f0ad720,2,user_70bbda36,0.799766
user_0f0ad720,3,user_586752e4,0.796024
user_0f0ad720,4,user_737dd050,0.795626
user_0f0ad720,5,user_c5f32c0d,0.786791
user_0f0ad720,6,user_25798310,0.782726
user_0f0ad720,7,user_885e8708,0.782669
user_0f0ad720,8,user_5c9b579a,0.782046
user_0f0ad720,9,user_54c1ebee,0.781513
user_0f0ad720,10,user_500badda,0.781402
user_0f0ad720,11,user_2f4cc646,0.780328
user_0f0ad720,12,user_c994138f,0.779959
user_0f0ad720,13,user_02016939,0.778553
user_0f0ad720,14,user_2e81a539,0.777158
user_0f0ad720,15,user_7a8f7f3e,0.776778
user_107259c3,1,user_a411fb06,0.659206
user_107259c3,2,user_6058434c,0.606430
user_107259c3,3,user_0c8c48ac,0.599678
user_107259c3,4,user_ab434739,0.597050
user_107259c3,5,user_17054ec7,0.554758
user_107259c3,6,user_3353b96b,0.548689
user_107259c3,7,user_4a40c36a,0.533262
user_107259c3,8,user_334144b4,0.528796
user_107259c3,9,user_16b87e34,0.526972
user_107259c3,10,user_9c88ee3d,0.524295
user_107259c3,11,user_a2f8bfd2,0.516646
user_107259c3,12,user_1ae8e7f5,0.506532
user_107259c3,13,user_1022be44,0.499377
user_107259c3,14,user_0128a546,0.494897
user_107259c3,15,user_107259c3,0.492473
user_10e64e28,1,user_c157ca97,0.683568
user_10e64e28,2,user_3535252b,0.667239
user_10e64e28,3,user_52d3881c,0.636624
user_10e64e28,4,user_efcacf59,0.611626
user_10e64e28,5,user_164fe4b8,0.597718
user_10e64e28,6,user_e88c308b,0.579104
user_10e64e28,7,user_833d8832,0.568496
user_10e64e28,8,user_582ff5b2,0.565708
user_10e64e28,9,user_338e1332,0.554701
user_10e64e28,10,user_8be3f554,0.548780
user_10e64e28,11,user_bbb0205e,0.539685
user_10e64e28,12,user_043ea160,0.525789
user_10e64e28,13,user_c536b01d,0.523538
user_10e64e28,14,user_ab86ab82,0.516490
user_10e64e28,15,user_d499c752,0.515109
user_111cfe7d,1,user_e802076d,0.829417
user_111cfe7d,2,user_e6057285,0.818463
user_111cfe7d,3,user_1a2755b3,0.817605
user_111cfe7d,4,user_5881b259,0.815573
user_111cfe7d,5,user_147d1bbb,0.810492
user_111cfe7d,6,user_bd05225b,0.809147
user_111cfe7d,7,user_cbabbcee,0.807659
user_111cfe7d,8,user_a01f16ac,0.801898
user_111cfe7d,9,user_f0cf195f,0.801795
user_111cfe7d,10,user_d1d16d30,0.799124
user_111cfe7d,11,user_636ad58f,0.797944
user_111cfe7d,12,user_14a2d3c6,0.797706
user_111cfe7d,13,user_0b64b183,0.791135
user_111cfe7d,14,user_d758a0a1,0.788863
user_111cfe7d,15,user_0e82fe11,0.788699
user_11e8421f,1,user_11e8421f,0.690990
user_11e8421f,2,user_8c11f026,0.592680
user_11e8421f,3,user_8a3bbeb2,0.570567
user_11e8421f,4,user_2c3eb234,0.545621
user_11e8421f,5,user_0bd8ba7c,0.536717
user_11e8421f,6,user_4a57e449,0.485430
user_11e8421f,7,user_d14b7d7b,0.477860
user_11e8421f,8,user_c7beef01,0.471868
user_11e8421f,9,user_8006727d,0.467894
user_11e8421f,10,user_9b6481e4,0.465344
user_11e8421f,11,user_32934d38,0.460674
user_11e8421f,12,user_ab86ab82,0.458056
user_11e8421f,13,user_a0517bef,0.457096
user_11e8421f,14,user_aaa1e595,0.448411
user_11e8421f,15,user_ecf8f97f,0.444321
user_1230e05a,1,user_2920b35e,0.709606
user_1230e05a,2,user_9692f077,0.647916
user_1230e05a,3,user_d6175d39,0.577693
user_1230e05a,4,user_1ef33a43,0.555696
user_1230e05a,5,user_cc1c8897,0.548416
user_1230e05a,6,user_b6350ec1,0.547477
user_1230e05a,7,user_f030b951,0.545040
user_1230e05a,8,user_21b4fa31,0.544240
user_1230e05a,9,user_2f4cc646,0.539761
user_1230e05a,10,user_5dc5c2dc,0.538981
user_1230e05a,11,user_1230e05a,0.536326
user_1230e05a,12,user_6169d3b8,0.535277
user_1230e05a,13,user_07cb458d,0.529175
user_1230e05a,14,user_70580e9a,0.523308
user_1230e05a,15,user_38f4dfac,0.522201
user_126670d7,1,user_3239132f,0.797146
user_126670d7,2,user_a151ddab,0.784895
user_126670d7,3,user_54c1ebee,0.781070
user_126670d7,4,user_df8dc9bb,0.777813
user_126670d7,5,user_d96972e5,0.775712
user_126670d7,6,user_b4214db6,0.775263
user_126670d7,7,user_394c25cc,0.772811
user_126670d7,8,user_737dd050,0.770712
user_126670d7,9,user_a6c5a10c,0.768617
user_126670d7,10,user_886f7373,0.766632
user_126670d7,11,user_3971c3e6,0.764711
user_126670d7,12,user_9a307ebe,0.761687
user_126670d7,13,user_d691d016,0.759729
user_126670d7,14,user_d2bd9832,0.757070
user_126670d7,15,user_835666af,0.756934
user_1302cb61,1,user_07ec3726,0.766514
user_1302cb61,2,user_9a5457b0,0.758165
user_1302cb61,3,user_52f895f1,0.744431
user_1302cb61,4,user_ffe2efae,0.740408
user_1302cb61,5,user_67acd9b1,0.737772
user_1302cb61,6,user_4d4f73a6,0.736596
user_1302cb61,7,user_942ff21e,0.732608
user_1302cb61,8,user_fe922ad0,0.731557
user_1302cb61,9,user_9818dcae,0.720663
user_1302cb61,10,user_94cad3a5,0.720012
user_1302cb61,11,user_e8e9acac,0.719917
user_1302cb61,12,user_02fecea2,0.707038
user_1302cb61,13,user_9b6481e4,0.701969
user_1302cb61,14,user_ab8e847b,0.698127
user_1302cb61,15,user_3431c049,0.691965
user_13f8ee07,1,user_9c5071dd,0.583710
user_13f8ee07,2,user_0fefc28e,0.559460
user_13f8ee07,3,user_d8335067,0.536656
user_13f8ee07,4,user_bd6a40d5,0.534346
user_13f8ee07,5,user_636d1da4,0.532232
user_13f8ee07,6,user_b605d5c9,0.527492
user_13f8ee07,7,user_5993b36a,0.527312
user_13f8ee07,8,user_7bbd1543,0.525043
user_13f8ee07,9,user_0a0bcaa6,0.524390
user_13f8ee07,10,user_f51339f8,0.523413
user_13f8ee07,11,user_c06d9b71,0.518986
user_13f8ee07,12,user_d1d16d30,0.517479
user_13f8ee07,13,user_a743aff9,0.515144
user_13f8ee07,14,user_5a283043,0.509543
user_13f8ee07,15,user_7b052f32,0.508640
user_13fb2e34,1,user_87e5d9b0,0.826320
user_13fb2e34,2,user_8e5e899b,0.822374
user_13fb2e34,3,user_5ac1a174,0.776949
user_13fb2e34,4,user_e8cdb142,0.769431
user_13fb2e34,5,user_233fda02,0.756905
user_13fb2e34,6,user_4144252d,0.749645
user_13fb2e34,7,user_3b90fb53,0.748893
user_13fb2e34,8,user_a7f8db34,0.747918
user_13fb2e34,9,user_858fa00c,0.742189
user_13fb2e34,10,user_29266f60,0.741523
user_13fb2e34,11,user_0e82fe11,0.725352
user_13fb2e34,12,user_bd05225b,0.718396
user_13fb2e34,13,user_903329bb,0.708230
user_13fb2e34,14,user_ff39b6cf,0.704955
user_13fb2e34,15,user_f0cf195f,0.704713
user_147d1bbb,1,user_25798310,0.874354
user_147d1bbb,2,user_81a80789,0.870159
user_147d1bbb,3,user_7b5f54c0,0.861204
user_147d1bbb,4,user_166a3647,0.855521
user_147d1bbb,5,user_147d1bbb,0.854419
user_147d1bbb,6,user_1246b252,0.832021
user_147d1bbb,7,user_b0129d9e,0.830459
user_147d1bbb,8,user_54c1ebee,0.824761
user_147d1bbb,9,user_364bb955,0.823164
user_147d1bbb,10,user_8fb63eca,0.819723
user_147d1bbb,11,user_02fecea2,0.817689
user_147d1bbb,12,user_03410579,0.814985
user_147d1bbb,13,user_70bbda36,0.813296
user_147d1bbb,14,user_df8dc9bb,0.809367
user_147d1bbb,15,user_1a7d6cd5,0.808352
user_14a2d3c6,1,user_a4893af1,0.807071
user_14a2d3c6,2,user_8d22714e,0.806433
user_14a2d3c6,3,user_83afc7b2,0.797639
user_14a2d3c6,4,user_df8dc9bb,0.791975
user_14a2d3c6,5,user_0669bdf6,0.786627
user_14a2d3c6,6,user_3239132f,0.785196
user_14a2d3c6,7,user_a4a77a7d,0.783645
user_14a2d3c6,8,user_e8a7be73,0.770540
user_14a2d3c6,9,user_38433566,0.765407
user_14a2d3c6,10,user_e6057285,0.765183
user_14a2d3c6,11,user_a151ddab,0.762538
user_14a2d3c6,12,user_5b714afd,0.762202
user_14a2d3c6,13,user_d96972e5,0.761082
user_14a2d3c6,14,user_f0cf195f,0.759070
user_14a2d3c6,15,user_0898fc4b,0.756728
user_159646d5,1,user_e7f25600,0.600418
user_159646d5,2,user_032f6993,0.521192
user_159646d5,3,user_5bc74ae7,0.515138
user_159646d5,4,user_159646d5,0.505793
user_159646d5,5,user_a346dfc4,0.495338
user_159646d5,6,user_be06391b,0.492287
user_159646d5,7,user_aae78e0d,0.486120
user_159646d5,8,user_8ae8c359,0.478325
user_159646d5,9,user_82d93459,0.477885
user_159646d5,10,user_e838707b,0.464887
user_159646d5,11,user_d69d04b7,0.462848
user_159646d5,12,user_74da5a13,0.462782
user_159646d5,13,user_ff591131,0.461522
user_159646d5,14,user_a151ddab,0.458700
user_159646d5,15,user_3850eb9e,0.457950
user_164057cc,1,user_aa2fbe83,0.839495
user_164057cc,2,user_b325310b,0.833672
user_164057cc,3,user_940c7213,0.810991
user_164057cc,4,user_95d648bc,0.805000
user_164057cc,5,user_f8e2246f,0.803657
user_164057cc,6,user_d3663143,0.802968
user_164057cc,7,user_3ac315cb,0.798564
user_164057cc,8,user_1b7f8c56,0.796696
user_164057cc,9,user_8ac8f24f,0.787235
user_164057cc,10,user_ee89e069,0.786515
user_164057cc,11,user_aabd2642,0.785074
user_164057cc,12,user_b6b89f00,0.781463
user_164057cc,13,user_164057cc,0.779135
user_164057cc,14,user_afff552a,0.778557
user_164057cc,15,user_fba6bcd4,0.773797
user_164fe4b8,1,user_efb27a8e,0.669902
user_164fe4b8,2,user_1246b252,0.658959
user_164fe4b8,3,user_ffe2efae,0.641939
user_164fe4b8,4,user_0d32f0ed,0.631921
user_164fe4b8,5,user_2142b6e1,0.622060
user_164fe4b8,6,user_fb427339,0.610563
user_164fe4b8,7,user_a16d1fb6,0.606104
user_164fe4b8,8,user_72bed676,0.603439
user_164fe4b8,9,user_76638121,0.599858
user_164fe4b8,10,user_daf37424,0.598540
user_164fe4b8,11,user_ba010eec,0.598055
user_164fe4b8,12,user_94cad3a5,0.596991
user_164fe4b8,13,user_815b7baf,0.595473
user_164fe4b8,14,user_b63ea1d4,0.593929
user_164fe4b8,15,user_67acd9b1,0.591415
user_165a2706,1,user_903329bb,0.805033
user_165a2706,2,user_835666af,0.773384
user_165a2706,3,user_aa4cc34a,0.770652
user_165a2706,4,user_fb64cb55,0.755515
user_165a2706,5,user_d10d1f24,0.752475
user_165a2706,6,user_2dc10d2d,0.744205
user_165a2706,7,user_543e79f5,0.718487
user_165a2706,8,user_00723699,0.715553
user_165a2706,9,user_5b7d5e00,0.706281
user_165a2706,10,user_6011e674,0.702998
user_165a2706,11,user_165a2706,0.695157
user_165a2706,12,user_2817ec11,0.693837
user_165a2706,13,user_737dd050,0.691618
user_165a2706,14,user_59e8bc2a,0.681904
user_165a2706,15,user_5d7cbf11,0.681708
user_16b87e34,1,user_c39d41d7,0.808493
user_16b87e34,2,user_04f39d22,0.796506
user_16b87e34,3,user_dbc4828c,0.795862
user_16b87e34,4,user_d758a0a1,0.788660
user_16b87e34,5,user_723406a0,0.787959
user_16b87e34,6,user_a57e47b1,0.787229
user_16b87e34,7,user_4f755977,0.785926
user_16b87e34,8,user_0e82fe11,0.779536
user_16b87e34,9,user_2c69b83e,0.779307
user_16b87e34,10,user_16ac4154,0.777667
user_16b87e34,11,user_a743aff9,0.775450
user_16b87e34,12,user_0eb2abf1,0.772164
user_16b87e34,13,user_954805d7,0.771514
user_16b87e34,14,user_dc326993,0.770534
user_16b87e34,15,user_aabd2642,0.769373
user_17355c30,1,user_858fa00c,0.791539
user_17355c30,2,user_7b4c75ab,0.784246
user_17355c30,3,user_0669bdf6,0.783400
user_17355c30,4,user_5ac1a174,0.769296
user_17355c30,5,user_835666af,0.767999
user_17355c30,6,user_6a0b0e92,0.749039
user_17355c30,7,user_0e82fe11,0.736970
user_17355c30,8,user_0cc626ee,0.733592
user_17355c30,9,user_a4a77a7d,0.731316
user_17355c30,10,user_8d22714e,0.730461
user_17355c30,11,user_ed3091a2,0.729990
user_17355c30,12,user_3f2fbc90,0.729009
user_17355c30,13,user_bd05225b,0.728425
user_17355c30,14,user_884ffdb2,0.724580
user_17355c30,15,user_d758a0a1,0.723928
user_17607ebc,1,user_2dd5b531,0.882317
user_17607ebc,2,user_cdd86523,0.864155
user_17607ebc,3,user_8a760553,0.860610
user_17607ebc,4,user_41d0c897,0.857978
user_17607ebc,5,user_0eb2abf1,0.856206
user_17607ebc,6,user_cf393213,0.852946
user_17607ebc,7,user_fde2d265,0.844510
user_17607ebc,8,user_a57e47b1,0.837526
user_17607ebc,9,user_ef954c6e,0.834571
user_17607ebc,10,user_88b2faba,0.833109
user_17607ebc,11,user_dd1d7b22,0.832581
user_17607ebc,12,user_e5a6abbe,0.822108
user_17607ebc,13,user_45926b89,0.821210
user_17607ebc,14,user_69df6330,0.820955
user_17607ebc,15,user_9a307ebe,0.820798
user_183b3783,1,user_19952166,0.665339
user_183b3783,2,user_23ecc36a,0.609684
user_183b3783,3,user_f43d6008,0.605291
user_183b3783,4,user_ca6074df,0.598570
user_183b3783,5,user_4bf6a4a0,0.592699
user_183b3783,6,user_5d1b0daf,0.583541
user_183b3783,7,user_9ce96cbf,0.583346
user_183b3783,8,user_1736acbe,0.580959
user_183b3783,9,user_515ae840,0.566902
user_183b3783,10,user_96c3cc43,0.560494
user_183b3783,11,user_39939c54,0.560037
user_183b3783,12,user_c32db875,0.559797
user_183b3783,13,user_938164a5,0.559564
user_183b3783,14,user_3535252b,0.549627
user_183b3783,15,user_a8dc91a3,0.545640
user_18522854,1,user_aabd2642,0.790469
user_18522854,2,user_b0129d9e,0.786654
user_18522854,3,user_7f56f9a5,0.783004
user_18522854,4,user_16ac4154,0.778936
user_18522854,5,user_2cb4b018,0.776004
user_18522854,6,user_f51339f8,0.768654
user_18522854,7,user_1b7f8c56,0.767642
user_18522854,8,user_920c074a,0.752836
user_18522854,9,user_66772d98,0.750268
user_18522854,10,user_03410579,0.747940
user_18522854,11,user_5c9b579a,0.746633
user_18522854,12,user_e7ff2beb,0.745325
user_18522854,13,user_f930e37f,0.744794
user_18522854,14,user_63b4be5f,0.741618
user_18522854,15,user_02fecea2,0.740793
user_18892460,1,user_d1d16d30,0.702604
user_18892460,2,user_f654c33b,0.701203
user_18892460,3,user_7aa3746b,0.694616
user_18892460,4,user_e6057285,0.685108
user_18892460,5,user_5881b259,0.671946
user_18892460,6,user_38433566,0.667913
user_18892460,7,user_eb0927d1,0.666021
user_18892460,8,user_91f807b9,0.665257
user_18892460,9,user_36d44add,0.664085
user_18892460,10,user_f51339f8,0.660325
user_18892460,11,user_dae4304f,0.655371
user_18892460,12,user_a0fa40f1,0.654394
user_18892460,13,user_1a2755b3,0.654287
user_18892460,14,user_b49274ca,0.653080
user_18892460,15,user_41d0c897,0.651650
user_18c333c6,1,user_18c333c6,0.832073
user_18c333c6,2,user_b9d253e8,0.772469
user_18c333c6,3,user_dca78fea,0.754683
user_18c333c6,4,user_fcf93ee8,0.753010
user_18c333c6,5,user_e6dd44b0,0.744179
user_18c333c6,6,user_3ff3188b,0.730503
user_18c333c6,7,user_72b93300,0.726460
user_18c333c6,8,user_cbabbcee,0.721240
user_18c333c6,9,user_a6c5a10c,0.720433
user_18c333c6,10,user_98f18241,0.719577
user_18c333c6,11,user_f030b951,0.718843
user_18c333c6,12,user_567057e7,0.718319
user_18c333c6,13,user_d96972e5,0.713317
user_18c333c6,14,user_940c7213,0.712833
user_18c333c6,15,user_f0cf195f,0.712104
user_192a215d,1,user_0bc8e727,0.851385
user_192a215d,2,user_a61b0d31,0.843750
user_192a215d,3,user_62b122b9,0.818617
user_192a215d,4,user_fbed237d,0.799647
user_192a215d,5,user_2c2a5c24,0.783129
user_192a215d,6,user_0f0ad720,0.750172
user_192a215d,7,user_2efde048,0.745234
user_192a215d,8,user_7de6f343,0.744738
user_192a215d,9,user_a3a4a20a,0.738664
user_192a215d,10,user_72b93300,0.737162
user_192a215d,11,user_6fa47d61,0.733769
user_192a215d,12,user_40efa894,0.732037
user_192a215d,13,user_04f39d22,0.730776
user_192a215d,14,user_e6dd44b0,0.728990
user_192a215d,15,user_25652863,0.727882
user_194b92fc,1,user_1b7f8c56,0.780427
user_194b92fc,2,user_0898fc4b,0.778550
user_194b92fc,3,user_88b2faba,0.768795
user_194b92fc,4,user_33c6501d,0.766754
user_194b92fc,5,user_2cb4b018,0.763985
user_194b92fc,6,user_7fd91653,0.763177
user_194b92fc,7,user_5993b36a,0.755040
user_194b92fc,8,user_032e5bc8,0.751342
user_194b92fc,9,user_0f0ad720,0.747961
user_194b92fc,10,user_a57e47b1,0.746485
user_194b92fc,11,user_aabd2642,0.743942
user_194b92fc,12,user_f60a09b3,0.742100
user_194b92fc,13,user_b337cb0c,0.741653
user_194b92fc,14,user_9e39a95d,0.739806
user_194b92fc,15,user_be06391b,0.738103
user_19641691,1,user_e2e59795,0.789553
user_19641691,2,user_2c69b83e,0.770842
user_19641691,3,user_0d32f0ed,0.766088
user_19641691,4,user_b0129d9e,0.760698
user_19641691,5,user_70bbda36,0.755439
user_19641691,6,user_4bd9303b,0.753241
user_19641691,7,user_03410579,0.746004
user_19641691,8,user_5c9b579a,0.741861
user_19641691,9,user_107259c3,0.740013
user_19641691,10,user_f51339f8,0.737772
user_19641691,11,user_aabd2642,0.735476
user_19641691,12,user_364bb955,0.733753
user_19641691,13,user_a7b901f2,0.731513
user_19641691,14,user_885e8708,0.731341
user_19641691,15,user_df8dc9bb,0.730489
user_19952166,1,user_e6057285,0.820488
user_19952166,2,user_5993b36a,0.819850
user_19952166,3,user_39b3eda0,0.819275
user_19952166,4,user_02d8a1f8,0.810681
user_19952166,5,user_a01f16ac,0.806102
user_19952166,6,user_e5a6abbe,0.804045
user_19952166,7,user_032e5bc8,0.795087
user_19952166,8,user_bd05225b,0.791820
user_19952166,9,user_a6c5a10c,0.790909
user_19952166,10,user_0fefc28e,0.786178
user_19952166,11,user_7a7dda35,0.785416
user_19952166,12,user_d1d16d30,0.785087
user_19952166,13,user_0b64b183,0.783599
user_19952166,14,user_7fd91653,0.783497
user_19952166,15,user_0898fc4b,0.783159
user_1a2755b3,1,user_1a2755b3,0.854628
user_1a2755b3,2,user_daf37424,0.852541
user_1a2755b3,3,user_c35d6565,0.849488
user_1a2755b3,4,user_0a3bcf86,0.829793
user_1a2755b3,5,user_8be3f554,0.827971
user_1a2755b3,6,user_9dda4af9,0.823287
user_1a2755b3,7,user_0eb2abf1,0.818297
user_1a2755b3,8,user_e802076d,0.811145
user_1a2755b3,9,user_dae4304f,0.809424
user_1a2755b3,10,user_c994138f,0.806618
user_1a2755b3,11,user_3ff3188b,0.806437
user_1a2755b3,12,user_2dd5b531,0.804397
user_1a2755b3,13,user_e6057285,0.801997
user_1a2755b3,14,user_adab54a0,0.801996
user_1a2755b3,15,user_586752e4,0.798418
user_1a4bec69,1,user_75905116,0.698338
user_1a4bec69,2,user_08c32973,0.686816
user_1a4bec69,3,user_2e60c125,0.686691
user_1a4bec69,4,user_2efde048,0.674214
user_1a4bec69,5,user_53b85563,0.666864
user_1a4bec69,6,user_1a4bec69,0.654230
user_1a4bec69,7,user_5e61d6d9,0.643319
user_1a4bec69,8,user_378003e3,0.637525
user_1a4bec69,9,user_502a8cea,0.630343
user_1a4bec69,10,user_f3377028,0.628114
user_1a4bec69,11,user_6fa47d61,0.625773
user_1a4bec69,12,user_58bfeaad,0.625270
user_1a4bec69,13,user_85c97ea1,0.623402
user_1a4bec69,14,user_f5e1eee0,0.620704
user_1a4bec69,15,user_bf30f80d,0.620525
user_1a7d6cd5,1,user_19622b77,0.732511
user_1a7d6cd5,2,user_683369b1,0.729989
user_1a7d6cd5,3,user_ab439a92,0.718113
user_1a7d6cd5,4,user_942ff21e,0.712754
user_1a7d6cd5,5,user_a16d1fb6,0.711921
user_1a7d6cd5,6,user_9d9fba70,0.708399
user_1a7d6cd5,7,user_fe73d731,0.692322
user_1a7d6cd5,8,user_52f895f1,0.690347
user_1a7d6cd5,9,user_3b79395c,0.689901
user_1a7d6cd5,10,user_f2f860bd,0.681524
user_1a7d6cd5,11,user_4d4f73a6,0.677839
user_1a7d6cd5,12,user_efb27a8e,0.667784
user_1a7d6cd5,13,user_c1718b7b,0.667432
user_1a7d6cd5,14,user_fe922ad0,0.662121
user_1a7d6cd5,15,user_ffe2efae,0.657302
user_1b2d69c1,1,user_e30558fe,0.852140
user_1b2d69c1,2,user_74c84045,0.829397
user_1b2d69c1,3,user_1b2d69c1,0.820949
user_1b2d69c1,4,user_baa70592,0.783377
user_1b2d69c1,5,user_98f18241,0.752275
user_1b2d69c1,6,user_58892c7c,0.748796
user_1b2d69c1,7,user_43049634,0.745575
user_1b2d69c1,8,user_04f39d22,0.720146
user_1b2d69c1,9,user_40efa894,0.703116
user_1b2d69c1,10,user_e9d1886c,0.701823
user_1b2d69c1,11,user_3ff3188b,0.694356
user_1b2d69c1,12,user_74cfb8ef,0.692683
user_1b2d69c1,13,user_ba8b1c05,0.692392
user_1b2d69c1,14,user_07faa0fc,0.691345
user_1b2d69c1,15,user_93cdb7a1,0.687436
user_1b7f8c56,1,user_67acd9b1,0.821064
user_1b7f8c56,2,user_b63ea1d4,0.816877
user_1b7f8c56,3,user_9a5457b0,0.814637
user_1b7f8c56,4,user_16ac4154,0.797361
user_1b7f8c56,5,user_e8e9acac,0.795318
user_1b7f8c56,6,user_9351238d,0.783444
user_1b7f8c56,7,user_3431c049,0.779156
user_1b7f8c56,8,user_ffe2efae,0.778022
user_1b7f8c56,9,user_02fecea2,0.772675
user_1b7f8c56,10,user_daf37424,0.771934
user_1b7f8c56,11,user_c994138f,0.770538
user_1b7f8c56,12,user_3b1da5d9,0.768854
user_1b7f8c56,13,user_76638121,0.764171
user_1b7f8c56,14,user_fdc08e26,0.763704
user_1b7f8c56,15,user_aabd2642,0.762832
user_1b89f77a,1,user_aabd2642,0.694373
user_1b89f77a,2,user_7f56f9a5,0.687203
user_1b89f77a,3,user_36e75535,0.679042
user_1b89f77a,4,user_dc32d458,0.675964
user_1b89f77a,5,user_5c9b579a,0.672763
user_1b89f77a,6,user_2e81a539,0.670250
user_1b89f77a,7,user_c994138f,0.667957
user_1b89f77a,8,user_f930e37f,0.667582
user_1b89f77a,9,user_920c074a,0.667536
user_1b89f77a,10,user_54c1ebee,0.663789
user_1b89f77a,11,user_0e685b64,0.663620
user_1b89f77a,12,user_03969305,0.663166
user_1b89f77a,13,user_586752e4,0.662086
user_1b89f77a,14,user_1b7f8c56,0.656839
user_1b89f77a,15,user_e8613813,0.656486
user_1d775dd8,1,user_c994138f,0.786063
user_1d775dd8,2,user_586752e4,0.784046
user_1d775dd8,3,user_5c9b579a,0.783273
user_1d775dd8,4,user_d691d016,0.781035
user_1d775dd8,5,user_7b5f54c0,0.780812
user_1d775dd8,6,user_54c1ebee,0.778024
user_1d775dd8,7,user_8dd20d7f,0.772479
user_1d775dd8,8,user_df8dc9bb,0.769582
user_1d775dd8,9,user_3239132f,0.768417
user_1d775dd8,10,user_737dd050,0.766692
user_1d775dd8,11,user_147d1bbb,0.764847
user_1d775dd8,12,user_96013176,0.762030
user_1d775dd8,13,user_b0129d9e,0.760807
user_1d775dd8,14,user_e6057285,0.759516
user_1d775dd8,15,user_03410579,0.757004
user_1dc24686,1,user_a151ddab,0.680587
user_1dc24686,2,user_a57e47b1,0.670589
user_1dc24686,3,user_959adfc8,0.669510
user_1dc24686,4,user_2eb5d860,0.661052
user_1dc24686,5,user_56909460,0.659832
user_1dc24686,6,user_b2dd04c8,0.659312
user_1dc24686,7,user_18522854,0.653106
user_1dc24686,8,user_d2bd9832,0.651864
user_1dc24686,9,user_a8dc91a3,0.650887
user_1dc24686,10,user_61f90240,0.650869
user_1dc24686,11,user_84c14a6f,0.646312
user_1dc24686,12,user_d96972e5,0.645187
user_1dc24686,13,user_5881b259,0.644675
user_1dc24686,14,user_a6c2e760,0.643972
user_1dc24686,15,user_51779823,0.643794
user_1df51301,1,user_dbc4828c,0.861685
user_1df51301,2,user_c39d41d7,0.842760
user_1df51301,3,user_1a2755b3,0.832615
user_1df51301,4,user_fba6bcd4,0.830602
user_1df51301,5,user_c008345b,0.819355
user_1df51301,6,user_d6175d39,0.812461
user_1df51301,7,user_5881b259,0.811259
user_1df51301,8,user_aabd2642,0.810067
user_1df51301,9,user_e802076d,0.807620
user_1df51301,10,user_03969305,0.804155
user_1df51301,11,user_b6350ec1,0.802607
user_1df51301,12,user_2c69b83e,0.801871
user_1df51301,13,user_c35d6565,0.801057
user_1df51301,14,user_73f34c5d,0.799137
user_1df51301,15,user_07cb458d,0.798704
user_1e302679,1,user_aabd2642,0.776546
user_1e302679,2,user_5881b259,0.770626
user_1e302679,3,user_c39d41d7,0.769544
user_1e302679,4,user_c008345b,0.765870
user_1e302679,5,user_fba6bcd4,0.760989
user_1e302679,6,user_e6057285,0.760326
user_1e302679,7,user_a01f16ac,0.757980
user_1e302679,8,user_9600e8bf,0.757903
user_1e302679,9,user_1a2755b3,0.756824
user_1e302679,10,user_c06d9b71,0.756740
user_1e302679,11,user_d1d16d30,0.754867
user_1e302679,12,user_e5a6abbe,0.751681
user_1e302679,13,user_0a3bcf86,0.751275
user_1e302679,14,user_ef954c6e,0.749573
user_1e302679,15,user_7a7dda35,0.749340
user_1f1dc5e0,1,user_1f1dc5e0,0.816779
user_1f1dc5e0,2,user_d1d16d30,0.762434
user_1f1dc5e0,3,user_e6057285,0.748645
user_1f1dc5e0,4,user_a01f16ac,0.741374
user_1f1dc5e0,5,user_eb0927d1,0.740405
user_1f1dc5e0,6,user_64d76dfd,0.740028
user_1f1dc5e0,7,user_9c5071dd,0.737351
user_1f1dc5e0,8,user_bbe73426,0.731768
user_1f1dc5e0,9,user_095ff43e,0.726440
user_1f1dc5e0,10,user_5881b259,0.721263
user_1f1dc5e0,11,user_fca58a87,0.720179
user_1f1dc5e0,12,user_1936a7c3,0.718859
user_1f1dc5e0,13,user_cb2fe204,0.717019
user_1f1dc5e0,14,user_b605d5c9,0.716966
user_1f1dc5e0,15,user_a743aff9,0.710735
user_1f636ddc,1,user_1f636ddc,0.833363
user_1f636ddc,2,user_0d32f0ed,0.780091
user_1f636ddc,3,user_83585fc6,0.737083
user_1f636ddc,4,user_3431c049,0.728472
user_1f636ddc,5,user_107259c3,0.726585
user_1f636ddc,6,user_89571ce8,0.723836
user_1f636ddc,7,user_7f623d19,0.716369
user_1f636ddc,8,user_baeb91b3,0.706777
user_1f636ddc,9,user_e2e59795,0.704877
user_1f636ddc,10,user_7b5f54c0,0.699867
user_1f636ddc,11,user_81a80789,0.699789
user_1f636ddc,12,user_1e3084a6,0.698571
user_1f636ddc,13,user_b0129d9e,0.696723
user_1f636ddc,14,user_16b87e34,0.689384
user_1f636ddc,15,user_1ae8e7f5,0.688922
user_205d25f3,1,user_d691d016,0.851649
user_205d25f3,2,user_70bbda36,0.797092
user_205d25f3,3,user_737dd050,0.796545
user_205d25f3,4,user_c994138f,0.794266
user_205d25f3,5,user_54c1ebee,0.793618
user_205d25f3,6,user_daf37424,0.791023
user_205d25f3,7,user_5526cbfd,0.781655
user_205d25f3,8,user_7b5f54c0,0.778127
user_205d25f3,9,user_2f4cc646,0.774233
user_205d25f3,10,user_8ae8c359,0.773450
user_205d25f3,11,user_a6c5a10c,0.770113
user_205d25f3,12,user_3e284ba5,0.769815
user_205d25f3,13,user_ed1aaed8,0.769229
user_205d25f3,14,user_b350e22b,0.764535
user_205d25f3,15,user_586752e4,0.757432
user_20e741d0,1,user_5c9b579a,0.696681
user_20e741d0,2,user_c994138f,0.696109
user_20e741d0,3,user_586752e4,0.687681
user_20e741d0,4,user_2f4cc646,0.684972
user_20e741d0,5,user_737dd050,0.683824
user_20e741d0,6,user_daf37424,0.676601
user_20e741d0,7,user_8e97a154,0.662734
user_20e741d0,8,user_54c1ebee,0.661256
user_20e741d0,9,user_e931b2cd,0.654490
user_20e741d0,10,user_8ae8c359,0.648435
user_20e741d0,11,user_d691d016,0.648304
user_20e741d0,12,user_96013176,0.648292
user_20e741d0,13,user_70bbda36,0.648179
user_20e741d0,14,user_7b5f54c0,0.640900
user_20e741d0,15,user_9ee84e18,0.639408
user_2142b6e1,1,user_dbbf562e,0.822456
user_2142b6e1,2,user_7f623d19,0.714506
user_2142b6e1,3,user_0d32f0ed,0.706298
user_2142b6e1,4,user_3431c049,0.690675
user_2142b6e1,5,user_9fe4e0f5,0.660624
user_2142b6e1,6,user_39f8897b,0.659063
user_2142b6e1,7,user_76638121,0.655340
user_2142b6e1,8,user_1a7d6cd5,0.649051
user_2142b6e1,9,user_7709815a,0.638928
user_2142b6e1,10,user_2142b6e1,0.635749
user_2142b6e1,11,user_3b1da5d9,0.634609
user_2142b6e1,12,user_ded778b8,0.629076
user_2142b6e1,13,user_b0129d9e,0.623418
user_2142b6e1,14,user_c50a487d,0.622382
user_2142b6e1,15,user_89571ce8,0.619572
user_21b4fa31,1,user_2920b35e,0.776647
user_21b4fa31,2,user_4f755977,0.746146
user_21b4fa31,3,user_b6350ec1,0.744371
user_21b4fa31,4,user_9692f077,0.741796
user_21b4fa31,5,user_bd19a016,0.740473
user_21b4fa31,6,user_e6dd44b0,0.739922
user_21b4fa31,7,user_21b4fa31,0.737950
user_21b4fa31,8,user_f030b951,0.734617
user_21b4fa31,9,user_dd6e7bcb,0.730821
user_21b4fa31,10,user_a3a4a20a,0.718572
user_21b4fa31,11,user_3ff3188b,0.717958
user_21b4fa31,12,user_88b2faba,0.711749
user_21b4fa31,13,user_6169d3b8,0.704221
user_21b4fa31,14,user_0c578ab5,0.697281
user_21b4fa31,15,user_fba6bcd4,0.696627
user_226be32f,1,user_1f636ddc,0.801803
user_226be32f,2,user_372cb75b,0.787020
user_226be32f,3,user_36e75535,0.772001
user_226be32f,4,user_920c074a,0.741817
user_226be32f,5,user_226be32f,0.736683
user_226be32f,6,user_885e8708,0.735585
user_226be32f,7,user_89571ce8,0.729184
user_226be32f,8,user_107259c3,0.723112
user_226be32f,9,user_5c9b579a,0.717250
user_226be32f,10,user_2e81a539,0.715580
user_226be32f,11,user_7a8f7f3e,0.700345
user_226be32f,12,user_b0129d9e,0.699991
user_226be32f,13,user_405db206,0.696716
user_226be32f,14,user_f10e7063,0.695329
user_226be32f,15,user_63b4be5f,0.694896
user_2373103d,1,user_d199bef3,0.804176
user_2373103d,2,user_095ff43e,0.802450
user_2373103d,3,user_5881b259,0.800065
user_2373103d,4,user_636ad58f,0.799655
user_2373103d,5,user_5c09bb3d,0.786119
user_2373103d,6,user_7aa3746b,0.778387
user_2373103d,7,user_954805d7,0.776954
user_2373103d,8,user_6d071251,0.774997
user_2373103d,9,user_17607ebc,0.774512
user_2373103d,10,user_f654c33b,0.769391
user_2373103d,11,user_b16e0cf8,0.767027
user_2373103d,12,user_a01f16ac,0.766905
user_2373103d,13,user_b5af9db9,0.766531
user_2373103d,14,user_c39d41d7,0.759469
user_2373103d,15,user_9600e8bf,0.754541
user_23e46560,1,user_23e46560,0.682795
user_23e46560,2,user_07faa0fc,0.621532
user_23e46560,3,user_d461f818,0.563233
user_23e46560,4,user_2eaaa117,0.541296
user_23e46560,5,user_58892c7c,0.539907
user_23e46560,6,user_aa08d5a8,0.432072
user_23e46560,7,user_a9ed5193,0.431526
user_23e46560,8,user_74da5a13,0.421006
user_23e46560,9,user_f3f15c55,0.419694
user_23e46560,10,user_5e61d6d9,0.418533
user_23e46560,11,user_6058434c,0.408361
user_23e46560,12,user_85c97ea1,0.389635
user_23e46560,13,user_903329bb,0.385231
user_23e46560,14,user_92fe4471,0.381225
user_23e46560,15,user_ab434739,0.379470
user_245fd42f,1,user_d955d7e2,0.824253
user_245fd42f,2,user_723406a0,0.761129
user_245fd42f,3,user_dd0bd02d,0.725257
user_245fd42f,4,user_eae91488,0.690960
user_245fd42f,5,user_a57e47b1,0.687190
user_245fd42f,6,user_5a283043,0.685430
user_245fd42f,7,user_5881b259,0.685249
user_245fd42f,8,user_dbc4828c,0.678965
user_245fd42f,9,user_c39d41d7,0.676607
user_245fd42f,10,user_caebed72,0.668327
user_245fd42f,11,user_a743aff9,0.666251
user_245fd42f,12,user_0a245f61,0.666138
user_245fd42f,13,user_91f807b9,0.656309
user_245fd42f,14,user_cb2fe204,0.655132
user_245fd42f,15,user_73f34c5d,0.652795
user_25652863,1,user_04f39d22,0.852950
user_25652863,2,user_08c32973,0.843377
user_25652863,3,user_7de6f343,0.839546
user_25652863,4,user_2c2a5c24,0.828737
user_25652863,5,user_4ea1ef09,0.826225
user_25652863,6,user_83e45cc0,0.823567
user_25652863,7,user_74cfb8ef,0.821680
user_25652863,8,user_0bc8e727,0.815942
user_25652863,9,user_40efa894,0.814834
user_25652863,10,user_421ae417,0.811892
user_25652863,11,user_1a4bec69,0.809769
user_25652863,12,user_ba8b1c05,0.804064
user_25652863,13,user_1fb8e9e5,0.803058
user_25652863,14,user_6fa47d61,0.801165
user_25652863,15,user_e409a56d,0.797210
user_25798310,1,user_a743aff9,0.807563
user_25798310,2,user_1936a7c3,0.774758
user_25798310,3,user_1b7f8c56,0.774025
user_25798310,4,user_69df6330,0.772202
user_25798310,5,user_09dea596,0.770134
user_25798310,6,user_fdcaaf41,0.769361
user_25798310,7,user_dca78fea,0.765180
user_25798310,8,user_2e81a539,0.758730
user_25798310,9,user_fba6bcd4,0.758599
user_25798310,10,user_88b2faba,0.755891
user_25798310,11,user_c06d9b71,0.754495
user_25798310,12,user_7924afc9,0.754148
user_25798310,13,user_7f56f9a5,0.754114
user_25798310,14,user_a57e47b1,0.753318
user_25798310,15,user_03969305,0.752750
user_25b48a9a,1,user_b63ea1d4,0.863518
user_25b48a9a,2,user_3431c049,0.846833
user_25b48a9a,3,user_2c69b83e,0.845888
user_25b48a9a,4,user_9a5457b0,0.845505
user_25b48a9a,5,user_3b1da5d9,0.832564
user_25b48a9a,6,user_76638121,0.824496
user_25b48a9a,7,user_7b5f54c0,0.823831
user_25b48a9a,8,user_166a3647,0.815758
user_25b48a9a,9,user_81a80789,0.814127
user_25b48a9a,10,user_02fecea2,0.810111
user_25b48a9a,11,user_9351238d,0.806837
user_25b48a9a,12,user_16ac4154,0.801351
user_25b48a9a,13,user_67acd9b1,0.798929
user_25b48a9a,14,user_1246b252,0.797612
user_25b48a9a,15,user_ea67f9c6,0.796587
user_26565155,1,user_caa6a7b6,0.834583
user_26565155,2,user_bd6a40d5,0.786993
user_26565155,3,user_c06d9b71,0.782270
user_26565155,4,user_1a2755b3,0.773131
user_26565155,5,user_7924afc9,0.771483
user_26565155,6,user_fdcaaf41,0.770862
user_26565155,7,user_ebddf9c1,0.759480
user_26565155,8,user_9ff844ba,0.757537
user_26565155,9,user_0eb2abf1,0.751595
user_26565155,10,user_a57e47b1,0.750521
user_26565155,11,user_cdd86523,0.750309
user_26565155,12,user_fde2d265,0.744475
user_26565155,13,user_9d786aa8,0.737201
user_26565155,14,user_5a283043,0.734405
user_26565155,15,user_54b19b29,0.731548
user_26fa9d90,1,user_2c69b83e,0.799758
user_26fa9d90,2,user_7b5f54c0,0.795743
user_26fa9d90,3,user_70bbda36,0.795381
user_26fa9d90,4,user_81a80789,0.790578
user_26fa9d90,5,user_aabd2642,0.787948
user_26fa9d90,6,user_0e82fe11,0.776575
user_26fa9d90,7,user_e6dd44b0,0.775283
user_26fa9d90,8,user_d6175d39,0.775269
user_26fa9d90,9,user_b6350ec1,0.774265
user_26fa9d90,10,user_c39d41d7,0.771883
user_26fa9d90,11,user_0c578ab5,0.771562
user_26fa9d90,12,user_dbc4828c,0.770388
user_26fa9d90,13,user_c008345b,0.765219
user_26fa9d90,14,user_bd05225b,0.764818
user_26fa9d90,15,user_25798310,0.763189
user_27a3fa64,1,user_7924afc9,0.820168
user_27a3fa64,2,user_a743aff9,0.813526
user_27a3fa64,3,user_7b052f32,0.809281
user_27a3fa64,4,user_1b7f8c56,0.806968
user_27a3fa64,5,user_27a3fa64,0.801649
user_27a3fa64,6,user_f51339f8,0.801072
user_27a3fa64,7,user_d1d16d30,0.800787
user_27a3fa64,8,user_1936a7c3,0.799190
user_27a3fa64,9,user_fdcaaf41,0.798339
user_27a3fa64,10,user_dc326993,0.795925
user_27a3fa64,11,user_c06d9b71,0.794234
user_27a3fa64,12,user_bbe73426,0.792569
user_27a3fa64,13,user_aabd2642,0.792428
user_27a3fa64,14,user_0a0bcaa6,0.789332
user_27a3fa64,15,user_e6057285,0.789152
user_2920b35e,1,user_2920b35e,0.923072
user_2920b35e,2,user_b6350ec1,0.855306
user_2920b35e,3,user_d6175d39,0.832952
user_2920b35e,4,user_f030b951,0.830418
user_2920b35e,5,user_e6dd44b0,0.825452
user_2920b35e,6,user_bd19a016,0.814942
user_2920b35e,7,user_df3c19a7,0.811817
user_2920b35e,8,user_b16e0cf8,0.804813
user_2920b35e,9,user_3ff3188b,0.800885
user_2920b35e,10,user_fba6bcd4,0.800125
user_2920b35e,11,user_70580e9a,0.794435
user_2920b35e,12,user_1ef33a43,0.794056
user_2920b35e,13,user_3971c3e6,0.791028
user_2920b35e,14,user_88b2faba,0.789346
user_2920b35e,15,user_38f4dfac,0.787556
user_29cd4556,1,user_86685a27,0.546711
user_29cd4556,2,user_f5c4370b,0.540980
user_29cd4556,3,user_6058434c,0.537871
user_29cd4556,4,user_598cc905,0.518836
user_29cd4556,5,user_ed3091a2,0.493267
user_29cd4556,6,user_e70b6a25,0.490616
user_29cd4556,7,user_73a4377d,0.477123
user_29cd4556,8,user_dcf52d26,0.466619
user_29cd4556,9,user_9b517815,0.464298
user_29cd4556,10,user_d0a0f883,0.462255
user_29cd4556,11,user_1bcbacb3,0.458270
user_29cd4556,12,user_f59d3941,0.452943
user_29cd4556,13,user_07db2c6a,0.443670
user_29cd4556,14,user_17355c30,0.439750
user_29cd4556,15,user_2c39731d,0.438333
user_2a704b9c,1,user_f654c33b,0.850771
user_2a704b9c,2,user_b49274ca,0.835829
user_2a704b9c,3,user_adab54a0,0.835798
user_2a704b9c,4,user_b16e0cf8,0.825593
user_2a704b9c,5,user_9dda4af9,0.823858
user_2a704b9c,6,user_1a2755b3,0.819455
user_2a704b9c,7,user_15179955,0.817291
user_2a704b9c,8,user_d036c911,0.816366
user_2a704b9c,9,user_b6350ec1,0.815460
user_2a704b9c,10,user_4db0d490,0.807934
user_2a704b9c,11,user_c39d41d7,0.807867
user_2a704b9c,12,user_dae4304f,0.803142
user_2a704b9c,13,user_afff552a,0.801864
user_2a704b9c,14,user_8663226a,0.801385
user_2a704b9c,15,user_c35d6565,0.801273
user_2a94c885,1,user_0bd8ba7c,0.686858
user_2a94c885,2,user_8c0c7619,0.635702
user_2a94c885,3,user_fe922ad0,0.634474
user_2a94c885,4,user_9d9fba70,0.627286
user_2a94c885,5,user_52f895f1,0.623630
user_2a94c885,6,user_f14dc486,0.620564
user_2a94c885,7,user_d20928cc,0.604866
user_2a94c885,8,user_66a7ce5a,0.599395
user_2a94c885,9,user_942ff21e,0.593751
user_2a94c885,10,user_18522854,0.592060
user_2a94c885,11,user_26565155,0.580609
user_2a94c885,12,user_515ae840,0.577028
user_2a94c885,13,user_6b311f43,0.564938
user_2a94c885,14,user_49b1ac46,0.556481
user_2a94c885,15,user_19622b77,0.556396
user_2b271761,1,user_2b271761,0.812587
user_2b271761,2,user_ab5592eb,0.806515
user_2b271761,3,user_259776c7,0.742849
user_2b271761,4,user_8d968cfb,0.708051
user_2b271761,5,user_2b03934e,0.705027
user_2b271761,6,user_c41de62b,0.703799
user_2b271761,7,user_954805d7,0.698164
user_2b271761,8,user_7aa3746b,0.682801
user_2b271761,9,user_54b19b29,0.678586
user_2b271761,10,user_fde2d265,0.671106
user_2b271761,11,user_1a2755b3,0.669614
user_2b271761,12,user_83e30c57,0.668431
user_2b271761,13,user_3121653d,0.663793
user_2b271761,14,user_b49274ca,0.662712
user_2b271761,15,user_50e2a836,0.661337
user_2b750e1c,1,user_dbc4828c,0.873939
user_2b750e1c,2,user_fde2d265,0.861537
user_2b750e1c,3,user_8fe14601,0.849141
user_2b750e1c,4,user_c39d41d7,0.837699
user_2b750e1c,5,user_723406a0,0.835203
user_2b750e1c,6,user_15179955,0.833722
user_2b750e1c,7,user_29cd4556,0.826991
user_2b750e1c,8,user_79f04645,0.825986
user_2b750e1c,9,user_b49274ca,0.825580
user_2b750e1c,10,user_0cee87f3,0.823158
user_2b750e1c,11,user_405db206,0.821757
user_2b750e1c,12,user_adab54a0,0.821318
user_2b750e1c,13,user_f654c33b,0.820232
user_2b750e1c,14,user_3121653d,0.817733
user_2b750e1c,15,user_0eb2abf1,0.817489
user_2b79ef0b,1,user_2b79ef0b,0.811496
user_2b79ef0b,2,user_0ff0b922,0.738440
user_2b79ef0b,3,user_636d1da4,0.675653
user_2b79ef0b,4,user_25652863,0.664046
user_2b79ef0b,5,user_e51692a6,0.659725
user_2b79ef0b,6,user_2cb4b018,0.655765
user_2b79ef0b,7,user_6c2d672f,0.651634
user_2b79ef0b,8,user_b4f295b3,0.650849
user_2b79ef0b,9,user_e64d80ba,0.647873
user_2b79ef0b,10,user_8ac8f24f,0.642769
user_2b79ef0b,11,user_0898fc4b,0.641798
user_2b79ef0b,12,user_bd05225b,0.641505
user_2b79ef0b,13,user_500badda,0.635407
user_2b79ef0b,14,user_c008345b,0.630928
user_2b79ef0b,15,user_032e5bc8,0.627118
user_2c3eb234,1,user_0bd8ba7c,0.773589
user_2c3eb234,2,user_2c3eb234,0.752225
user_2c3eb234,3,user_8a3bbeb2,0.701887
user_2c3eb234,4,user_d20928cc,0.694611
user_2c3eb234,5,user_f14dc486,0.685325
user_2c3eb234,6,user_41b20ee4,0.644250
user_2c3eb234,7,user_515ae840,0.638851
user_2c3eb234,8,user_470c0785,0.638009
user_2c3eb234,9,user_19622b77,0.620556
user_2c3eb234,10,user_d14b7d7b,0.617211
user_2c3eb234,11,user_a9ed5193,0.606948
user_2c3eb234,12,user_8c0c7619,0.598276
user_2c3eb234,13,user_8006727d,0.595672
user_2c3eb234,14,user_4e42bf97,0.582109
user_2c3eb234,15,user_63b4ae7a,0.569578
user_2c69b83e,1,user_b63ea1d4,0.832820
user_2c69b83e,2,user_67acd9b1,0.812142
user_2c69b83e,3,user_9a5457b0,0.794478
user_2c69b83e,4,user_ffe2efae,0.783020
user_2c69b83e,5,user_9351238d,0.771283
user_2c69b83e,6,user_56e6d0cd,0.768996
user_2c69b83e,7,user_2c69b83e,0.761561
user_2c69b83e,8,user_338e1332,0.757531
user_2c69b83e,9,user_16ac4154,0.751375
user_2c69b83e,10,user_02fecea2,0.749168
user_2c69b83e,11,user_e8e9acac,0.748159
user_2c69b83e,12,user_acd6ddfb,0.747835
user_2c69b83e,13,user_3431c049,0.742927
user_2c69b83e,14,user_3bc84c13,0.740670
user_2c69b83e,15,user_aabd2642,0.735245
user_2c940ff8,1,user_2e05a7a0,0.684023
user_2c940ff8,2,user_9bee2a7c,0.682075
user_2c940ff8,3,user_259776c7,0.681453
user_2c940ff8,4,user_11e8421f,0.672054
user_2c940ff8,5,user_ab86ab82,0.657007
user_2c940ff8,6,user_4a57e449,0.656427
user_2c940ff8,7,user_6fbf6191,0.642883
user_2c940ff8,8,user_8f39f021,0.636808
user_2c940ff8,9,user_d14b7d7b,0.612400
user_2c940ff8,10,user_8006727d,0.610139
user_2c940ff8,11,user_8be3f554,0.602578
user_2c940ff8,12,user_07ec3726,0.601698
user_2c940ff8,13,user_55058479,0.597945
user_2c940ff8,14,user_ee8d5ec5,0.597499
user_2c940ff8,15,user_a6c2e760,0.587273
user_2d74cd4c,1,user_d036c911,0.872664
user_2d74cd4c,2,user_adab54a0,0.857196
user_2d74cd4c,3,user_9dda4af9,0.844933
user_2d74cd4c,4,user_b6d05d1d,0.836973
user_2d74cd4c,5,user_f654c33b,0.833471
user_2d74cd4c,6,user_8fe14601,0.832583
user_2d74cd4c,7,user_3ff3188b,0.818426
user_2d74cd4c,8,user_dae4304f,0.815854
user_2d74cd4c,9,user_1a2755b3,0.813807
user_2d74cd4c,10,user_8663226a,0.808233
user_2d74cd4c,11,user_b6350ec1,0.807069
user_2d74cd4c,12,user_c34e791e,0.806473
user_2d74cd4c,13,user_b49274ca,0.804275
user_2d74cd4c,14,user_c35d6565,0.804123
user_2d74cd4c,15,user_b16e0cf8,0.798039
user_2dc10d2d,1,user_67acd9b1,0.788873
user_2dc10d2d,2,user_07ec3726,0.788505
user_2dc10d2d,3,user_9571d0d5,0.781252
user_2dc10d2d,4,user_25b48a9a,0.778673
user_2dc10d2d,5,user_e8e9acac,0.777326
user_2dc10d2d,6,user_f930e37f,0.776034
user_2dc10d2d,7,user_16ac4154,0.774092
user_2dc10d2d,8,user_8be3f554,0.768899
user_2dc10d2d,9,user_d67450a8,0.767878
user_2dc10d2d,10,user_9351238d,0.764040
user_2dc10d2d,11,user_259776c7,0.760087
user_2dc10d2d,12,user_9a5457b0,0.755244
user_2dc10d2d,13,user_9ee84e18,0.754437
user_2dc10d2d,14,user_2e05a7a0,0.753008
user_2dc10d2d,15,user_ab86ab82,0.751630
user_2dd189e3,1,user_9c5071dd,0.794074
user_2dd189e3,2,user_d1d16d30,0.782564
user_2dd189e3,3,user_5881b259,0.775471
user_2dd189e3,4,user_c06d9b71,0.744908
user_2dd189e3,5,user_c39d41d7,0.741449
user_2dd189e3,6,user_dbc4828c,0.739254
user_2dd189e3,7,user_a743aff9,0.738306
user_2dd189e3,8,user_f51339f8,0.737754
user_2dd189e3,9,user_f654c33b,0.735388
user_2dd189e3,10,user_636ad58f,0.735196
user_2dd189e3,11,user_954805d7,0.732755
user_2dd189e3,12,user_5a283043,0.730636
user_2dd189e3,13,user_fca58a87,0.729767
user_2dd189e3,14,user_a57e47b1,0.723399
user_2dd189e3,15,user_eb0927d1,0.719910
user_2eaaa117,1,user_6ae9ce92,0.824968
user_2eaaa117,2,user_930dc61d,0.763551
user_2eaaa117,3,user_baeb91b3,0.755791
user_2eaaa117,4,user_687feee4,0.749197
user_2eaaa117,5,user_02016939,0.747931
user_2eaaa117,6,user_ded778b8,0.745094
user_2eaaa117,7,user_d9b8914f,0.742113
user_2eaaa117,8,user_5fddc7f1,0.737885
user_2eaaa117,9,user_e5f67397,0.730299
user_2eaaa117,10,user_fde27362,0.723297
user_2eaaa117,11,user_a5e548ce,0.720257
user_2eaaa117,12,user_434f3511,0.719342
user_2eaaa117,13,user_3353b96b,0.713017
user_2eaaa117,14,user_c81fae29,0.710530
user_2eaaa117,15,user_70bbda36,0.706162
user_2eb5d860,1,user_aabd2642,0.805829
user_2eb5d860,2,user_f930e37f,0.779865
user_2eb5d860,3,user_ebddf9c1,0.770791
user_2eb5d860,4,user_f51339f8,0.770226
user_2eb5d860,5,user_1b7f8c56,0.768729
user_2eb5d860,6,user_cdd86523,0.767449
user_2eb5d860,7,user_e7ff2beb,0.766977
user_2eb5d860,8,user_2e81a539,0.766934
user_2eb5d860,9,user_c39d41d7,0.763249
user_2eb5d860,10,user_c06d9b71,0.763018
user_2eb5d860,11,user_e802076d,0.761762
user_2eb5d860,12,user_fdcaaf41,0.761318
user_2eb5d860,13,user_a3a4a20a,0.760657
user_2eb5d860,14,user_fdc08e26,0.759439
user_2eb5d860,15,user_2c69b83e,0.759177
user_2efde048,1,user_08c32973,0.882370
user_2efde048,2,user_04f39d22,0.846920
user_2efde048,3,user_4ea1ef09,0.846056
user_2efde048,4,user_7de6f343,0.843987
user_2efde048,5,user_421ae417,0.822563
user_2efde048,6,user_ba8b1c05,0.812285
user_2efde048,7,user_2e60c125,0.807563
user_2efde048,8,user_64cd3098,0.807537
user_2efde048,9,user_e409a56d,0.805539
user_2efde048,10,user_f3377028,0.803782
user_2efde048,11,user_6fa47d61,0.803171
user_2efde048,12,user_1a4bec69,0.801876
user_2efde048,13,user_2c2a5c24,0.799313
user_2efde048,14,user_7c3d63ce,0.796082
user_2efde048,15,user_74cfb8ef,0.795667
user_2f1085dd,1,user_a411fb06,0.709430
user_2f1085dd,2,user_16b87e34,0.669974
user_2f1085dd,3,user_3666402b,0.628003
user_2f1085dd,4,user_9c88ee3d,0.626049
user_2f1085dd,5,user_795eb408,0.624135
user_2f1085dd,6,user_fa69a385,0.612605
user_2f1085dd,7,user_338e1332,0.608739
user_2f1085dd,8,user_1ae8e7f5,0.596986
user_2f1085dd,9,user_44567221,0.596810
user_2f1085dd,10,user_3353b96b,0.596511
user_2f1085dd,11,user_ab434739,0.592143
user_2f1085dd,12,user_17054ec7,0.585746
user_2f1085dd,13,user_efb27a8e,0.574652
user_2f1085dd,14,user_41b20ee4,0.573320
user_2f1085dd,15,user_107259c3,0.571395
user_2f766c23,1,user_5881b259,0.831172
user_2f766c23,2,user_fba6bcd4,0.824903
user_2f766c23,3,user_c39d41d7,0.823555
user_2f766c23,4,user_04f39d22,0.821904
user_2f766c23,5,user_3ff3188b,0.821476
user_2f766c23,6,user_d1d16d30,0.819337
user_2f766c23,7,user_dae4304f,0.816492
user_2f766c23,8,user_69df6330,0.815083
user_2f766c23,9,user_9dda4af9,0.813647
user_2f766c23,10,user_954805d7,0.810732
user_2f766c23,11,user_c35d6565,0.807186
user_2f766c23,12,user_c34e791e,0.806642
user_2f766c23,13,user_a8c2208d,0.806286
user_2f766c23,14,user_f654c33b,0.803169
user_2f766c23,15,user_657c72ca,0.800539
user_3049510b,1,user_aabd2642,0.673948
user_3049510b,2,user_f930e37f,0.663510
user_3049510b,3,user_338e1332,0.660432
user_3049510b,4,user_c204a1dd,0.654052
user_3049510b,5,user_54c1ebee,0.651307
user_3049510b,6,user_d2bd9832,0.649945
user_3049510b,7,user_d6175d39,0.648959
user_3049510b,8,user_e6057285,0.647818
user_3049510b,9,user_d2c97c8e,0.646958
user_3049510b,10,user_96013176,0.639957
user_3049510b,11,user_c994138f,0.639663
user_3049510b,12,user_a6c2e760,0.639287
user_3049510b,13,user_07cb458d,0.637702
user_3049510b,14,user_a7b901f2,0.636625
user_3049510b,15,user_a6c5a10c,0.635382
user_30802254,1,user_ab86ab82,0.773544
user_30802254,2,user_2e05a7a0,0.769165
user_30802254,3,user_55058479,0.747537
user_30802254,4,user_164fe4b8,0.746236
user_30802254,5,user_4a57e449,0.731199
user_30802254,6,user_259776c7,0.725974
user_30802254,7,user_8be3f554,0.709821
user_30802254,8,user_a16d1fb6,0.708359
user_30802254,9,user_c8f82360,0.705331
user_30802254,10,user_815b7baf,0.704042
user_30802254,11,user_9bee2a7c,0.701211
user_30802254,12,user_ffe2efae,0.695607
user_30802254,13,user_9a5457b0,0.690685
user_30802254,14,user_cf393213,0.690286
user_30802254,15,user_8006727d,0.687965
user_3121653d,1,user_058d9dc1,0.806432
user_3121653d,2,user_efa5697b,0.793385
user_3121653d,3,user_3f2fbc90,0.783281
user_3121653d,4,user_a4a77a7d,0.781350
user_3121653d,5,user_e4f8ab0c,0.770165
user_3121653d,6,user_884ffdb2,0.765289
user_3121653d,7,user_737dd050,0.757481
user_3121653d,8,user_0669bdf6,0.754341
user_3121653d,9,user_835666af,0.748598
user_3121653d,10,user_df8dc9bb,0.744687
user_3121653d,11,user_6a0b0e92,0.743851
user_3121653d,12,user_8e97a154,0.742410
user_3121653d,13,user_ab30f0fb,0.741072
user_3121653d,14,user_8d22714e,0.738269
user_3121653d,15,user_c994138f,0.734927
user_32934d38,1,user_2cb4b018,0.772427
user_32934d38,2,user_02d8a1f8,0.765894
user_32934d38,3,user_a6c5a10c,0.764379
user_32934d38,4,user_9c5071dd,0.759385
user_32934d38,5,user_fba6bcd4,0.754524
user_32934d38,6,user_b337cb0c,0.746912
user_32934d38,7,user_e802076d,0.746503
user_32934d38,8,user_72b93300,0.745052
user_32934d38,9,user_e6057285,0.744238
user_32934d38,10,user_0b64b183,0.742241
user_32934d38,11,user_cbabbcee,0.739523
user_32934d38,12,user_f0cf195f,0.737057
user_32934d38,13,user_0898fc4b,0.730876
user_32934d38,14,user_5881b259,0.730018
user_32934d38,15,user_aabd2642,0.729664
user_32ae32f9,1,user_7a7dda35,0.706375
user_32ae32f9,2,user_aabd2642,0.696535
user_32ae32f9,3,user_39b3eda0,0.694581
user_32ae32f9,4,user_2e81a539,0.693294
user_32ae32f9,5,user_920c074a,0.686587
user_32ae32f9,6,user_95d648bc,0.678818
user_32ae32f9,7,user_73f34c5d,0.674017
user_32ae32f9,8,user_74025dc0,0.664109
user_32ae32f9,9,user_07cb458d,0.661042
user_32ae32f9,10,user_4f755977,0.660608
user_32ae32f9,11,user_a6c5a10c,0.657517
user_32ae32f9,12,user_e5a6abbe,0.653394
user_32ae32f9,13,user_1f1dc5e0,0.653381
user_32ae32f9,14,user_205d25f3,0.653019
user_32ae32f9,15,user_ed1aaed8,0.652444
user_32f31383,1,user_e6057285,0.875178
user_32f31383,2,user_d1d16d30,0.857871
user_32f31383,3,user_bbe73426,0.854612
user_32f31383,4,user_5881b259,0.852072
user_32f31383,5,user_fca58a87,0.837308
user_32f31383,6,user_7b052f32,0.824700
user_32f31383,7,user_f51339f8,0.820223
user_32f31383,8,user_1f1dc5e0,0.818651
user_32f31383,9,user_c06d9b71,0.817481
user_32f31383,10,user_6d071251,0.816398
user_32f31383,11,user_cb2fe204,0.816345
user_32f31383,12,user_f654c33b,0.815927
user_32f31383,13,user_36d44add,0.815099
user_32f31383,14,user_5a283043,0.813650
user_32f31383,15,user_9c5071dd,0.809416
user_3353b96b,1,user_3353b96b,0.825398
user_3353b96b,2,user_9c88ee3d,0.782854
user_3353b96b,3,user_107259c3,0.774964
user_3353b96b,4,user_ea67f9c6,0.774523
user_3353b96b,5,user_17054ec7,0.757253
user_3353b96b,6,user_76638121,0.748612
user_3353b96b,7,user_6169d3b8,0.748034
user_3353b96b,8,user_3b79395c,0.747952
user_3353b96b,9,user_0128a546,0.745001
user_3353b96b,10,user_7f623d19,0.742051
user_3353b96b,11,user_f070eee7,0.733542
user_3353b96b,12,user_b4f295b3,0.733237
user_3353b96b,13,user_ffe2efae,0.733086
user_3353b96b,14,user_a411fb06,0.728061
user_3353b96b,15,user_586752e4,0.724465
user_338e1332,1,user_3e284ba5,0.808938
user_338e1332,2,user_25798310,0.797305
user_338e1332,3,user_b350e22b,0.789848
user_338e1332,4,user_c994138f,0.789531
user_338e1332,5,user_2f4cc646,0.781124
user_338e1332,6,user_1246b252,0.779878
user_338e1332,7,user_338e1332,0.779374
user_338e1332,8,user_476670f9,0.777776
user_338e1332,9,user_e696f3ae,0.773995
user_338e1332,10,user_7b5f54c0,0.769800
user_338e1332,11,user_58bfeaad,0.765560
user_338e1332,12,user_aabd2642,0.765434
user_338e1332,13,user_d691d016,0.765282
user_338e1332,14,user_226be32f,0.761628
user_338e1332,15,user_e6dd44b0,0.759425
user_34b1fb84,1,user_bf69de98,0.825967
user_34b1fb84,2,user_ef954c6e,0.798420
user_34b1fb84,3,user_394c25cc,0.783462
user_34b1fb84,4,user_e5a6abbe,0.778942
user_34b1fb84,5,user_54c1ebee,0.772889
user_34b1fb84,6,user_e6057285,0.766454
user_34b1fb84,7,user_aabd2642,0.766417
user_34b1fb84,8,user_fba6bcd4,0.764640
user_34b1fb84,9,user_7a7dda35,0.763117
user_34b1fb84,10,user_205d25f3,0.763102
user_34b1fb84,11,user_52c9252c,0.760478
user_34b1fb84,12,user_39b3eda0,0.753507
user_34b1fb84,13,user_18892460,0.753294
user_34b1fb84,14,user_38dc2894,0.751761
user_34b1fb84,15,user_72b93300,0.751459
user_364bb955,1,user_b63ea1d4,0.744494
user_364bb955,2,user_81a80789,0.738159
user_364bb955,3,user_acd6ddfb,0.724840
user_364bb955,4,user_2c69b83e,0.695023
user_364bb955,5,user_02fecea2,0.690557
user_364bb955,6,user_3b1da5d9,0.688695
user_364bb955,7,user_9a5457b0,0.686016
user_364bb955,8,user_7b5f54c0,0.680443
user_364bb955,9,user_58bfeaad,0.677558
user_364bb955,10,user_2f4cc646,0.676832
user_364bb955,11,user_70bbda36,0.671585
user_364bb955,12,user_76638121,0.669518
user_364bb955,13,user_166a3647,0.668806
user_364bb955,14,user_cbabbcee,0.667152
user_364bb955,15,user_aabd2642,0.666938
user_36dd1253,1,user_36dd1253,0.759127
user_36dd1253,2,user_cbabbcee,0.718961
user_36dd1253,3,user_0b64b183,0.713496
user_36dd1253,4,user_f51339f8,0.696591
user_36dd1253,5,user_8ac8f24f,0.693036
user_36dd1253,6,user_636ad58f,0.692864
user_36dd1253,7,user_a01f16ac,0.686684
user_36dd1253,8,user_095ff43e,0.683554
user_36dd1253,9,user_aabd2642,0.683226
user_36dd1253,10,user_5881b259,0.683113
user_36dd1253,11,user_c008345b,0.677505
user_36dd1253,12,user_364bb955,0.677384
user_36dd1253,13,user_d1d16d30,0.676911
user_36dd1253,14,user_c39d41d7,0.676558
user_36dd1253,15,user_8d22714e,0.675891
user_372c2b3e,1,user_40efa894,0.803617
user_372c2b3e,2,user_ba8b1c05,0.798802
user_372c2b3e,3,user_4ea1ef09,0.794010
user_372c2b3e,4,user_eced69e7,0.793821
user_372c2b3e,5,user_25652863,0.787088
user_372c2b3e,6,user_d6175d39,0.785147
user_372c2b3e,7,user_7de6f343,0.778183
user_372c2b3e,8,user_795650bb,0.776740
user_372c2b3e,9,user_74cfb8ef,0.767772
user_372c2b3e,10,user_421ae417,0.761564
user_372c2b3e,11,user_fba6bcd4,0.750439
user_372c2b3e,12,user_2efde048,0.745282
user_372c2b3e,13,user_f7fd2885,0.744951
user_372c2b3e,14,user_6fa47d61,0.741629
user_372c2b3e,15,user_372c2b3e,0.740864
user_378003e3,1,user_ae306850,0.850664
user_378003e3,2,user_81c4dae1,0.846043
user_378003e3,3,user_b14ec02b,0.843669
user_378003e3,4,user_a7145605,0.840603
user_378003e3,5,user_3ff88cf0,0.839358
user_378003e3,6,user_9a307ebe,0.837059
user_378003e3,7,user_a3a4a20a,0.819604
user_378003e3,8,user_c34e791e,0.817881
user_378003e3,9,user_43049634,0.816403
user_378003e3,10,user_3ff3188b,0.815694
user_378003e3,11,user_04f39d22,0.812580
user_378003e3,12,user_89e04335,0.811403
user_378003e3,13,user_aa2fbe83,0.809422
user_378003e3,14,user_e696f3ae,0.801153
user_378003e3,15,user_daf59045,0.799187
user_37be663c,1,user_a16d1fb6,0.773004
user_37be663c,2,user_ab8e847b,0.747958
user_37be663c,3,user_9b6481e4,0.729137
user_37be663c,4,user_c7beef01,0.719236
user_37be663c,5,user_efb27a8e,0.719140
user_37be663c,6,user_ffe2efae,0.719023
user_37be663c,7,user_aaa1e595,0.716397
user_37be663c,8,user_ecf8f97f,0.684777
user_37be663c,9,user_37be663c,0.675799
user_37be663c,10,user_9e328c4e,0.666466
user_37be663c,11,user_c130412b,0.661166
user_37be663c,12,user_a411fb06,0.650070
user_37be663c,13,user_164fe4b8,0.645369
user_37be663c,14,user_338e1332,0.645155
user_37be663c,15,user_88e84020,0.643832
user_38390331,1,user_54c1ebee,0.844630
user_38390331,2,user_70bbda36,0.841605
user_38390331,3,user_c994138f,0.841530
user_38390331,4,user_df8dc9bb,0.828985
user_38390331,5,user_03410579,0.828485
user_38390331,6,user_586752e4,0.825585
user_38390331,7,user_aabd2642,0.825299
user_38390331,8,user_d2bd9832,0.820478
user_38390331,9,user_e6057285,0.816211
user_38390331,10,user_b0129d9e,0.814312
user_38390331,11,user_daf37424,0.810147
user_38390331,12,user_2c69b83e,0.809510
user_38390331,13,user_02fecea2,0.809063
user_38390331,14,user_737dd050,0.808110
user_38390331,15,user_16ac4154,0.805967
user_3850eb9e,1,user_1f1dc5e0,0.770065
user_3850eb9e,2,user_7a7dda35,0.764073
user_3850eb9e,3,user_aabd2642,0.763863
user_3850eb9e,4,user_2e81a539,0.762135
user_3850eb9e,5,user_bbe73426,0.757860
user_3850eb9e,6,user_e6057285,0.749686
user_3850eb9e,7,user_920c074a,0.745720
user_3850eb9e,8,user_205d25f3,0.743709
user_3850eb9e,9,user_5881b259,0.742062
user_3850eb9e,10,user_cb2fe204,0.735796
user_3850eb9e,11,user_fba6bcd4,0.732377
user_3850eb9e,12,user_1936a7c3,0.727315
user_3850eb9e,13,user_a57e47b1,0.726220
user_3850eb9e,14,user_95d648bc,0.726194
user_3850eb9e,15,user_a6c5a10c,0.724929
user_38ab51d4,1,user_b6350ec1,0.794572
user_38ab51d4,2,user_c39d41d7,0.785610
user_38ab51d4,3,user_dbc4828c,0.779362
user_38ab51d4,4,user_d6175d39,0.776993
user_38ab51d4,5,user_3f798a8b,0.771462
user_38ab51d4,6,user_73f34c5d,0.768460
user_38ab51d4,7,user_954805d7,0.763122
user_38ab51d4,8,user_9dda4af9,0.758207
user_38ab51d4,9,user_df3c19a7,0.753986
user_38ab51d4,10,user_07cb458d,0.753575
user_38ab51d4,11,user_8663226a,0.749185
user_38ab51d4,12,user_657c72ca,0.744676
user_38ab51d4,13,user_68d19df8,0.739440
user_38ab51d4,14,user_405db206,0.738290
user_38ab51d4,15,user_84e93af7,0.737242
user_3971c3e6,1,user_df8dc9bb,0.797500
user_3971c3e6,2,user_3239132f,0.791930
user_3971c3e6,3,user_54c1ebee,0.788132
user_3971c3e6,4,user_81a80789,0.786919
user_3971c3e6,5,user_7b5f54c0,0.783871
user_3971c3e6,6,user_166a3647,0.782486
user_3971c3e6,7,user_aabd2642,0.780161
user_3971c3e6,8,user_a4893af1,0.775904
user_3971c3e6,9,user_70bbda36,0.771648
user_3971c3e6,10,user_5c9b579a,0.769625
user_3971c3e6,11,user_b63ea1d4,0.767904
user_3971c3e6,12,user_cbabbcee,0.765889
user_3971c3e6,13,user_364bb955,0.765643
user_3971c3e6,14,user_2c69b83e,0.763780
user_3971c3e6,15,user_147d1bbb,0.761460
user_39939c54,1,user_938164a5,0.541629
user_39939c54,2,user_d20928cc,0.531927
user_39939c54,3,user_4bf6a4a0,0.526272
user_39939c54,4,user_63b4ae7a,0.525295
user_39939c54,5,user_2f766c23,0.524830
user_39939c54,6,user_9c5cd7fa,0.512562
user_39939c54,7,user_126670d7,0.512134
user_39939c54,8,user_bbb0205e,0.510428
user_39939c54,9,user_649f4327,0.504068
user_39939c54,10,user_470c0785,0.500552
user_39939c54,11,user_83b871b5,0.498571
user_39939c54,12,user_daf53db6,0.495605
user_39939c54,13,user_b429ec64,0.493880
user_39939c54,14,user_f14dc486,0.491698
user_39939c54,15,user_502a8cea,0.491633
user_39aad1a2,1,user_39aad1a2,0.602656
user_39aad1a2,2,user_1dc24686,0.574180
user_39aad1a2,3,user_9c5071dd,0.572786
user_39aad1a2,4,user_ff7631ef,0.571571
user_39aad1a2,5,user_cbabbcee,0.567620
user_39aad1a2,6,user_aabd2642,0.565523
user_39aad1a2,7,user_56909460,0.564571
user_39aad1a2,8,user_fb8f46c8,0.564058
user_39aad1a2,9,user_a2480011,0.563774
user_39aad1a2,10,user_7fd91653,0.555807
user_39aad1a2,11,user_ab30f0fb,0.552215
user_39aad1a2,12,user_5d35f631,0.547974
user_39aad1a2,13,user_ebddf9c1,0.547244
user_39aad1a2,14,user_5a283043,0.547181
user_39aad1a2,15,user_906e2423,0.546449
user_39f8897b,1,user_8da30894,0.435265
user_39f8897b,2,user_ee923f9d,0.371684
user_39f8897b,3,user_0dfb7397,0.366125
user_39f8897b,4,user_ebe17c78,0.333991
user_39f8897b,5,user_beca29a3,0.322254
user_39f8897b,6,user_8e5bead9,0.320953
user_39f8897b,7,user_7cb1ae65,0.317879
user_39f8897b,8,user_833d8832,0.286124
user_39f8897b,9,user_48669fd6,0.279771
user_39f8897b,10,user_0285dee3,0.278247
user_39f8897b,11,user_3666402b,0.267063
user_39f8897b,12,user_4607d25d,0.261945
user_39f8897b,13,user_b8f24804,0.258669
user_39f8897b,14,user_f3a56e06,0.258097
user_39f8897b,15,user_44567221,0.254933
user_3a55606c,1,user_e70b6a25,0.825383
user_3a55606c,2,user_6058434c,0.774803
user_3a55606c,3,user_86685a27,0.747619
user_3a55606c,4,user_d0a0f883,0.691278
user_3a55606c,5,user_d4b7e22e,0.677446
user_3a55606c,6,user_ed3091a2,0.670500
user_3a55606c,7,user_f5c4370b,0.665998
user_3a55606c,8,user_49b1ac46,0.647908
user_3a55606c,9,user_1bcbacb3,0.613602
user_3a55606c,10,user_9d9fba70,0.611539
user_3a55606c,11,user_22b484cb,0.605742
user_3a55606c,12,user_903329bb,0.600713
user_3a55606c,13,user_9b517815,0.596333
user_3a55606c,14,user_2c39731d,0.593919
user_3a55606c,15,user_f827c7dd,0.582124
user_3b1da5d9,1,user_9b6481e4,0.750146
user_3b1da5d9,2,user_8a3bbeb2,0.736402
user_3b1da5d9,3,user_c7beef01,0.734416
user_3b1da5d9,4,user_ffe2efae,0.720483
user_3b1da5d9,5,user_0bd8ba7c,0.699216
user_3b1da5d9,6,user_a16d1fb6,0.690030
user_3b1da5d9,7,user_76638121,0.674792
user_3b1da5d9,8,user_52f895f1,0.670673
user_3b1da5d9,9,user_9818dcae,0.666154
user_3b1da5d9,10,user_81a80789,0.664265
user_3b1da5d9,11,user_07ec3726,0.664137
user_3b1da5d9,12,user_3b1da5d9,0.662175
user_3b1da5d9,13,user_efb27a8e,0.660589
user_3b1da5d9,14,user_201c8c78,0.658117
user_3b1da5d9,15,user_ab86ab82,0.657725
user_3b90fb53,1,user_3b90fb53,0.797294
user_3b90fb53,2,user_b337cb0c,0.781748
user_3b90fb53,3,user_0fefc28e,0.780749
user_3b90fb53,4,user_bd05225b,0.769923
user_3b90fb53,5,user_0b64b183,0.769274
user_3b90fb53,6,user_50e2a836,0.752708
user_3b90fb53,7,user_4144252d,0.749813
user_3b90fb53,8,user_02d8a1f8,0.748100
user_3b90fb53,9,user_7fd91653,0.744242
user_3b90fb53,10,user_032e5bc8,0.743816
user_3b90fb53,11,user_a01f16ac,0.741814
user_3b90fb53,12,user_226be32f,0.739617
user_3b90fb53,13,user_2cb4b018,0.738975
user_3b90fb53,14,user_f0cf195f,0.737437
user_3b90fb53,15,user_0669bdf6,0.735537
user_3bb7992e,1,user_fbed237d,0.722403
user_3bb7992e,2,user_2efde048,0.712313
user_3bb7992e,3,user_166a3647,0.708372
user_3bb7992e,4,user_58bfeaad,0.705713
user_3bb7992e,5,user_25652863,0.704168
user_3bb7992e,6,user_1022be44,0.702935
user_3bb7992e,7,user_6fa47d61,0.700091
user_3bb7992e,8,user_a615a6d1,0.694710
user_3bb7992e,9,user_07db2c6a,0.694227
user_3bb7992e,10,user_476670f9,0.687770
user_3bb7992e,11,user_3bb7992e,0.683902
user_3bb7992e,12,user_8e48a3f8,0.683648
user_3bb7992e,13,user_0f0ad720,0.679806
user_3bb7992e,14,user_72b93300,0.678783
user_3bb7992e,15,user_a2825b06,0.678615
user_3ce4c1f8,1,user_abde0618,0.695811
user_3ce4c1f8,2,user_fb8f46c8,0.673428
user_3ce4c1f8,3,user_ff7631ef,0.657363
user_3ce4c1f8,4,user_39aad1a2,0.648484
user_3ce4c1f8,5,user_91db6e48,0.636585
user_3ce4c1f8,6,user_33b2b77f,0.624629
user_3ce4c1f8,7,user_a5e548ce,0.622973
user_3ce4c1f8,8,user_c50a487d,0.621656
user_3ce4c1f8,9,user_338e1332,0.615442
user_3ce4c1f8,10,user_ee05ee55,0.611610
user_3ce4c1f8,11,user_e696f3ae,0.602065
user_3ce4c1f8,12,user_b2aba63a,0.590139
user_3ce4c1f8,13,user_0898fc4b,0.589507
user_3ce4c1f8,14,user_434f3511,0.589353
user_3ce4c1f8,15,user_f930e37f,0.583109
user_3e284ba5,1,user_66a7ce5a,0.853539
user_3e284ba5,2,user_56e6d0cd,0.802793
user_3e284ba5,3,user_9d9fba70,0.794696
user_3e284ba5,4,user_65d73ac1,0.792831
user_3e284ba5,5,user_efb27a8e,0.759290
user_3e284ba5,6,user_57c1d6c0,0.744992
user_3e284ba5,7,user_a16d1fb6,0.742976
user_3e284ba5,8,user_16b87e34,0.733573
user_3e284ba5,9,user_ffe2efae,0.730205
user_3e284ba5,10,user_2b03934e,0.729659
user_3e284ba5,11,user_daf37424,0.724325
user_3e284ba5,12,user_b63ea1d4,0.723108
user_3e284ba5,13,user_acd6ddfb,0.722097
user_3e284ba5,14,user_fe922ad0,0.720980
user_3e284ba5,15,user_c994138f,0.720475
user_3eb49f37,1,user_efa5697b,0.813614
user_3eb49f37,2,user_dac2c359,0.797975
user_3eb49f37,3,user_058d9dc1,0.775787
user_3eb49f37,4,user_0669bdf6,0.763736
user_3eb49f37,5,user_ab30f0fb,0.737482
user_3eb49f37,6,user_5ac1a174,0.736924
user_3eb49f37,7,user_7322f4ef,0.736714
user_3eb49f37,8,user_e4f8ab0c,0.732042
user_3eb49f37,9,user_823846de,0.730126
user_3eb49f37,10,user_a4a77a7d,0.723277
user_3eb49f37,11,user_e8cdb142,0.722390
user_3eb49f37,12,user_7d944883,0.707847
user_3eb49f37,13,user_3f2fbc90,0.698529
user_3eb49f37,14,user_0e82fe11,0.696877
user_3eb49f37,15,user_858fa00c,0.690347
user_3f1d04a6,1,user_e6dd44b0,0.731661
user_3f1d04a6,2,user_6fc85c06,0.728005
user_3f1d04a6,3,user_70bbda36,0.726822
user_3f1d04a6,4,user_95d648bc,0.724240
user_3f1d04a6,5,user_166a3647,0.724014
user_3f1d04a6,6,user_f51339f8,0.719369
user_3f1d04a6,7,user_03969305,0.716881
user_3f1d04a6,8,user_96013176,0.713147
user_3f1d04a6,9,user_b1a5a37e,0.710349
user_3f1d04a6,10,user_bd05225b,0.709527
user_3f1d04a6,11,user_858fa00c,0.708281
user_3f1d04a6,12,user_b4214db6,0.708157
user_3f1d04a6,13,user_b9d253e8,0.707240
user_3f1d04a6,14,user_5c9b579a,0.706755
user_3f1d04a6,15,user_586752e4,0.705786
user_3f2894b5,1,user_cb2fe204,0.814626
user_3f2894b5,2,user_970963fd,0.809282
user_3f2894b5,3,user_bbe73426,0.808175
user_3f2894b5,4,user_27a3fa64,0.807540
user_3f2894b5,5,user_1936a7c3,0.801387
user_3f2894b5,6,user_1f1dc5e0,0.787673
user_3f2894b5,7,user_69193575,0.783117
user_3f2894b5,8,user_7b052f32,0.772292
user_3f2894b5,9,user_2e81a539,0.769708
user_3f2894b5,10,user_9600e8bf,0.764069
user_3f2894b5,11,user_e6057285,0.763126
user_3f2894b5,12,user_d1d16d30,0.761487
user_3f2894b5,13,user_6d071251,0.751186
user_3f2894b5,14,user_64d76dfd,0.748423
user_3f2894b5,15,user_205d25f3,0.747249
user_3f798a8b,1,user_57c1d6c0,0.826173
user_3f798a8b,2,user_c34e791e,0.817653
user_3f798a8b,3,user_54b19b29,0.813145
user_3f798a8b,4,user_0eb2abf1,0.805552
user_3f798a8b,5,user_25b48a9a,0.795028
user_3f798a8b,6,user_67acd9b1,0.794875
user_3f798a8b,7,user_c2f18cf7,0.792381
user_3f798a8b,8,user_259776c7,0.791545
user_3f798a8b,9,user_8be3f554,0.784210
user_3f798a8b,10,user_9351238d,0.781963
user_3f798a8b,11,user_b6d05d1d,0.778229
user_3f798a8b,12,user_4a57e449,0.774530
user_3f798a8b,13,user_9dda4af9,0.774107
user_3f798a8b,14,user_c4c70447,0.773766
user_3f798a8b,15,user_417702c5,0.770356
user_3ff3188b,1,user_2c69b83e,0.856880
user_3ff3188b,2,user_3ff3188b,0.851795
user_3ff3188b,3,user_e6dd44b0,0.848169
user_3ff3188b,4,user_1a2755b3,0.847468
user_3ff3188b,5,user_fba6bcd4,0.840155
user_3ff3188b,6,user_03969305,0.838057
user_3ff3188b,7,user_dbc4828c,0.834411
user_3ff3188b,8,user_1b7f8c56,0.834111
user_3ff3188b,9,user_c39d41d7,0.825633
user_3ff3188b,10,user_4f755977,0.822509
user_3ff3188b,11,user_88b2faba,0.820015
user_3ff3188b,12,user_a3a4a20a,0.820010
user_3ff3188b,13,user_b6350ec1,0.818310
user_3ff3188b,14,user_f030b951,0.814169
user_3ff3188b,15,user_c34e791e,0.814064
user_3ff88cf0,1,user_c34e791e,0.851071
user_3ff88cf0,2,user_3ac315cb,0.845131
user_3ff88cf0,3,user_a3a4a20a,0.842362
user_3ff88cf0,4,user_9a307ebe,0.838477
user_3ff88cf0,5,user_e696f3ae,0.820758
user_3ff88cf0,6,user_3ff3188b,0.807613
user_3ff88cf0,7,user_dae4304f,0.805672
user_3ff88cf0,8,user_2dd5b531,0.805475
user_3ff88cf0,9,user_daf37424,0.804835
user_3ff88cf0,10,user_03969305,0.803586
user_3ff88cf0,11,user_1a2755b3,0.800746
user_3ff88cf0,12,user_ab86ab82,0.800562
user_3ff88cf0,13,user_f930e37f,0.797480
user_3ff88cf0,14,user_cf393213,0.796343
user_3ff88cf0,15,user_04f39d22,0.795855
user_40a0bad3,1,user_25b48a9a,0.758974
user_40a0bad3,2,user_40a0bad3,0.719602
user_40a0bad3,3,user_c34e791e,0.712036
user_40a0bad3,4,user_6fbf6191,0.711725
user_40a0bad3,5,user_57c1d6c0,0.705708
user_40a0bad3,6,user_9bee2a7c,0.701618
user_40a0bad3,7,user_67acd9b1,0.694396
user_40a0bad3,8,user_8be3f554,0.694215
user_40a0bad3,9,user_d67450a8,0.693976
user_40a0bad3,10,user_f930e37f,0.692108
user_40a0bad3,11,user_c8f82360,0.685658
user_40a0bad3,12,user_c994138f,0.684350
user_40a0bad3,13,user_2e05a7a0,0.684103
user_40a0bad3,14,user_4a57e449,0.683815
user_40a0bad3,15,user_a6c2e760,0.680864
user_40efa894,1,user_04f39d22,0.911647
user_40efa894,2,user_7de6f343,0.893158
user_40efa894,3,user_421ae417,0.884530
user_40efa894,4,user_74cfb8ef,0.867212
user_40efa894,5,user_40efa894,0.839929
user_40efa894,6,user_ba8b1c05,0.837921
user_40efa894,7,user_0bc8e727,0.837739
user_40efa894,8,user_daf59045,0.837013
user_40efa894,9,user_43049634,0.836238
user_40efa894,10,user_b1a5a37e,0.836021
user_40efa894,11,user_7c3d63ce,0.832655
user_40efa894,12,user_e409a56d,0.829336
user_40efa894,13,user_38fbcf73,0.822813
user_40efa894,14,user_98f18241,0.821258
user_40efa894,15,user_f3377028,0.820429
user_41b20ee4,1,user_7b5f54c0,0.880496
user_41b20ee4,2,user_81a80789,0.871323
user_41b20ee4,3,user_b63ea1d4,0.841247
user_41b20ee4,4,user_166a3647,0.840377
user_41b20ee4,5,user_70bbda36,0.835517
user_41b20ee4,6,user_aabd2642,0.831720
user_41b20ee4,7,user_25798310,0.830528
user_41b20ee4,8,user_3b1da5d9,0.819832
user_41b20ee4,9,user_02fecea2,0.813633
user_41b20ee4,10,user_ed1aaed8,0.813375
user_41b20ee4,11,user_b0129d9e,0.809615
user_41b20ee4,12,user_3e284ba5,0.809507
user_41b20ee4,13,user_2c69b83e,0.807784
user_41b20ee4,14,user_1246b252,0.805708
user_41b20ee4,15,user_0c578ab5,0.805678
user_433bdef0,1,user_6deada35,0.851437
user_433bdef0,2,user_54c1ebee,0.842677
user_433bdef0,3,user_7b5f54c0,0.838807
user_433bdef0,4,user_147d1bbb,0.832601
user_433bdef0,5,user_25798310,0.828024
user_433bdef0,6,user_b63ea1d4,0.817453
user_433bdef0,7,user_aabd2642,0.815813
user_433bdef0,8,user_96013176,0.810752
user_433bdef0,9,user_70bbda36,0.801355
user_433bdef0,10,user_166a3647,0.800947
user_433bdef0,11,user_e5a6abbe,0.798424
user_433bdef0,12,user_81a80789,0.795060
user_433bdef0,13,user_03410579,0.791514
user_433bdef0,14,user_b0129d9e,0.791484
user_433bdef0,15,user_2c69b83e,0.790859
user_434f3511,1,user_81a80789,0.796450
user_434f3511,2,user_7b5f54c0,0.782037
user_434f3511,3,user_25798310,0.779550
user_434f3511,4,user_166a3647,0.778283
user_434f3511,5,user_2f4cc646,0.763095
user_434f3511,6,user_6169d3b8,0.759570
user_434f3511,7,user_70bbda36,0.759528
user_434f3511,8,user_df8dc9bb,0.757557
user_434f3511,9,user_8713f22a,0.754425
user_434f3511,10,user_3b1da5d9,0.753640
user_434f3511,11,user_b4d7e69a,0.752417
user_434f3511,12,user_0c578ab5,0.746139
user_434f3511,13,user_b0129d9e,0.745009
user_434f3511,14,user_6deada35,0.736428
user_434f3511,15,user_147d1bbb,0.732170
user_44567221,1,user_83a58842,0.661893
user_44567221,2,user_7fef9da8,0.661877
user_44567221,3,user_1246b252,0.655651
user_44567221,4,user_8fb63eca,0.617345
user_44567221,5,user_89571ce8,0.586150
user_44567221,6,user_3e284ba5,0.572153
user_44567221,7,user_6c2d672f,0.569407
user_44567221,8,user_cbabbcee,0.569102
user_44567221,9,user_ffe2efae,0.568264
user_44567221,10,user_3431c049,0.567107
user_44567221,11,user_3b79395c,0.566916
user_44567221,12,user_df8dc9bb,0.565865
user_44567221,13,user_72bed676,0.565362
user_44567221,14,user_94cad3a5,0.561899
user_44567221,15,user_166a3647,0.558969
user_454733da,1,user_9b517815,0.707330
user_454733da,2,user_37cd2dc9,0.648517
user_454733da,3,user_9ffdf5e5,0.647163
user_454733da,4,user_49b1ac46,0.641190
user_454733da,5,user_5f4ee256,0.625295
user_454733da,6,user_6b311f43,0.615004
user_454733da,7,user_0a3f46b9,0.612581
user_454733da,8,user_75251485,0.606985
user_454733da,9,user_e70b6a25,0.596456
user_454733da,10,user_438fb63c,0.576195
user_454733da,11,user_ba4a78fc,0.575276
user_454733da,12,user_b7f60e64,0.573890
user_454733da,13,user_6a0b0e92,0.572084
user_454733da,14,user_13f8ee07,0.571545
user_454733da,15,user_4e42bf97,0.569241
user_45926b89,1,user_03969305,0.840279
user_45926b89,2,user_c39d41d7,0.828207
user_45926b89,3,user_96013176,0.826612
user_45926b89,4,user_b16e0cf8,0.826138
user_45926b89,5,user_88b2faba,0.816492
user_45926b89,6,user_5881b259,0.814244
user_45926b89,7,user_dbc4828c,0.810672
user_45926b89,8,user_b6350ec1,0.809325
user_45926b89,9,user_e5a6abbe,0.808900
user_45926b89,10,user_636ad58f,0.808875
user_45926b89,11,user_a57e47b1,0.806876
user_45926b89,12,user_cdd86523,0.806858
user_45926b89,13,user_fba6bcd4,0.801823
user_45926b89,14,user_7924afc9,0.801535
user_45926b89,15,user_dc326993,0.801426
user_45d008d3,1,user_858fa00c,0.738044
user_45d008d3,2,user_233fda02,0.690504
user_45d008d3,3,user_9571d0d5,0.684360
user_45d008d3,4,user_0e82fe11,0.679566
user_45d008d3,5,user_d758a0a1,0.676671
user_45d008d3,6,user_5ac1a174,0.669099
user_45d008d3,7,user_3b90fb53,0.667876
user_45d008d3,8,user_ed3091a2,0.663192
user_45d008d3,9,user_6a0b0e92,0.662299
user_45d008d3,10,user_7aa3746b,0.662022
user_45d008d3,11,user_8e5e899b,0.661716
user_45d008d3,12,user_a4a77a7d,0.659626
user_45d008d3,13,user_737dd050,0.656497
user_45d008d3,14,user_96013176,0.653304
user_45d008d3,15,user_586752e4,0.652410
user_4607d25d,1,user_8be3f554,0.795083
user_4607d25d,2,user_daf37424,0.781007
user_4607d25d,3,user_c994138f,0.772142
user_4607d25d,4,user_9ce96cbf,0.764073
user_4607d25d,5,user_ab86ab82,0.756456
user_4607d25d,6,user_c8f82360,0.736474
user_4607d25d,7,user_2e05a7a0,0.729695
user_4607d25d,8,user_586752e4,0.728376
user_4607d25d,9,user_91f807b9,0.724715
user_4607d25d,10,user_61f90240,0.720479
user_4607d25d,11,user_815b7baf,0.716353
user_4607d25d,12,user_56e6d0cd,0.712521
user_4607d25d,13,user_a8dc91a3,0.711693
user_4607d25d,14,user_126670d7,0.710445
user_4607d25d,15,user_3535252b,0.710168
user_46e2e7ec,1,user_f5138e15,0.791149
user_46e2e7ec,2,user_ba085464,0.782165
user_46e2e7ec,3,user_46e2e7ec,0.653989
user_46e2e7ec,4,user_7b2d0be1,0.637205
user_46e2e7ec,5,user_d9b8914f,0.618099
user_46e2e7ec,6,user_ab434739,0.603481
user_46e2e7ec,7,user_1e3084a6,0.601786
user_46e2e7ec,8,user_6ae9ce92,0.583310
user_46e2e7ec,9,user_2b79ef0b,0.577524
user_46e2e7ec,10,user_25652863,0.572489
user_46e2e7ec,11,user_795650bb,0.559907
user_46e2e7ec,12,user_93cdb7a1,0.554576
user_46e2e7ec,13,user_a7bfc229,0.553927
user_46e2e7ec,14,user_d6175d39,0.551551
user_46e2e7ec,15,user_840e0a93,0.550925
user_476670f9,1,user_378003e3,0.735086
user_476670f9,2,user_470c0785,0.731603
user_476670f9,3,user_c92c8f83,0.721723
user_476670f9,4,user_46bb5302,0.719309
user_476670f9,5,user_bbb0205e,0.703541
user_476670f9,6,user_56e6d0cd,0.697086
user_476670f9,7,user_66a7ce5a,0.689003
user_476670f9,8,user_582ff5b2,0.677060
user_476670f9,9,user_81c4dae1,0.676952
user_476670f9,10,user_daf53db6,0.676919
user_476670f9,11,user_476670f9,0.674983
user_476670f9,12,user_5e61d6d9,0.674229
user_476670f9,13,user_25b48a9a,0.669449
user_476670f9,14,user_a7145605,0.666969
user_476670f9,15,user_53b85563,0.666885
user_4aaa8404,1,user_1b7f8c56,0.841743
user_4aaa8404,2,user_940c7213,0.841253
user_4aaa8404,3,user_d3663143,0.825387
user_4aaa8404,4,user_aa2fbe83,0.825219
user_4aaa8404,5,user_b325310b,0.819644
user_4aaa8404,6,user_afff552a,0.816138
user_4aaa8404,7,user_f8e2246f,0.804214
user_4aaa8404,8,user_33c6501d,0.796473
user_4aaa8404,9,user_2cb4b018,0.794586
user_4aaa8404,10,user_acb51eed,0.794216
user_4aaa8404,11,user_fb64cb55,0.793532
user_4aaa8404,12,user_bd05225b,0.786838
user_4aaa8404,13,user_f60a09b3,0.786818
user_4aaa8404,14,user_5881b259,0.783165
user_4aaa8404,15,user_fba6bcd4,0.782213
user_4ab9d510,1,user_2b03934e,0.823840
user_4ab9d510,2,user_a8dc91a3,0.802524
user_4ab9d510,3,user_65d73ac1,0.789230
user_4ab9d510,4,user_406c399e,0.785921
user_4ab9d510,5,user_96013176,0.764149
user_4ab9d510,6,user_66a7ce5a,0.761414
user_4ab9d510,7,user_8a760553,0.760619
user_4ab9d510,8,user_7aa3746b,0.748631
user_4ab9d510,9,user_8a669dcd,0.746871
user_4ab9d510,10,user_ab5592eb,0.744444
user_4ab9d510,11,user_259776c7,0.739607
user_4ab9d510,12,user_954805d7,0.739269
user_4ab9d510,13,user_79f04645,0.739265
user_4ab9d510,14,user_5d1b0daf,0.738237
user_4ab9d510,15,user_fde2d265,0.735939
user_4b139395,1,user_aabd2642,0.819165
user_4b139395,2,user_5a283043,0.819057
user_4b139395,3,user_f51339f8,0.815602
user_4b139395,4,user_5881b259,0.803678
user_4b139395,5,user_a743aff9,0.796070
user_4b139395,6,user_9c5071dd,0.791609
user_4b139395,7,user_a57e47b1,0.790577
user_4b139395,8,user_d758a0a1,0.788812
user_4b139395,9,user_2e81a539,0.788692
user_4b139395,10,user_ebddf9c1,0.788448
user_4b139395,11,user_5993b36a,0.783212
user_4b139395,12,user_f75c71f0,0.781727
user_4b139395,13,user_c39d41d7,0.781683
user_4b139395,14,user_1f1dc5e0,0.780358
user_4b139395,15,user_fca58a87,0.778053
user_4b8335bd,1,user_5fddc7f1,0.831529
user_4b8335bd,2,user_e5f67397,0.799726
user_4b8335bd,3,user_ded778b8,0.794138
user_4b8335bd,4,user_124651ff,0.778582
user_4b8335bd,5,user_74cfb8ef,0.776908
user_4b8335bd,6,user_0f0ad720,0.775642
user_4b8335bd,7,user_7de6f343,0.773384
user_4b8335bd,8,user_0bc8e727,0.773373
user_4b8335bd,9,user_7c7220a4,0.773215
user_4b8335bd,10,user_a5e548ce,0.759855
user_4b8335bd,11,user_687feee4,0.757494
user_4b8335bd,12,user_0e82fe11,0.756192
user_4b8335bd,13,user_9fe4e0f5,0.750978
user_4b8335bd,14,user_04f39d22,0.750948
user_4b8335bd,15,user_ba085464,0.746737
user_4bd9303b,1,user_df8dc9bb,0.805292
user_4bd9303b,2,user_586752e4,0.804596
user_4bd9303b,3,user_daf37424,0.803903
user_4bd9303b,4,user_147d1bbb,0.803447
user_4bd9303b,5,user_7b5f54c0,0.802560
user_4bd9303b,6,user_b350e22b,0.792741
user_4bd9303b,7,user_c994138f,0.792198
user_4bd9303b,8,user_5c82df31,0.791167
user_4bd9303b,9,user_5526cbfd,0.790913
user_4bd9303b,10,user_e6057285,0.787160
user_4bd9303b,11,user_66772d98,0.785237
user_4bd9303b,12,user_89e04335,0.783688
user_4bd9303b,13,user_ded778b8,0.781781
user_4bd9303b,14,user_737dd050,0.780329
user_4bd9303b,15,user_d691d016,0.780178
user_4cad4295,1,user_b63ea1d4,0.821050
user_4cad4295,2,user_ffe2efae,0.803393
user_4cad4295,3,user_67acd9b1,0.801136
user_4cad4295,4,user_56e6d0cd,0.800361
user_4cad4295,5,user_9351238d,0.794242
user_4cad4295,6,user_9a5457b0,0.776753
user_4cad4295,7,user_16ac4154,0.765583
user_4cad4295,8,user_daf37424,0.763783
user_4cad4295,9,user_02fecea2,0.761452
user_4cad4295,10,user_3431c049,0.759084
user_4cad4295,11,user_338e1332,0.757474
user_4cad4295,12,user_e8e9acac,0.756178
user_4cad4295,13,user_efb27a8e,0.755482
user_4cad4295,14,user_81a80789,0.752933
user_4cad4295,15,user_76638121,0.748464
user_4d4f73a6,1,user_a8dc91a3,0.819514
user_4d4f73a6,2,user_b2dd04c8,0.813202
user_4d4f73a6,3,user_a04b2a78,0.795368
user_4d4f73a6,4,user_18522854,0.792681
user_4d4f73a6,5,user_756e2f00,0.791283
user_4d4f73a6,6,user_66a7ce5a,0.782012
user_4d4f73a6,7,user_2b03934e,0.772573
user_4d4f73a6,8,user_9d9fba70,0.769935
user_4d4f73a6,9,user_9ce96cbf,0.766732
user_4d4f73a6,10,user_8be3f554,0.756498
user_4d4f73a6,11,user_d2bd9832,0.755245
user_4d4f73a6,12,user_29cd4556,0.754041
user_4d4f73a6,13,user_650da71b,0.753617
user_4d4f73a6,14,user_65d73ac1,0.751970
user_4d4f73a6,15,user_4d4f73a6,0.749220
user_4e42bf97,1,user_650da71b,0.836965
user_4e42bf97,2,user_756e2f00,0.832349
user_4e42bf97,3,user_b2dd04c8,0.822611
user_4e42bf97,4,user_4e42bf97,0.812532
user_4e42bf97,5,user_a8dc91a3,0.786933
user_4e42bf97,6,user_69a4dd06,0.761668
user_4e42bf97,7,user_6bf0e007,0.755744
user_4e42bf97,8,user_ec574395,0.754546
user_4e42bf97,9,user_49b1ac46,0.747287
user_4e42bf97,10,user_29cd4556,0.747115
user_4e42bf97,11,user_4f3b6241,0.738257
user_4e42bf97,12,user_9d65649f,0.720869
user_4e42bf97,13,user_79f04645,0.715712
user_4e42bf97,14,user_829844fd,0.711739
user_4e42bf97,15,user_c4b781ce,0.707829
user_4e54f3d7,1,user_fba6bcd4,0.826258
user_4e54f3d7,2,user_5349c6cf,0.793100
user_4e54f3d7,3,user_43a979d2,0.789837
user_4e54f3d7,4,user_b16e0cf8,0.784357
user_4e54f3d7,5,user_e802076d,0.784332
user_4e54f3d7,6,user_d1d16d30,0.776988
user_4e54f3d7,7,user_a01f16ac,0.775547
user_4e54f3d7,8,user_b6350ec1,0.771008
user_4e54f3d7,9,user_c39d41d7,0.768826
user_4e54f3d7,10,user_d70942c1,0.760691
user_4e54f3d7,11,user_5881b259,0.758320
user_4e54f3d7,12,user_d6175d39,0.756497
user_4e54f3d7,13,user_7aa3746b,0.754980
user_4e54f3d7,14,user_636ad58f,0.753753
user_4e54f3d7,15,user_17607ebc,0.752451
user_4f3b6241,1,user_b63ea1d4,0.641879
user_4f3b6241,2,user_13fb2e34,0.635209
user_4f3b6241,3,user_67acd9b1,0.629152
user_4f3b6241,4,user_c903d3bb,0.618882
user_4f3b6241,5,user_c50a487d,0.618436
user_4f3b6241,6,user_cbabbcee,0.617484
user_4f3b6241,7,user_d5379647,0.607481
user_4f3b6241,8,user_09dea596,0.606694
user_4f3b6241,9,user_2b750e1c,0.604055
user_4f3b6241,10,user_02fecea2,0.603244
user_4f3b6241,11,user_a7bfc229,0.592967
user_4f3b6241,12,user_683369b1,0.591463
user_4f3b6241,13,user_8006727d,0.588715
user_4f3b6241,14,user_2142b6e1,0.587118
user_4f3b6241,15,user_65d73ac1,0.578661
user_4f8b6987,1,user_a7c6197a,0.850213
user_4f8b6987,2,user_fca58a87,0.842356
user_4f8b6987,3,user_83afc7b2,0.807268
user_4f8b6987,4,user_5881b259,0.797643
user_4f8b6987,5,user_3c81ee09,0.794782
user_4f8b6987,6,user_e6057285,0.790895
user_4f8b6987,7,user_69193575,0.789584
user_4f8b6987,8,user_e59c000f,0.786627
user_4f8b6987,9,user_c4c70447,0.786439
user_4f8b6987,10,user_c5f32c0d,0.786088
user_4f8b6987,11,user_4e800fa1,0.783941
user_4f8b6987,12,user_e7ff2beb,0.783787
user_4f8b6987,13,user_ef954c6e,0.783419
user_4f8b6987,14,user_89e04335,0.782876
user_4f8b6987,15,user_38433566,0.781776
user_500badda,1,user_2e60c125,0.677670
user_500badda,2,user_40efa894,0.676089
user_500badda,3,user_58bfeaad,0.674029
user_500badda,4,user_bf30f80d,0.661054
user_500badda,5,user_74cfb8ef,0.650490
user_500badda,6,user_b1a5a37e,0.645678
user_500badda,7,user_ba8b1c05,0.642291
user_500badda,8,user_795650bb,0.640014
user_500badda,9,user_04f39d22,0.639500
user_500badda,10,user_f5e1eee0,0.631166
user_500badda,11,user_53b85563,0.629708
user_500badda,12,user_25652863,0.629015
user_500badda,13,user_2efde048,0.628739
user_500badda,14,user_7de6f343,0.626812
user_500badda,15,user_64cd3098,0.624199
user_5062c872,1,user_ba8b1c05,0.864741
user_5062c872,2,user_7c3d63ce,0.837958
user_5062c872,3,user_eced69e7,0.836922
user_5062c872,4,user_795650bb,0.817077
user_5062c872,5,user_421ae417,0.814967
user_5062c872,6,user_4ea1ef09,0.814785
user_5062c872,7,user_7de6f343,0.810400
user_5062c872,8,user_6fa47d61,0.807776
user_5062c872,9,user_2e60c125,0.806356
user_5062c872,10,user_04f39d22,0.801962
user_5062c872,11,user_40efa894,0.798958
user_5062c872,12,user_f3377028,0.796473
user_5062c872,13,user_74cfb8ef,0.793458
user_5062c872,14,user_0bc8e727,0.791521
user_5062c872,15,user_bf30f80d,0.789125
user_515ae840,1,user_d20928cc,0.844230
user_515ae840,2,user_515ae840,0.777885
user_515ae840,3,user_829844fd,0.730860
user_515ae840,4,user_24668d84,0.729265
user_515ae840,5,user_b7f60e64,0.725437
user_515ae840,6,user_39939c54,0.717573
user_515ae840,7,user_2b03934e,0.704443
user_515ae840,8,user_6b86248b,0.695718
user_515ae840,9,user_1b460965,0.677804
user_515ae840,10,user_b2dd04c8,0.676153
user_515ae840,11,user_f14dc486,0.675593
user_515ae840,12,user_61f90240,0.668207
user_515ae840,13,user_cf393213,0.664199
user_515ae840,14,user_f6c0aefc,0.663958
user_515ae840,15,user_a6c2e760,0.663415
user_524450e9,1,user_54c1ebee,0.766943
user_524450e9,2,user_7b5f54c0,0.764713
user_524450e9,3,user_70bbda36,0.756081
user_524450e9,4,user_166a3647,0.748378
user_524450e9,5,user_8dd20d7f,0.744823
user_524450e9,6,user_67acd9b1,0.743020
user_524450e9,7,user_81a80789,0.742384
user_524450e9,8,user_b0129d9e,0.741321
user_524450e9,9,user_b63ea1d4,0.737925
user_524450e9,10,user_0d32f0ed,0.735279
user_524450e9,11,user_d2bd9832,0.733912
user_524450e9,12,user_6deada35,0.732578
user_524450e9,13,user_daf37424,0.732390
user_524450e9,14,user_25798310,0.729473
user_524450e9,15,user_f51339f8,0.728847
user_529e3009,1,user_529e3009,0.786943
user_529e3009,2,user_7c8639cd,0.671923
user_529e3009,3,user_9991e1d8,0.653261
user_529e3009,4,user_0b64b183,0.613493
user_529e3009,5,user_a57a04fa,0.585287
user_529e3009,6,user_0a3bcf86,0.574640
user_529e3009,7,user_cbabbcee,0.572866
user_529e3009,8,user_c008345b,0.572383
user_529e3009,9,user_869fcb2b,0.562961
user_529e3009,10,user_89f449b4,0.555705
user_529e3009,11,user_83a58842,0.552324
user_529e3009,12,user_f0cf195f,0.547962
user_529e3009,13,user_f0b144fc,0.543493
user_529e3009,14,user_ded778b8,0.543309
user_529e3009,15,user_a01f16ac,0.542105
user_52d3881c,1,user_52d3881c,0.878896
user_52d3881c,2,user_d2c97c8e,0.773716
user_52d3881c,3,user_3971c3e6,0.772246
user_52d3881c,4,user_aabd2642,0.754737
user_52d3881c,5,user_83e45cc0,0.751712
user_52d3881c,6,user_ef05ad51,0.735210
user_52d3881c,7,user_e88c308b,0.726147
user_52d3881c,8,user_72b93300,0.724889
user_52d3881c,9,user_7a7dda35,0.721137
user_52d3881c,10,user_bf69de98,0.719570
user_52d3881c,11,user_9a307ebe,0.716347
user_52d3881c,12,user_3535252b,0.716313
user_52d3881c,13,user_39b3eda0,0.712652
user_52d3881c,14,user_1b7f8c56,0.712061
user_52d3881c,15,user_a3a4a20a,0.711898
user_53325367,1,user_e802076d,0.835343
user_53325367,2,user_1a2755b3,0.834246
user_53325367,3,user_f030b951,0.828244
user_53325367,4,user_70580e9a,0.824984
user_53325367,5,user_fba6bcd4,0.818883
user_53325367,6,user_53325367,0.816776
user_53325367,7,user_bd19a016,0.815246
user_53325367,8,user_b16e0cf8,0.812664
user_53325367,9,user_02016939,0.808595
user_53325367,10,user_df3c19a7,0.806267
user_53325367,11,user_b6350ec1,0.804818
user_53325367,12,user_c39d41d7,0.804553
user_53325367,13,user_2920b35e,0.803864
user_53325367,14,user_40a0bad3,0.802649
user_53325367,15,user_147d1bbb,0.801647
user_54c1ebee,1,user_7b5f54c0,0.806719
user_54c1ebee,2,user_8fb63eca,0.799101
user_54c1ebee,3,user_1246b252,0.799101
user_54c1ebee,4,user_54c1ebee,0.797301
user_54c1ebee,5,user_586752e4,0.790135
user_54c1ebee,6,user_b0129d9e,0.786375
user_54c1ebee,7,user_166a3647,0.783881
user_54c1ebee,8,user_4144252d,0.773736
user_54c1ebee,9,user_d691d016,0.772651
user_54c1ebee,10,user_25798310,0.771861
user_54c1ebee,11,user_81a80789,0.768917
user_54c1ebee,12,user_02fecea2,0.763580
user_54c1ebee,13,user_107259c3,0.763299
user_54c1ebee,14,user_26fa9d90,0.763199
user_54c1ebee,15,user_70bbda36,0.761541
user_56909460,1,user_e6057285,0.748732
user_56909460,2,user_83a58842,0.742032
user_56909460,3,user_ebddf9c1,0.739359
user_56909460,4,user_cb2fe204,0.736344
user_56909460,5,user_18892460,0.734155
user_56909460,6,user_f51339f8,0.731366
user_56909460,7,user_394c25cc,0.730871
user_56909460,8,user_72b93300,0.729809
user_56909460,9,user_e802076d,0.728792
user_56909460,10,user_2e81a539,0.728050
user_56909460,11,user_e5a6abbe,0.728048
user_56909460,12,user_df8dc9bb,0.722548
user_56909460,13,user_5993b36a,0.722201
user_56909460,14,user_27a3fa64,0.719817
user_56909460,15,user_5881b259,0.719197
user_56980aa9,1,user_aa4cc34a,0.827960
user_56980aa9,2,user_903329bb,0.799198
user_56980aa9,3,user_835666af,0.774229
user_56980aa9,4,user_fb64cb55,0.772056
user_56980aa9,5,user_6011e674,0.743904
user_56980aa9,6,user_d758a0a1,0.728700
user_56980aa9,7,user_0e82fe11,0.728692
user_56980aa9,8,user_5d7cbf11,0.726636
user_56980aa9,9,user_737dd050,0.719396
user_56980aa9,10,user_f75c71f0,0.712072
user_56980aa9,11,user_95d648bc,0.708472
user_56980aa9,12,user_00723699,0.701829
user_56980aa9,13,user_aabd2642,0.699208
user_56980aa9,14,user_59e8bc2a,0.695213
user_56980aa9,15,user_5ac1a174,0.693685
user_5738db35,1,user_d691d016,0.629802
user_5738db35,2,user_4144252d,0.627002
user_5738db35,3,user_72b93300,0.613125
user_5738db35,4,user_1022be44,0.608132
user_5738db35,5,user_d5b21e00,0.606409
user_5738db35,6,user_acb899e9,0.601790
user_5738db35,7,user_364bb955,0.601599
user_5738db35,8,user_586752e4,0.599967
user_5738db35,9,user_96013176,0.597257
user_5738db35,10,user_5c9b579a,0.595328
user_5738db35,11,user_c81fae29,0.595209
user_5738db35,12,user_07db2c6a,0.593146
user_5738db35,13,user_e6dd44b0,0.589775
user_5738db35,14,user_93cdb7a1,0.589277
user_5738db35,15,user_2e81a539,0.587820
user_582ff5b2,1,user_c39d41d7,0.847650
user_582ff5b2,2,user_1a2755b3,0.843306
user_582ff5b2,3,user_b16e0cf8,0.841981
user_582ff5b2,4,user_b6350ec1,0.834307
user_582ff5b2,5,user_2c69b83e,0.829181
user_582ff5b2,6,user_3ff3188b,0.828987
user_582ff5b2,7,user_dbc4828c,0.828003
user_582ff5b2,8,user_a3a4a20a,0.824983
user_582ff5b2,9,user_54b19b29,0.823066
user_582ff5b2,10,user_1b7f8c56,0.819043
user_582ff5b2,11,user_dd1d7b22,0.816220
user_582ff5b2,12,user_8d968cfb,0.815766
user_582ff5b2,13,user_03969305,0.815326
user_582ff5b2,14,user_3ac315cb,0.815138
user_582ff5b2,15,user_c34e791e,0.815073
user_586752e4,1,user_0128a546,0.772151
user_586752e4,2,user_17054ec7,0.746260
user_586752e4,3,user_9c88ee3d,0.731965
user_586752e4,4,user_f930e37f,0.727689
user_586752e4,5,user_ea67f9c6,0.726832
user_586752e4,6,user_3353b96b,0.725530
user_586752e4,7,user_586752e4,0.721981
user_586752e4,8,user_ff39b6cf,0.721133
user_586752e4,9,user_94cad3a5,0.715273
user_586752e4,10,user_9351238d,0.714422
user_586752e4,11,user_107259c3,0.712012
user_586752e4,12,user_ed3091a2,0.711862
user_586752e4,13,user_4d4f73a6,0.710367
user_586752e4,14,user_454733da,0.708690
user_586752e4,15,user_8e5e899b,0.707723
user_58892c7c,1,user_1b2d69c1,0.823970
user_58892c7c,2,user_58892c7c,0.796057
user_58892c7c,3,user_74c84045,0.790720
user_58892c7c,4,user_e6dd44b0,0.743486
user_58892c7c,5,user_baa70592,0.729043
user_58892c7c,6,user_07faa0fc,0.727096
user_58892c7c,7,user_e30558fe,0.722668
user_58892c7c,8,user_3971c3e6,0.711050
user_58892c7c,9,user_b1a5a37e,0.709666
user_58892c7c,10,user_166a3647,0.704365
user_58892c7c,11,user_40efa894,0.702896
user_58892c7c,12,user_fcf93ee8,0.701582
user_58892c7c,13,user_f030b951,0.698906
user_58892c7c,14,user_74cfb8ef,0.697511
user_58892c7c,15,user_02fecea2,0.695498
user_58bfeaad,1,user_efb27a8e,0.749075
user_58bfeaad,2,user_a16d1fb6,0.737552
user_58bfeaad,3,user_338e1332,0.731600
user_58bfeaad,4,user_88e84020,0.730545
user_58bfeaad,5,user_aaa1e595,0.712220
user_58bfeaad,6,user_ab8e847b,0.703420
user_58bfeaad,7,user_16b87e34,0.698864
user_58bfeaad,8,user_ffe2efae,0.698442
user_58bfeaad,9,user_58bfeaad,0.697112
user_58bfeaad,10,user_37be663c,0.680292
user_58bfeaad,11,user_9a5457b0,0.671535
user_58bfeaad,12,user_41b20ee4,0.667354
user_58bfeaad,13,user_b63ea1d4,0.665906
user_58bfeaad,14,user_9e328c4e,0.664580
user_58bfeaad,15,user_3431c049,0.661555
user_59d9db83,1,user_83afc7b2,0.815020
user_59d9db83,2,user_bd05225b,0.787442
user_59d9db83,3,user_1936a7c3,0.785039
user_59d9db83,4,user_a01f16ac,0.777301
user_59d9db83,5,user_5881b259,0.773788
user_59d9db83,6,user_7b052f32,0.771337
user_59d9db83,7,user_18892460,0.768001
user_59d9db83,8,user_50e2a836,0.766217
user_59d9db83,9,user_0fefc28e,0.762175
user_59d9db83,10,user_b337cb0c,0.761671
user_59d9db83,11,user_95d648bc,0.761295
user_59d9db83,12,user_500badda,0.760023
user_59d9db83,13,user_fdcaaf41,0.759252
user_59d9db83,14,user_7924afc9,0.759215
user_59d9db83,15,user_a743aff9,0.759082
user_5a5bee64,1,user_fba6bcd4,0.846469
user_5a5bee64,2,user_b6350ec1,0.828473
user_5a5bee64,3,user_df3c19a7,0.823456
user_5a5bee64,4,user_d6175d39,0.816444
user_5a5bee64,5,user_c39d41d7,0.806151
user_5a5bee64,6,user_095ff43e,0.795353
user_5a5bee64,7,user_43a979d2,0.794410
user_5a5bee64,8,user_fa60616d,0.792648
user_5a5bee64,9,user_e6dd44b0,0.786001
user_5a5bee64,10,user_bd19a016,0.783516
user_5a5bee64,11,user_b16e0cf8,0.782183
user_5a5bee64,12,user_2c69b83e,0.781988
user_5a5bee64,13,user_73f34c5d,0.776902
user_5a5bee64,14,user_954805d7,0.776644
user_5a5bee64,15,user_b325310b,0.774745
user_5a6c91dd,1,user_96013176,0.784764
user_5a6c91dd,2,user_dbc4828c,0.784462
user_5a6c91dd,3,user_e6dd44b0,0.782553
user_5a6c91dd,4,user_2e81a539,0.777548
user_5a6c91dd,5,user_f930e37f,0.758549
user_5a6c91dd,6,user_c994138f,0.758499
user_5a6c91dd,7,user_058c1800,0.757775
user_5a6c91dd,8,user_95d648bc,0.755383
user_5a6c91dd,9,user_5c9b579a,0.753512
user_5a6c91dd,10,user_dc32d458,0.749615
user_5a6c91dd,11,user_233fda02,0.748897
user_5a6c91dd,12,user_03969305,0.744037
user_5a6c91dd,13,user_ebddf9c1,0.743767
user_5a6c91dd,14,user_b4214db6,0.741789
user_5a6c91dd,15,user_c39d41d7,0.741487
user_5a6f92a6,1,user_a16d1fb6,0.678283
user_5a6f92a6,2,user_18522854,0.673183
user_5a6f92a6,3,user_32934d38,0.660823
user_5a6f92a6,4,user_ab86ab82,0.648564
user_5a6f92a6,5,user_406c399e,0.647141
user_5a6f92a6,6,user_3666402b,0.646768
user_5a6f92a6,7,user_fe922ad0,0.645913
user_5a6f92a6,8,user_338e1332,0.640832
user_5a6f92a6,9,user_8be3f554,0.639739
user_5a6f92a6,10,user_65d73ac1,0.639064
user_5a6f92a6,11,user_ffe2efae,0.638711
user_5a6f92a6,12,user_8c0c7619,0.634985
user_5a6f92a6,13,user_2b03934e,0.634535
user_5a6f92a6,14,user_66a7ce5a,0.633009
user_5a6f92a6,15,user_2e05a7a0,0.632955
user_5ac1a174,1,user_823846de,0.678898
user_5ac1a174,2,user_49b1ac46,0.661727
user_5ac1a174,3,user_903329bb,0.656227
user_5ac1a174,4,user_efa5697b,0.648353
user_5ac1a174,5,user_7322f4ef,0.634276
user_5ac1a174,6,user_2c39731d,0.627539
user_5ac1a174,7,user_e8cdb142,0.626552
user_5ac1a174,8,user_a5d9fab6,0.625223
user_5ac1a174,9,user_78eff25f,0.622380
user_5ac1a174,10,user_b7f60e64,0.611088
user_5ac1a174,11,user_d4b7e22e,0.609312
user_5ac1a174,12,user_20e741d0,0.606877
user_5ac1a174,13,user_d0a0f883,0.606598
user_5ac1a174,14,user_ff39b6cf,0.602124
user_5ac1a174,15,user_7d944883,0.600631
user_5c09bb3d,1,user_43a979d2,0.842216
user_5c09bb3d,2,user_d70942c1,0.833231
user_5c09bb3d,3,user_17607ebc,0.819029
user_5c09bb3d,4,user_636ad58f,0.807261
user_5c09bb3d,5,user_aa31484a,0.802924
user_5c09bb3d,6,user_5c09bb3d,0.796258
user_5c09bb3d,7,user_df3c19a7,0.794188
user_5c09bb3d,8,user_b16e0cf8,0.790116
user_5c09bb3d,9,user_38ab51d4,0.783919
user_5c09bb3d,10,user_a01f16ac,0.781109
user_5c09bb3d,11,user_7aa3746b,0.778598
user_5c09bb3d,12,user_b6350ec1,0.778092
user_5c09bb3d,13,user_c39d41d7,0.772551
user_5c09bb3d,14,user_73f34c5d,0.769336
user_5c09bb3d,15,user_84e93af7,0.766067
user_5c5a0b40,1,user_1df51301,0.835809
user_5c5a0b40,2,user_03969305,0.831525
user_5c5a0b40,3,user_f930e37f,0.796712
user_5c5a0b40,4,user_5526cbfd,0.795283
user_5c5a0b40,5,user_1a2755b3,0.788267
user_5c5a0b40,6,user_3ac315cb,0.787652
user_5c5a0b40,7,user_69df6330,0.787280
user_5c5a0b40,8,user_94f185bc,0.786735
user_5c5a0b40,9,user_fba6bcd4,0.784377
user_5c5a0b40,10,user_40a0bad3,0.782278
user_5c5a0b40,11,user_e6057285,0.780984
user_5c5a0b40,12,user_1b7f8c56,0.779965
user_5c5a0b40,13,user_e59c000f,0.778092
user_5c5a0b40,14,user_3ff3188b,0.778015
user_5c5a0b40,15,user_2dd5b531,0.777908
user_5c82df31,1,user_f5fea76f,0.770894
user_5c82df31,2,user_eda37c14,0.757633
user_5c82df31,3,user_92fe4471,0.757285
user_5c82df31,4,user_414a6eaf,0.700416
user_5c82df31,5,user_e59c000f,0.697175
user_5c82df31,6,user_979ee068,0.689824
user_5c82df31,7,user_36d44add,0.671324
user_5c82df31,8,user_2e81a539,0.662519
user_5c82df31,9,user_22adb798,0.659334
user_5c82df31,10,user_a6c5a10c,0.657629
user_5c82df31,11,user_737d3148,0.655896
user_5c82df31,12,user_f10e7063,0.655817
user_5c82df31,13,user_586752e4,0.652351
user_5c82df31,14,user_e14b88a8,0.648016
user_5c82df31,15,user_b350e22b,0.641186
user_5d1b0daf,1,user_b6d05d1d,0.864616
user_5d1b0daf,2,user_d036c911,0.854791
user_5d1b0daf,3,user_adab54a0,0.808437
user_5d1b0daf,4,user_56e6d0cd,0.799507
user_5d1b0daf,5,user_8fe14601,0.797039
user_5d1b0daf,6,user_f654c33b,0.785948
user_5d1b0daf,7,user_c35d6565,0.774460
user_5d1b0daf,8,user_29cd4556,0.757818
user_5d1b0daf,9,user_a8dc91a3,0.751868
user_5d1b0daf,10,user_9dda4af9,0.751482
user_5d1b0daf,11,user_b49274ca,0.751424
user_5d1b0daf,12,user_dae4304f,0.749861
user_5d1b0daf,13,user_bdcc6e7d,0.747013
user_5d1b0daf,14,user_ec574395,0.738802
user_5d1b0daf,15,user_8f8346ad,0.737380
user_5f4ee256,1,user_0e82fe11,0.858013
user_5f4ee256,2,user_c39d41d7,0.856131
user_5f4ee256,3,user_d758a0a1,0.851093
user_5f4ee256,4,user_a743aff9,0.838315
user_5f4ee256,5,user_723406a0,0.833048
user_5f4ee256,6,user_5881b259,0.832393
user_5f4ee256,7,user_dbc4828c,0.829028
user_5f4ee256,8,user_0a0bcaa6,0.828508
user_5f4ee256,9,user_69df6330,0.827904
user_5f4ee256,10,user_dc32d458,0.822435
user_5f4ee256,11,user_03969305,0.822277
user_5f4ee256,12,user_f654c33b,0.820027
user_5f4ee256,13,user_d1d16d30,0.819953
user_5f4ee256,14,user_50e2a836,0.818210
user_5f4ee256,15,user_7924afc9,0.817596
user_6169d3b8,1,user_7f623d19,0.787761
user_6169d3b8,2,user_107259c3,0.758390
user_6169d3b8,3,user_b4f295b3,0.753951
user_6169d3b8,4,user_6169d3b8,0.746631
user_6169d3b8,5,user_3353b96b,0.739750
user_6169d3b8,6,user_76638121,0.734597
user_6169d3b8,7,user_7c7220a4,0.711138
user_6169d3b8,8,user_f070eee7,0.708146
user_6169d3b8,9,user_9c88ee3d,0.701633
user_6169d3b8,10,user_0128a546,0.699411
user_6169d3b8,11,user_ea67f9c6,0.699296
user_6169d3b8,12,user_6476648d,0.697810
user_6169d3b8,13,user_e2e59795,0.697369
user_6169d3b8,14,user_baeb91b3,0.695446
user_6169d3b8,15,user_36e75535,0.695308
user_61f90240,1,user_7b5f54c0,0.794723
user_61f90240,2,user_54c1ebee,0.788105
user_61f90240,3,user_81a80789,0.787191
user_61f90240,4,user_166a3647,0.782211
user_61f90240,5,user_d691d016,0.779918
user_61f90240,6,user_25798310,0.777540
user_61f90240,7,user_daf37424,0.770516
user_61f90240,8,user_364bb955,0.768506
user_61f90240,9,user_df8dc9bb,0.765449
user_61f90240,10,user_147d1bbb,0.763284
user_61f90240,11,user_e802076d,0.759162
user_61f90240,12,user_1246b252,0.758177
user_61f90240,13,user_a7b901f2,0.753766
user_61f90240,14,user_c994138f,0.751315
user_61f90240,15,user_3431c049,0.750361
user_63110023,1,user_63110023,0.826419
user_63110023,2,user_dd6e7bcb,0.750487
user_63110023,3,user_c35d6565,0.748308
user_63110023,4,user_fba6bcd4,0.744970
user_63110023,5,user_b6350ec1,0.744339
user_63110023,6,user_d6175d39,0.738413
user_63110023,7,user_4f755977,0.728754
user_63110023,8,user_bdcc6e7d,0.728208
user_63110023,9,user_8663226a,0.717418
user_63110023,10,user_07cb458d,0.717413
user_63110023,11,user_ed1aaed8,0.702936
user_63110023,12,user_2920b35e,0.699994
user_63110023,13,user_b16e0cf8,0.698817
user_63110023,14,user_adab54a0,0.695898
user_63110023,15,user_02d03e8a,0.694870
user_636d1da4,1,user_e6057285,0.845307
user_636d1da4,2,user_54c1ebee,0.823547
user_636d1da4,3,user_83afc7b2,0.820173
user_636d1da4,4,user_e696f3ae,0.808087
user_636d1da4,5,user_a6c5a10c,0.807041
user_636d1da4,6,user_df8dc9bb,0.805080
user_636d1da4,7,user_9dda4af9,0.802348
user_636d1da4,8,user_fba6bcd4,0.801891
user_636d1da4,9,user_e59c000f,0.801731
user_636d1da4,10,user_9a307ebe,0.800290
user_636d1da4,11,user_72b93300,0.798670
user_636d1da4,12,user_0898fc4b,0.797047
user_636d1da4,13,user_8be3f554,0.795189
user_636d1da4,14,user_04f39d22,0.794816
user_636d1da4,15,user_18892460,0.794528
user_6427334a,1,user_17607ebc,0.853978
user_6427334a,2,user_b16e0cf8,0.848600
user_6427334a,3,user_5881b259,0.843737
user_6427334a,4,user_636ad58f,0.842159
user_6427334a,5,user_fba6bcd4,0.832232
user_6427334a,6,user_c39d41d7,0.829947
user_6427334a,7,user_43a979d2,0.822619
user_6427334a,8,user_b6350ec1,0.821190
user_6427334a,9,user_d199bef3,0.816966
user_6427334a,10,user_f654c33b,0.815191
user_6427334a,11,user_095ff43e,0.815033
user_6427334a,12,user_dbc4828c,0.813620
user_6427334a,13,user_80dc757f,0.807352
user_6427334a,14,user_30802254,0.807247
user_6427334a,15,user_02d03e8a,0.806243
user_6476648d,1,user_3353b96b,0.771030
user_6476648d,2,user_107259c3,0.768008
user_6476648d,3,user_9c88ee3d,0.754734
user_6476648d,4,user_ea67f9c6,0.733961
user_6476648d,5,user_6169d3b8,0.730405
user_6476648d,6,user_0128a546,0.726316
user_6476648d,7,user_586752e4,0.722078
user_6476648d,8,user_3b79395c,0.721544
user_6476648d,9,user_7c7220a4,0.705599
user_6476648d,10,user_baeb91b3,0.705541
user_6476648d,11,user_b4f295b3,0.705466
user_6476648d,12,user_7f623d19,0.699998
user_6476648d,13,user_737dd050,0.696796
user_6476648d,14,user_ffe2efae,0.695466
user_6476648d,15,user_a411fb06,0.695300
user_649f4327,1,user_54c1ebee,0.863326
user_649f4327,2,user_e696f3ae,0.855903
user_649f4327,3,user_9a307ebe,0.853435
user_649f4327,4,user_adab54a0,0.842738
user_649f4327,5,user_fdc08e26,0.840321
user_649f4327,6,user_c34e791e,0.839101
user_649f4327,7,user_ef954c6e,0.833888
user_649f4327,8,user_03969305,0.832067
user_649f4327,9,user_04f39d22,0.831380
user_649f4327,10,user_2dd5b531,0.831248
user_649f4327,11,user_dae4304f,0.830725
user_649f4327,12,user_e5a6abbe,0.830099
user_649f4327,13,user_1b7f8c56,0.829335
user_649f4327,14,user_e6057285,0.826052
user_649f4327,15,user_dc326993,0.824719
user_657c72ca,1,user_d036c911,0.889433
user_657c72ca,2,user_56e6d0cd,0.853309
user_657c72ca,3,user_b6d05d1d,0.833735
user_657c72ca,4,user_c35d6565,0.808253
user_657c72ca,5,user_9dda4af9,0.800445
user_657c72ca,6,user_dae4304f,0.782700
user_657c72ca,7,user_8d968cfb,0.780161
user_657c72ca,8,user_57c1d6c0,0.779045
user_657c72ca,9,user_657c72ca,0.773466
user_657c72ca,10,user_ca6074df,0.770289
user_657c72ca,11,user_adab54a0,0.769467
user_657c72ca,12,user_8fe14601,0.768688
user_657c72ca,13,user_c2f18cf7,0.763393
user_657c72ca,14,user_1736acbe,0.761514
user_657c72ca,15,user_8663226a,0.757271
user_6592f2e4,1,user_6592f2e4,0.774865
user_6592f2e4,2,user_2cb4b018,0.767130
user_6592f2e4,3,user_acb51eed,0.736171
user_6592f2e4,4,user_ef954c6e,0.726274
user_6592f2e4,5,user_b350e22b,0.720038
user_6592f2e4,6,user_fb8f46c8,0.715990
user_6592f2e4,7,user_0a245f61,0.712983
user_6592f2e4,8,user_a57e47b1,0.709080
user_6592f2e4,9,user_8739102b,0.708385
user_6592f2e4,10,user_69df6330,0.707160
user_6592f2e4,11,user_16ac4154,0.706403
user_6592f2e4,12,user_8be3f554,0.705000
user_6592f2e4,13,user_72b93300,0.700767
user_6592f2e4,14,user_0a3bcf86,0.699377
user_6592f2e4,15,user_1fb8e9e5,0.698016
user_65d73ac1,1,user_3ac315cb,0.849531
user_65d73ac1,2,user_1a2755b3,0.836527
user_65d73ac1,3,user_c34e791e,0.800119
user_65d73ac1,4,user_65d73ac1,0.800026
user_65d73ac1,5,user_c8f82360,0.798732
user_65d73ac1,6,user_1b7f8c56,0.786434
user_65d73ac1,7,user_2cb4b018,0.780815
user_65d73ac1,8,user_16ac4154,0.777247
user_65d73ac1,9,user_417702c5,0.769167
user_65d73ac1,10,user_3e1f9dc1,0.766743
user_65d73ac1,11,user_b6b89f00,0.766291
user_65d73ac1,12,user_a3a4a20a,0.764995
user_65d73ac1,13,user_e802076d,0.763813
user_65d73ac1,14,user_0eb2abf1,0.761779
user_65d73ac1,15,user_8be3f554,0.761681
user_68349053,1,user_7b5f54c0,0.778704
user_68349053,2,user_2c69b83e,0.773278
user_68349053,3,user_2f4cc646,0.760425
user_68349053,4,user_1246b252,0.758475
user_68349053,5,user_81a80789,0.754562
user_68349053,6,user_70bbda36,0.751048
user_68349053,7,user_166a3647,0.745652
user_68349053,8,user_b0129d9e,0.742895
user_68349053,9,user_cbabbcee,0.730227
user_68349053,10,user_d6175d39,0.724633
user_68349053,11,user_aabd2642,0.724173
user_68349053,12,user_e6dd44b0,0.723574
user_68349053,13,user_3239132f,0.721657
user_68349053,14,user_b63ea1d4,0.720931
user_68349053,15,user_07cb458d,0.720814
user_68d19df8,1,user_b63ea1d4,0.822866
user_68d19df8,2,user_2c69b83e,0.808711
user_68d19df8,3,user_b4f295b3,0.805093
user_68d19df8,4,user_e696f3ae,0.799763
user_68d19df8,5,user_67acd9b1,0.792604
user_68d19df8,6,user_fdc08e26,0.790107
user_68d19df8,7,user_6476648d,0.787327
user_68d19df8,8,user_405db206,0.786367
user_68d19df8,9,user_7f623d19,0.785911
user_68d19df8,10,user_6deada35,0.784564
user_68d19df8,11,user_586752e4,0.782971
user_68d19df8,12,user_16ac4154,0.781041
user_68d19df8,13,user_3ff3188b,0.780652
user_68d19df8,14,user_7b5f54c0,0.775121
user_68d19df8,15,user_9a307ebe,0.772053
user_69193575,1,user_2b03934e,0.642251
user_69193575,2,user_9ce96cbf,0.633055
user_69193575,3,user_8a669dcd,0.631572
user_69193575,4,user_c8f82360,0.627329
user_69193575,5,user_a2480011,0.627086
user_69193575,6,user_5d1b0daf,0.626599
user_69193575,7,user_b429ec64,0.623611
user_69193575,8,user_51779823,0.608131
user_69193575,9,user_b8f24804,0.607644
user_69193575,10,user_74d27419,0.607338
user_69193575,11,user_756e2f00,0.606587
user_69193575,12,user_3535252b,0.596949
user_69193575,13,user_ca6074df,0.596754
user_69193575,14,user_f43d6008,0.596289
user_69193575,15,user_a6c2e760,0.593810
user_69a4dd06,1,user_92fe4471,0.690330
user_69a4dd06,2,user_66a7ce5a,0.683164
user_69a4dd06,3,user_22adb798,0.675141
user_69a4dd06,4,user_2b03934e,0.664489
user_69a4dd06,5,user_b7f60e64,0.644503
user_69a4dd06,6,user_979ee068,0.637186
user_69a4dd06,7,user_f5fea76f,0.629308
user_69a4dd06,8,user_9ce96cbf,0.617211
user_69a4dd06,9,user_26565155,0.613696
user_69a4dd06,10,user_eda37c14,0.600621
user_69a4dd06,11,user_515ae840,0.598675
user_69a4dd06,12,user_9d9fba70,0.598361
user_69a4dd06,13,user_f43d6008,0.593697
user_69a4dd06,14,user_829844fd,0.589877
user_69a4dd06,15,user_23ecc36a,0.587824
user_69df6330,1,user_a743aff9,0.842356
user_69df6330,2,user_7924afc9,0.825773
user_69df6330,3,user_cdd86523,0.825699
user_69df6330,4,user_b49274ca,0.819464
user_69df6330,5,user_dbc4828c,0.809462
user_69df6330,6,user_5881b259,0.809346
user_69df6330,7,user_69df6330,0.808629
user_69df6330,8,user_c06d9b71,0.808187
user_69df6330,9,user_eae91488,0.800534
user_69df6330,10,user_fde2d265,0.799991
user_69df6330,11,user_723406a0,0.799909
user_69df6330,12,user_c39d41d7,0.798231
user_69df6330,13,user_1b7f8c56,0.797561
user_69df6330,14,user_eb0927d1,0.795224
user_69df6330,15,user_ebddf9c1,0.794619
user_6ab1739a,1,user_d3663143,0.785212
user_6ab1739a,2,user_8fbb6d9c,0.779631
user_6ab1739a,3,user_9e39a95d,0.778429
user_6ab1739a,4,user_16ac4154,0.774651
user_6ab1739a,5,user_aa2fbe83,0.773585
user_6ab1739a,6,user_3e1f9dc1,0.767011
user_6ab1739a,7,user_b325310b,0.765412
user_6ab1739a,8,user_1b7f8c56,0.761333
user_6ab1739a,9,user_25b48a9a,0.761067
user_6ab1739a,10,user_3ac315cb,0.759526
user_6ab1739a,11,user_417702c5,0.756897
user_6ab1739a,12,user_04f39d22,0.753007
user_6ab1739a,13,user_6011e674,0.752877
user_6ab1739a,14,user_2cb4b018,0.747130
user_6ab1739a,15,user_f8e2246f,0.746186
user_6ab8f7d4,1,user_e6057285,0.825176
user_6ab8f7d4,2,user_0898fc4b,0.806350
user_6ab8f7d4,3,user_ff7631ef,0.791639
user_6ab8f7d4,4,user_df8dc9bb,0.785932
user_6ab8f7d4,5,user_38433566,0.784973
user_6ab8f7d4,6,user_e59c000f,0.784610
user_6ab8f7d4,7,user_03969305,0.784279
user_6ab8f7d4,8,user_3971c3e6,0.780810
user_6ab8f7d4,9,user_5993b36a,0.776928
user_6ab8f7d4,10,user_e5a6abbe,0.776557
user_6ab8f7d4,11,user_54c1ebee,0.773474
user_6ab8f7d4,12,user_83afc7b2,0.772672
user_6ab8f7d4,13,user_aa2fbe83,0.770849
user_6ab8f7d4,14,user_524450e9,0.765030
user_6ab8f7d4,15,user_f0cf195f,0.764868
user_6d071251,1,user_18522854,0.753140
user_6d071251,2,user_515ae840,0.736014
user_6d071251,3,user_d20928cc,0.721715
user_6d071251,4,user_b429ec64,0.707064
user_6d071251,5,user_5d1b0daf,0.691269
user_6d071251,6,user_9ce96cbf,0.689425
user_6d071251,7,user_b8f24804,0.683670
user_6d071251,8,user_6b311f43,0.678164
user_6d071251,9,user_51779823,0.672859
user_6d071251,10,user_c6f50d12,0.666777
user_6d071251,11,user_126670d7,0.664560
user_6d071251,12,user_2b03934e,0.663162
user_6d071251,13,user_829844fd,0.663058
user_6d071251,14,user_b2dd04c8,0.662697
user_6d071251,15,user_8c0c7619,0.656861
user_6d2cb415,1,user_53b85563,0.846554
user_6d2cb415,2,user_d6175d39,0.763214
user_6d2cb415,3,user_421ae417,0.758750
user_6d2cb415,4,user_58bfeaad,0.750008
user_6d2cb415,5,user_04f39d22,0.748359
user_6d2cb415,6,user_2e60c125,0.744649
user_6d2cb415,7,user_08c32973,0.733318
user_6d2cb415,8,user_e409a56d,0.726190
user_6d2cb415,9,user_40efa894,0.721123
user_6d2cb415,10,user_bf30f80d,0.718524
user_6d2cb415,11,user_07cb458d,0.718289
user_6d2cb415,12,user_e6dd44b0,0.716655
user_6d2cb415,13,user_b1a5a37e,0.711966
user_6d2cb415,14,user_ba8b1c05,0.711215
user_6d2cb415,15,user_74cfb8ef,0.707733
user_6d421600,1,user_2efde048,0.816987
user_6d421600,2,user_a3a4a20a,0.796138
user_6d421600,3,user_04f39d22,0.784636
user_6d421600,4,user_6d421600,0.779093
user_6d421600,5,user_58bfeaad,0.768386
user_6d421600,6,user_6fa47d61,0.765867
user_6d421600,7,user_372c2b3e,0.765730
user_6d421600,8,user_f5e1eee0,0.765079
user_6d421600,9,user_81c4dae1,0.763618
user_6d421600,10,user_72b93300,0.762016
user_6d421600,11,user_0898fc4b,0.746423
user_6d421600,12,user_f030b951,0.745108
user_6d421600,13,user_7de6f343,0.743970
user_6d421600,14,user_ab86ab82,0.739887
user_6d421600,15,user_c34e791e,0.736769
user_6f1b0197,1,user_b49274ca,0.778878
user_6f1b0197,2,user_954805d7,0.758608
user_6f1b0197,3,user_84e93af7,0.756482
user_6f1b0197,4,user_fde2d265,0.745470
user_6f1b0197,5,user_cdd86523,0.740342
user_6f1b0197,6,user_a8c2208d,0.739238
user_6f1b0197,7,user_50e2a836,0.737725
user_6f1b0197,8,user_405db206,0.735575
user_6f1b0197,9,user_8a760553,0.735527
user_6f1b0197,10,user_7fd91653,0.732301
user_6f1b0197,11,user_c39d41d7,0.730226
user_6f1b0197,12,user_07cb458d,0.728071
user_6f1b0197,13,user_79f04645,0.723314
user_6f1b0197,14,user_4db0d490,0.723223
user_6f1b0197,15,user_d70942c1,0.720077
user_6fa47d61,1,user_7de6f343,0.918430
user_6fa47d61,2,user_04f39d22,0.901322
user_6fa47d61,3,user_6fa47d61,0.896867
user_6fa47d61,4,user_421ae417,0.882451
user_6fa47d61,5,user_bf30f80d,0.875082
user_6fa47d61,6,user_40efa894,0.872721
user_6fa47d61,7,user_64cd3098,0.870422
user_6fa47d61,8,user_74cfb8ef,0.868481
user_6fa47d61,9,user_ba8b1c05,0.867266
user_6fa47d61,10,user_2c2a5c24,0.862654
user_6fa47d61,11,user_08c32973,0.862449
user_6fa47d61,12,user_4ea1ef09,0.861809
user_6fa47d61,13,user_0bc8e727,0.860161
user_6fa47d61,14,user_795650bb,0.856592
user_6fa47d61,15,user_7c3d63ce,0.854017
user_6fc85c06,1,user_3f2fbc90,0.755512
user_6fc85c06,2,user_6a0b0e92,0.745177
user_6fc85c06,3,user_84703a6e,0.728564
user_6fc85c06,4,user_d758a0a1,0.724276
user_6fc85c06,5,user_c4b781ce,0.722563
user_6fc85c06,6,user_e4f8ab0c,0.721562
user_6fc85c06,7,user_737dd050,0.720228
user_6fc85c06,8,user_058d9dc1,0.719507
user_6fc85c06,9,user_9ee84e18,0.716427
user_6fc85c06,10,user_8e97a154,0.713081
user_6fc85c06,11,user_5ac1a174,0.711811
user_6fc85c06,12,user_0cc626ee,0.707065
user_6fc85c06,13,user_6a13946a,0.701776
user_6fc85c06,14,user_f27da10a,0.697122
user_6fc85c06,15,user_0669bdf6,0.695878
user_723406a0,1,user_e59c000f,0.833680
user_723406a0,2,user_e6057285,0.833181
user_723406a0,3,user_5881b259,0.829075
user_723406a0,4,user_a4a77a7d,0.828897
user_723406a0,5,user_5a6f92a6,0.828488
user_723406a0,6,user_14a2d3c6,0.826208
user_723406a0,7,user_0e82fe11,0.825131
user_723406a0,8,user_83afc7b2,0.820069
user_723406a0,9,user_7aa3746b,0.811428
user_723406a0,10,user_5993b36a,0.810717
user_723406a0,11,user_c39d41d7,0.809221
user_723406a0,12,user_2dd5b531,0.806539
user_723406a0,13,user_89e04335,0.806283
user_723406a0,14,user_aa2fbe83,0.805465
user_723406a0,15,user_03969305,0.805305
user_72bed676,1,user_a0517bef,0.709973
user_72bed676,2,user_fa69a385,0.629020
user_72bed676,3,user_3666402b,0.617854
user_72bed676,4,user_397cfe20,0.588947
user_72bed676,5,user_94f4a027,0.580288
user_72bed676,6,user_19622b77,0.556228
user_72bed676,7,user_72bed676,0.548382
user_72bed676,8,user_c130412b,0.542638
user_72bed676,9,user_41b20ee4,0.540277
user_72bed676,10,user_ab8e847b,0.533892
user_72bed676,11,user_16b87e34,0.524319
user_72bed676,12,user_815b7baf,0.522022
user_72bed676,13,user_37be663c,0.521673
user_72bed676,14,user_1eefeb8c,0.518186
user_72bed676,15,user_338e1332,0.516139
user_7322f4ef,1,user_903329bb,0.752270
user_7322f4ef,2,user_5b7d5e00,0.737913
user_7322f4ef,3,user_aa4cc34a,0.712869
user_7322f4ef,4,user_59e8bc2a,0.705009
user_7322f4ef,5,user_835666af,0.701087
user_7322f4ef,6,user_fb64cb55,0.681045
user_7322f4ef,7,user_f3f15c55,0.669348
user_7322f4ef,8,user_d023a78e,0.669066
user_7322f4ef,9,user_2dc10d2d,0.658925
user_7322f4ef,10,user_22b484cb,0.644907
user_7322f4ef,11,user_ad15a0a4,0.624352
user_7322f4ef,12,user_d10d1f24,0.620682
user_7322f4ef,13,user_6f6b71fc,0.619106
user_7322f4ef,14,user_737dd050,0.613907
user_7322f4ef,15,user_4f864d55,0.611650
user_737d3148,1,user_f5fea76f,0.838312
user_737d3148,2,user_92fe4471,0.817435
user_737d3148,3,user_737d3148,0.809068
user_737d3148,4,user_979ee068,0.780851
user_737d3148,5,user_eda37c14,0.780764
user_737d3148,6,user_414a6eaf,0.740652
user_737d3148,7,user_22adb798,0.740524
user_737d3148,8,user_e14b88a8,0.686512
user_737d3148,9,user_2e81a539,0.685864
user_737d3148,10,user_e59c000f,0.672353
user_737d3148,11,user_f10e7063,0.667466
user_737d3148,12,user_5c9b579a,0.664241
user_737d3148,13,user_9fc3c829,0.660885
user_737d3148,14,user_7b4c75ab,0.659084
user_737d3148,15,user_858fa00c,0.652650
user_73a4377d,1,user_5ac1a174,0.821045
user_73a4377d,2,user_0e82fe11,0.774435
user_73a4377d,3,user_835666af,0.767368
user_73a4377d,4,user_ed3091a2,0.761648
user_73a4377d,5,user_858fa00c,0.759811
user_73a4377d,6,user_d758a0a1,0.756646
user_73a4377d,7,user_0cc626ee,0.750187
user_73a4377d,8,user_903329bb,0.747166
user_73a4377d,9,user_e8cdb142,0.739634
user_73a4377d,10,user_bd05225b,0.738732
user_73a4377d,11,user_233fda02,0.735055
user_73a4377d,12,user_0669bdf6,0.730567
user_73a4377d,13,user_dac2c359,0.729148
user_73a4377d,14,user_50e2a836,0.727996
user_73a4377d,15,user_9ee84e18,0.726953
user_73f34c5d,1,user_e8cdb142,0.822790
user_73f34c5d,2,user_ed3091a2,0.817608
user_73f34c5d,3,user_5ac1a174,0.807227
user_73f34c5d,4,user_903329bb,0.798629
user_73f34c5d,5,user_8e5e899b,0.796945
user_73f34c5d,6,user_233fda02,0.780249
user_73f34c5d,7,user_2c39731d,0.777885
user_73f34c5d,8,user_4144252d,0.768937
user_73f34c5d,9,user_0e82fe11,0.767736
user_73f34c5d,10,user_858fa00c,0.766047
user_73f34c5d,11,user_87e5d9b0,0.760033
user_73f34c5d,12,user_ff39b6cf,0.746748
user_73f34c5d,13,user_3b90fb53,0.744536
user_73f34c5d,14,user_07db2c6a,0.740687
user_73f34c5d,15,user_1bcbacb3,0.711542
user_74025dc0,1,user_8ae8c359,0.793691
user_74025dc0,2,user_96a45b45,0.790152
user_74025dc0,3,user_38433566,0.781189
user_74025dc0,4,user_54c1ebee,0.767728
user_74025dc0,5,user_2e81a539,0.759329
user_74025dc0,6,user_e6057285,0.756669
user_74025dc0,7,user_ed1aaed8,0.756210
user_74025dc0,8,user_18892460,0.755748
user_74025dc0,9,user_74025dc0,0.753219
user_74025dc0,10,user_d691d016,0.746607
user_74025dc0,11,user_147d1bbb,0.744959
user_74025dc0,12,user_fba6bcd4,0.743559
user_74025dc0,13,user_a6c5a10c,0.743093
user_74025dc0,14,user_e59c000f,0.728525
user_74025dc0,15,user_b350e22b,0.727811
user_74cfb8ef,1,user_74cfb8ef,0.886153
user_74cfb8ef,2,user_3b1da5d9,0.875988
user_74cfb8ef,3,user_7de6f343,0.874107
user_74cfb8ef,4,user_64cd3098,0.837937
user_74cfb8ef,5,user_b63ea1d4,0.835344
user_74cfb8ef,6,user_58bfeaad,0.826418
user_74cfb8ef,7,user_421ae417,0.816556
user_74cfb8ef,8,user_ba8b1c05,0.813493
user_74cfb8ef,9,user_a3a4a20a,0.811000
user_74cfb8ef,10,user_2c69b83e,0.810426
user_74cfb8ef,11,user_6fa47d61,0.808373
user_74cfb8ef,12,user_02fecea2,0.806443
user_74cfb8ef,13,user_0bc8e727,0.805718
user_74cfb8ef,14,user_e409a56d,0.804266
user_74cfb8ef,15,user_3431c049,0.801864
user_74e32d78,1,user_aa08d5a8,0.641661
user_74e32d78,2,user_470c0785,0.582106
user_74e32d78,3,user_74da5a13,0.581387
user_74e32d78,4,user_8e48a3f8,0.575050
user_74e32d78,5,user_9c7183c8,0.571653
user_74e32d78,6,user_b9d253e8,0.553075
user_74e32d78,7,user_c92c8f83,0.540219
user_74e32d78,8,user_3850eb9e,0.532840
user_74e32d78,9,user_a7145605,0.523266
user_74e32d78,10,user_032f6993,0.523234
user_74e32d78,11,user_3ff88cf0,0.513211
user_74e32d78,12,user_cc1c8897,0.512880
user_74e32d78,13,user_23e46560,0.493097
user_74e32d78,14,user_2eaaa117,0.491647
user_74e32d78,15,user_1022be44,0.487905
user_756e2f00,1,user_e5a6abbe,0.829112
user_756e2f00,2,user_e802076d,0.828395
user_756e2f00,3,user_e6057285,0.827798
user_756e2f00,4,user_72b93300,0.821718
user_756e2f00,5,user_c35d6565,0.817163
user_756e2f00,6,user_a6c5a10c,0.802744
user_756e2f00,7,user_aabd2642,0.799406
user_756e2f00,8,user_54c1ebee,0.798276
user_756e2f00,9,user_147d1bbb,0.797165
user_756e2f00,10,user_ef954c6e,0.795707
user_756e2f00,11,user_394c25cc,0.794761
user_756e2f00,12,user_df8dc9bb,0.794515
user_756e2f00,13,user_d691d016,0.794214
user_756e2f00,14,user_a7b901f2,0.793409
user_756e2f00,15,user_fba6bcd4,0.792172
user_75905116,1,user_83e45cc0,0.837746
user_75905116,2,user_82c86537,0.811248
user_75905116,3,user_74cfb8ef,0.808661
user_75905116,4,user_04f39d22,0.799504
user_75905116,5,user_7de6f343,0.799389
user_75905116,6,user_1fb8e9e5,0.792013
user_75905116,7,user_4ea1ef09,0.791069
user_75905116,8,user_daf59045,0.790088
user_75905116,9,user_40efa894,0.786364
user_75905116,10,user_d2c97c8e,0.779195
user_75905116,11,user_0bc8e727,0.776322
user_75905116,12,user_2c2a5c24,0.771834
user_75905116,13,user_ba8b1c05,0.771660
user_75905116,14,user_eced69e7,0.768417
user_75905116,15,user_f5e1eee0,0.765570
user_7709815a,1,user_f3a9f844,0.732982
user_7709815a,2,user_e14b88a8,0.602380
user_7709815a,3,user_043ea160,0.588163
user_7709815a,4,user_beca29a3,0.572248
user_7709815a,5,user_efb27a8e,0.526305
user_7709815a,6,user_7d944883,0.524767
user_7709815a,7,user_72b93300,0.523666
user_7709815a,8,user_36d44add,0.509931
user_7709815a,9,user_3b90fb53,0.502216
user_7709815a,10,user_8e5e899b,0.494592
user_7709815a,11,user_4144252d,0.493824
user_7709815a,12,user_ffe2efae,0.493484
user_7709815a,13,user_d2bd9832,0.485165
user_7709815a,14,user_8e97a154,0.483571
user_7709815a,15,user_8be3f554,0.482309
user_78eff25f,1,user_6a0b0e92,0.788410
user_78eff25f,2,user_835666af,0.733249
user_78eff25f,3,user_f827c7dd,0.729342
user_78eff25f,4,user_78eff25f,0.728218
user_78eff25f,5,user_858fa00c,0.727311
user_78eff25f,6,user_8e5e899b,0.700025
user_78eff25f,7,user_058d9dc1,0.699104
user_78eff25f,8,user_0cc626ee,0.698463
user_78eff25f,9,user_c4b781ce,0.694043
user_78eff25f,10,user_5ac1a174,0.691506
user_78eff25f,11,user_3f2fbc90,0.690156
user_78eff25f,12,user_8e97a154,0.689476
user_78eff25f,13,user_d758a0a1,0.685770
user_78eff25f,14,user_17355c30,0.683281
user_78eff25f,15,user_d96972e5,0.679185
user_7924afc9,1,user_5d1b0daf,0.751526
user_7924afc9,2,user_fde2d265,0.715983
user_7924afc9,3,user_ba463257,0.707659
user_7924afc9,4,user_84e93af7,0.702076
user_7924afc9,5,user_a8c2208d,0.697267
user_7924afc9,6,user_b49274ca,0.696451
user_7924afc9,7,user_c35d6565,0.693401
user_7924afc9,8,user_02d8a1f8,0.690327
user_7924afc9,9,user_c39d41d7,0.688679
user_7924afc9,10,user_a8dc91a3,0.687510
user_7924afc9,11,user_2c69b83e,0.686062
user_7924afc9,12,user_07cb458d,0.684704
user_7924afc9,13,user_dbc4828c,0.684204
user_7924afc9,14,user_6fbf6191,0.682437
user_7924afc9,15,user_ca6074df,0.681523
user_795eb408,1,user_70bbda36,0.794652
user_795eb408,2,user_b4f295b3,0.781833
user_795eb408,3,user_107259c3,0.776995
user_795eb408,4,user_b0129d9e,0.765598
user_795eb408,5,user_81a80789,0.764714
user_795eb408,6,user_3971c3e6,0.763955
user_795eb408,7,user_5c9b579a,0.761015
user_795eb408,8,user_6169d3b8,0.758981
user_795eb408,9,user_aabd2642,0.758457
user_795eb408,10,user_e2e59795,0.756513
user_795eb408,11,user_364bb955,0.755600
user_795eb408,12,user_d4c7b4c0,0.753809
user_795eb408,13,user_ac6d6bff,0.752493
user_795eb408,14,user_500badda,0.752158
user_795eb408,15,user_02016939,0.751748
user_79f04645,1,user_50e2a836,0.881083
user_79f04645,2,user_5881b259,0.864630
user_79f04645,3,user_636ad58f,0.863940
user_79f04645,4,user_dbc4828c,0.863075
user_79f04645,5,user_c39d41d7,0.862953
user_79f04645,6,user_d1d16d30,0.856494
user_79f04645,7,user_723406a0,0.855300
user_79f04645,8,user_d70942c1,0.851104
user_79f04645,9,user_f654c33b,0.850918
user_79f04645,10,user_a743aff9,0.849769
user_79f04645,11,user_954805d7,0.848239
user_79f04645,12,user_7924afc9,0.847707
user_79f04645,13,user_d758a0a1,0.847485
user_79f04645,14,user_c06d9b71,0.847136
user_79f04645,15,user_f27da10a,0.841143
user_7a8f7f3e,1,user_d074356a,0.619777
user_7a8f7f3e,2,user_0b1b1d1c,0.589527
user_7a8f7f3e,3,user_acd6ddfb,0.583812
user_7a8f7f3e,4,user_7b5f54c0,0.583684
user_7a8f7f3e,5,user_81a80789,0.577045
user_7a8f7f3e,6,user_1ae8e7f5,0.576940
user_7a8f7f3e,7,user_2142b6e1,0.575000
user_7a8f7f3e,8,user_72bed676,0.572598
user_7a8f7f3e,9,user_1246b252,0.572370
user_7a8f7f3e,10,user_d4c7b4c0,0.572042
user_7a8f7f3e,11,user_83585fc6,0.566066
user_7a8f7f3e,12,user_29458d96,0.565987
user_7a8f7f3e,13,user_baeb91b3,0.560995
user_7a8f7f3e,14,user_b0129d9e,0.560234
user_7a8f7f3e,15,user_c903d3bb,0.559936
user_7b052f32,1,user_d691d016,0.757793
user_7b052f32,2,user_8dd20d7f,0.757048
user_7b052f32,3,user_54c1ebee,0.742207
user_7b052f32,4,user_737dd050,0.739399
user_7b052f32,5,user_c994138f,0.734852
user_7b052f32,6,user_959adfc8,0.729066
user_7b052f32,7,user_daf37424,0.722700
user_7b052f32,8,user_10e64e28,0.713381
user_7b052f32,9,user_df8dc9bb,0.707928
user_7b052f32,10,user_394c25cc,0.707412
user_7b052f32,11,user_147d1bbb,0.707235
user_7b052f32,12,user_b350e22b,0.704745
user_7b052f32,13,user_586752e4,0.704093
user_7b052f32,14,user_6deada35,0.703355
user_7b052f32,15,user_886f7373,0.703316
user_7b2d0be1,1,user_ecf8f97f,0.767154
user_7b2d0be1,2,user_efb27a8e,0.736150
user_7b2d0be1,3,user_88e84020,0.682531
user_7b2d0be1,4,user_a16d1fb6,0.673389
user_7b2d0be1,5,user_a0517bef,0.631396
user_7b2d0be1,6,user_aaa1e595,0.621444
user_7b2d0be1,7,user_37be663c,0.618835
user_7b2d0be1,8,user_1246b252,0.616315
user_7b2d0be1,9,user_338e1332,0.612084
user_7b2d0be1,10,user_ffe2efae,0.595323
user_7b2d0be1,11,user_41b20ee4,0.593625
user_7b2d0be1,12,user_3666402b,0.575887
user_7b2d0be1,13,user_ab8e847b,0.573239
user_7b2d0be1,14,user_c130412b,0.566104
user_7b2d0be1,15,user_16b87e34,0.564733
user_7b4c75ab,1,user_bd47000f,0.807815
user_7b4c75ab,2,user_5fddc7f1,0.802072
user_7b4c75ab,3,user_a615a6d1,0.774193
user_7b4c75ab,4,user_a5e548ce,0.768301
user_7b4c75ab,5,user_e5f67397,0.756902
user_7b4c75ab,6,user_7b4c75ab,0.745426
user_7b4c75ab,7,user_6169d3b8,0.742850
user_7b4c75ab,8,user_687feee4,0.737130
user_7b4c75ab,9,user_3bb7992e,0.731758
user_7b4c75ab,10,user_aa19d173,0.731374
user_7b4c75ab,11,user_fbed237d,0.726652
user_7b4c75ab,12,user_8e97a154,0.723915
user_7b4c75ab,13,user_0f0ad720,0.722919
user_7b4c75ab,14,user_1022be44,0.714653
user_7b4c75ab,15,user_f070eee7,0.713733
user_7c45fa70,1,user_7c45fa70,0.654579
user_7c45fa70,2,user_1022be44,0.541878
user_7c45fa70,3,user_6058434c,0.479656
user_7c45fa70,4,user_4a40c36a,0.473831
user_7c45fa70,5,user_8f08aa94,0.466451
user_7c45fa70,6,user_8a3bbeb2,0.452037
user_7c45fa70,7,user_2eaaa117,0.438529
user_7c45fa70,8,user_3353b96b,0.432572
user_7c45fa70,9,user_8eac0a68,0.431153
user_7c45fa70,10,user_ac6e9129,0.428143
user_7c45fa70,11,user_a411fb06,0.422090
user_7c45fa70,12,user_ab434739,0.420843
user_7c45fa70,13,user_6a28fa5d,0.420727
user_7c45fa70,14,user_a5e548ce,0.416014
user_7c45fa70,15,user_c73333a5,0.415870
user_7c7220a4,1,user_107259c3,0.832983
user_7c7220a4,2,user_6169d3b8,0.799236
user_7c7220a4,3,user_1ae8e7f5,0.776128
user_7c7220a4,4,user_f070eee7,0.771455
user_7c7220a4,5,user_ea67f9c6,0.767112
user_7c7220a4,6,user_b4f295b3,0.765358
user_7c7220a4,7,user_586752e4,0.765179
user_7c7220a4,8,user_4144252d,0.760847
user_7c7220a4,9,user_25798310,0.759352
user_7c7220a4,10,user_166a3647,0.753280
user_7c7220a4,11,user_8e97a154,0.753056
user_7c7220a4,12,user_26fa9d90,0.752561
user_7c7220a4,13,user_7c7220a4,0.752066
user_7c7220a4,14,user_81a80789,0.751758
user_7c7220a4,15,user_8e5e899b,0.749525
user_7f623d19,1,user_7b5f54c0,0.820378
user_7f623d19,2,user_b63ea1d4,0.819813
user_7f623d19,3,user_6deada35,0.809848
user_7f623d19,4,user_2c69b83e,0.806453
user_7f623d19,5,user_6169d3b8,0.803219
user_7f623d19,6,user_2f4cc646,0.793710
user_7f623d19,7,user_acd6ddfb,0.792795
user_7f623d19,8,user_7f623d19,0.783687
user_7f623d19,9,user_81a80789,0.782459
user_7f623d19,10,user_25798310,0.780701
user_7f623d19,11,user_2920b35e,0.779661
user_7f623d19,12,user_1246b252,0.773471
user_7f623d19,13,user_e6dd44b0,0.766055
user_7f623d19,14,user_107259c3,0.765347
user_7f623d19,15,user_daf37424,0.761789
user_7fd91653,1,user_5d1b0daf,0.755375
user_7fd91653,2,user_9dda4af9,0.749723
user_7fd91653,3,user_b16e0cf8,0.734937
user_7fd91653,4,user_d6175d39,0.732405
user_7fd91653,5,user_adab54a0,0.724722
user_7fd91653,6,user_8663226a,0.724618
user_7fd91653,7,user_73623b4e,0.723855
user_7fd91653,8,user_ca6074df,0.719363
user_7fd91653,9,user_c35d6565,0.719143
user_7fd91653,10,user_3f798a8b,0.712543
user_7fd91653,11,user_7aa3746b,0.712219
user_7fd91653,12,user_e5a6abbe,0.711173
user_7fd91653,13,user_5c5a0b40,0.707353
user_7fd91653,14,user_a8dc91a3,0.706785
user_7fd91653,15,user_02d03e8a,0.705667
user_7fef9da8,1,user_c35d6565,0.853304
user_7fef9da8,2,user_e802076d,0.832180
user_7fef9da8,3,user_e6057285,0.831852
user_7fef9da8,4,user_d691d016,0.827983
user_7fef9da8,5,user_54c1ebee,0.826260
user_7fef9da8,6,user_fba6bcd4,0.824667
user_7fef9da8,7,user_9dda4af9,0.823322
user_7fef9da8,8,user_8dd20d7f,0.822138
user_7fef9da8,9,user_c5f32c0d,0.821006
user_7fef9da8,10,user_a6c5a10c,0.820673
user_7fef9da8,11,user_03969305,0.812140
user_7fef9da8,12,user_94f185bc,0.811860
user_7fef9da8,13,user_b4214db6,0.810392
user_7fef9da8,14,user_394c25cc,0.806912
user_7fef9da8,15,user_5881b259,0.805360
user_8006727d,1,user_f5138e15,0.582668
user_8006727d,2,user_caa6a7b6,0.580246
user_8006727d,3,user_bd6a40d5,0.578513
user_8006727d,4,user_65d73ac1,0.561798
user_8006727d,5,user_32934d38,0.534457
user_8006727d,6,user_8f39f021,0.531453
user_8006727d,7,user_04d8419e,0.523825
user_8006727d,8,user_f7538815,0.503775
user_8006727d,9,user_8be3f554,0.489760
user_8006727d,10,user_efb27a8e,0.488844
user_8006727d,11,user_0a3bcf86,0.481240
user_8006727d,12,user_d849ac6e,0.479043
user_8006727d,13,user_e10c98bb,0.477395
user_8006727d,14,user_dca78fea,0.473340
user_8006727d,15,user_a8dc91a3,0.473188
user_80da26a6,1,user_81a80789,0.817172
user_80da26a6,2,user_54c1ebee,0.810184
user_80da26a6,3,user_7b5f54c0,0.804704
user_80da26a6,4,user_364bb955,0.779939
user_80da26a6,5,user_25798310,0.778302
user_80da26a6,6,user_166a3647,0.772690
user_80da26a6,7,user_b0129d9e,0.766409
user_80da26a6,8,user_df8dc9bb,0.764453
user_80da26a6,9,user_aabd2642,0.764269
user_80da26a6,10,user_3b1da5d9,0.761160
user_80da26a6,11,user_cbabbcee,0.761133
user_80da26a6,12,user_70bbda36,0.758653
user_80da26a6,13,user_f51339f8,0.754031
user_80da26a6,14,user_147d1bbb,0.753416
user_80da26a6,15,user_b63ea1d4,0.749724
user_80dc757f,1,user_d0c1bf72,0.773952
user_80dc757f,2,user_6b311f43,0.742519
user_80dc757f,3,user_0eeab432,0.723156
user_80dc757f,4,user_a8dc91a3,0.721791
user_80dc757f,5,user_71f7b692,0.716564
user_80dc757f,6,user_0a245f61,0.710729
user_80dc757f,7,user_41d0c897,0.710074
user_80dc757f,8,user_6fbf6191,0.706036
user_80dc757f,9,user_0eb2abf1,0.703602
user_80dc757f,10,user_2c69b83e,0.701397
user_80dc757f,11,user_cf393213,0.700561
user_80dc757f,12,user_a6c2e760,0.697082
user_80dc757f,13,user_5d1b0daf,0.696133
user_80dc757f,14,user_80dc757f,0.688494
user_80dc757f,15,user_c4c70447,0.682149
user_81a80789,1,user_41b20ee4,0.718719
user_81a80789,2,user_c1a70ab7,0.684595
user_81a80789,3,user_0bd8ba7c,0.641537
user_81a80789,4,user_52f895f1,0.640407
user_81a80789,5,user_9818dcae,0.637716
user_81a80789,6,user_19622b77,0.617731
user_81a80789,7,user_37be663c,0.609183
user_81a80789,8,user_bbb0205e,0.607115
user_81a80789,9,user_fa69a385,0.605504
user_81a80789,10,user_8a3bbeb2,0.593849
user_81a80789,11,user_9b6481e4,0.570390
user_81a80789,12,user_ab8e847b,0.567375
user_81a80789,13,user_81a80789,0.564014
user_81a80789,14,user_9d9fba70,0.563800
user_81a80789,15,user_16b87e34,0.559647
user_823846de,1,user_efa5697b,0.809745
user_823846de,2,user_ab30f0fb,0.776323
user_823846de,3,user_d5379647,0.734865
user_823846de,4,user_858fa00c,0.732844
user_823846de,5,user_b63ea1d4,0.721575
user_823846de,6,user_e8cdb142,0.719295
user_823846de,7,user_e4f8ab0c,0.718520
user_823846de,8,user_903329bb,0.718461
user_823846de,9,user_7322f4ef,0.717959
user_823846de,10,user_ed3091a2,0.716826
user_823846de,11,user_058d9dc1,0.715456
user_823846de,12,user_a4a77a7d,0.709946
user_823846de,13,user_7d944883,0.708292
user_823846de,14,user_ab439a92,0.706691
user_823846de,15,user_233fda02,0.706323
user_8285a696,1,user_e802076d,0.836641
user_8285a696,2,user_c008345b,0.816308
user_8285a696,3,user_f0cf195f,0.814034
user_8285a696,4,user_e6057285,0.804518
user_8285a696,5,user_cbabbcee,0.802498
user_8285a696,6,user_0a3bcf86,0.801924
user_8285a696,7,user_a7b901f2,0.800296
user_8285a696,8,user_0b64b183,0.798990
user_8285a696,9,user_e5a6abbe,0.796332
user_8285a696,10,user_1a2755b3,0.796266
user_8285a696,11,user_0898fc4b,0.794947
user_8285a696,12,user_147d1bbb,0.794757
user_8285a696,13,user_daf37424,0.794661
user_8285a696,14,user_e6dd44b0,0.794498
user_8285a696,15,user_a01f16ac,0.793992
user_82879210,1,user_84e93af7,0.835869
user_82879210,2,user_c39d41d7,0.818495
user_82879210,3,user_dbc4828c,0.803559
user_82879210,4,user_b49274ca,0.796495
user_82879210,5,user_79f04645,0.795109
user_82879210,6,user_c35d6565,0.793042
user_82879210,7,user_17607ebc,0.789136
user_82879210,8,user_8fe14601,0.788269
user_82879210,9,user_9d65649f,0.784912
user_82879210,10,user_8a760553,0.784196
user_82879210,11,user_954805d7,0.781447
user_82879210,12,user_43a979d2,0.779232
user_82879210,13,user_657c72ca,0.778790
user_82879210,14,user_29cd4556,0.778743
user_82879210,15,user_4db0d490,0.778734
user_829844fd,1,user_423c81dc,0.845359
user_829844fd,2,user_ab30f0fb,0.819495
user_829844fd,3,user_723406a0,0.799045
user_829844fd,4,user_a743aff9,0.794813
user_829844fd,5,user_94f185bc,0.791196
user_829844fd,6,user_0eb2abf1,0.786518
user_829844fd,7,user_39aad1a2,0.784290
user_829844fd,8,user_eafc973e,0.782825
user_829844fd,9,user_b49274ca,0.780925
user_829844fd,10,user_69df6330,0.773807
user_829844fd,11,user_f4f9490d,0.772808
user_829844fd,12,user_5881b259,0.772753
user_829844fd,13,user_fdc08e26,0.772736
user_829844fd,14,user_29cd4556,0.772679
user_829844fd,15,user_fb64cb55,0.769446
user_82d93459,1,user_e6057285,0.837807
user_82d93459,2,user_586752e4,0.831903
user_82d93459,3,user_1a2755b3,0.821833
user_82d93459,4,user_5993b36a,0.819179
user_82d93459,5,user_c994138f,0.816151
user_82d93459,6,user_940c7213,0.806461
user_82d93459,7,user_5881b259,0.803949
user_82d93459,8,user_03969305,0.802700
user_82d93459,9,user_2cb4b018,0.801192
user_82d93459,10,user_0898fc4b,0.799200
user_82d93459,11,user_2e81a539,0.798808
user_82d93459,12,user_95d648bc,0.796199
user_82d93459,13,user_1b7f8c56,0.796169
user_82d93459,14,user_e59c000f,0.794985
user_82d93459,15,user_b4214db6,0.793757
user_83e45cc0,1,user_52d3881c,0.724764
user_83e45cc0,2,user_e88c308b,0.724135
user_83e45cc0,3,user_25652863,0.714582
user_83e45cc0,4,user_6169d3b8,0.712943
user_83e45cc0,5,user_74cfb8ef,0.691697
user_83e45cc0,6,user_aabd2642,0.689392
user_83e45cc0,7,user_3971c3e6,0.686884
user_83e45cc0,8,user_2c2a5c24,0.684854
user_83e45cc0,9,user_07db2c6a,0.681513
user_83e45cc0,10,user_83e45cc0,0.674737
user_83e45cc0,11,user_e8cdb142,0.659784
user_83e45cc0,12,user_421ae417,0.658285
user_83e45cc0,13,user_72b93300,0.658243
user_83e45cc0,14,user_e6dd44b0,0.657809
user_83e45cc0,15,user_40efa894,0.654683
user_84703a6e,1,user_a57e47b1,0.838255
user_84703a6e,2,user_f0cf195f,0.818550
user_84703a6e,3,user_cbabbcee,0.813772
user_84703a6e,4,user_cdd86523,0.794429
user_84703a6e,5,user_e802076d,0.789826
user_84703a6e,6,user_c008345b,0.787086
user_84703a6e,7,user_84c14a6f,0.786806
user_84703a6e,8,user_0eb2abf1,0.784047
user_84703a6e,9,user_5881b259,0.784014
user_84703a6e,10,user_bd05225b,0.781925
user_84703a6e,11,user_e6057285,0.781595
user_84703a6e,12,user_f4f9490d,0.779221
user_84703a6e,13,user_3239132f,0.777786
user_84703a6e,14,user_d1d16d30,0.777100
user_84703a6e,15,user_0898fc4b,0.773107
user_84c14a6f,1,user_5881b259,0.842813
user_84c14a6f,2,user_fba6bcd4,0.819941
user_84c14a6f,3,user_636ad58f,0.816809
user_84c14a6f,4,user_f654c33b,0.813531
user_84c14a6f,5,user_b16e0cf8,0.809227
user_84c14a6f,6,user_43a979d2,0.800860
user_84c14a6f,7,user_c39d41d7,0.800773
user_84c14a6f,8,user_d96972e5,0.797379
user_84c14a6f,9,user_17607ebc,0.794340
user_84c14a6f,10,user_c35d6565,0.792478
user_84c14a6f,11,user_5c5a0b40,0.788040
user_84c14a6f,12,user_ef954c6e,0.786218
user_84c14a6f,13,user_e6057285,0.784610
user_84c14a6f,14,user_886f7373,0.783941
user_84c14a6f,15,user_df3c19a7,0.782650
user_84fe1a7a,1,user_970963fd,0.750343
user_84fe1a7a,2,user_4f8b6987,0.696035
user_84fe1a7a,3,user_1f1dc5e0,0.681297
user_84fe1a7a,4,user_84fe1a7a,0.680856
user_84fe1a7a,5,user_bbe73426,0.678737
user_84fe1a7a,6,user_205d25f3,0.665299
user_84fe1a7a,7,user_72b93300,0.656777
user_84fe1a7a,8,user_7b052f32,0.649955
user_84fe1a7a,9,user_52c9252c,0.648503
user_84fe1a7a,10,user_bf69de98,0.639894
user_84fe1a7a,11,user_dca78fea,0.639413
user_84fe1a7a,12,user_e6057285,0.635508
user_84fe1a7a,13,user_eced69e7,0.635447
user_84fe1a7a,14,user_a6c5a10c,0.630055
user_84fe1a7a,15,user_9c5071dd,0.627814
user_85810097,1,user_dd6e7bcb,0.764252
user_85810097,2,user_75bc9924,0.735364
user_85810097,3,user_bdcc6e7d,0.733507
user_85810097,4,user_63110023,0.730700
user_85810097,5,user_1b89f77a,0.721636
user_85810097,6,user_88b2faba,0.710119
user_85810097,7,user_c35d6565,0.709107
user_85810097,8,user_b6350ec1,0.709064
user_85810097,9,user_2920b35e,0.701319
user_85810097,10,user_3971c3e6,0.684309
user_85810097,11,user_0cee87f3,0.683313
user_85810097,12,user_ed1aaed8,0.680405
user_85810097,13,user_6deada35,0.679595
user_85810097,14,user_07cb458d,0.678805
user_85810097,15,user_38f4dfac,0.678343
user_8663226a,1,user_092e219d,0.776327
user_8663226a,2,user_4384dffe,0.767432
user_8663226a,3,user_8663226a,0.765311
user_8663226a,4,user_84e93af7,0.761138
user_8663226a,5,user_e8d15537,0.755488
user_8663226a,6,user_b49274ca,0.753685
user_8663226a,7,user_c60d65b5,0.747035
user_8663226a,8,user_3f798a8b,0.736997
user_8663226a,9,user_9dda4af9,0.735948
user_8663226a,10,user_872311db,0.735404
user_8663226a,11,user_ba463257,0.733624
user_8663226a,12,user_07cb458d,0.733437
user_8663226a,13,user_69df6330,0.731004
user_8663226a,14,user_5d1b0daf,0.726832
user_8663226a,15,user_c35d6565,0.726746
user_86685a27,1,user_7fef9da8,0.763963
user_86685a27,2,user_ed3091a2,0.712306
user_86685a27,3,user_83a58842,0.711255
user_86685a27,4,user_4144252d,0.710678
user_86685a27,5,user_835666af,0.707552
user_86685a27,6,user_8fb63eca,0.699523
user_86685a27,7,user_8e5e899b,0.691619
user_86685a27,8,user_903329bb,0.690861
user_86685a27,9,user_1246b252,0.687393
user_86685a27,10,user_5ac1a174,0.675754
user_86685a27,11,user_07db2c6a,0.667975
user_86685a27,12,user_0e82fe11,0.667241
user_86685a27,13,user_e8cdb142,0.666742
user_86685a27,14,user_8e97a154,0.659251
user_86685a27,15,user_fb64cb55,0.658095
user_869fcb2b,1,user_6fbf6191,0.748735
user_869fcb2b,2,user_7c8639cd,0.719045
user_869fcb2b,3,user_25b48a9a,0.686961
user_869fcb2b,4,user_9991e1d8,0.657077
user_869fcb2b,5,user_e8e9acac,0.653450
user_869fcb2b,6,user_259776c7,0.645849
user_869fcb2b,7,user_67acd9b1,0.645529
user_869fcb2b,8,user_c8f82360,0.628501
user_869fcb2b,9,user_2e05a7a0,0.622903
user_869fcb2b,10,user_529e3009,0.621492
user_869fcb2b,11,user_4a57e449,0.612335
user_869fcb2b,12,user_fb8f46c8,0.608872
user_869fcb2b,13,user_57c1d6c0,0.606913
user_869fcb2b,14,user_3f2894b5,0.606361
user_869fcb2b,15,user_07ec3726,0.602954
user_8713f22a,1,user_ba010eec,0.861262
user_8713f22a,2,user_885e8708,0.852031
user_8713f22a,3,user_8713f22a,0.770962
user_8713f22a,4,user_83585fc6,0.756701
user_8713f22a,5,user_df8dc9bb,0.754669
user_8713f22a,6,user_0d32f0ed,0.743093
user_8713f22a,7,user_c130412b,0.739031
user_8713f22a,8,user_4bd9303b,0.732070
user_8713f22a,9,user_ffe2efae,0.731895
user_8713f22a,10,user_fdc08e26,0.731347
user_8713f22a,11,user_efb27a8e,0.729890
user_8713f22a,12,user_3431c049,0.727019
user_8713f22a,13,user_e696f3ae,0.726815
user_8713f22a,14,user_b63ea1d4,0.724832
user_8713f22a,15,user_aabd2642,0.721131
user_87e5d9b0,1,user_87e5d9b0,0.862906
user_87e5d9b0,2,user_8e5e899b,0.849271
user_87e5d9b0,3,user_e8cdb142,0.840111
user_87e5d9b0,4,user_4144252d,0.800031
user_87e5d9b0,5,user_5ac1a174,0.790565
user_87e5d9b0,6,user_233fda02,0.763202
user_87e5d9b0,7,user_3b90fb53,0.749556
user_87e5d9b0,8,user_858fa00c,0.748754
user_87e5d9b0,9,user_903329bb,0.746742
user_87e5d9b0,10,user_2c39731d,0.741259
user_87e5d9b0,11,user_ff39b6cf,0.730014
user_87e5d9b0,12,user_a7f8db34,0.724669
user_87e5d9b0,13,user_29266f60,0.716991
user_87e5d9b0,14,user_0e82fe11,0.714350
user_87e5d9b0,15,user_107259c3,0.711535
user_885e8708,1,user_226be32f,0.754214
user_885e8708,2,user_737dd050,0.727695
user_885e8708,3,user_8e97a154,0.726736
user_885e8708,4,user_7af2ed90,0.723540
user_885e8708,5,user_a2825b06,0.718034
user_885e8708,6,user_25798310,0.714606
user_885e8708,7,user_166a3647,0.714471
user_885e8708,8,user_a4893af1,0.712899
user_885e8708,9,user_858fa00c,0.712234
user_885e8708,10,user_0cc626ee,0.709307
user_885e8708,11,user_414a6eaf,0.708719
user_885e8708,12,user_8d22714e,0.700285
user_885e8708,13,user_df8dc9bb,0.697644
user_885e8708,14,user_835666af,0.696094
user_885e8708,15,user_90e5fee6,0.691517
user_88f46c7b,1,user_eb0927d1,0.844165
user_88f46c7b,2,user_e6057285,0.828300
user_88f46c7b,3,user_a4893af1,0.809118
user_88f46c7b,4,user_3239132f,0.801049
user_88f46c7b,5,user_38433566,0.797691
user_88f46c7b,6,user_5881b259,0.792225
user_88f46c7b,7,user_a151ddab,0.773408
user_88f46c7b,8,user_5b714afd,0.769895
user_88f46c7b,9,user_8d22714e,0.765156
user_88f46c7b,10,user_a6c5a10c,0.760508
user_88f46c7b,11,user_f0cf195f,0.760075
user_88f46c7b,12,user_1f1dc5e0,0.758699
user_88f46c7b,13,user_0a3bcf86,0.758535
user_88f46c7b,14,user_18892460,0.755423
user_88f46c7b,15,user_cbabbcee,0.755265
user_89f449b4,1,user_e8e9acac,0.670957
user_89f449b4,2,user_3b79395c,0.658267
user_89f449b4,3,user_3f2894b5,0.648340
user_89f449b4,4,user_3e284ba5,0.643209
user_89f449b4,5,user_8dd20d7f,0.640289
user_89f449b4,6,user_c994138f,0.639865
user_89f449b4,7,user_f2f860bd,0.630404
user_89f449b4,8,user_d691d016,0.628982
user_89f449b4,9,user_67acd9b1,0.626448
user_89f449b4,10,user_ffe2efae,0.623107
user_89f449b4,11,user_9d9fba70,0.622603
user_89f449b4,12,user_4d4f73a6,0.613866
user_89f449b4,13,user_815b7baf,0.613663
user_89f449b4,14,user_e931b2cd,0.609273
user_89f449b4,15,user_daf37424,0.604519
user_8a760553,1,user_c39d41d7,0.853098
user_8a760553,2,user_8663226a,0.850018
user_8a760553,3,user_84e93af7,0.817420
user_8a760553,4,user_fba6bcd4,0.813598
user_8a760553,5,user_b16e0cf8,0.813583
user_8a760553,6,user_43a979d2,0.813534
user_8a760553,7,user_3ff3188b,0.807798
user_8a760553,8,user_dbc4828c,0.805975
user_8a760553,9,user_954805d7,0.803982
user_8a760553,10,user_fde2d265,0.798903
user_8a760553,11,user_5881b259,0.797398
user_8a760553,12,user_b6350ec1,0.796357
user_8a760553,13,user_c35d6565,0.795865
user_8a760553,14,user_a8c2208d,0.795304
user_8a760553,15,user_d6175d39,0.794410
user_8ae8c359,1,user_e8a7be73,0.731315
user_8ae8c359,2,user_f54058d0,0.725448
user_8ae8c359,3,user_83afc7b2,0.715249
user_8ae8c359,4,user_df8dc9bb,0.709103
user_8ae8c359,5,user_ed1aaed8,0.706758
user_8ae8c359,6,user_147d1bbb,0.703711
user_8ae8c359,7,user_8d22714e,0.702108
user_8ae8c359,8,user_5b714afd,0.689980
user_8ae8c359,9,user_0898fc4b,0.680282
user_8ae8c359,10,user_88b2faba,0.679408
user_8ae8c359,11,user_79f38f6d,0.678181
user_8ae8c359,12,user_869fcb2b,0.674064
user_8ae8c359,13,user_a4893af1,0.673078
user_8ae8c359,14,user_a3a4a20a,0.667231
user_8ae8c359,15,user_3b1da5d9,0.666024
user_8afa3eba,1,user_caebed72,0.565450
user_8afa3eba,2,user_0eeab432,0.564169
user_8afa3eba,3,user_efcacf59,0.538268
user_8afa3eba,4,user_4607d25d,0.538155
user_8afa3eba,5,user_510aaba3,0.534560
user_8afa3eba,6,user_6b311f43,0.525227
user_8afa3eba,7,user_2b03934e,0.524182
user_8afa3eba,8,user_8e217d1b,0.513690
user_8afa3eba,9,user_38f4dfac,0.505416
user_8afa3eba,10,user_2f766c23,0.489632
user_8afa3eba,11,user_39939c54,0.484393
user_8afa3eba,12,user_23ecc36a,0.483318
user_8afa3eba,13,user_0285dee3,0.477308
user_8afa3eba,14,user_406c399e,0.476733
user_8afa3eba,15,user_36d44add,0.467507
user_8c6db6ed,1,user_903329bb,0.738345
user_8c6db6ed,2,user_e8cdb142,0.720208
user_8c6db6ed,3,user_1bcbacb3,0.704840
user_8c6db6ed,4,user_6a98b381,0.689636
user_8c6db6ed,5,user_835666af,0.682735
user_8c6db6ed,6,user_00723699,0.676914
user_8c6db6ed,7,user_058d9dc1,0.656170
user_8c6db6ed,8,user_22adb798,0.654226
user_8c6db6ed,9,user_2dc10d2d,0.647470
user_8c6db6ed,10,user_8e5e899b,0.647008
user_8c6db6ed,11,user_78eff25f,0.636857
user_8c6db6ed,12,user_543e79f5,0.636107
user_8c6db6ed,13,user_fb64cb55,0.633507
user_8c6db6ed,14,user_a7f8db34,0.631809
user_8c6db6ed,15,user_b628264a,0.627143
user_8d22714e,1,user_df8dc9bb,0.850901
user_8d22714e,2,user_885e8708,0.825339
user_8d22714e,3,user_e6057285,0.820087
user_8d22714e,4,user_147d1bbb,0.819900
user_8d22714e,5,user_aabd2642,0.817110
user_8d22714e,6,user_83afc7b2,0.815868
user_8d22714e,7,user_54c1ebee,0.814203
user_8d22714e,8,user_e5a6abbe,0.812949
user_8d22714e,9,user_8d22714e,0.812181
user_8d22714e,10,user_25798310,0.810933
user_8d22714e,11,user_96013176,0.809646
user_8d22714e,12,user_2c69b83e,0.807334
user_8d22714e,13,user_a01f16ac,0.803416
user_8d22714e,14,user_5881b259,0.802697
user_8d22714e,15,user_03969305,0.801936
user_8d85acb5,1,user_8d85acb5,0.823272
user_8d85acb5,2,user_3e1f9dc1,0.668237
user_8d85acb5,3,user_1b7f8c56,0.662148
user_8d85acb5,4,user_c8f82360,0.658329
user_8d85acb5,5,user_8fbb6d9c,0.655298
user_8d85acb5,6,user_3ac315cb,0.652566
user_8d85acb5,7,user_d3663143,0.645135
user_8d85acb5,8,user_9e39a95d,0.642498
user_8d85acb5,9,user_b6b89f00,0.639534
user_8d85acb5,10,user_fde2d265,0.638787
user_8d85acb5,11,user_b325310b,0.635391
user_8d85acb5,12,user_1a2755b3,0.626828
user_8d85acb5,13,user_aa2fbe83,0.622533
user_8d85acb5,14,user_c41de62b,0.622296
user_8d85acb5,15,user_16ac4154,0.618198
user_8d968cfb,1,user_d036c911,0.866190
user_8d968cfb,2,user_b6d05d1d,0.844781
user_8d968cfb,3,user_56e6d0cd,0.844107
user_8d968cfb,4,user_c35d6565,0.826027
user_8d968cfb,5,user_9dda4af9,0.815495
user_8d968cfb,6,user_ca6074df,0.787652
user_8d968cfb,7,user_1736acbe,0.776016
user_8d968cfb,8,user_3535252b,0.775234
user_8d968cfb,9,user_8663226a,0.767094
user_8d968cfb,10,user_dae4304f,0.765559
user_8d968cfb,11,user_96c3cc43,0.763564
user_8d968cfb,12,user_adab54a0,0.756079
user_8d968cfb,13,user_8fe14601,0.753360
user_8d968cfb,14,user_bdcc6e7d,0.751334
user_8d968cfb,15,user_8be3f554,0.746534
user_8da30894,1,user_835666af,0.801698
user_8da30894,2,user_8e97a154,0.769127
user_8da30894,3,user_737dd050,0.765926
user_8da30894,4,user_903329bb,0.760213
user_8da30894,5,user_4144252d,0.756209
user_8da30894,6,user_858fa00c,0.744525
user_8da30894,7,user_fb64cb55,0.732871
user_8da30894,8,user_8e5e899b,0.729982
user_8da30894,9,user_058d9dc1,0.727509
user_8da30894,10,user_6a0b0e92,0.723948
user_8da30894,11,user_586752e4,0.718016
user_8da30894,12,user_07db2c6a,0.717829
user_8da30894,13,user_e8cdb142,0.716075
user_8da30894,14,user_8e48a3f8,0.715339
user_8da30894,15,user_ecc1ca0a,0.713368
user_8dd20d7f,1,user_8dd20d7f,0.688466
user_8dd20d7f,2,user_aabd2642,0.688378
user_8dd20d7f,3,user_1b7f8c56,0.670166
user_8dd20d7f,4,user_a3a4a20a,0.668535
user_8dd20d7f,5,user_ebddf9c1,0.667207
user_8dd20d7f,6,user_f930e37f,0.664310
user_8dd20d7f,7,user_e6057285,0.657081
user_8dd20d7f,8,user_a75b16f2,0.648776
user_8dd20d7f,9,user_2e81a539,0.646351
user_8dd20d7f,10,user_7b052f32,0.646146
user_8dd20d7f,11,user_a7c6197a,0.640359
user_8dd20d7f,12,user_e5a6abbe,0.638448
user_8dd20d7f,13,user_7a7dda35,0.637896
user_8dd20d7f,14,user_82c86537,0.636325
user_8dd20d7f,15,user_fe67197f,0.635804
user_8e48a3f8,1,user_b63ea1d4,0.778484
user_8e48a3f8,2,user_76638121,0.742747
user_8e48a3f8,3,user_acd6ddfb,0.737937
user_8e48a3f8,4,user_83585fc6,0.722460
user_8e48a3f8,5,user_9a5457b0,0.721073
user_8e48a3f8,6,user_81a80789,0.720557
user_8e48a3f8,7,user_2c69b83e,0.713759
user_8e48a3f8,8,user_1246b252,0.707193
user_8e48a3f8,9,user_52f895f1,0.696003
user_8e48a3f8,10,user_3b1da5d9,0.695652
user_8e48a3f8,11,user_7f623d19,0.692604
user_8e48a3f8,12,user_16b87e34,0.688469
user_8e48a3f8,13,user_0d32f0ed,0.683581
user_8e48a3f8,14,user_7b5f54c0,0.677070
user_8e48a3f8,15,user_b0129d9e,0.676599
user_8e97a154,1,user_885e8708,0.742036
user_8e97a154,2,user_ffe2efae,0.715687
user_8e97a154,3,user_c130412b,0.712458
user_8e97a154,4,user_586752e4,0.711855
user_8e97a154,5,user_ba010eec,0.702030
user_8e97a154,6,user_8e97a154,0.701136
user_8e97a154,7,user_8713f22a,0.690696
user_8e97a154,8,user_a16d1fb6,0.689876
user_8e97a154,9,user_c994138f,0.688688
user_8e97a154,10,user_9571d0d5,0.687151
user_8e97a154,11,user_815b7baf,0.685434
user_8e97a154,12,user_3b79395c,0.683076
user_8e97a154,13,user_94cad3a5,0.681173
user_8e97a154,14,user_737dd050,0.673194
user_8e97a154,15,user_9ee84e18,0.670351
user_8eac0a68,1,user_8eac0a68,0.696758
user_8eac0a68,2,user_e5f67397,0.595306
user_8eac0a68,3,user_cb8245f7,0.591530
user_8eac0a68,4,user_2f4cc646,0.590691
user_8eac0a68,5,user_d9b8914f,0.589763
user_8eac0a68,6,user_0e408c4a,0.577130
user_8eac0a68,7,user_ac6d6bff,0.574230
user_8eac0a68,8,user_70bbda36,0.555102
user_8eac0a68,9,user_76638121,0.551785
user_8eac0a68,10,user_2f1085dd,0.547240
user_8eac0a68,11,user_8a3bbeb2,0.546738
user_8eac0a68,12,user_a2825b06,0.540936
user_8eac0a68,13,user_e9d1886c,0.540685
user_8eac0a68,14,user_8713f22a,0.537627
user_8eac0a68,15,user_3e284ba5,0.530036
user_8f08aa94,1,user_e802076d,0.823754
user_8f08aa94,2,user_ef954c6e,0.818748
user_8f08aa94,3,user_b16e0cf8,0.807769
user_8f08aa94,4,user_fa60616d,0.806114
user_8f08aa94,5,user_2dd5b531,0.804682
user_8f08aa94,6,user_adab54a0,0.804157
user_8f08aa94,7,user_89e04335,0.802520
user_8f08aa94,8,user_afff552a,0.801248
user_8f08aa94,9,user_aa2fbe83,0.799033
user_8f08aa94,10,user_e6057285,0.795485
user_8f08aa94,11,user_0a3bcf86,0.793640
user_8f08aa94,12,user_dca78fea,0.791027
user_8f08aa94,13,user_5c5a0b40,0.788740
user_8f08aa94,14,user_7aa3746b,0.788384
user_8f08aa94,15,user_83afc7b2,0.788367
user_8fe14601,1,user_e6dd44b0,0.853202
user_8fe14601,2,user_fba6bcd4,0.849515
user_8fe14601,3,user_b6350ec1,0.841434
user_8fe14601,4,user_c39d41d7,0.839018
user_8fe14601,5,user_d6175d39,0.826293
user_8fe14601,6,user_dbc4828c,0.823843
user_8fe14601,7,user_2c69b83e,0.821703
user_8fe14601,8,user_7b5f54c0,0.819069
user_8fe14601,9,user_cbabbcee,0.815002
user_8fe14601,10,user_5881b259,0.811256
user_8fe14601,11,user_07cb458d,0.807367
user_8fe14601,12,user_a7bfc229,0.806790
user_8fe14601,13,user_3ff3188b,0.803159
user_8fe14601,14,user_b16e0cf8,0.802999
user_8fe14601,15,user_1a2755b3,0.802427
user_90202189,1,user_63b4ae7a,0.565613
user_90202189,2,user_4bf6a4a0,0.556523
user_90202189,3,user_d14b7d7b,0.551999
user_90202189,4,user_938164a5,0.543979
user_90202189,5,user_8c0c7619,0.520879
user_90202189,6,user_2c3eb234,0.493091
user_90202189,7,user_126670d7,0.491431
user_90202189,8,user_a4aab257,0.487584
user_90202189,9,user_c1a70ab7,0.476044
user_90202189,10,user_c0392523,0.461958
user_90202189,11,user_75251485,0.445899
user_90202189,12,user_515ae840,0.434697
user_90202189,13,user_d20928cc,0.434214
user_90202189,14,user_0a3f46b9,0.431440
user_90202189,15,user_bbb0205e,0.430112
user_902af20f,1,user_25652863,0.850665
user_902af20f,2,user_a52dd639,0.847597
user_902af20f,3,user_1a4bec69,0.815701
user_902af20f,4,user_4ea1ef09,0.815173
user_902af20f,5,user_e409a56d,0.804700
user_902af20f,6,user_2c2a5c24,0.802394
user_902af20f,7,user_6fa47d61,0.797074
user_902af20f,8,user_7de6f343,0.795317
user_902af20f,9,user_40efa894,0.787422
user_902af20f,10,user_902af20f,0.786894
user_902af20f,11,user_421ae417,0.785864
user_902af20f,12,user_2efde048,0.779539
user_902af20f,13,user_08c32973,0.775346
user_902af20f,14,user_bf30f80d,0.761574
user_902af20f,15,user_74cfb8ef,0.758824
user_903329bb,1,user_4144252d,0.778041
user_903329bb,2,user_8e5e899b,0.774023
user_903329bb,3,user_87e5d9b0,0.755312
user_903329bb,4,user_5ac1a174,0.746884
user_903329bb,5,user_0e82fe11,0.742038
user_903329bb,6,user_903329bb,0.740981
user_903329bb,7,user_8e97a154,0.734961
user_903329bb,8,user_586752e4,0.729428
user_903329bb,9,user_233fda02,0.728473
user_903329bb,10,user_835666af,0.726384
user_903329bb,11,user_5c9b579a,0.725814
user_903329bb,12,user_858fa00c,0.721187
user_903329bb,13,user_107259c3,0.719366
user_903329bb,14,user_e8cdb142,0.714530
user_903329bb,15,user_14a2d3c6,0.714335
user_906e2423,1,user_f030b951,0.825388
user_906e2423,2,user_65d73ac1,0.819628
user_906e2423,3,user_e6dd44b0,0.809928
user_906e2423,4,user_2c69b83e,0.800103
user_906e2423,5,user_3121653d,0.799507
user_906e2423,6,user_25b48a9a,0.794589
user_906e2423,7,user_91db6e48,0.794391
user_906e2423,8,user_b4214db6,0.793430
user_906e2423,9,user_1a2755b3,0.784052
user_906e2423,10,user_9dda4af9,0.783912
user_906e2423,11,user_53b85563,0.778078
user_906e2423,12,user_acd6ddfb,0.777907
user_906e2423,13,user_dbc4828c,0.777662
user_906e2423,14,user_daf37424,0.777535
user_906e2423,15,user_81c4dae1,0.777167
user_916503d6,1,user_ee89e069,0.865843
user_916503d6,2,user_b325310b,0.856587
user_916503d6,3,user_2d74cd4c,0.828918
user_916503d6,4,user_d3663143,0.816191
user_916503d6,5,user_f8e2246f,0.815937
user_916503d6,6,user_afff552a,0.812910
user_916503d6,7,user_940c7213,0.801794
user_916503d6,8,user_1b7f8c56,0.798300
user_916503d6,9,user_fba6bcd4,0.797497
user_916503d6,10,user_b6b89f00,0.797156
user_916503d6,11,user_1c45ab75,0.785194
user_916503d6,12,user_aa2fbe83,0.782395
user_916503d6,13,user_95d648bc,0.781584
user_916503d6,14,user_71b9b8e0,0.781401
user_916503d6,15,user_be06391b,0.776875
user_920c074a,1,user_1246b252,0.783290
user_920c074a,2,user_7b5f54c0,0.782248
user_920c074a,3,user_25798310,0.773726
user_920c074a,4,user_3e284ba5,0.770837
user_920c074a,5,user_3431c049,0.762879
user_920c074a,6,user_89571ce8,0.755809
user_920c074a,7,user_3b1da5d9,0.749556
user_920c074a,8,user_6c2d672f,0.747774
user_920c074a,9,user_a3a4a20a,0.742653
user_920c074a,10,user_885e8708,0.739240
user_920c074a,11,user_0d32f0ed,0.738297
user_920c074a,12,user_147d1bbb,0.738266
user_920c074a,13,user_5526cbfd,0.737249
user_920c074a,14,user_1a7d6cd5,0.735875
user_920c074a,15,user_81a80789,0.734163
user_938164a5,1,user_fba6bcd4,0.871706
user_938164a5,2,user_b6350ec1,0.850400
user_938164a5,3,user_b16e0cf8,0.846934
user_938164a5,4,user_7aa3746b,0.846244
user_938164a5,5,user_d6175d39,0.844438
user_938164a5,6,user_5881b259,0.843745
user_938164a5,7,user_07cb458d,0.837273
user_938164a5,8,user_e6dd44b0,0.835546
user_938164a5,9,user_c39d41d7,0.833266
user_938164a5,10,user_e6057285,0.830748
user_938164a5,11,user_a01f16ac,0.829388
user_938164a5,12,user_a6c5a10c,0.829127
user_938164a5,13,user_e5a6abbe,0.828929
user_938164a5,14,user_96013176,0.827700
user_938164a5,15,user_54c1ebee,0.826446
user_943e4045,1,user_9c88ee3d,0.725251
user_943e4045,2,user_3353b96b,0.717016
user_943e4045,3,user_107259c3,0.706635
user_943e4045,4,user_efb27a8e,0.703025
user_943e4045,5,user_0128a546,0.697010
user_943e4045,6,user_a411fb06,0.693974
user_943e4045,7,user_ea67f9c6,0.692754
user_943e4045,8,user_17054ec7,0.671961
user_943e4045,9,user_16b87e34,0.667797
user_943e4045,10,user_7f623d19,0.667724
user_943e4045,11,user_8e5e899b,0.663158
user_943e4045,12,user_338e1332,0.662911
user_943e4045,13,user_0c8c48ac,0.652317
user_943e4045,14,user_334144b4,0.652101
user_943e4045,15,user_b4f295b3,0.646704
user_954805d7,1,user_b6350ec1,0.865304
user_954805d7,2,user_c35d6565,0.856470
user_954805d7,3,user_d6175d39,0.855018
user_954805d7,4,user_9dda4af9,0.852281
user_954805d7,5,user_07cb458d,0.850098
user_954805d7,6,user_c39d41d7,0.849339
user_954805d7,7,user_dbc4828c,0.848944
user_954805d7,8,user_b16e0cf8,0.848161
user_954805d7,9,user_405db206,0.842836
user_954805d7,10,user_c5f32c0d,0.842284
user_954805d7,11,user_fba6bcd4,0.839889
user_954805d7,12,user_5881b259,0.838510
user_954805d7,13,user_954805d7,0.833466
user_954805d7,14,user_96013176,0.832313
user_954805d7,15,user_e6dd44b0,0.828983
user_959adfc8,1,user_5c5a0b40,0.827512
user_959adfc8,2,user_886f7373,0.821621
user_959adfc8,3,user_a151ddab,0.816041
user_959adfc8,4,user_02d8a1f8,0.814541
user_959adfc8,5,user_c5f32c0d,0.812402
user_959adfc8,6,user_e5a6abbe,0.811801
user_959adfc8,7,user_e802076d,0.796910
user_959adfc8,8,user_b350e22b,0.796642
user_959adfc8,9,user_ef954c6e,0.796252
user_959adfc8,10,user_83afc7b2,0.796072
user_959adfc8,11,user_8d22714e,0.793811
user_959adfc8,12,user_a6c5a10c,0.793093
user_959adfc8,13,user_df8dc9bb,0.792889
user_959adfc8,14,user_e6057285,0.792503
user_959adfc8,15,user_3239132f,0.790350
user_95d648bc,1,user_dc32d458,0.826555
user_95d648bc,2,user_d199bef3,0.820559
user_95d648bc,3,user_b6350ec1,0.818975
user_95d648bc,4,user_fba6bcd4,0.817372
user_95d648bc,5,user_73f34c5d,0.816393
user_95d648bc,6,user_636ad58f,0.814930
user_95d648bc,7,user_a01f16ac,0.809748
user_95d648bc,8,user_b16e0cf8,0.809741
user_95d648bc,9,user_c39d41d7,0.795268
user_95d648bc,10,user_095ff43e,0.794701
user_95d648bc,11,user_df3c19a7,0.789143
user_95d648bc,12,user_17607ebc,0.787563
user_95d648bc,13,user_03969305,0.786654
user_95d648bc,14,user_e6057285,0.786343
user_95d648bc,15,user_e5a6abbe,0.784347
user_9600e8bf,1,user_a6c2e760,0.726481
user_9600e8bf,2,user_a2503734,0.719082
user_9600e8bf,3,user_61f90240,0.711520
user_9600e8bf,4,user_d20928cc,0.709005
user_9600e8bf,5,user_1b460965,0.704861
user_9600e8bf,6,user_0a3bcf86,0.695394
user_9600e8bf,7,user_d67450a8,0.688696
user_9600e8bf,8,user_c32db875,0.685069
user_9600e8bf,9,user_b2dd04c8,0.681658
user_9600e8bf,10,user_650da71b,0.677940
user_9600e8bf,11,user_aabd2642,0.676017
user_9600e8bf,12,user_ba4a78fc,0.675703
user_9600e8bf,13,user_d2bd9832,0.674873
user_9600e8bf,14,user_5d1b0daf,0.674494
user_9600e8bf,15,user_6d2cb415,0.674358
user_96013176,1,user_daf37424,0.790620
user_96013176,2,user_dae4304f,0.779239
user_96013176,3,user_b6d05d1d,0.772786
user_96013176,4,user_56e6d0cd,0.763841
user_96013176,5,user_c34e791e,0.763479
user_96013176,6,user_c994138f,0.753881
user_96013176,7,user_1df51301,0.753385
user_96013176,8,user_adab54a0,0.751190
user_96013176,9,user_e696f3ae,0.747188
user_96013176,10,user_586752e4,0.739073
user_96013176,11,user_2dd5b531,0.738603
user_96013176,12,user_7aa3746b,0.737233
user_96013176,13,user_04f39d22,0.733953
user_96013176,14,user_3ac315cb,0.733335
user_96013176,15,user_36d44add,0.732245
user_9692f077,1,user_d0c1bf72,0.837853
user_9692f077,2,user_71f7b692,0.748333
user_9692f077,3,user_36d44add,0.707598
user_9692f077,4,user_0eeab432,0.696196
user_9692f077,5,user_6b311f43,0.692832
user_9692f077,6,user_fde2d265,0.681564
user_9692f077,7,user_ab5592eb,0.674164
user_9692f077,8,user_d8335067,0.662170
user_9692f077,9,user_caebed72,0.662100
user_9692f077,10,user_80dc757f,0.643074
user_9692f077,11,user_2c69b83e,0.641905
user_9692f077,12,user_7aa3746b,0.634200
user_9692f077,13,user_8e217d1b,0.633742
user_9692f077,14,user_a8dc91a3,0.633008
user_9692f077,15,user_c39d41d7,0.632572
user_96c3cc43,1,user_4bf6a4a0,0.761063
user_96c3cc43,2,user_515ae840,0.736806
user_96c3cc43,3,user_d20928cc,0.732840
user_96c3cc43,4,user_c32db875,0.712670
user_96c3cc43,5,user_650da71b,0.704229
user_96c3cc43,6,user_f14dc486,0.703896
user_96c3cc43,7,user_bbb0205e,0.688129
user_96c3cc43,8,user_a4aab257,0.682046
user_96c3cc43,9,user_938164a5,0.680850
user_96c3cc43,10,user_5d1b0daf,0.677220
user_96c3cc43,11,user_63b4ae7a,0.676044
user_96c3cc43,12,user_470c0785,0.654353
user_96c3cc43,13,user_b429ec64,0.653060
user_96c3cc43,14,user_126670d7,0.648745
user_96c3cc43,15,user_2c3eb234,0.646788
user_96d9cb9a,1,user_b8f24804,0.733574
user_96d9cb9a,2,user_0f006eec,0.651943
user_96d9cb9a,3,user_126670d7,0.615603
user_96d9cb9a,4,user_8c0c7619,0.615403
user_96d9cb9a,5,user_63b4ae7a,0.598409
user_96d9cb9a,6,user_6b311f43,0.597865
user_96d9cb9a,7,user_18522854,0.590816
user_96d9cb9a,8,user_d14b7d7b,0.587311
user_96d9cb9a,9,user_5d1b0daf,0.585398
user_96d9cb9a,10,user_0a3f46b9,0.577618
user_96d9cb9a,11,user_c0392523,0.577260
user_96d9cb9a,12,user_2c3eb234,0.576465
user_96d9cb9a,13,user_74d27419,0.565081
user_96d9cb9a,14,user_48669fd6,0.562442
user_96d9cb9a,15,user_8f8346ad,0.560784
user_97330742,1,user_96013176,0.810859
user_97330742,2,user_b6350ec1,0.804145
user_97330742,3,user_74cfb8ef,0.794678
user_97330742,4,user_6deada35,0.793374
user_97330742,5,user_5c9b579a,0.792569
user_97330742,6,user_40efa894,0.791792
user_97330742,7,user_b16e0cf8,0.791602
user_97330742,8,user_fba6bcd4,0.788648
user_97330742,9,user_ed1aaed8,0.786471
user_97330742,10,user_3971c3e6,0.785687
user_97330742,11,user_b4214db6,0.784834
user_97330742,12,user_586752e4,0.780452
user_97330742,13,user_dc32d458,0.780323
user_97330742,14,user_95d648bc,0.779894
user_97330742,15,user_2e81a539,0.778338
user_979ee068,1,user_f5fea76f,0.825107
user_979ee068,2,user_737d3148,0.783515
user_979ee068,3,user_eda37c14,0.729444
user_979ee068,4,user_92fe4471,0.724766
user_979ee068,5,user_414a6eaf,0.716735
user_979ee068,6,user_979ee068,0.712139
user_979ee068,7,user_5c9b579a,0.703623
user_979ee068,8,user_2e81a539,0.680806
user_979ee068,9,user_22adb798,0.662238
user_979ee068,10,user_7b4c75ab,0.660501
user_979ee068,11,user_38433566,0.651597
user_979ee068,12,user_e59c000f,0.649756
user_979ee068,13,user_f10e7063,0.645703
user_979ee068,14,user_fba6bcd4,0.638496
user_979ee068,15,user_e14b88a8,0.634861
user_9818dcae,1,user_ab86ab82,0.806479
user_9818dcae,2,user_9a5457b0,0.805648
user_9818dcae,3,user_0128a546,0.801878
user_9818dcae,4,user_3b79395c,0.800091
user_9818dcae,5,user_3353b96b,0.798042
user_9818dcae,6,user_c7beef01,0.790394
user_9818dcae,7,user_b2aba63a,0.785445
user_9818dcae,8,user_259776c7,0.781232
user_9818dcae,9,user_67acd9b1,0.776888
user_9818dcae,10,user_9b6481e4,0.771096
user_9818dcae,11,user_c34e791e,0.770162
user_9818dcae,12,user_9c88ee3d,0.769606
user_9818dcae,13,user_ffe2efae,0.766933
user_9818dcae,14,user_ea67f9c6,0.764770
user_9818dcae,15,user_e8e9acac,0.760744
user_98a676ce,1,user_233fda02,0.800432
user_98a676ce,2,user_8e5e899b,0.796767
user_98a676ce,3,user_5ac1a174,0.789529
user_98a676ce,4,user_ff39b6cf,0.780647
user_98a676ce,5,user_ed3091a2,0.778155
user_98a676ce,6,user_87e5d9b0,0.772574
user_98a676ce,7,user_6a13946a,0.769680
user_98a676ce,8,user_903329bb,0.756176
user_98a676ce,9,user_9ee84e18,0.754820
user_98a676ce,10,user_f4f9490d,0.754412
user_98a676ce,11,user_e8cdb142,0.742979
user_98a676ce,12,user_29266f60,0.734353
user_98a676ce,13,user_3b90fb53,0.729436
user_98a676ce,14,user_4144252d,0.728916
user_98a676ce,15,user_3a55606c,0.728604
user_98ca16a6,1,user_5881b259,0.782871
user_98ca16a6,2,user_636ad58f,0.772346
user_98ca16a6,3,user_df3c19a7,0.765510
user_98ca16a6,4,user_7aa3746b,0.764634
user_98ca16a6,5,user_c39d41d7,0.762323
user_98ca16a6,6,user_0a3bcf86,0.758692
user_98ca16a6,7,user_dbc4828c,0.755954
user_98ca16a6,8,user_eb0927d1,0.754214
user_98ca16a6,9,user_cbabbcee,0.750127
user_98ca16a6,10,user_e802076d,0.747074
user_98ca16a6,11,user_1ef33a43,0.746897
user_98ca16a6,12,user_2c69b83e,0.742478
user_98ca16a6,13,user_095ff43e,0.742376
user_98ca16a6,14,user_e6057285,0.741007
user_98ca16a6,15,user_96013176,0.740514
user_98f18241,1,user_e88c308b,0.616639
user_98f18241,2,user_795eb408,0.604191
user_98f18241,3,user_f14dc486,0.595266
user_98f18241,4,user_acd6ddfb,0.587799
user_98f18241,5,user_515ae840,0.579590
user_98f18241,6,user_3535252b,0.577344
user_98f18241,7,user_378003e3,0.571000
user_98f18241,8,user_d6175d39,0.570671
user_98f18241,9,user_56e6d0cd,0.567494
user_98f18241,10,user_97330742,0.564697
user_98f18241,11,user_ca6074df,0.564362
user_98f18241,12,user_bbb0205e,0.563741
user_98f18241,13,user_582ff5b2,0.562905
user_98f18241,14,user_07cb458d,0.555594
user_98f18241,15,user_f030b951,0.555508
user_9991e1d8,1,user_d20928cc,0.740385
user_9991e1d8,2,user_4bf6a4a0,0.681530
user_9991e1d8,3,user_26565155,0.680380
user_9991e1d8,4,user_515ae840,0.677864
user_9991e1d8,5,user_23ecc36a,0.673984
user_9991e1d8,6,user_0bd8ba7c,0.670587
user_9991e1d8,7,user_66a7ce5a,0.669364
user_9991e1d8,8,user_2b03934e,0.661326
user_9991e1d8,9,user_8c0c7619,0.657561
user_9991e1d8,10,user_6b311f43,0.651710
user_9991e1d8,11,user_2c3eb234,0.650871
user_9991e1d8,12,user_63b4ae7a,0.645780
user_9991e1d8,13,user_582ff5b2,0.645270
user_9991e1d8,14,user_19952166,0.641833
user_9991e1d8,15,user_f14dc486,0.637578
user_99c67f2f,1,user_99c67f2f,0.741016
user_99c67f2f,2,user_2f766c23,0.719388
user_99c67f2f,3,user_9c5cd7fa,0.702485
user_99c67f2f,4,user_daf53db6,0.685876
user_99c67f2f,5,user_4bf6a4a0,0.629871
user_99c67f2f,6,user_f14dc486,0.629110
user_99c67f2f,7,user_d20928cc,0.627198
user_99c67f2f,8,user_649f4327,0.625664
user_99c67f2f,9,user_bbb0205e,0.611951
user_99c67f2f,10,user_582ff5b2,0.600793
user_99c67f2f,11,user_2d74cd4c,0.594863
user_99c67f2f,12,user_c0392523,0.588283
user_99c67f2f,13,user_08aa624b,0.577494
user_99c67f2f,14,user_b429ec64,0.574975
user_99c67f2f,15,user_c8f82360,0.574321
user_9a307ebe,1,user_5526cbfd,0.810771
user_9a307ebe,2,user_03969305,0.810021
user_9a307ebe,3,user_e696f3ae,0.795657
user_9a307ebe,4,user_f930e37f,0.794657
user_9a307ebe,5,user_3ac315cb,0.788095
user_9a307ebe,6,user_2c69b83e,0.785504
user_9a307ebe,7,user_9a307ebe,0.785373
user_9a307ebe,8,user_16ac4154,0.781245
user_9a307ebe,9,user_dae4304f,0.780563
user_9a307ebe,10,user_4f755977,0.780220
user_9a307ebe,11,user_88b2faba,0.778094
user_9a307ebe,12,user_fdc08e26,0.775674
user_9a307ebe,13,user_1b7f8c56,0.775503
user_9a307ebe,14,user_aabd2642,0.775127
user_9a307ebe,15,user_04f39d22,0.773319
user_9a5457b0,1,user_7b5f54c0,0.841868
user_9a5457b0,2,user_54c1ebee,0.833277
user_9a5457b0,3,user_e802076d,0.830955
user_9a5457b0,4,user_25798310,0.820394
user_9a5457b0,5,user_daf37424,0.817863
user_9a5457b0,6,user_147d1bbb,0.813571
user_9a5457b0,7,user_166a3647,0.812447
user_9a5457b0,8,user_c994138f,0.811914
user_9a5457b0,9,user_70bbda36,0.809231
user_9a5457b0,10,user_81a80789,0.806446
user_9a5457b0,11,user_c5f32c0d,0.804284
user_9a5457b0,12,user_26fa9d90,0.801741
user_9a5457b0,13,user_df8dc9bb,0.800928
user_9a5457b0,14,user_e6057285,0.798366
user_9a5457b0,15,user_96013176,0.795088
user_9b517815,1,user_8e5e899b,0.773012
user_9b517815,2,user_2c39731d,0.771225
user_9b517815,3,user_4144252d,0.769593
user_9b517815,4,user_3b90fb53,0.765249
user_9b517815,5,user_903329bb,0.760125
user_9b517815,6,user_e8cdb142,0.758910
user_9b517815,7,user_858fa00c,0.738878
user_9b517815,8,user_233fda02,0.738377
user_9b517815,9,user_07db2c6a,0.736833
user_9b517815,10,user_87e5d9b0,0.722879
user_9b517815,11,user_5ac1a174,0.718992
user_9b517815,12,user_dc20c886,0.706871
user_9b517815,13,user_37cd2dc9,0.703037
user_9b517815,14,user_ff39b6cf,0.695548
user_9b517815,15,user_7d944883,0.695408
user_9b6481e4,1,user_8c11f026,0.574822
user_9b6481e4,2,user_8a3bbeb2,0.547101
user_9b6481e4,3,user_c7beef01,0.512448
user_9b6481e4,4,user_ebe17c78,0.468933
user_9b6481e4,5,user_81a80789,0.467240
user_9b6481e4,6,user_9b6481e4,0.461134
user_9b6481e4,7,user_37be663c,0.449070
user_9b6481e4,8,user_763b4ffe,0.434552
user_9b6481e4,9,user_0d32f0ed,0.433415
user_9b6481e4,10,user_52f895f1,0.432898
user_9b6481e4,11,user_3bc84c13,0.425984
user_9b6481e4,12,user_9818dcae,0.425337
user_9b6481e4,13,user_dbbf562e,0.413909
user_9b6481e4,14,user_04d8419e,0.388645
user_9b6481e4,15,user_9d8095fc,0.384024
user_9bee2a7c,1,user_dd6e7bcb,0.828065
user_9bee2a7c,2,user_c35d6565,0.825952
user_9bee2a7c,3,user_9dda4af9,0.815632
user_9bee2a7c,4,user_daf37424,0.807808
user_9bee2a7c,5,user_f030b951,0.801208
user_9bee2a7c,6,user_adab54a0,0.801058
user_9bee2a7c,7,user_81c4dae1,0.798348
user_9bee2a7c,8,user_9a307ebe,0.793199
user_9bee2a7c,9,user_a4a77a7d,0.787382
user_9bee2a7c,10,user_29cd4556,0.784351
user_9bee2a7c,11,user_0898fc4b,0.782866
user_9bee2a7c,12,user_c994138f,0.782725
user_9bee2a7c,13,user_e59c000f,0.780749
user_9bee2a7c,14,user_3121653d,0.780735
user_9bee2a7c,15,user_dae4304f,0.779614
user_9c5cd7fa,1,user_b325310b,0.816131
user_9c5cd7fa,2,user_b6b89f00,0.814021
user_9c5cd7fa,3,user_f8e2246f,0.792075
user_9c5cd7fa,4,user_afff552a,0.784466
user_9c5cd7fa,5,user_6bb64984,0.778832
user_9c5cd7fa,6,user_aa2fbe83,0.768227
user_9c5cd7fa,7,user_16ac4154,0.767936
user_9c5cd7fa,8,user_1b7f8c56,0.766178
user_9c5cd7fa,9,user_940c7213,0.761120
user_9c5cd7fa,10,user_2d74cd4c,0.760667
user_9c5cd7fa,11,user_737dd050,0.759323
user_9c5cd7fa,12,user_fb64cb55,0.758275
user_9c5cd7fa,13,user_3ac315cb,0.757960
user_9c5cd7fa,14,user_649f4327,0.756327
user_9c5cd7fa,15,user_8fbb6d9c,0.747516
user_9c5e4782,1,user_0fefc28e,0.688260
user_9c5e4782,2,user_a6c5a10c,0.668385
user_9c5e4782,3,user_a7c6197a,0.666231
user_9c5e4782,4,user_9c5071dd,0.663039
user_9c5e4782,5,user_7b052f32,0.650741
user_9c5e4782,6,user_02d8a1f8,0.649419
user_9c5e4782,7,user_4f8b6987,0.647078
user_9c5e4782,8,user_39b3eda0,0.644258
user_9c5e4782,9,user_7fd91653,0.642768
user_9c5e4782,10,user_e6057285,0.635250
user_9c5e4782,11,user_d1d16d30,0.634630
user_9c5e4782,12,user_3239132f,0.634166
user_9c5e4782,13,user_18892460,0.633121
user_9c5e4782,14,user_72b93300,0.631370
user_9c5e4782,15,user_0b64b183,0.625925
user_9c7183c8,1,user_3ff88cf0,0.860200
user_9c7183c8,2,user_a7145605,0.842868
user_9c7183c8,3,user_b14ec02b,0.840316
user_9c7183c8,4,user_46bb5302,0.826035
user_9c7183c8,5,user_3850eb9e,0.824605
user_9c7183c8,6,user_81c4dae1,0.816392
user_9c7183c8,7,user_c92c8f83,0.798854
user_9c7183c8,8,user_b9d253e8,0.792166
user_9c7183c8,9,user_43049634,0.781728
user_9c7183c8,10,user_6d421600,0.777933
user_9c7183c8,11,user_c8f82360,0.769096
user_9c7183c8,12,user_ae306850,0.765819
user_9c7183c8,13,user_a3a4a20a,0.762011
user_9c7183c8,14,user_476670f9,0.758308
user_9c7183c8,15,user_9c7183c8,0.756621
user_9ce96cbf,1,user_e6057285,0.864269
user_9ce96cbf,2,user_394c25cc,0.856511
user_9ce96cbf,3,user_c5f32c0d,0.836777
user_9ce96cbf,4,user_0521a7ac,0.835461
user_9ce96cbf,5,user_d691d016,0.829496
user_9ce96cbf,6,user_ef954c6e,0.828264
user_9ce96cbf,7,user_e5a6abbe,0.827383
user_9ce96cbf,8,user_fba6bcd4,0.827322
user_9ce96cbf,9,user_38dc2894,0.826462
user_9ce96cbf,10,user_e59c000f,0.826055
user_9ce96cbf,11,user_e802076d,0.825902
user_9ce96cbf,12,user_b350e22b,0.825120
user_9ce96cbf,13,user_7f56f9a5,0.825012
user_9ce96cbf,14,user_2e81a539,0.824936
user_9ce96cbf,15,user_f75c71f0,0.822559
user_9d8095fc,1,user_41b20ee4,0.724617
user_9d8095fc,2,user_c1a70ab7,0.674958
user_9d8095fc,3,user_8a3bbeb2,0.669132
user_9d8095fc,4,user_0bd8ba7c,0.660989
user_9d8095fc,5,user_9e328c4e,0.657298
user_9d8095fc,6,user_52f895f1,0.654749
user_9d8095fc,7,user_9818dcae,0.647719
user_9d8095fc,8,user_bbb0205e,0.632045
user_9d8095fc,9,user_19622b77,0.590830
user_9d8095fc,10,user_37be663c,0.583212
user_9d8095fc,11,user_763b4ffe,0.577858
user_9d8095fc,12,user_9b6481e4,0.568395
user_9d8095fc,13,user_2c3eb234,0.566508
user_9d8095fc,14,user_f14dc486,0.557194
user_9d8095fc,15,user_b1c16312,0.556912
user_9d9fba70,1,user_54c1ebee,0.863060
user_9d9fba70,2,user_b16e0cf8,0.860684
user_9d9fba70,3,user_c5f32c0d,0.844607
user_9d9fba70,4,user_5c5a0b40,0.844381
user_9d9fba70,5,user_73623b4e,0.842120
user_9d9fba70,6,user_96013176,0.841947
user_9d9fba70,7,user_a4a77a7d,0.836288
user_9d9fba70,8,user_e6057285,0.832701
user_9d9fba70,9,user_e5a6abbe,0.832504
user_9d9fba70,10,user_5881b259,0.831647
user_9d9fba70,11,user_03969305,0.828363
user_9d9fba70,12,user_e59c000f,0.827558
user_9d9fba70,13,user_c994138f,0.827183
user_9d9fba70,14,user_f654c33b,0.822815
user_9d9fba70,15,user_3971c3e6,0.821570
user_9dda4af9,1,user_502a8cea,0.639111
user_9dda4af9,2,user_74da5a13,0.561905
user_9dda4af9,3,user_192a215d,0.561684
user_9dda4af9,4,user_c157ca97,0.550222
user_9dda4af9,5,user_85c97ea1,0.547076
user_9dda4af9,6,user_032f6993,0.542612
user_9dda4af9,7,user_53b85563,0.540989
user_9dda4af9,8,user_f14dc486,0.539080
user_9dda4af9,9,user_2b03934e,0.538244
user_9dda4af9,10,user_5062c872,0.534580
user_9dda4af9,11,user_201c8c78,0.532428
user_9dda4af9,12,user_38f4dfac,0.531955
user_9dda4af9,13,user_f1e357ad,0.531180
user_9dda4af9,14,user_fe922ad0,0.524148
user_9dda4af9,15,user_19622b77,0.519500
user_9e328c4e,1,user_ab86ab82,0.734638
user_9e328c4e,2,user_a16d1fb6,0.732336
user_9e328c4e,3,user_c7beef01,0.729727
user_9e328c4e,4,user_9e328c4e,0.729097
user_9e328c4e,5,user_2e05a7a0,0.714459
user_9e328c4e,6,user_259776c7,0.708037
user_9e328c4e,7,user_9b6481e4,0.704008
user_9e328c4e,8,user_4a57e449,0.701328
user_9e328c4e,9,user_c8f82360,0.700868
user_9e328c4e,10,user_164fe4b8,0.697473
user_9e328c4e,11,user_9bee2a7c,0.681019
user_9e328c4e,12,user_aaa1e595,0.677922
user_9e328c4e,13,user_efb27a8e,0.677514
user_9e328c4e,14,user_ffe2efae,0.677505
user_9e328c4e,15,user_4f3b6241,0.674733
user_9e39a95d,1,user_65d73ac1,0.748810
user_9e39a95d,2,user_66a7ce5a,0.731464
user_9e39a95d,3,user_18522854,0.730120
user_9e39a95d,4,user_9d9fba70,0.724175
user_9e39a95d,5,user_8be3f554,0.722211
user_9e39a95d,6,user_d67450a8,0.718572
user_9e39a95d,7,user_efb27a8e,0.713876
user_9e39a95d,8,user_6b311f43,0.701757
user_9e39a95d,9,user_a6c2e760,0.700529
user_9e39a95d,10,user_67acd9b1,0.697737
user_9e39a95d,11,user_338e1332,0.696756
user_9e39a95d,12,user_ab86ab82,0.696017
user_9e39a95d,13,user_2b03934e,0.692186
user_9e39a95d,14,user_61f90240,0.684472
user_9e39a95d,15,user_8006727d,0.683997
user_9f81cfba,1,user_25652863,0.769878
user_9f81cfba,2,user_07cb458d,0.714523
user_9f81cfba,3,user_d6175d39,0.713009
user_9f81cfba,4,user_e6dd44b0,0.706590
user_9f81cfba,5,user_6fa47d61,0.704369
user_9f81cfba,6,user_2efde048,0.698571
user_9f81cfba,7,user_795650bb,0.688473
user_9f81cfba,8,user_9f81cfba,0.681643
user_9f81cfba,9,user_53b85563,0.679989
user_9f81cfba,10,user_b6350ec1,0.678857
user_9f81cfba,11,user_e409a56d,0.677201
user_9f81cfba,12,user_40efa894,0.676532
user_9f81cfba,13,user_85c97ea1,0.668642
user_9f81cfba,14,user_2920b35e,0.666607
user_9f81cfba,15,user_7de6f343,0.664223
user_9fc3c829,1,user_92fe4471,0.787879
user_9fc3c829,2,user_22adb798,0.658876
user_9fc3c829,3,user_eda37c14,0.658277
user_9fc3c829,4,user_f5fea76f,0.639467
user_9fc3c829,5,user_683369b1,0.613355
user_9fc3c829,6,user_414a6eaf,0.600306
user_9fc3c829,7,user_a328a751,0.586437
user_9fc3c829,8,user_19622b77,0.553437
user_9fc3c829,9,user_9fc3c829,0.535895
user_9fc3c829,10,user_737d3148,0.526597
user_9fc3c829,11,user_f2f860bd,0.502070
user_9fc3c829,12,user_6058434c,0.501388
user_9fc3c829,13,user_9d9fba70,0.491573
user_9fc3c829,14,user_979ee068,0.487553
user_9fc3c829,15,user_d4b7e22e,0.470978
user_9ff844ba,1,user_e802076d,0.650907
user_9ff844ba,2,user_32934d38,0.639718
user_9ff844ba,3,user_adab54a0,0.631419
user_9ff844ba,4,user_daf37424,0.631035
user_9ff844ba,5,user_737dd050,0.630167
user_9ff844ba,6,user_0a3bcf86,0.626806
user_9ff844ba,7,user_406c399e,0.614999
user_9ff844ba,8,user_c994138f,0.614539
user_9ff844ba,9,user_f52ced02,0.611967
user_9ff844ba,10,user_df8dc9bb,0.609206
user_9ff844ba,11,user_89e04335,0.608296
user_9ff844ba,12,user_9571d0d5,0.605580
user_9ff844ba,13,user_7aa3746b,0.603199
user_9ff844ba,14,user_a8dc91a3,0.598750
user_9ff844ba,15,user_c8f82360,0.598181
user_a01f16ac,1,user_81a80789,0.790406
user_a01f16ac,2,user_7b5f54c0,0.771357
user_a01f16ac,3,user_3b1da5d9,0.768985
user_a01f16ac,4,user_25798310,0.767799
user_a01f16ac,5,user_a01f16ac,0.761330
user_a01f16ac,6,user_aabd2642,0.754333
user_a01f16ac,7,user_032e5bc8,0.751340
user_a01f16ac,8,user_147d1bbb,0.747515
user_a01f16ac,9,user_8ac8f24f,0.745267
user_a01f16ac,10,user_0c578ab5,0.744448
user_a01f16ac,11,user_364bb955,0.736309
user_a01f16ac,12,user_2c69b83e,0.731196
user_a01f16ac,13,user_cbabbcee,0.726124
user_a01f16ac,14,user_b4d7e69a,0.725811
user_a01f16ac,15,user_df8dc9bb,0.725687
user_a0fa40f1,1,user_e6057285,0.840588
user_a0fa40f1,2,user_e5a6abbe,0.830946
user_a0fa40f1,3,user_1f1dc5e0,0.818986
user_a0fa40f1,4,user_394c25cc,0.818972
user_a0fa40f1,5,user_0521a7ac,0.816752
user_a0fa40f1,6,user_a7b901f2,0.815731
user_a0fa40f1,7,user_e802076d,0.813415
user_a0fa40f1,8,user_f51339f8,0.802996
user_a0fa40f1,9,user_147d1bbb,0.802814
user_a0fa40f1,10,user_5881b259,0.801878
user_a0fa40f1,11,user_54c1ebee,0.801346
user_a0fa40f1,12,user_a01f16ac,0.800395
user_a0fa40f1,13,user_df8dc9bb,0.798909
user_a0fa40f1,14,user_3239132f,0.795542
user_a0fa40f1,15,user_03969305,0.793024
user_a151ddab,1,user_a151ddab,0.706071
user_a151ddab,2,user_18522854,0.686519
user_a151ddab,3,user_5d1b0daf,0.649820
user_a151ddab,4,user_e931b2cd,0.649364
user_a151ddab,5,user_8292753c,0.648800
user_a151ddab,6,user_959adfc8,0.646367
user_a151ddab,7,user_d2bd9832,0.642269
user_a151ddab,8,user_66a7ce5a,0.635604
user_a151ddab,9,user_a8dc91a3,0.635364
user_a151ddab,10,user_c35d6565,0.633638
user_a151ddab,11,user_c9007141,0.631922
user_a151ddab,12,user_c204a1dd,0.630986
user_a151ddab,13,user_96013176,0.628244
user_a151ddab,14,user_ce424e88,0.627995
user_a151ddab,15,user_5a6c91dd,0.625899
user_a1b097c2,1,user_c39d41d7,0.812354
user_a1b097c2,2,user_50e2a836,0.810829
user_a1b097c2,3,user_bd05225b,0.810446
user_a1b097c2,4,user_5881b259,0.801094
user_a1b097c2,5,user_0e82fe11,0.797186
user_a1b097c2,6,user_858fa00c,0.795566
user_a1b097c2,7,user_dbc4828c,0.795069
user_a1b097c2,8,user_723406a0,0.790747
user_a1b097c2,9,user_636ad58f,0.790468
user_a1b097c2,10,user_a743aff9,0.789688
user_a1b097c2,11,user_a57e47b1,0.788038
user_a1b097c2,12,user_d758a0a1,0.784753
user_a1b097c2,13,user_14a2d3c6,0.775150
user_a1b097c2,14,user_73f34c5d,0.772959
user_a1b097c2,15,user_d1d16d30,0.772129
user_a2825b06,1,user_df8dc9bb,0.853615
user_a2825b06,2,user_e6057285,0.847543
user_a2825b06,3,user_8e97a154,0.846770
user_a2825b06,4,user_586752e4,0.835131
user_a2825b06,5,user_5a6f92a6,0.833813
user_a2825b06,6,user_25798310,0.833746
user_a2825b06,7,user_b350e22b,0.832451
user_a2825b06,8,user_8d22714e,0.824423
user_a2825b06,9,user_54c1ebee,0.823904
user_a2825b06,10,user_c5f32c0d,0.820110
user_a2825b06,11,user_83afc7b2,0.819117
user_a2825b06,12,user_a2825b06,0.819068
user_a2825b06,13,user_737dd050,0.818864
user_a2825b06,14,user_c994138f,0.818574
user_a2825b06,15,user_5c82df31,0.816411
user_a2f8bfd2,1,user_a2f8bfd2,0.858910
user_a2f8bfd2,2,user_1eefeb8c,0.701274
user_a2f8bfd2,3,user_c130412b,0.673457
user_a2f8bfd2,4,user_ab8e847b,0.655115
user_a2f8bfd2,5,user_41b20ee4,0.633126
user_a2f8bfd2,6,user_37be663c,0.632182
user_a2f8bfd2,7,user_52f895f1,0.624940
user_a2f8bfd2,8,user_19622b77,0.618515
user_a2f8bfd2,9,user_c59ebe9c,0.586184
user_a2f8bfd2,10,user_16b87e34,0.579839
user_a2f8bfd2,11,user_a16d1fb6,0.575412
user_a2f8bfd2,12,user_683369b1,0.553306
user_a2f8bfd2,13,user_3666402b,0.516048
user_a2f8bfd2,14,user_ecf8f97f,0.513681
user_a2f8bfd2,15,user_942ff21e,0.504925
user_a346dfc4,1,user_72bed676,0.790838
user_a346dfc4,2,user_d691d016,0.775446
user_a346dfc4,3,user_5c9b579a,0.765392
user_a346dfc4,4,user_c994138f,0.762976
user_a346dfc4,5,user_147d1bbb,0.757590
user_a346dfc4,6,user_364bb955,0.754406
user_a346dfc4,7,user_7b5f54c0,0.749899
user_a346dfc4,8,user_7f56f9a5,0.745106
user_a346dfc4,9,user_df8dc9bb,0.740823
user_a346dfc4,10,user_03410579,0.740755
user_a346dfc4,11,user_b350e22b,0.735675
user_a346dfc4,12,user_89571ce8,0.733464
user_a346dfc4,13,user_5526cbfd,0.733179
user_a346dfc4,14,user_586752e4,0.732728
user_a346dfc4,15,user_54c1ebee,0.732546
user_a4893af1,1,user_81a80789,0.759781
user_a4893af1,2,user_25798310,0.752809
user_a4893af1,3,user_166a3647,0.748505
user_a4893af1,4,user_df8dc9bb,0.747393
user_a4893af1,5,user_9a5457b0,0.745681
user_a4893af1,6,user_7b5f54c0,0.738971
user_a4893af1,7,user_0d32f0ed,0.734733
user_a4893af1,8,user_3431c049,0.734350
user_a4893af1,9,user_3b1da5d9,0.727396
user_a4893af1,10,user_737dd050,0.725263
user_a4893af1,11,user_147d1bbb,0.724977
user_a4893af1,12,user_70bbda36,0.724828
user_a4893af1,13,user_885e8708,0.721432
user_a4893af1,14,user_1a7d6cd5,0.721273
user_a4893af1,15,user_cbabbcee,0.718594
user_a4a77a7d,1,user_69df6330,0.842153
user_a4a77a7d,2,user_636ad58f,0.838819
user_a4a77a7d,3,user_a4a77a7d,0.821593
user_a4a77a7d,4,user_c39d41d7,0.814802
user_a4a77a7d,5,user_c4c70447,0.812250
user_a4a77a7d,6,user_0669bdf6,0.810987
user_a4a77a7d,7,user_5881b259,0.810796
user_a4a77a7d,8,user_8d22714e,0.810623
user_a4a77a7d,9,user_e8d15537,0.808895
user_a4a77a7d,10,user_e59c000f,0.807113
user_a4a77a7d,11,user_03969305,0.805657
user_a4a77a7d,12,user_91f807b9,0.801006
user_a4a77a7d,13,user_f27da10a,0.800238
user_a4a77a7d,14,user_ec574395,0.798578
user_a4a77a7d,15,user_3f2fbc90,0.796621
user_a4aab257,1,user_63b4ae7a,0.763877
user_a4aab257,2,user_126670d7,0.745012
user_a4aab257,3,user_a4aab257,0.741926
user_a4aab257,4,user_4bf6a4a0,0.734989
user_a4aab257,5,user_b429ec64,0.726423
user_a4aab257,6,user_d14b7d7b,0.723743
user_a4aab257,7,user_8c0c7619,0.722379
user_a4aab257,8,user_2c3eb234,0.713302
user_a4aab257,9,user_c0392523,0.709281
user_a4aab257,10,user_515ae840,0.703622
user_a4aab257,11,user_0bd8ba7c,0.701189
user_a4aab257,12,user_d20928cc,0.694650
user_a4aab257,13,user_19952166,0.682291
user_a4aab257,14,user_470c0785,0.677192
user_a4aab257,15,user_f43d6008,0.675902
user_a4ae4e77,1,user_eae91488,0.904503
user_a4ae4e77,2,user_0a245f61,0.900464
user_a4ae4e77,3,user_723406a0,0.843721
user_a4ae4e77,4,user_5881b259,0.815400
user_a4ae4e77,5,user_c39d41d7,0.806271
user_a4ae4e77,6,user_b4214db6,0.806169
user_a4ae4e77,7,user_dbc4828c,0.798506
user_a4ae4e77,8,user_a743aff9,0.790955
user_a4ae4e77,9,user_8d968cfb,0.786783
user_a4ae4e77,10,user_d199bef3,0.785110
user_a4ae4e77,11,user_b49274ca,0.780187
user_a4ae4e77,12,user_69df6330,0.775718
user_a4ae4e77,13,user_2c69b83e,0.773678
user_a4ae4e77,14,user_fde2d265,0.772061
user_a4ae4e77,15,user_1e08d102,0.770881
user_a52dd639,1,user_32ae32f9,0.268533
user_a52dd639,2,user_394c25cc,0.257940
user_a52dd639,3,user_7fef9da8,0.257169
user_a52dd639,4,user_4e800fa1,0.250074
user_a52dd639,5,user_69df6330,0.244393
user_a52dd639,6,user_df8dc9bb,0.242098
user_a52dd639,7,user_10e64e28,0.239116
user_a52dd639,8,user_63110023,0.238587
user_a52dd639,9,user_886f7373,0.234931
user_a52dd639,10,user_535a7192,0.234385
user_a52dd639,11,user_dae4304f,0.230944
user_a52dd639,12,user_959adfc8,0.230582
user_a52dd639,13,user_ef954c6e,0.230365
user_a52dd639,14,user_5c82df31,0.228656
user_a52dd639,15,user_c35d6565,0.227008
user_a57a04fa,1,user_0e82fe11,0.706935
user_a57a04fa,2,user_835666af,0.691974
user_a57a04fa,3,user_d758a0a1,0.688509
user_a57a04fa,4,user_5ac1a174,0.686887
user_a57a04fa,5,user_6a0b0e92,0.676903
user_a57a04fa,6,user_858fa00c,0.671255
user_a57a04fa,7,user_0669bdf6,0.668502
user_a57a04fa,8,user_a75b4d6e,0.665934
user_a57a04fa,9,user_50e2a836,0.665501
user_a57a04fa,10,user_8d22714e,0.664995
user_a57a04fa,11,user_ed3091a2,0.663554
user_a57a04fa,12,user_c4b781ce,0.658685
user_a57a04fa,13,user_0cc626ee,0.651895
user_a57a04fa,14,user_a6a094cf,0.650009
user_a57a04fa,15,user_f27da10a,0.648023
user_a57e47b1,1,user_fba6bcd4,0.828593
user_a57e47b1,2,user_c39d41d7,0.811044
user_a57e47b1,3,user_73f34c5d,0.809377
user_a57e47b1,4,user_5881b259,0.807834
user_a57e47b1,5,user_43a979d2,0.802365
user_a57e47b1,6,user_636ad58f,0.788230
user_a57e47b1,7,user_954805d7,0.786697
user_a57e47b1,8,user_07cb458d,0.786137
user_a57e47b1,9,user_dbc4828c,0.783061
user_a57e47b1,10,user_d199bef3,0.781901
user_a57e47b1,11,user_e5a6abbe,0.775688
user_a57e47b1,12,user_4e54f3d7,0.774951
user_a57e47b1,13,user_88b2faba,0.773608
user_a57e47b1,14,user_9dda4af9,0.770230
user_a57e47b1,15,user_405db206,0.768996
user_a6a094cf,1,user_ed3091a2,0.801720
user_a6a094cf,2,user_5ac1a174,0.798998
user_a6a094cf,3,user_0e82fe11,0.777818
user_a6a094cf,4,user_233fda02,0.765148
user_a6a094cf,5,user_858fa00c,0.752891
user_a6a094cf,6,user_87e5d9b0,0.747036
user_a6a094cf,7,user_903329bb,0.744720
user_a6a094cf,8,user_e8cdb142,0.736814
user_a6a094cf,9,user_3b90fb53,0.732477
user_a6a094cf,10,user_d758a0a1,0.728262
user_a6a094cf,11,user_8e5e899b,0.727603
user_a6a094cf,12,user_835666af,0.711678
user_a6a094cf,13,user_9ee84e18,0.707876
user_a6a094cf,14,user_aa4cc34a,0.707325
user_a6a094cf,15,user_17355c30,0.693907
user_a743aff9,1,user_f51339f8,0.715098
user_a743aff9,2,user_a743aff9,0.639880
user_a743aff9,3,user_9c5071dd,0.639476
user_a743aff9,4,user_6fbf6191,0.639414
user_a743aff9,5,user_8be3f554,0.635752
user_a743aff9,6,user_a6c2e760,0.632932
user_a743aff9,7,user_d1d16d30,0.631550
user_a743aff9,8,user_c8f82360,0.630941
user_a743aff9,9,user_ebddf9c1,0.628421
user_a743aff9,10,user_aabd2642,0.626617
user_a743aff9,11,user_f930e37f,0.623528
user_a743aff9,12,user_efcacf59,0.623173
user_a743aff9,13,user_2e05a7a0,0.617074
user_a743aff9,14,user_91f807b9,0.614487
user_a743aff9,15,user_c06d9b71,0.612054
user_a8dc91a3,1,user_2c69b83e,0.858355
user_a8dc91a3,2,user_fba6bcd4,0.856786
user_a8dc91a3,3,user_1b7f8c56,0.839287
user_a8dc91a3,4,user_2e81a539,0.834975
user_a8dc91a3,5,user_aabd2642,0.832700
user_a8dc91a3,6,user_dbc4828c,0.823144
user_a8dc91a3,7,user_e6dd44b0,0.820830
user_a8dc91a3,8,user_b4214db6,0.818353
user_a8dc91a3,9,user_c39d41d7,0.816615
user_a8dc91a3,10,user_7a7dda35,0.814131
user_a8dc91a3,11,user_0898fc4b,0.813589
user_a8dc91a3,12,user_bd05225b,0.812203
user_a8dc91a3,13,user_f030b951,0.809970
user_a8dc91a3,14,user_cdd86523,0.808780
user_a8dc91a3,15,user_73f34c5d,0.808623
user_a973cf8e,1,user_b6350ec1,0.782973
user_a973cf8e,2,user_0b64b183,0.776287
user_a973cf8e,3,user_1a2755b3,0.773623
user_a973cf8e,4,user_f7538815,0.766287
user_a973cf8e,5,user_7aa3746b,0.757707
user_a973cf8e,6,user_8d22714e,0.750495
user_a973cf8e,7,user_b16e0cf8,0.739531
user_a973cf8e,8,user_0f0ad720,0.736268
user_a973cf8e,9,user_e802076d,0.736154
user_a973cf8e,10,user_e6dd44b0,0.734345
user_a973cf8e,11,user_147d1bbb,0.733489
user_a973cf8e,12,user_c008345b,0.732525
user_a973cf8e,13,user_daf37424,0.731974
user_a973cf8e,14,user_dca78fea,0.730476
user_a973cf8e,15,user_cbabbcee,0.728102
user_a9ed5193,1,user_baa70592,0.769231
user_a9ed5193,2,user_58892c7c,0.689390
user_a9ed5193,3,user_a9ed5193,0.685352
user_a9ed5193,4,user_1b2d69c1,0.683821
user_a9ed5193,5,user_e30558fe,0.672571
user_a9ed5193,6,user_74c84045,0.638307
user_a9ed5193,7,user_f030b951,0.600172
user_a9ed5193,8,user_3ff3188b,0.581533
user_a9ed5193,9,user_5e61d6d9,0.573687
user_a9ed5193,10,user_07faa0fc,0.568503
user_a9ed5193,11,user_a9ed2c9e,0.567480
user_a9ed5193,12,user_81c4dae1,0.558371
user_a9ed5193,13,user_1a4bec69,0.550249
user_a9ed5193,14,user_33b2b77f,0.545788
user_a9ed5193,15,user_53b85563,0.539359
user_aa4cc34a,1,user_ad15a0a4,0.604509
user_aa4cc34a,2,user_f3f15c55,0.542296
user_aa4cc34a,3,user_d10d1f24,0.535126
user_aa4cc34a,4,user_903329bb,0.500827
user_aa4cc34a,5,user_5b7d5e00,0.495075
user_aa4cc34a,6,user_835666af,0.491520
user_aa4cc34a,7,user_fb64cb55,0.475725
user_aa4cc34a,8,user_5d7cbf11,0.461856
user_aa4cc34a,9,user_d023a78e,0.447746
user_aa4cc34a,10,user_8e97a154,0.446924
user_aa4cc34a,11,user_737dd050,0.445330
user_aa4cc34a,12,user_ee923f9d,0.444496
user_aa4cc34a,13,user_d4b7e22e,0.443834
user_aa4cc34a,14,user_8da30894,0.442324
user_aa4cc34a,15,user_59e8bc2a,0.440825
user_aaa1e595,1,user_41b20ee4,0.742018
user_aaa1e595,2,user_16b87e34,0.668759
user_aaa1e595,3,user_3666402b,0.619241
user_aaa1e595,4,user_19622b77,0.616494
user_aaa1e595,5,user_52f895f1,0.603105
user_aaa1e595,6,user_c130412b,0.601486
user_aaa1e595,7,user_c1a70ab7,0.596975
user_aaa1e595,8,user_ab8e847b,0.580832
user_aaa1e595,9,user_37be663c,0.577144
user_aaa1e595,10,user_a2f8bfd2,0.576275
user_aaa1e595,11,user_338e1332,0.575863
user_aaa1e595,12,user_dbbf562e,0.568760
user_aaa1e595,13,user_8a3bbeb2,0.564859
user_aaa1e595,14,user_a16d1fb6,0.555115
user_aaa1e595,15,user_3431c049,0.553284
user_ab434739,1,user_ab434739,0.741448
user_ab434739,2,user_1022be44,0.696796
user_ab434739,3,user_6169d3b8,0.677313
user_ab434739,4,user_07db2c6a,0.654019
user_ab434739,5,user_81a80789,0.653945
user_ab434739,6,user_2f4cc646,0.635434
user_ab434739,7,user_7b5f54c0,0.630110
user_ab434739,8,user_1ae8e7f5,0.629982
user_ab434739,9,user_ac6d6bff,0.628498
user_ab434739,10,user_8e48a3f8,0.626625
user_ab434739,11,user_ba010eec,0.611114
user_ab434739,12,user_a5e548ce,0.606851
user_ab434739,13,user_b63ea1d4,0.606511
user_ab434739,14,user_6058434c,0.602268
user_ab434739,15,user_c81fae29,0.597752
user_ab439a92,1,user_ab439a92,0.716931
user_ab439a92,2,user_e64d80ba,0.710929
user_ab439a92,3,user_b4f295b3,0.685790
user_ab439a92,4,user_0ff0b922,0.672259
user_ab439a92,5,user_1e3084a6,0.665091
user_ab439a92,6,user_93cdb7a1,0.663761
user_ab439a92,7,user_09dea596,0.656779
user_ab439a92,8,user_2b79ef0b,0.652826
user_ab439a92,9,user_ba085464,0.642666
user_ab439a92,10,user_fba6bcd4,0.640309
user_ab439a92,11,user_bb8be7e3,0.639816
user_ab439a92,12,user_f54058d0,0.638353
user_ab439a92,13,user_6deada35,0.629360
user_ab439a92,14,user_baeb91b3,0.626780
user_ab439a92,15,user_da51dede,0.619850
user_ab5592eb,1,user_ab5592eb,0.822739
user_ab5592eb,2,user_d0c1bf72,0.803657
user_ab5592eb,3,user_d8335067,0.799328
user_ab5592eb,4,user_71f7b692,0.775034
user_ab5592eb,5,user_c39d41d7,0.772718
user_ab5592eb,6,user_954805d7,0.760532
user_ab5592eb,7,user_7aa3746b,0.757391
user_ab5592eb,8,user_40a0bad3,0.740706
user_ab5592eb,9,user_80dc757f,0.734054
user_ab5592eb,10,user_c06d9b71,0.733113
user_ab5592eb,11,user_5881b259,0.725020
user_ab5592eb,12,user_7924afc9,0.724559
user_ab5592eb,13,user_df3c19a7,0.724290
user_ab5592eb,14,user_c5f32c0d,0.723188
user_ab5592eb,15,user_3121653d,0.722173
user_ab8e847b,1,user_ab8e847b,0.853377
user_ab8e847b,2,user_a16d1fb6,0.771598
user_ab8e847b,3,user_ffe2efae,0.755112
user_ab8e847b,4,user_c130412b,0.750517
user_ab8e847b,5,user_c7beef01,0.725556
user_ab8e847b,6,user_52f895f1,0.720070
user_ab8e847b,7,user_942ff21e,0.718708
user_ab8e847b,8,user_3666402b,0.718373
user_ab8e847b,9,user_9b6481e4,0.693896
user_ab8e847b,10,user_37be663c,0.689159
user_ab8e847b,11,user_efb27a8e,0.683371
user_ab8e847b,12,user_fe922ad0,0.671755
user_ab8e847b,13,user_815b7baf,0.670121
user_ab8e847b,14,user_ecf8f97f,0.669374
user_ab8e847b,15,user_a411fb06,0.668427
user_abde0618,1,user_1022be44,0.740084
user_abde0618,2,user_abde0618,0.712060
user_abde0618,3,user_8e48a3f8,0.705069
user_abde0618,4,user_b1a5a37e,0.701396
user_abde0618,5,user_aa19d173,0.701215
user_abde0618,6,user_ab434739,0.700918
user_abde0618,7,user_a5e548ce,0.689164
user_abde0618,8,user_414a6eaf,0.672204
user_abde0618,9,user_39aad1a2,0.671213
user_abde0618,10,user_b9d253e8,0.668575
user_abde0618,11,user_858fa00c,0.659854
user_abde0618,12,user_00723699,0.659088
user_abde0618,13,user_5fddc7f1,0.659041
user_abde0618,14,user_07db2c6a,0.653796
user_abde0618,15,user_f0cf195f,0.651386
user_ac6d6bff,1,user_ac6d6bff,0.662362
user_ac6d6bff,2,user_0d32f0ed,0.619243
user_ac6d6bff,3,user_dbbf562e,0.609444
user_ac6d6bff,4,user_3431c049,0.601141
user_ac6d6bff,5,user_c59ebe9c,0.598756
user_ac6d6bff,6,user_52f895f1,0.598587
user_ac6d6bff,7,user_4bd9303b,0.581070
user_ac6d6bff,8,user_ba010eec,0.575252
user_ac6d6bff,9,user_83585fc6,0.560813
user_ac6d6bff,10,user_c130412b,0.559158
user_ac6d6bff,11,user_ffe2efae,0.559016
user_ac6d6bff,12,user_2142b6e1,0.543393
user_ac6d6bff,13,user_76638121,0.526379
user_ac6d6bff,14,user_efb27a8e,0.523851
user_ac6d6bff,15,user_81a80789,0.523272
user_ac6e9129,1,user_5fddc7f1,0.809526
user_ac6e9129,2,user_c81fae29,0.801222
user_ac6e9129,3,user_1022be44,0.796952
user_ac6e9129,4,user_a5e548ce,0.794966
user_ac6e9129,5,user_687feee4,0.768853
user_ac6e9129,6,user_07db2c6a,0.741487
user_ac6e9129,7,user_aa19d173,0.730554
user_ac6e9129,8,user_e5f67397,0.727731
user_ac6e9129,9,user_ab434739,0.715965
user_ac6e9129,10,user_c73333a5,0.709055
user_ac6e9129,11,user_4a40c36a,0.707022
user_ac6e9129,12,user_ac6e9129,0.706578
user_ac6e9129,13,user_8eac0a68,0.696481
user_ac6e9129,14,user_6169d3b8,0.691562
user_ac6e9129,15,user_0e82fe11,0.687673
user_acb51eed,1,user_aa2fbe83,0.835369
user_acb51eed,2,user_acb51eed,0.830052
user_acb51eed,3,user_2cb4b018,0.828123
user_acb51eed,4,user_afff552a,0.818144
user_acb51eed,5,user_8739102b,0.815769
user_acb51eed,6,user_c008345b,0.811603
user_acb51eed,7,user_bd05225b,0.810483
user_acb51eed,8,user_1b7f8c56,0.805908
user_acb51eed,9,user_fb64cb55,0.803396
user_acb51eed,10,user_940c7213,0.796636
user_acb51eed,11,user_b325310b,0.795908
user_acb51eed,12,user_5881b259,0.791849
user_acb51eed,13,user_c5f32c0d,0.790295
user_acb51eed,14,user_1a2755b3,0.787634
user_acb51eed,15,user_5993b36a,0.786347
user_acb899e9,1,user_107259c3,0.823287
user_acb899e9,2,user_500badda,0.810930
user_acb899e9,3,user_7a8f7f3e,0.790177
user_acb899e9,4,user_83afc7b2,0.787089
user_acb899e9,5,user_0c578ab5,0.781587
user_acb899e9,6,user_df8dc9bb,0.778794
user_acb899e9,7,user_02016939,0.766575
user_acb899e9,8,user_6169d3b8,0.764432
user_acb899e9,9,user_b1d0760b,0.760841
user_acb899e9,10,user_9a307ebe,0.759951
user_acb899e9,11,user_26fa9d90,0.751216
user_acb899e9,12,user_7f56f9a5,0.751212
user_acb899e9,13,user_5c9b579a,0.750558
user_acb899e9,14,user_7b052f32,0.745676
user_acb899e9,15,user_d2c97c8e,0.744137
user_acd6ddfb,1,user_bdcc6e7d,0.817085
user_acd6ddfb,2,user_56e6d0cd,0.801714
user_acd6ddfb,3,user_b6d05d1d,0.778168
user_acd6ddfb,4,user_57c1d6c0,0.768117
user_acd6ddfb,5,user_9dda4af9,0.760222
user_acd6ddfb,6,user_b6350ec1,0.758695
user_acd6ddfb,7,user_c35d6565,0.756705
user_acd6ddfb,8,user_c2f18cf7,0.754797
user_acd6ddfb,9,user_85810097,0.754794
user_acd6ddfb,10,user_4db0d490,0.748997
user_acd6ddfb,11,user_d6175d39,0.746039
user_acd6ddfb,12,user_d036c911,0.745034
user_acd6ddfb,13,user_07cb458d,0.742539
user_acd6ddfb,14,user_dd6e7bcb,0.728118
user_acd6ddfb,15,user_1f09455f,0.725799
user_ad15a0a4,1,user_835666af,0.847151
user_ad15a0a4,2,user_fb64cb55,0.817766
user_ad15a0a4,3,user_903329bb,0.808631
user_ad15a0a4,4,user_aa4cc34a,0.796620
user_ad15a0a4,5,user_737dd050,0.781894
user_ad15a0a4,6,user_8e97a154,0.771393
user_ad15a0a4,7,user_5ac1a174,0.750133
user_ad15a0a4,8,user_00723699,0.747504
user_ad15a0a4,9,user_058d9dc1,0.744400
user_ad15a0a4,10,user_0e82fe11,0.743419
user_ad15a0a4,11,user_165a2706,0.737300
user_ad15a0a4,12,user_a4a77a7d,0.735454
user_ad15a0a4,13,user_586752e4,0.730924
user_ad15a0a4,14,user_9ee84e18,0.730787
user_ad15a0a4,15,user_5a6f92a6,0.729354
user_b1c16312,1,user_3f2894b5,0.620234
user_b1c16312,2,user_815b7baf,0.599763
user_b1c16312,3,user_164fe4b8,0.595254
user_b1c16312,4,user_fe922ad0,0.594092
user_b1c16312,5,user_e8e9acac,0.583579
user_b1c16312,6,user_3b79395c,0.582511
user_b1c16312,7,user_4d4f73a6,0.582042
user_b1c16312,8,user_9a5457b0,0.574950
user_b1c16312,9,user_94cad3a5,0.574374
user_b1c16312,10,user_ffe2efae,0.573282
user_b1c16312,11,user_9351238d,0.562263
user_b1c16312,12,user_ab439a92,0.559065
user_b1c16312,13,user_f52ced02,0.555625
user_b1c16312,14,user_fb8f46c8,0.554130
user_b1c16312,15,user_b2aba63a,0.548179
user_b23aa915,1,user_a7b901f2,0.689348
user_b23aa915,2,user_6deada35,0.676157
user_b23aa915,3,user_54c1ebee,0.664540
user_b23aa915,4,user_10e64e28,0.662926
user_b23aa915,5,user_d4c7b4c0,0.661286
user_b23aa915,6,user_7b5f54c0,0.655640
user_b23aa915,7,user_920c074a,0.652268
user_b23aa915,8,user_8dd20d7f,0.648716
user_b23aa915,9,user_72bed676,0.642832
user_b23aa915,10,user_b0129d9e,0.641355
user_b23aa915,11,user_df8dc9bb,0.641120
user_b23aa915,12,user_25798310,0.639741
user_b23aa915,13,user_a6c5a10c,0.638166
user_b23aa915,14,user_7f56f9a5,0.637218
user_b23aa915,15,user_147d1bbb,0.637099
user_b2aba63a,1,user_7b5f54c0,0.791023
user_b2aba63a,2,user_2f4cc646,0.770545
user_b2aba63a,3,user_83585fc6,0.770491
user_b2aba63a,4,user_81a80789,0.739572
user_b2aba63a,5,user_07cb458d,0.739361
user_b2aba63a,6,user_2c69b83e,0.729816
user_b2aba63a,7,user_d6175d39,0.724114
user_b2aba63a,8,user_ac6d6bff,0.720081
user_b2aba63a,9,user_b4d7e69a,0.718930
user_b2aba63a,10,user_acd6ddfb,0.718406
user_b2aba63a,11,user_70bbda36,0.717797
user_b2aba63a,12,user_54c1ebee,0.712908
user_b2aba63a,13,user_3431c049,0.707063
user_b2aba63a,14,user_6deada35,0.706835
user_b2aba63a,15,user_4bd9303b,0.706697
user_b2dd04c8,1,user_02d8a1f8,0.798594
user_b2dd04c8,2,user_e8a7be73,0.773618
user_b2dd04c8,3,user_38433566,0.768126
user_b2dd04c8,4,user_a6c5a10c,0.765649
user_b2dd04c8,5,user_3239132f,0.765157
user_b2dd04c8,6,user_5b714afd,0.762635
user_b2dd04c8,7,user_8d22714e,0.762484
user_b2dd04c8,8,user_0898fc4b,0.756842
user_b2dd04c8,9,user_2a704b9c,0.753855
user_b2dd04c8,10,user_83afc7b2,0.750850
user_b2dd04c8,11,user_636ad58f,0.745387
user_b2dd04c8,12,user_e6057285,0.745146
user_b2dd04c8,13,user_df8dc9bb,0.740811
user_b2dd04c8,14,user_c5f32c0d,0.738472
user_b2dd04c8,15,user_095ff43e,0.737657
user_b2f3c0d2,1,user_858fa00c,0.716292
user_b2f3c0d2,2,user_a57e47b1,0.689750
user_b2f3c0d2,3,user_73f34c5d,0.688382
user_b2f3c0d2,4,user_0898fc4b,0.684812
user_b2f3c0d2,5,user_3b90fb53,0.684476
user_b2f3c0d2,6,user_abde0618,0.683547
user_b2f3c0d2,7,user_14a2d3c6,0.679676
user_b2f3c0d2,8,user_5993b36a,0.678747
user_b2f3c0d2,9,user_39aad1a2,0.676287
user_b2f3c0d2,10,user_aabd2642,0.671603
user_b2f3c0d2,11,user_50e2a836,0.670672
user_b2f3c0d2,12,user_7a7dda35,0.667094
user_b2f3c0d2,13,user_eb0927d1,0.666403
user_b2f3c0d2,14,user_636ad58f,0.665649
user_b2f3c0d2,15,user_e6057285,0.664495
user_b325310b,1,user_9c5cd7fa,0.754628
user_b325310b,2,user_2f766c23,0.751970
user_b325310b,3,user_daf53db6,0.715563
user_b325310b,4,user_f14dc486,0.703889
user_b325310b,5,user_649f4327,0.677971
user_b325310b,6,user_99c67f2f,0.669503
user_b325310b,7,user_1c7b7780,0.666130
user_b325310b,8,user_470c0785,0.662652
user_b325310b,9,user_d20928cc,0.648618
user_b325310b,10,user_417702c5,0.646828
user_b325310b,11,user_2d74cd4c,0.646222
user_b325310b,12,user_582ff5b2,0.641428
user_b325310b,13,user_bbb0205e,0.639269
user_b325310b,14,user_6b311f43,0.632728
user_b325310b,15,user_4bf6a4a0,0.627755
user_b337cb0c,1,user_96c3cc43,0.846038
user_b337cb0c,2,user_582ff5b2,0.816905
user_b337cb0c,3,user_378003e3,0.770024
user_b337cb0c,4,user_1230e05a,0.731024
user_b337cb0c,5,user_39939c54,0.699807
user_b337cb0c,6,user_19952166,0.698931
user_b337cb0c,7,user_75905116,0.678373
user_b337cb0c,8,user_6f1b0197,0.677813
user_b337cb0c,9,user_1736acbe,0.675833
user_b337cb0c,10,user_695e56c9,0.647984
user_b337cb0c,11,user_ba463257,0.641700
user_b337cb0c,12,user_ca6074df,0.641599
user_b337cb0c,13,user_d5379647,0.635397
user_b337cb0c,14,user_5d1b0daf,0.634223
user_b337cb0c,15,user_4bf6a4a0,0.633209
user_b49274ca,1,user_c154e834,0.811058
user_b49274ca,2,user_36d44add,0.765313
user_b49274ca,3,user_40a0bad3,0.742992
user_b49274ca,4,user_b350e22b,0.734148
user_b49274ca,5,user_e802076d,0.731341
user_b49274ca,6,user_daf37424,0.726041
user_b49274ca,7,user_147d1bbb,0.721609
user_b49274ca,8,user_e59c000f,0.720234
user_b49274ca,9,user_7aa3746b,0.720003
user_b49274ca,10,user_c35d6565,0.719617
user_b49274ca,11,user_89e04335,0.718357
user_b49274ca,12,user_c994138f,0.717600
user_b49274ca,13,user_5526cbfd,0.716557
user_b49274ca,14,user_80dc757f,0.715483
user_b49274ca,15,user_5c82df31,0.713934
user_b4d7e69a,1,user_fdc08e26,0.851180
user_b4d7e69a,2,user_16ac4154,0.832732
user_b4d7e69a,3,user_04f39d22,0.813393
user_b4d7e69a,4,user_f51339f8,0.808744
user_b4d7e69a,5,user_94f185bc,0.808240
user_b4d7e69a,6,user_e696f3ae,0.808176
user_b4d7e69a,7,user_0eb2abf1,0.805527
user_b4d7e69a,8,user_41d0c897,0.801403
user_b4d7e69a,9,user_c34e791e,0.800275
user_b4d7e69a,10,user_2dd5b531,0.797179
user_b4d7e69a,11,user_ebddf9c1,0.793999
user_b4d7e69a,12,user_adab54a0,0.792545
user_b4d7e69a,13,user_67acd9b1,0.790487
user_b4d7e69a,14,user_03969305,0.787085
user_b4d7e69a,15,user_e802076d,0.786816
user_b4f295b3,1,user_3353b96b,0.767810
user_b4f295b3,2,user_a411fb06,0.712883
user_b4f295b3,3,user_0128a546,0.697220
user_b4f295b3,4,user_9c88ee3d,0.664998
user_b4f295b3,5,user_6169d3b8,0.662794
user_b4f295b3,6,user_334144b4,0.650468
user_b4f295b3,7,user_107259c3,0.639627
user_b4f295b3,8,user_ea67f9c6,0.638420
user_b4f295b3,9,user_16b87e34,0.632724
user_b4f295b3,10,user_3b79395c,0.619900
user_b4f295b3,11,user_b4f295b3,0.619221
user_b4f295b3,12,user_17054ec7,0.617837
user_b4f295b3,13,user_efb27a8e,0.613689
user_b4f295b3,14,user_586752e4,0.607099
user_b4f295b3,15,user_7f623d19,0.606518
user_b563e90b,1,user_58892c7c,0.678557
user_b563e90b,2,user_83e45cc0,0.676632
user_b563e90b,3,user_26fa9d90,0.664105
user_b563e90b,4,user_8e97a154,0.656381
user_b563e90b,5,user_a615a6d1,0.652811
user_b563e90b,6,user_1b2d69c1,0.651300
user_b563e90b,7,user_e8cdb142,0.648603
user_b563e90b,8,user_74cfb8ef,0.645734
user_b563e90b,9,user_8e48a3f8,0.642941
user_b563e90b,10,user_e5f67397,0.642287
user_b563e90b,11,user_0f0ad720,0.639203
user_b563e90b,12,user_07faa0fc,0.636684
user_b563e90b,13,user_3bb7992e,0.630751
user_b563e90b,14,user_a7b901f2,0.629194
user_b563e90b,15,user_fbed237d,0.627791
user_b5af9db9,1,user_e802076d,0.824591
user_b5af9db9,2,user_0a3bcf86,0.823494
user_b5af9db9,3,user_5881b259,0.805708
user_b5af9db9,4,user_e6057285,0.803737
user_b5af9db9,5,user_1a2755b3,0.802291
user_b5af9db9,6,user_f0cf195f,0.797873
user_b5af9db9,7,user_96013176,0.797049
user_b5af9db9,8,user_cbabbcee,0.793219
user_b5af9db9,9,user_7aa3746b,0.787012
user_b5af9db9,10,user_d96972e5,0.785812
user_b5af9db9,11,user_e5a6abbe,0.785210
user_b5af9db9,12,user_c994138f,0.781562
user_b5af9db9,13,user_daf37424,0.776203
user_b5af9db9,14,user_d1d16d30,0.774225
user_b5af9db9,15,user_c39d41d7,0.773102
user_b628264a,1,user_858fa00c,0.777206
user_b628264a,2,user_5881b259,0.752826
user_b628264a,3,user_ce424e88,0.751626
user_b628264a,4,user_c39d41d7,0.747326
user_b628264a,5,user_835666af,0.745283
user_b628264a,6,user_ecc1ca0a,0.742290
user_b628264a,7,user_b4214db6,0.741602
user_b628264a,8,user_bd05225b,0.731089
user_b628264a,9,user_e8d15537,0.724085
user_b628264a,10,user_884ffdb2,0.724035
user_b628264a,11,user_d96972e5,0.722464
user_b628264a,12,user_96013176,0.722443
user_b628264a,13,user_a151ddab,0.722035
user_b628264a,14,user_0e82fe11,0.721268
user_b628264a,15,user_3f2fbc90,0.720059
user_b6350ec1,1,user_b6350ec1,0.858628
user_b6350ec1,2,user_b16e0cf8,0.816937
user_b6350ec1,3,user_c39d41d7,0.811370
user_b6350ec1,4,user_7aa3746b,0.808044
user_b6350ec1,5,user_bdcc6e7d,0.793078
user_b6350ec1,6,user_d199bef3,0.786712
user_b6350ec1,7,user_df3c19a7,0.775719
user_b6350ec1,8,user_adab54a0,0.771906
user_b6350ec1,9,user_f654c33b,0.769316
user_b6350ec1,10,user_dc32d458,0.768026
user_b6350ec1,11,user_9dda4af9,0.767883
user_b6350ec1,12,user_73623b4e,0.767635
user_b6350ec1,13,user_8d22714e,0.766357
user_b6350ec1,14,user_636ad58f,0.760365
user_b6350ec1,15,user_17607ebc,0.759251
user_b63ea1d4,1,user_acd6ddfb,0.809966
user_b63ea1d4,2,user_b63ea1d4,0.807940
user_b63ea1d4,3,user_7b5f54c0,0.802889
user_b63ea1d4,4,user_81a80789,0.770359
user_b63ea1d4,5,user_d6175d39,0.764779
user_b63ea1d4,6,user_aabd2642,0.742732
user_b63ea1d4,7,user_2f4cc646,0.734788
user_b63ea1d4,8,user_07cb458d,0.734067
user_b63ea1d4,9,user_6deada35,0.719106
user_b63ea1d4,10,user_83585fc6,0.713077
user_b63ea1d4,11,user_364bb955,0.710781
user_b63ea1d4,12,user_54c1ebee,0.709476
user_b63ea1d4,13,user_25798310,0.708905
user_b63ea1d4,14,user_2c69b83e,0.708712
user_b63ea1d4,15,user_02fecea2,0.703479
user_b6b89f00,1,user_9a5457b0,0.808371
user_b6b89f00,2,user_3431c049,0.773100
user_b6b89f00,3,user_737dd050,0.769848
user_b6b89f00,4,user_166a3647,0.761964
user_b6b89f00,5,user_ea67f9c6,0.758495
user_b6b89f00,6,user_b63ea1d4,0.756834
user_b6b89f00,7,user_3b1da5d9,0.751899
user_b6b89f00,8,user_ffe2efae,0.751833
user_b6b89f00,9,user_02fecea2,0.747988
user_b6b89f00,10,user_daf37424,0.747446
user_b6b89f00,11,user_9351238d,0.746063
user_b6b89f00,12,user_67acd9b1,0.744577
user_b6b89f00,13,user_3b79395c,0.744174
user_b6b89f00,14,user_76638121,0.738974
user_b6b89f00,15,user_7b5f54c0,0.737993
user_b7ba6422,1,user_b49274ca,0.733340
user_b7ba6422,2,user_2cb4b018,0.732297
user_b7ba6422,3,user_b7ba6422,0.727277
user_b7ba6422,4,user_acb51eed,0.726498
user_b7ba6422,5,user_cdd86523,0.711321
user_b7ba6422,6,user_25b48a9a,0.708978
user_b7ba6422,7,user_0ff0b922,0.706996
user_b7ba6422,8,user_e8d15537,0.705034
user_b7ba6422,9,user_2eb5d860,0.699311
user_b7ba6422,10,user_417702c5,0.697024
user_b7ba6422,11,user_b350e22b,0.693699
user_b7ba6422,12,user_8739102b,0.692984
user_b7ba6422,13,user_fb8f46c8,0.692934
user_b7ba6422,14,user_fc1cfe0b,0.692606
user_b7ba6422,15,user_2dc10d2d,0.692596
user_b888c512,1,user_058c1800,0.795708
user_b888c512,2,user_25b48a9a,0.791377
user_b888c512,3,user_c4c70447,0.783729
user_b888c512,4,user_9dda4af9,0.777732
user_b888c512,5,user_dd6e7bcb,0.775238
user_b888c512,6,user_3121653d,0.775075
user_b888c512,7,user_c994138f,0.774647
user_b888c512,8,user_8be3f554,0.769770
user_b888c512,9,user_e59c000f,0.769727
user_b888c512,10,user_54b19b29,0.768052
user_b888c512,11,user_586752e4,0.766261
user_b888c512,12,user_57c1d6c0,0.765991
user_b888c512,13,user_56980aa9,0.762276
user_b888c512,14,user_5b698646,0.761819
user_b888c512,15,user_9ee84e18,0.761063
user_b8f24804,1,user_2cb4b018,0.800008
user_b8f24804,2,user_acb51eed,0.792968
user_b8f24804,3,user_f60a09b3,0.792673
user_b8f24804,4,user_6fc85c06,0.783711
user_b8f24804,5,user_0cc626ee,0.781442
user_b8f24804,6,user_9571d0d5,0.778755
user_b8f24804,7,user_b350e22b,0.775840
user_b8f24804,8,user_1b7f8c56,0.773639
user_b8f24804,9,user_fb8f46c8,0.772392
user_b8f24804,10,user_226be32f,0.771421
user_b8f24804,11,user_7fd91653,0.764337
user_b8f24804,12,user_e59c000f,0.760859
user_b8f24804,13,user_bd05225b,0.758097
user_b8f24804,14,user_fb64cb55,0.758091
user_b8f24804,15,user_0898fc4b,0.755569
user_b9036662,1,user_5c82df31,0.755984
user_b9036662,2,user_f0cf195f,0.736671
user_b9036662,3,user_6fc85c06,0.727177
user_b9036662,4,user_5526cbfd,0.726307
user_b9036662,5,user_d691d016,0.725683
user_b9036662,6,user_72b93300,0.722734
user_b9036662,7,user_2cb4b018,0.721481
user_b9036662,8,user_cbabbcee,0.715094
user_b9036662,9,user_3a39cc49,0.714847
user_b9036662,10,user_0898fc4b,0.713246
user_b9036662,11,user_03410579,0.710884
user_b9036662,12,user_bd05225b,0.707004
user_b9036662,13,user_ded778b8,0.705618
user_b9036662,14,user_b350e22b,0.703507
user_b9036662,15,user_3e284ba5,0.702869
user_ba010eec,1,user_2c69b83e,0.833884
user_ba010eec,2,user_7b5f54c0,0.825689
user_ba010eec,3,user_d6175d39,0.802539
user_ba010eec,4,user_25798310,0.799165
user_ba010eec,5,user_b6350ec1,0.796071
user_ba010eec,6,user_b4d7e69a,0.795351
user_ba010eec,7,user_2f4cc646,0.793492
user_ba010eec,8,user_acd6ddfb,0.786050
user_ba010eec,9,user_6deada35,0.785033
user_ba010eec,10,user_147d1bbb,0.784868
user_ba010eec,11,user_7aa3746b,0.782975
user_ba010eec,12,user_54c1ebee,0.782613
user_ba010eec,13,user_70bbda36,0.780907
user_ba010eec,14,user_b63ea1d4,0.780654
user_ba010eec,15,user_ed1aaed8,0.777867
user_ba463257,1,user_96c3cc43,0.756558
user_ba463257,2,user_07cb458d,0.755663
user_ba463257,3,user_d6175d39,0.748156
user_ba463257,4,user_56e6d0cd,0.747805
user_ba463257,5,user_378003e3,0.747140
user_ba463257,6,user_582ff5b2,0.746300
user_ba463257,7,user_9dda4af9,0.739154
user_ba463257,8,user_57c1d6c0,0.725823
user_ba463257,9,user_e409a56d,0.725297
user_ba463257,10,user_c35d6565,0.717808
user_ba463257,11,user_2efde048,0.715810
user_ba463257,12,user_75905116,0.714684
user_ba463257,13,user_8d968cfb,0.708397
user_ba463257,14,user_1230e05a,0.704112
user_ba463257,15,user_cda36a95,0.702862
user_ba8b1c05,1,user_7fef9da8,0.844062
user_ba8b1c05,2,user_4ea1ef09,0.826440
user_ba8b1c05,3,user_7de6f343,0.825049
user_ba8b1c05,4,user_7c3d63ce,0.814499
user_ba8b1c05,5,user_f5e1eee0,0.812221
user_ba8b1c05,6,user_74cfb8ef,0.806123
user_ba8b1c05,7,user_54c1ebee,0.803514
user_ba8b1c05,8,user_d2c97c8e,0.802348
user_ba8b1c05,9,user_e6057285,0.802303
user_ba8b1c05,10,user_83e45cc0,0.800725
user_ba8b1c05,11,user_70bbda36,0.790000
user_ba8b1c05,12,user_82c86537,0.783443
user_ba8b1c05,13,user_04f39d22,0.781223
user_ba8b1c05,14,user_5a6f92a6,0.780012
user_ba8b1c05,15,user_ba8b1c05,0.776631
user_baeb91b3,1,user_c7beef01,0.777612
user_baeb91b3,2,user_9c88ee3d,0.726337
user_baeb91b3,3,user_7f623d19,0.709254
user_baeb91b3,4,user_7709815a,0.706870
user_baeb91b3,5,user_3666402b,0.692813
user_baeb91b3,6,user_9fe4e0f5,0.690844
user_baeb91b3,7,user_ffe2efae,0.678603
user_baeb91b3,8,user_94cad3a5,0.666288
user_baeb91b3,9,user_0128a546,0.662428
user_baeb91b3,10,user_3353b96b,0.661155
user_baeb91b3,11,user_0d32f0ed,0.653188
user_baeb91b3,12,user_943e4045,0.650860
user_baeb91b3,13,user_c130412b,0.650221
user_baeb91b3,14,user_9b6481e4,0.644285
user_baeb91b3,15,user_ab8e847b,0.640976
user_baf68fe9,1,user_baf68fe9,0.790695
user_baf68fe9,2,user_2b03934e,0.667891
user_baf68fe9,3,user_1b460965,0.667403
user_baf68fe9,4,user_515ae840,0.664013
user_baf68fe9,5,user_d67450a8,0.654414
user_baf68fe9,6,user_65d73ac1,0.648534
user_baf68fe9,7,user_f14dc486,0.629412
user_baf68fe9,8,user_8a669dcd,0.617870
user_baf68fe9,9,user_66a7ce5a,0.616092
user_baf68fe9,10,user_d20928cc,0.611846
user_baf68fe9,11,user_b2dd04c8,0.595975
user_baf68fe9,12,user_3c81ee09,0.593217
user_baf68fe9,13,user_26565155,0.583230
user_baf68fe9,14,user_38f4dfac,0.576860
user_baf68fe9,15,user_efcacf59,0.575642
user_bb8be7e3,1,user_9d9fba70,0.801535
user_bb8be7e3,2,user_942ff21e,0.780905
user_bb8be7e3,3,user_66a7ce5a,0.765059
user_bb8be7e3,4,user_fe922ad0,0.760780
user_bb8be7e3,5,user_683369b1,0.750119
user_bb8be7e3,6,user_19622b77,0.739612
user_bb8be7e3,7,user_52f895f1,0.739462
user_bb8be7e3,8,user_4d4f73a6,0.738733
user_bb8be7e3,9,user_e8e9acac,0.722564
user_bb8be7e3,10,user_18522854,0.717178
user_bb8be7e3,11,user_f44f615a,0.715652
user_bb8be7e3,12,user_fe73d731,0.703698
user_bb8be7e3,13,user_07ec3726,0.684998
user_bb8be7e3,14,user_ffe2efae,0.680430
user_bb8be7e3,15,user_a16d1fb6,0.677822
user_bbcbf015,1,user_adab54a0,0.771395
user_bbcbf015,2,user_7aa3746b,0.751494
user_bbcbf015,3,user_dae4304f,0.747143
user_bbcbf015,4,user_b6d05d1d,0.746551
user_bbcbf015,5,user_a8dc91a3,0.745529
user_bbcbf015,6,user_9dda4af9,0.742239
user_bbcbf015,7,user_4ab9d510,0.737593
user_bbcbf015,8,user_a4a77a7d,0.731059
user_bbcbf015,9,user_f654c33b,0.730436
user_bbcbf015,10,user_d036c911,0.728311
user_bbcbf015,11,user_c35d6565,0.727841
user_bbcbf015,12,user_d96972e5,0.727247
user_bbcbf015,13,user_a151ddab,0.725399
user_bbcbf015,14,user_5d1b0daf,0.722153
user_bbcbf015,15,user_ce424e88,0.711873
user_bbe73426,1,user_83e30c57,0.874308
user_bbe73426,2,user_adab54a0,0.837052
user_bbe73426,3,user_f654c33b,0.836848
user_bbe73426,4,user_15179955,0.829652
user_bbe73426,5,user_c35d6565,0.821552
user_bbe73426,6,user_5c5a0b40,0.815365
user_bbe73426,7,user_9dda4af9,0.809251
user_bbe73426,8,user_b6d05d1d,0.808879
user_bbe73426,9,user_b49274ca,0.806679
user_bbe73426,10,user_8f8346ad,0.799885
user_bbe73426,11,user_5881b259,0.798533
user_bbe73426,12,user_b16e0cf8,0.798060
user_bbe73426,13,user_405db206,0.796787
user_bbe73426,14,user_8fe14601,0.794397
user_bbe73426,15,user_80dc757f,0.793411
user_bd19a016,1,user_a743aff9,0.822501
user_bd19a016,2,user_fdcaaf41,0.813512
user_bd19a016,3,user_d1d16d30,0.810357
user_bd19a016,4,user_4f755977,0.801763
user_bd19a016,5,user_0a0bcaa6,0.797200
user_bd19a016,6,user_095ff43e,0.791893
user_bd19a016,7,user_7924afc9,0.791837
user_bd19a016,8,user_636ad58f,0.791740
user_bd19a016,9,user_5881b259,0.790553
user_bd19a016,10,user_dbc4828c,0.783723
user_bd19a016,11,user_1936a7c3,0.779498
user_bd19a016,12,user_c39d41d7,0.778409
user_bd19a016,13,user_a01f16ac,0.773325
user_bd19a016,14,user_2e81a539,0.767719
user_bd19a016,15,user_bbe73426,0.764768
user_bd47000f,1,user_8e97a154,0.793407
user_bd47000f,2,user_f0cf195f,0.792711
user_bd47000f,3,user_df8dc9bb,0.789437
user_bd47000f,4,user_166a3647,0.784071
user_bd47000f,5,user_a2825b06,0.777444
user_bd47000f,6,user_0898fc4b,0.776164
user_bd47000f,7,user_3239132f,0.770468
user_bd47000f,8,user_bd47000f,0.768372
user_bd47000f,9,user_d96972e5,0.768284
user_bd47000f,10,user_a6c5a10c,0.765414
user_bd47000f,11,user_737dd050,0.764825
user_bd47000f,12,user_cbabbcee,0.761540
user_bd47000f,13,user_70bbda36,0.759153
user_bd47000f,14,user_586752e4,0.757448
user_bd47000f,15,user_8d22714e,0.757201
user_bdcc6e7d,1,user_b16e0cf8,0.840655
user_bdcc6e7d,2,user_fba6bcd4,0.840353
user_bdcc6e7d,3,user_03969305,0.824683
user_bdcc6e7d,4,user_bd19a016,0.824627
user_bdcc6e7d,5,user_b6350ec1,0.817400
user_bdcc6e7d,6,user_e802076d,0.810043
user_bdcc6e7d,7,user_adab54a0,0.806507
user_bdcc6e7d,8,user_8663226a,0.806081
user_bdcc6e7d,9,user_bdcc6e7d,0.805893
user_bdcc6e7d,10,user_1a2755b3,0.804634
user_bdcc6e7d,11,user_c39d41d7,0.800165
user_bdcc6e7d,12,user_c35d6565,0.799438
user_bdcc6e7d,13,user_f030b951,0.799336
user_bdcc6e7d,14,user_30802254,0.793146
user_bdcc6e7d,15,user_b4214db6,0.792727
user_be06391b,1,user_4e800fa1,0.642151
user_be06391b,2,user_394c25cc,0.630059
user_be06391b,3,user_10e64e28,0.629685
user_be06391b,4,user_be06391b,0.628708
user_be06391b,5,user_959adfc8,0.624379
user_be06391b,6,user_c204a1dd,0.619629
user_be06391b,7,user_38dc2894,0.617002
user_be06391b,8,user_0521a7ac,0.614703
user_be06391b,9,user_a151ddab,0.610272
user_be06391b,10,user_a7c6197a,0.610128
user_be06391b,11,user_d499c752,0.608332
user_be06391b,12,user_8dd20d7f,0.607361
user_be06391b,13,user_886f7373,0.606878
user_be06391b,14,user_970963fd,0.606018
user_be06391b,15,user_36d44add,0.605560
user_beca29a3,1,user_beca29a3,0.694612
user_beca29a3,2,user_8739102b,0.534777
user_beca29a3,3,user_0cd29f02,0.511911
user_beca29a3,4,user_f3a9f844,0.499677
user_beca29a3,5,user_18892460,0.478006
user_beca29a3,6,user_72b93300,0.471142
user_beca29a3,7,user_83a58842,0.469747
user_beca29a3,8,user_6deada35,0.438980
user_beca29a3,9,user_02d8a1f8,0.429687
user_beca29a3,10,user_8e217d1b,0.427184
user_beca29a3,11,user_7a7dda35,0.424618
user_beca29a3,12,user_a6c5a10c,0.423837
user_beca29a3,13,user_d691d016,0.423072
user_beca29a3,14,user_4144252d,0.422680
user_beca29a3,15,user_ef05ad51,0.421392
user_bf30f80d,1,user_4ea1ef09,0.882281
user_bf30f80d,2,user_04f39d22,0.878081
user_bf30f80d,3,user_7de6f343,0.869714
user_bf30f80d,4,user_2c2a5c24,0.859858
user_bf30f80d,5,user_421ae417,0.857910
user_bf30f80d,6,user_74cfb8ef,0.848992
user_bf30f80d,7,user_83e45cc0,0.845110
user_bf30f80d,8,user_40efa894,0.845069
user_bf30f80d,9,user_08c32973,0.840254
user_bf30f80d,10,user_bf30f80d,0.839046
user_bf30f80d,11,user_ba8b1c05,0.829508
user_bf30f80d,12,user_2e60c125,0.813885
user_bf30f80d,13,user_e409a56d,0.808484
user_bf30f80d,14,user_f3377028,0.806594
user_bf30f80d,15,user_0bc8e727,0.804432
user_c008345b,1,user_c008345b,0.793785
user_c008345b,2,user_8ac8f24f,0.750060
user_c008345b,3,user_25652863,0.743017
user_c008345b,4,user_b6350ec1,0.740444
user_c008345b,5,user_bd05225b,0.739516
user_c008345b,6,user_cbabbcee,0.729487
user_c008345b,7,user_81a80789,0.727874
user_c008345b,8,user_2920b35e,0.727664
user_c008345b,9,user_b16e0cf8,0.721274
user_c008345b,10,user_38ab51d4,0.720965
user_c008345b,11,user_fba6bcd4,0.718934
user_c008345b,12,user_e6dd44b0,0.718487
user_c008345b,13,user_5b714afd,0.717155
user_c008345b,14,user_032e5bc8,0.717119
user_c008345b,15,user_a7bfc229,0.712624
user_c0392523,1,user_2dc10d2d,0.733884
user_c0392523,2,user_543e79f5,0.709485
user_c0392523,3,user_ba4a78fc,0.696259
user_c0392523,4,user_daf53db6,0.689662
user_c0392523,5,user_c8f82360,0.682876
user_c0392523,6,user_649f4327,0.680311
user_c0392523,7,user_00723699,0.677626
user_c0392523,8,user_e838707b,0.671406
user_c0392523,9,user_25b48a9a,0.670541
user_c0392523,10,user_126670d7,0.669226
user_c0392523,11,user_acb51eed,0.665103
user_c0392523,12,user_16ac4154,0.663181
user_c0392523,13,user_903329bb,0.661814
user_c0392523,14,user_d2bd9832,0.661256
user_c0392523,15,user_bbb0205e,0.659118
user_c06d9b71,1,user_a01f16ac,0.855953
user_c06d9b71,2,user_636ad58f,0.841015
user_c06d9b71,3,user_d1d16d30,0.832353
user_c06d9b71,4,user_095ff43e,0.823796
user_c06d9b71,5,user_5881b259,0.821931
user_c06d9b71,6,user_b337cb0c,0.818218
user_c06d9b71,7,user_e802076d,0.807819
user_c06d9b71,8,user_0b64b183,0.806660
user_c06d9b71,9,user_5c5a0b40,0.806441
user_c06d9b71,10,user_c06d9b71,0.802933
user_c06d9b71,11,user_c008345b,0.795797
user_c06d9b71,12,user_eb0927d1,0.794382
user_c06d9b71,13,user_7b052f32,0.790044
user_c06d9b71,14,user_ef954c6e,0.788752
user_c06d9b71,15,user_886f7373,0.788375
user_c0eba9f2,1,user_a6c5a10c,0.679751
user_c0eba9f2,2,user_3239132f,0.672233
user_c0eba9f2,3,user_c903d3bb,0.660229
user_c0eba9f2,4,user_1246b252,0.649224
user_c0eba9f2,5,user_cbabbcee,0.641821
user_c0eba9f2,6,user_0b1b1d1c,0.641805
user_c0eba9f2,7,user_52c9252c,0.641705
user_c0eba9f2,8,user_03410579,0.634036
user_c0eba9f2,9,user_3e284ba5,0.628699
user_c0eba9f2,10,user_d691d016,0.625830
user_c0eba9f2,11,user_d2bd9832,0.622562
user_c0eba9f2,12,user_93cdb7a1,0.611247
user_c0eba9f2,13,user_4144252d,0.607077
user_c0eba9f2,14,user_364bb955,0.603219
user_c0eba9f2,15,user_66772d98,0.597501
user_c130412b,1,user_1a7d6cd5,0.836500
user_c130412b,2,user_81a80789,0.813421
user_c130412b,3,user_1246b252,0.813197
user_c130412b,4,user_7b5f54c0,0.809012
user_c130412b,5,user_8fb63eca,0.807618
user_c130412b,6,user_02fecea2,0.800076
user_c130412b,7,user_cbabbcee,0.791540
user_c130412b,8,user_25798310,0.786836
user_c130412b,9,user_b63ea1d4,0.782209
user_c130412b,10,user_166a3647,0.780603
user_c130412b,11,user_0b1b1d1c,0.780224
user_c130412b,12,user_b0129d9e,0.774583
user_c130412b,13,user_70bbda36,0.770811
user_c130412b,14,user_3e284ba5,0.769688
user_c130412b,15,user_d2bd9832,0.769254
user_c154e834,1,user_3b79395c,0.730040
user_c154e834,2,user_4f3b6241,0.719796
user_c154e834,3,user_0128a546,0.716583
user_c154e834,4,user_9a5457b0,0.716491
user_c154e834,5,user_c7beef01,0.714353
user_c154e834,6,user_ab86ab82,0.708123
user_c154e834,7,user_7709815a,0.706861
user_c154e834,8,user_164fe4b8,0.705943
user_c154e834,9,user_c50a487d,0.698966
user_c154e834,10,user_94cad3a5,0.697919
user_c154e834,11,user_9351238d,0.692079
user_c154e834,12,user_55058479,0.690113
user_c154e834,13,user_259776c7,0.685096
user_c154e834,14,user_9e328c4e,0.682116
user_c154e834,15,user_67acd9b1,0.681290
user_c157ca97,1,user_c157ca97,0.846109
user_c157ca97,2,user_52d3881c,0.705098
user_c157ca97,3,user_3535252b,0.677627
user_c157ca97,4,user_e88c308b,0.676124
user_c157ca97,5,user_833d8832,0.649591
user_c157ca97,6,user_043ea160,0.605882
user_c157ca97,7,user_efcacf59,0.599085
user_c157ca97,8,user_c536b01d,0.589406
user_c157ca97,9,user_338e1332,0.587835
user_c157ca97,10,user_d499c752,0.579771
user_c157ca97,11,user_164fe4b8,0.579472
user_c157ca97,12,user_3971c3e6,0.579273
user_c157ca97,13,user_8be3f554,0.571291
user_c157ca97,14,user_582ff5b2,0.569336
user_c157ca97,15,user_9d9fba70,0.567907
user_c204a1dd,1,user_e6dd44b0,0.786989
user_c204a1dd,2,user_a6c5a10c,0.756994
user_c204a1dd,3,user_b1a5a37e,0.755656
user_c204a1dd,4,user_07cb458d,0.741196
user_c204a1dd,5,user_0898fc4b,0.736036
user_c204a1dd,6,user_cbabbcee,0.731447
user_c204a1dd,7,user_d6175d39,0.728640
user_c204a1dd,8,user_02d8a1f8,0.726524
user_c204a1dd,9,user_5b714afd,0.726267
user_c204a1dd,10,user_fba6bcd4,0.726018
user_c204a1dd,11,user_5349c6cf,0.725709
user_c204a1dd,12,user_aabd2642,0.725503
user_c204a1dd,13,user_7a7dda35,0.717902
user_c204a1dd,14,user_72b93300,0.716393
user_c204a1dd,15,user_ed1aaed8,0.715437
user_c2f18cf7,1,user_9a5457b0,0.803238
user_c2f18cf7,2,user_3b1da5d9,0.778611
user_c2f18cf7,3,user_2c69b83e,0.777431
user_c2f18cf7,4,user_b63ea1d4,0.757624
user_c2f18cf7,5,user_67acd9b1,0.756708
user_c2f18cf7,6,user_ea67f9c6,0.752958
user_c2f18cf7,7,user_885e8708,0.751726
user_c2f18cf7,8,user_8713f22a,0.747805
user_c2f18cf7,9,user_3431c049,0.747471
user_c2f18cf7,10,user_aabd2642,0.736900
user_c2f18cf7,11,user_81a80789,0.735085
user_c2f18cf7,12,user_16ac4154,0.734523
user_c2f18cf7,13,user_7f623d19,0.732783
user_c2f18cf7,14,user_9351238d,0.731246
user_c2f18cf7,15,user_3bc84c13,0.728851
user_c3040c7c,1,user_d5b21e00,0.651802
user_c3040c7c,2,user_9d9fba70,0.638118
user_c3040c7c,3,user_96013176,0.610699
user_c3040c7c,4,user_d2bd9832,0.609388
user_c3040c7c,5,user_5c9b579a,0.604113
user_c3040c7c,6,user_4144252d,0.604032
user_c3040c7c,7,user_92fe4471,0.598082
user_c3040c7c,8,user_74da5a13,0.584761
user_c3040c7c,9,user_2e81a539,0.581787
user_c3040c7c,10,user_cce4f9c2,0.577734
user_c3040c7c,11,user_7d944883,0.570434
user_c3040c7c,12,user_7a7dda35,0.565805
user_c3040c7c,13,user_e931b2cd,0.562809
user_c3040c7c,14,user_ecc1ca0a,0.562671
user_c3040c7c,15,user_3239132f,0.562295
user_c39d41d7,1,user_aabd2642,0.854327
user_c39d41d7,2,user_b63ea1d4,0.852637
user_c39d41d7,3,user_fdcaaf41,0.839559
user_c39d41d7,4,user_2c69b83e,0.838955
user_c39d41d7,5,user_d758a0a1,0.815231
user_c39d41d7,6,user_c39d41d7,0.812298
user_c39d41d7,7,user_0e82fe11,0.809238
user_c39d41d7,8,user_dbc4828c,0.804524
user_c39d41d7,9,user_bd05225b,0.803899
user_c39d41d7,10,user_107259c3,0.801550
user_c39d41d7,11,user_7c7220a4,0.797873
user_c39d41d7,12,user_7f623d19,0.797635
user_c39d41d7,13,user_2e81a539,0.795441
user_c39d41d7,14,user_25798310,0.794706
user_c39d41d7,15,user_50e2a836,0.794109
user_c41de62b,1,user_aa4cc34a,0.849892
user_c41de62b,2,user_903329bb,0.821475
user_c41de62b,3,user_fb64cb55,0.809505
user_c41de62b,4,user_5b7d5e00,0.779532
user_c41de62b,5,user_6011e674,0.768230
user_c41de62b,6,user_59e8bc2a,0.768058
user_c41de62b,7,user_835666af,0.757630
user_c41de62b,8,user_d10d1f24,0.722522
user_c41de62b,9,user_5d7cbf11,0.717897
user_c41de62b,10,user_9ee84e18,0.705196
user_c41de62b,11,user_d023a78e,0.696205
user_c41de62b,12,user_95d648bc,0.689596
user_c41de62b,13,user_940c7213,0.686408
user_c41de62b,14,user_00723699,0.686238
user_c41de62b,15,user_737dd050,0.686167
user_c4c70447,1,user_cdd86523,0.897154
user_c4c70447,2,user_a57e47b1,0.872512
user_c4c70447,3,user_0eb2abf1,0.872231
user_c4c70447,4,user_c39d41d7,0.856845
user_c4c70447,5,user_c4c70447,0.856492
user_c4c70447,6,user_8a760553,0.848649
user_c4c70447,7,user_dbc4828c,0.848614
user_c4c70447,8,user_41d0c897,0.845619
user_c4c70447,9,user_2dd5b531,0.845373
user_c4c70447,10,user_54b19b29,0.841124
user_c4c70447,11,user_405db206,0.835751
user_c4c70447,12,user_73f34c5d,0.833222
user_c4c70447,13,user_69df6330,0.831843
user_c4c70447,14,user_8d968cfb,0.825232
user_c4c70447,15,user_2c69b83e,0.824882
user_c50a487d,1,user_cbabbcee,0.850715
user_c50a487d,2,user_aabd2642,0.845398
user_c50a487d,3,user_1246b252,0.836292
user_c50a487d,4,user_364bb955,0.834169
user_c50a487d,5,user_1a7d6cd5,0.824634
user_c50a487d,6,user_5c9b579a,0.824452
user_c50a487d,7,user_03410579,0.819262
user_c50a487d,8,user_6c2d672f,0.815599
user_c50a487d,9,user_4144252d,0.815485
user_c50a487d,10,user_147d1bbb,0.814700
user_c50a487d,11,user_02fecea2,0.811498
user_c50a487d,12,user_c50a487d,0.809338
user_c50a487d,13,user_2e81a539,0.808112
user_c50a487d,14,user_920c074a,0.799486
user_c50a487d,15,user_500badda,0.798657
user_c536b01d,1,user_e6057285,0.814673
user_c536b01d,2,user_aabd2642,0.809760
user_c536b01d,3,user_fba6bcd4,0.804069
user_c536b01d,4,user_83afc7b2,0.798214
user_c536b01d,5,user_2e81a539,0.794841
user_c536b01d,6,user_95d648bc,0.791763
user_c536b01d,7,user_ef954c6e,0.790780
user_c536b01d,8,user_1f1dc5e0,0.788526
user_c536b01d,9,user_3971c3e6,0.787343
user_c536b01d,10,user_bf69de98,0.787058
user_c536b01d,11,user_1b7f8c56,0.785063
user_c536b01d,12,user_7a7dda35,0.783894
user_c536b01d,13,user_5881b259,0.781127
user_c536b01d,14,user_7f56f9a5,0.780243
user_c536b01d,15,user_39b3eda0,0.773653
user_c59ebe9c,1,user_54c1ebee,0.764932
user_c59ebe9c,2,user_70bbda36,0.752398
user_c59ebe9c,3,user_c994138f,0.751555
user_c59ebe9c,4,user_df8dc9bb,0.751297
user_c59ebe9c,5,user_5526cbfd,0.744716
user_c59ebe9c,6,user_2c69b83e,0.741368
user_c59ebe9c,7,user_737dd050,0.738827
user_c59ebe9c,8,user_7b5f54c0,0.737889
user_c59ebe9c,9,user_4bd9303b,0.737832
user_c59ebe9c,10,user_2f4cc646,0.737614
user_c59ebe9c,11,user_b4d7e69a,0.735772
user_c59ebe9c,12,user_e696f3ae,0.733139
user_c59ebe9c,13,user_d691d016,0.728719
user_c59ebe9c,14,user_daf37424,0.728520
user_c59ebe9c,15,user_e802076d,0.726458
user_c5c57a9d,1,user_f930e37f,0.728066
user_c5c57a9d,2,user_058c1800,0.718207
user_c5c57a9d,3,user_2dd189e3,0.705089
user_c5c57a9d,4,user_b9036662,0.703649
user_c5c57a9d,5,user_4b139395,0.698527
user_c5c57a9d,6,user_2e81a539,0.696247
user_c5c57a9d,7,user_b350e22b,0.695460
user_c5c57a9d,8,user_82d93459,0.693825
user_c5c57a9d,9,user_c67f26cc,0.693070
user_c5c57a9d,10,user_cdd86523,0.691096
user_c5c57a9d,11,user_5c9b579a,0.690708
user_c5c57a9d,12,user_14a2d3c6,0.686408
user_c5c57a9d,13,user_f4f9490d,0.685707
user_c5c57a9d,14,user_bd05225b,0.685108
user_c5c57a9d,15,user_f6188968,0.684484
user_c5f32c0d,1,user_02d8a1f8,0.671649
user_c5f32c0d,2,user_0898fc4b,0.670170
user_c5f32c0d,3,user_a151ddab,0.665359
user_c5f32c0d,4,user_9dda4af9,0.662107
user_c5f32c0d,5,user_7a7dda35,0.662018
user_c5f32c0d,6,user_ff7631ef,0.659871
user_c5f32c0d,7,user_a2480011,0.657047
user_c5f32c0d,8,user_e6dd44b0,0.655354
user_c5f32c0d,9,user_e5a6abbe,0.654386
user_c5f32c0d,10,user_07cb458d,0.652052
user_c5f32c0d,11,user_5881b259,0.651605
user_c5f32c0d,12,user_3239132f,0.650105
user_c5f32c0d,13,user_d6175d39,0.648545
user_c5f32c0d,14,user_56909460,0.648199
user_c5f32c0d,15,user_38f4dfac,0.643134
user_c60d65b5,1,user_69df6330,0.914227
user_c60d65b5,2,user_e8d15537,0.908785
user_c60d65b5,3,user_c60d65b5,0.861150
user_c60d65b5,4,user_f654c33b,0.836908
user_c60d65b5,5,user_a743aff9,0.832352
user_c60d65b5,6,user_c39d41d7,0.824098
user_c60d65b5,7,user_b49274ca,0.815620
user_c60d65b5,8,user_723406a0,0.811844
user_c60d65b5,9,user_5881b259,0.811056
user_c60d65b5,10,user_5993b36a,0.802636
user_c60d65b5,11,user_dbc4828c,0.793144
user_c60d65b5,12,user_5a283043,0.792043
user_c60d65b5,13,user_84e93af7,0.791800
user_c60d65b5,14,user_eb0927d1,0.791449
user_c60d65b5,15,user_7924afc9,0.790726
user_c67f26cc,1,user_c67f26cc,0.785383
user_c67f26cc,2,user_2dd189e3,0.766104
user_c67f26cc,3,user_039d004e,0.761224
user_c67f26cc,4,user_c5c57a9d,0.749413
user_c67f26cc,5,user_2eb5d860,0.735099
user_c67f26cc,6,user_906e2423,0.700899
user_c67f26cc,7,user_4b139395,0.693058
user_c67f26cc,8,user_efac3c1d,0.659544
user_c67f26cc,9,user_d849ac6e,0.641127
user_c67f26cc,10,user_126670d7,0.625741
user_c67f26cc,11,user_9bee2a7c,0.623886
user_c67f26cc,12,user_b9036662,0.621521
user_c67f26cc,13,user_91f807b9,0.617892
user_c67f26cc,14,user_6fbf6191,0.613954
user_c67f26cc,15,user_c6f50d12,0.610342
user_c709e252,1,user_daf53db6,0.793713
user_c709e252,2,user_99c67f2f,0.771324
user_c709e252,3,user_6011e674,0.752055
user_c709e252,4,user_543e79f5,0.751292
user_c709e252,5,user_00723699,0.749855
user_c709e252,6,user_2f766c23,0.747812
user_c709e252,7,user_417702c5,0.743947
user_c709e252,8,user_649f4327,0.735479
user_c709e252,9,user_f8e2246f,0.734618
user_c709e252,10,user_d10d1f24,0.733763
user_c709e252,11,user_2d74cd4c,0.728387
user_c709e252,12,user_9c5cd7fa,0.726423
user_c709e252,13,user_71b9b8e0,0.724520
user_c709e252,14,user_b325310b,0.722959
user_c709e252,15,user_2dc10d2d,0.721945
user_c809e3d2,1,user_d2c97c8e,0.791708
user_c809e3d2,2,user_3239132f,0.773467
user_c809e3d2,3,user_d691d016,0.763803
user_c809e3d2,4,user_72b93300,0.763564
user_c809e3d2,5,user_a6c5a10c,0.755278
user_c809e3d2,6,user_364bb955,0.754753
user_c809e3d2,7,user_394c25cc,0.753993
user_c809e3d2,8,user_8ae8c359,0.743973
user_c809e3d2,9,user_a7b901f2,0.741597
user_c809e3d2,10,user_3971c3e6,0.740095
user_c809e3d2,11,user_e6057285,0.739949
user_c809e3d2,12,user_18892460,0.738848
user_c809e3d2,13,user_0521a7ac,0.736198
user_c809e3d2,14,user_372c2b3e,0.735938
user_c809e3d2,15,user_aabd2642,0.733393
user_c81fae29,1,user_8e5e899b,0.797745
user_c81fae29,2,user_e8cdb142,0.779728
user_c81fae29,3,user_903329bb,0.748080
user_c81fae29,4,user_858fa00c,0.738096
user_c81fae29,5,user_a7f8db34,0.725792
user_c81fae29,6,user_5ac1a174,0.725152
user_c81fae29,7,user_835666af,0.723599
user_c81fae29,8,user_2c39731d,0.720275
user_c81fae29,9,user_87e5d9b0,0.719067
user_c81fae29,10,user_4144252d,0.705749
user_c81fae29,11,user_8e97a154,0.692745
user_c81fae29,12,user_ff39b6cf,0.690531
user_c81fae29,13,user_233fda02,0.689307
user_c81fae29,14,user_87bbc3b5,0.686611
user_c81fae29,15,user_058d9dc1,0.683493
user_c883258f,1,user_8e5e899b,0.839992
user_c883258f,2,user_87e5d9b0,0.825055
user_c883258f,3,user_233fda02,0.818181
user_c883258f,4,user_ff39b6cf,0.763507
user_c883258f,5,user_4144252d,0.763029
user_c883258f,6,user_3b90fb53,0.759399
user_c883258f,7,user_2c39731d,0.759252
user_c883258f,8,user_e8cdb142,0.758265
user_c883258f,9,user_5ac1a174,0.751437
user_c883258f,10,user_858fa00c,0.742495
user_c883258f,11,user_903329bb,0.722097
user_c883258f,12,user_ed3091a2,0.706972
user_c883258f,13,user_dc20c886,0.694178
user_c883258f,14,user_a7f8db34,0.691601
user_c883258f,15,user_f4f9490d,0.689749
user_c8e749e2,1,user_e6057285,0.859241
user_c8e749e2,2,user_f51339f8,0.844139
user_c8e749e2,3,user_1f1dc5e0,0.842775
user_c8e749e2,4,user_a743aff9,0.837919
user_c8e749e2,5,user_5881b259,0.837802
user_c8e749e2,6,user_fba6bcd4,0.834808
user_c8e749e2,7,user_d1d16d30,0.832075
user_c8e749e2,8,user_bbe73426,0.814883
user_c8e749e2,9,user_1a2755b3,0.814824
user_c8e749e2,10,user_c39d41d7,0.814313
user_c8e749e2,11,user_2e81a539,0.811767
user_c8e749e2,12,user_1936a7c3,0.811384
user_c8e749e2,13,user_f75c71f0,0.809691
user_c8e749e2,14,user_fa60616d,0.807656
user_c8e749e2,15,user_205d25f3,0.807360
user_c903d3bb,1,user_03410579,0.857571
user_c903d3bb,2,user_70bbda36,0.857458
user_c903d3bb,3,user_54c1ebee,0.851385
user_c903d3bb,4,user_df8dc9bb,0.837898
user_c903d3bb,5,user_e802076d,0.827899
user_c903d3bb,6,user_166a3647,0.821413
user_c903d3bb,7,user_4bd9303b,0.820696
user_c903d3bb,8,user_d691d016,0.816458
user_c903d3bb,9,user_66772d98,0.814254
user_c903d3bb,10,user_a7b901f2,0.813791
user_c903d3bb,11,user_147d1bbb,0.813376
user_c903d3bb,12,user_7b5f54c0,0.811803
user_c903d3bb,13,user_9a307ebe,0.810930
user_c903d3bb,14,user_b0129d9e,0.810435
user_c903d3bb,15,user_02fecea2,0.807504
user_c96b90fe,1,user_5881b259,0.844466
user_c96b90fe,2,user_0eb2abf1,0.840483
user_c96b90fe,3,user_9600e8bf,0.837696
user_c96b90fe,4,user_c39d41d7,0.835996
user_c96b90fe,5,user_d1d16d30,0.831425
user_c96b90fe,6,user_fde2d265,0.823424
user_c96b90fe,7,user_c06d9b71,0.821126
user_c96b90fe,8,user_636ad58f,0.818621
user_c96b90fe,9,user_954805d7,0.810067
user_c96b90fe,10,user_dbc4828c,0.809809
user_c96b90fe,11,user_0a3bcf86,0.809176
user_c96b90fe,12,user_1a2755b3,0.807514
user_c96b90fe,13,user_b49274ca,0.806144
user_c96b90fe,14,user_f654c33b,0.805583
user_c96b90fe,15,user_cdd86523,0.801576
user_c994138f,1,user_7f56f9a5,0.853210
user_c994138f,2,user_54c1ebee,0.852405
user_c994138f,3,user_c994138f,0.823264
user_c994138f,4,user_e6057285,0.821200
user_c994138f,5,user_03410579,0.818226
user_c994138f,6,user_70bbda36,0.816483
user_c994138f,7,user_aabd2642,0.816361
user_c994138f,8,user_2e81a539,0.815408
user_c994138f,9,user_147d1bbb,0.814995
user_c994138f,10,user_586752e4,0.813446
user_c994138f,11,user_d691d016,0.810827
user_c994138f,12,user_daf37424,0.809959
user_c994138f,13,user_920c074a,0.803261
user_c994138f,14,user_df8dc9bb,0.803049
user_c994138f,15,user_25798310,0.802467
user_caa6a7b6,1,user_1cbb30b1,0.685993
user_caa6a7b6,2,user_9600e8bf,0.682864
user_caa6a7b6,3,user_d5b21e00,0.651673
user_caa6a7b6,4,user_0a3bcf86,0.647936
user_caa6a7b6,5,user_886f7373,0.642921
user_caa6a7b6,6,user_a7b901f2,0.619550
user_caa6a7b6,7,user_69193575,0.617172
user_caa6a7b6,8,user_89197ce5,0.613167
user_caa6a7b6,9,user_83b871b5,0.610697
user_caa6a7b6,10,user_a57a04fa,0.609168
user_caa6a7b6,11,user_d50d7985,0.599527
user_caa6a7b6,12,user_9d8095fc,0.594860
user_caa6a7b6,13,user_529e3009,0.594649
user_caa6a7b6,14,user_83a58842,0.591115
user_caa6a7b6,15,user_9991e1d8,0.591107
user_caebed72,1,user_2d74cd4c,0.891780
user_caebed72,2,user_b325310b,0.889756
user_caebed72,3,user_1b7f8c56,0.878270
user_caebed72,4,user_d3663143,0.869957
user_caebed72,5,user_b6b89f00,0.868555
user_caebed72,6,user_9e39a95d,0.865310
user_caebed72,7,user_f8e2246f,0.863031
user_caebed72,8,user_afff552a,0.854429
user_caebed72,9,user_8fbb6d9c,0.848713
user_caebed72,10,user_6bb64984,0.848587
user_caebed72,11,user_417702c5,0.845443
user_caebed72,12,user_3ac315cb,0.841220
user_caebed72,13,user_2cb4b018,0.833159
user_caebed72,14,user_aa2fbe83,0.828858
user_caebed72,15,user_fb64cb55,0.821966
user_cb2fe204,1,user_d20928cc,0.629875
user_cb2fe204,2,user_a2503734,0.617916
user_cb2fe204,3,user_75251485,0.589290
user_cb2fe204,4,user_23ecc36a,0.587111
user_cb2fe204,5,user_1b460965,0.586973
user_cb2fe204,6,user_18522854,0.585361
user_cb2fe204,7,user_b2dd04c8,0.578794
user_cb2fe204,8,user_515ae840,0.576484
user_cb2fe204,9,user_fca58a87,0.576358
user_cb2fe204,10,user_165a2706,0.568954
user_cb2fe204,11,user_1232c39b,0.567435
user_cb2fe204,12,user_d67450a8,0.557907
user_cb2fe204,13,user_49b1ac46,0.556688
user_cb2fe204,14,user_823846de,0.554054
user_cb2fe204,15,user_24668d84,0.551216
user_cb8245f7,1,user_a01f16ac,0.833452
user_cb8245f7,2,user_fba6bcd4,0.819071
user_cb8245f7,3,user_c008345b,0.805734
user_cb8245f7,4,user_cb2fe204,0.802385
user_cb8245f7,5,user_d1d16d30,0.798711
user_cb8245f7,6,user_9600e8bf,0.798097
user_cb8245f7,7,user_7a7dda35,0.784719
user_cb8245f7,8,user_bbe73426,0.783940
user_cb8245f7,9,user_b337cb0c,0.782136
user_cb8245f7,10,user_43a979d2,0.778185
user_cb8245f7,11,user_c06d9b71,0.776868
user_cb8245f7,12,user_8ac8f24f,0.772284
user_cb8245f7,13,user_b6350ec1,0.771453
user_cb8245f7,14,user_73f34c5d,0.768719
user_cb8245f7,15,user_d6175d39,0.766825
user_cdd86523,1,user_beca29a3,0.693791
user_cdd86523,2,user_a4aab257,0.652002
user_cdd86523,3,user_63b4ae7a,0.641532
user_cdd86523,4,user_d20928cc,0.626500
user_cdd86523,5,user_d14b7d7b,0.615656
user_cdd86523,6,user_2c3eb234,0.605611
user_cdd86523,7,user_515ae840,0.605585
user_cdd86523,8,user_b8f24804,0.601146
user_cdd86523,9,user_18522854,0.596517
user_cdd86523,10,user_c0392523,0.589063
user_cdd86523,11,user_8c0c7619,0.586464
user_cdd86523,12,user_0bd8ba7c,0.584294
user_cdd86523,13,user_0cd29f02,0.575922
user_cdd86523,14,user_4bf6a4a0,0.571781
user_cdd86523,15,user_b2dd04c8,0.557069
user_cf393213,1,user_bbe73426,0.885412
user_cf393213,2,user_e6057285,0.873089
user_cf393213,3,user_1f1dc5e0,0.850250
user_cf393213,4,user_6d071251,0.842848
user_cf393213,5,user_5881b259,0.841097
user_cf393213,6,user_d1d16d30,0.840640
user_cf393213,7,user_bf69de98,0.838840
user_cf393213,8,user_1936a7c3,0.834269
user_cf393213,9,user_0521a7ac,0.831440
user_cf393213,10,user_394c25cc,0.828992
user_cf393213,11,user_ef954c6e,0.825487
user_cf393213,12,user_886f7373,0.823914
user_cf393213,13,user_cb2fe204,0.823570
user_cf393213,14,user_38dc2894,0.819120
user_cf393213,15,user_30802254,0.815902
user_d023a78e,1,user_d5d4fc6e,0.742486
user_d023a78e,2,user_6d2cb415,0.627305
user_d023a78e,3,user_75251485,0.611056
user_d023a78e,4,user_c60d65b5,0.600569
user_d023a78e,5,user_e8d15537,0.578323
user_d023a78e,6,user_c5c57a9d,0.578214
user_d023a78e,7,user_24668d84,0.575481
user_d023a78e,8,user_51779823,0.570632
user_d023a78e,9,user_4384dffe,0.568311
user_d023a78e,10,user_56980aa9,0.567887
user_d023a78e,11,user_d20928cc,0.563759
user_d023a78e,12,user_b9036662,0.547019
user_d023a78e,13,user_a4aab257,0.542503
user_d023a78e,14,user_829844fd,0.535754
user_d023a78e,15,user_79a1811b,0.534303
user_d036c911,1,user_2c69b83e,0.854996
user_d036c911,2,user_fdc08e26,0.851975
user_d036c911,3,user_aabd2642,0.851404
user_d036c911,4,user_43049634,0.848872
user_d036c911,5,user_1b7f8c56,0.848081
user_d036c911,6,user_98f18241,0.839624
user_d036c911,7,user_3ff3188b,0.834630
user_d036c911,8,user_04f39d22,0.830944
user_d036c911,9,user_e696f3ae,0.829136
user_d036c911,10,user_fdcaaf41,0.828086
user_d036c911,11,user_16ac4154,0.827748
user_d036c911,12,user_03969305,0.827154
user_d036c911,13,user_d3663143,0.823813
user_d036c911,14,user_ae306850,0.822574
user_d036c911,15,user_54b19b29,0.819115
user_d074356a,1,user_397cfe20,0.549139
user_d074356a,2,user_fa69a385,0.508447
user_d074356a,3,user_c0392523,0.495801
user_d074356a,4,user_2c3eb234,0.464026
user_d074356a,5,user_d14b7d7b,0.462786
user_d074356a,6,user_3666402b,0.459966
user_d074356a,7,user_a0517bef,0.444718
user_d074356a,8,user_0bd8ba7c,0.437632
user_d074356a,9,user_815b7baf,0.431990
user_d074356a,10,user_d5379647,0.430402
user_d074356a,11,user_8a3bbeb2,0.428323
user_d074356a,12,user_8c0c7619,0.426121
user_d074356a,13,user_94f4a027,0.410358
user_d074356a,14,user_44567221,0.406797
user_d074356a,15,user_f7bb8af1,0.390478
user_d10d1f24,1,user_d96972e5,0.709389
user_d10d1f24,2,user_543e79f5,0.709267
user_d10d1f24,3,user_2dc10d2d,0.701095
user_d10d1f24,4,user_aa4cc34a,0.693200
user_d10d1f24,5,user_aa2fbe83,0.685107
user_d10d1f24,6,user_cbabbcee,0.682661
user_d10d1f24,7,user_835666af,0.680297
user_d10d1f24,8,user_f0cf195f,0.674278
user_d10d1f24,9,user_fb64cb55,0.669731
user_d10d1f24,10,user_00723699,0.667374
user_d10d1f24,11,user_3b90fb53,0.666349
user_d10d1f24,12,user_aabd2642,0.666006
user_d10d1f24,13,user_d2bd9832,0.664581
user_d10d1f24,14,user_acb51eed,0.662732
user_d10d1f24,15,user_903329bb,0.662116
user_d14b7d7b,1,user_6169d3b8,0.806061
user_d14b7d7b,2,user_25798310,0.799218
user_d14b7d7b,3,user_586752e4,0.798856
user_d14b7d7b,4,user_166a3647,0.795990
user_d14b7d7b,5,user_737dd050,0.794664
user_d14b7d7b,6,user_6deada35,0.791965
user_d14b7d7b,7,user_70bbda36,0.790832
user_d14b7d7b,8,user_df8dc9bb,0.787361
user_d14b7d7b,9,user_107259c3,0.781660
user_d14b7d7b,10,user_147d1bbb,0.781022
user_d14b7d7b,11,user_26fa9d90,0.778459
user_d14b7d7b,12,user_8e97a154,0.777518
user_d14b7d7b,13,user_9a307ebe,0.777182
user_d14b7d7b,14,user_7b5f54c0,0.775483
user_d14b7d7b,15,user_b4d7e69a,0.774887
user_d1d16d30,1,user_8be3f554,0.702456
user_d1d16d30,2,user_74d27419,0.679570
user_d1d16d30,3,user_2e05a7a0,0.674824
user_d1d16d30,4,user_efcacf59,0.667988
user_d1d16d30,5,user_a8dc91a3,0.665298
user_d1d16d30,6,user_ee8d5ec5,0.662254
user_d1d16d30,7,user_a8c2208d,0.654252
user_d1d16d30,8,user_259776c7,0.652801
user_d1d16d30,9,user_2b03934e,0.651615
user_d1d16d30,10,user_cf393213,0.648087
user_d1d16d30,11,user_8a669dcd,0.647434
user_d1d16d30,12,user_65d73ac1,0.642321
user_d1d16d30,13,user_5d1b0daf,0.641593
user_d1d16d30,14,user_6fbf6191,0.640949
user_d1d16d30,15,user_91f807b9,0.635398
user_d2c97c8e,1,user_bbb0205e,0.732149
user_d2c97c8e,2,user_d2c97c8e,0.712250
user_d2c97c8e,3,user_c1a70ab7,0.694429
user_d2c97c8e,4,user_815b7baf,0.692720
user_d2c97c8e,5,user_5159d3a1,0.691700
user_d2c97c8e,6,user_b1a5a37e,0.690068
user_d2c97c8e,7,user_f5e1eee0,0.689789
user_d2c97c8e,8,user_372c2b3e,0.689136
user_d2c97c8e,9,user_58bfeaad,0.685097
user_d2c97c8e,10,user_c8f82360,0.682037
user_d2c97c8e,11,user_64cd3098,0.680255
user_d2c97c8e,12,user_126670d7,0.676857
user_d2c97c8e,13,user_ab86ab82,0.676612
user_d2c97c8e,14,user_8006727d,0.675224
user_d2c97c8e,15,user_f7fd2885,0.674704
user_d4b7e22e,1,user_8285a696,0.676222
user_d4b7e22e,2,user_7d944883,0.643603
user_d4b7e22e,3,user_efa5697b,0.642960
user_d4b7e22e,4,user_058d9dc1,0.642503
user_d4b7e22e,5,user_d5379647,0.630541
user_d4b7e22e,6,user_d4b7e22e,0.629613
user_d4b7e22e,7,user_9d9fba70,0.627741
user_d4b7e22e,8,user_823846de,0.607970
user_d4b7e22e,9,user_e4f8ab0c,0.590749
user_d4b7e22e,10,user_338e1332,0.590387
user_d4b7e22e,11,user_903329bb,0.589885
user_d4b7e22e,12,user_7322f4ef,0.588035
user_d4b7e22e,13,user_835666af,0.587678
user_d4b7e22e,14,user_49b1ac46,0.586916
user_d4b7e22e,15,user_e8cdb142,0.586437
user_d50d7985,1,user_737dd050,0.769848
user_d50d7985,2,user_54c1ebee,0.764093
user_d50d7985,3,user_7b5f54c0,0.757196
user_d50d7985,4,user_8e97a154,0.754324
user_d50d7985,5,user_166a3647,0.751049
user_d50d7985,6,user_70bbda36,0.746894
user_d50d7985,7,user_df8dc9bb,0.745463
user_d50d7985,8,user_c994138f,0.739812
user_d50d7985,9,user_66772d98,0.738308
user_d50d7985,10,user_147d1bbb,0.737166
user_d50d7985,11,user_81a80789,0.737107
user_d50d7985,12,user_daf37424,0.733787
user_d50d7985,13,user_b4d7e69a,0.733384
user_d50d7985,14,user_a7b901f2,0.733191
user_d50d7985,15,user_b0129d9e,0.728291
user_d5d4fc6e,1,user_e8cdb142,0.652687
user_d5d4fc6e,2,user_98a676ce,0.646757
user_d5d4fc6e,3,user_3b90fb53,0.633161
user_d5d4fc6e,4,user_858fa00c,0.628377
user_d5d4fc6e,5,user_829844fd,0.625787
user_d5d4fc6e,6,user_b2f3c0d2,0.619198
user_d5d4fc6e,7,user_903329bb,0.619063
user_d5d4fc6e,8,user_ed3091a2,0.619007
user_d5d4fc6e,9,user_b7f60e64,0.608455
user_d5d4fc6e,10,user_e4f8ab0c,0.607385
user_d5d4fc6e,11,user_5f4ee256,0.606207
user_d5d4fc6e,12,user_1bcbacb3,0.596178
user_d5d4fc6e,13,user_07db2c6a,0.594557
user_d5d4fc6e,14,user_49b1ac46,0.594394
user_d5d4fc6e,15,user_2c39731d,0.594292
user_d761140c,1,user_2e81a539,0.778222
user_d761140c,2,user_a01f16ac,0.754196
user_d761140c,3,user_aabd2642,0.749892
user_d761140c,4,user_bd05225b,0.731627
user_d761140c,5,user_d1d16d30,0.730696
user_d761140c,6,user_c39d41d7,0.727447
user_d761140c,7,user_7a7dda35,0.726659
user_d761140c,8,user_dbc4828c,0.726597
user_d761140c,9,user_e6057285,0.726509
user_d761140c,10,user_5993b36a,0.725317
user_d761140c,11,user_0e82fe11,0.724975
user_d761140c,12,user_a6c5a10c,0.719038
user_d761140c,13,user_36d44add,0.717095
user_d761140c,14,user_96013176,0.715112
user_d761140c,15,user_fba6bcd4,0.714417
user_d849ac6e,1,user_96c3cc43,0.752164
user_d849ac6e,2,user_4384dffe,0.737366
user_d849ac6e,3,user_582ff5b2,0.733062
user_d849ac6e,4,user_d5379647,0.727013
user_d849ac6e,5,user_6b311f43,0.718345
user_d849ac6e,6,user_c60d65b5,0.714300
user_d849ac6e,7,user_4db0d490,0.697904
user_d849ac6e,8,user_b6d05d1d,0.693474
user_d849ac6e,9,user_65d73ac1,0.690093
user_d849ac6e,10,user_e8d15537,0.687608
user_d849ac6e,11,user_75905116,0.684065
user_d849ac6e,12,user_c35d6565,0.681940
user_d849ac6e,13,user_56e6d0cd,0.676507
user_d849ac6e,14,user_57c1d6c0,0.674062
user_d849ac6e,15,user_1736acbe,0.670279
user_d955d7e2,1,user_636ad58f,0.844448
user_d955d7e2,2,user_5881b259,0.835698
user_d955d7e2,3,user_d70942c1,0.816952
user_d955d7e2,4,user_c39d41d7,0.816615
user_d955d7e2,5,user_50e2a836,0.811876
user_d955d7e2,6,user_e5a6abbe,0.803726
user_d955d7e2,7,user_d199bef3,0.802589
user_d955d7e2,8,user_f654c33b,0.801050
user_d955d7e2,9,user_fca58a87,0.796297
user_d955d7e2,10,user_d1d16d30,0.793645
user_d955d7e2,11,user_b16e0cf8,0.793202
user_d955d7e2,12,user_a01f16ac,0.792775
user_d955d7e2,13,user_095ff43e,0.791261
user_d955d7e2,14,user_954805d7,0.789120
user_d955d7e2,15,user_dd1d7b22,0.785221
user_da51dede,1,user_da51dede,0.821773
user_da51dede,2,user_500badda,0.814619
user_da51dede,3,user_40efa894,0.782528
user_da51dede,4,user_74cfb8ef,0.779683
user_da51dede,5,user_7de6f343,0.776328
user_da51dede,6,user_5b714afd,0.762782
user_da51dede,7,user_ba8b1c05,0.762474
user_da51dede,8,user_d2c97c8e,0.761373
user_da51dede,9,user_3e284ba5,0.756643
user_da51dede,10,user_25652863,0.753717
user_da51dede,11,user_3239132f,0.751396
user_da51dede,12,user_372c2b3e,0.750157
user_da51dede,13,user_7c3d63ce,0.750097
user_da51dede,14,user_e6dd44b0,0.745085
user_da51dede,15,user_0f0ad720,0.745016
user_dac2c359,1,user_efa5697b,0.797254
user_dac2c359,2,user_058d9dc1,0.784832
user_dac2c359,3,user_0669bdf6,0.781627
user_dac2c359,4,user_ab30f0fb,0.769352
user_dac2c359,5,user_a4a77a7d,0.748400
user_dac2c359,6,user_dac2c359,0.740544
user_dac2c359,7,user_14a2d3c6,0.727977
user_dac2c359,8,user_7322f4ef,0.727417
user_dac2c359,9,user_3f2fbc90,0.726375
user_dac2c359,10,user_e4f8ab0c,0.717558
user_dac2c359,11,user_858fa00c,0.712688
user_dac2c359,12,user_d758a0a1,0.711015
user_dac2c359,13,user_5ac1a174,0.705247
user_dac2c359,14,user_d6a91e61,0.700611
user_dac2c359,15,user_6a0b0e92,0.698264
user_daf37424,1,user_16b87e34,0.681775
user_daf37424,2,user_3666402b,0.669671
user_daf37424,3,user_378003e3,0.592958
user_daf37424,4,user_1f636ddc,0.578428
user_daf37424,5,user_bb8be7e3,0.575664
user_daf37424,6,user_2f4cc646,0.573718
user_daf37424,7,user_8e92b8c1,0.565952
user_daf37424,8,user_ba010eec,0.557533
user_daf37424,9,user_900ffd5c,0.556778
user_daf37424,10,user_66a7ce5a,0.555853
user_daf37424,11,user_efb27a8e,0.554820
user_daf37424,12,user_83585fc6,0.554751
user_daf37424,13,user_7f623d19,0.548370
user_daf37424,14,user_acd6ddfb,0.548063
user_daf37424,15,user_338e1332,0.542827
user_db4c3fb9,1,user_2c69b83e,0.830782
user_db4c3fb9,2,user_fba6bcd4,0.811347
user_db4c3fb9,3,user_b6350ec1,0.799679
user_db4c3fb9,4,user_c39d41d7,0.792475
user_db4c3fb9,5,user_d6175d39,0.792007
user_db4c3fb9,6,user_5881b259,0.787563
user_db4c3fb9,7,user_dbc4828c,0.780577
user_db4c3fb9,8,user_70bbda36,0.779328
user_db4c3fb9,9,user_fa60616d,0.776752
user_db4c3fb9,10,user_07cb458d,0.776177
user_db4c3fb9,11,user_3ff3188b,0.776080
user_db4c3fb9,12,user_cbabbcee,0.776022
user_db4c3fb9,13,user_aa2fbe83,0.773554
user_db4c3fb9,14,user_e6dd44b0,0.772871
user_db4c3fb9,15,user_aabd2642,0.769702
user_dbbf562e,1,user_df8dc9bb,0.792669
user_dbbf562e,2,user_a7b901f2,0.787218
user_dbbf562e,3,user_70bbda36,0.778288
user_dbbf562e,4,user_54c1ebee,0.778042
user_dbbf562e,5,user_107259c3,0.777954
user_dbbf562e,6,user_26fa9d90,0.770803
user_dbbf562e,7,user_737dd050,0.768107
user_dbbf562e,8,user_8e97a154,0.767463
user_dbbf562e,9,user_586752e4,0.764846
user_dbbf562e,10,user_66772d98,0.764242
user_dbbf562e,11,user_166a3647,0.762599
user_dbbf562e,12,user_7b5f54c0,0.762424
user_dbbf562e,13,user_b0129d9e,0.761500
user_dbbf562e,14,user_147d1bbb,0.759720
user_dbbf562e,15,user_5c9b579a,0.755076
user_dc326993,1,user_ca6074df,0.745300
user_dc326993,2,user_5d1b0daf,0.727988
user_dc326993,3,user_3535252b,0.707353
user_dc326993,4,user_f43d6008,0.693224
user_dc326993,5,user_18522854,0.685463
user_dc326993,6,user_582ff5b2,0.683761
user_dc326993,7,user_daf53db6,0.675265
user_dc326993,8,user_6b311f43,0.675109
user_dc326993,9,user_1736acbe,0.669852
user_dc326993,10,user_c6f50d12,0.667248
user_dc326993,11,user_a8dc91a3,0.667231
user_dc326993,12,user_9c5cd7fa,0.663357
user_dc326993,13,user_649f4327,0.660673
user_dc326993,14,user_9dda4af9,0.659606
user_dc326993,15,user_d036c911,0.659510
user_dc32d458,1,user_38f4dfac,0.830054
user_dc32d458,2,user_d6175d39,0.813898
user_dc32d458,3,user_d199bef3,0.800322
user_dc32d458,4,user_17607ebc,0.781871
user_dc32d458,5,user_b6350ec1,0.776312
user_dc32d458,6,user_43a979d2,0.776311
user_dc32d458,7,user_7a7dda35,0.766666
user_dc32d458,8,user_73623b4e,0.765054
user_dc32d458,9,user_07cb458d,0.758648
user_dc32d458,10,user_73f34c5d,0.753828
user_dc32d458,11,user_aa31484a,0.750551
user_dc32d458,12,user_38ab51d4,0.749228
user_dc32d458,13,user_092e219d,0.748191
user_dc32d458,14,user_e5a6abbe,0.747765
user_dc32d458,15,user_9d65649f,0.741141
user_dca78fea,1,user_8be3f554,0.727306
user_dca78fea,2,user_daf37424,0.706801
user_dca78fea,3,user_65d73ac1,0.683198
user_dca78fea,4,user_0a3bcf86,0.678130
user_dca78fea,5,user_67acd9b1,0.677894
user_dca78fea,6,user_c994138f,0.676464
user_dca78fea,7,user_c8f82360,0.673926
user_dca78fea,8,user_406c399e,0.669246
user_dca78fea,9,user_cf393213,0.664897
user_dca78fea,10,user_c34e791e,0.662487
user_dca78fea,11,user_e802076d,0.662132
user_dca78fea,12,user_a8dc91a3,0.660625
user_dca78fea,13,user_9a307ebe,0.659349
user_dca78fea,14,user_9dda4af9,0.654573
user_dca78fea,15,user_815b7baf,0.653456
user_dd0bd02d,1,user_ed3091a2,0.705606
user_dd0bd02d,2,user_f43d6008,0.699457
user_dd0bd02d,3,user_a2480011,0.684978
user_dd0bd02d,4,user_1bcbacb3,0.670375
user_dd0bd02d,5,user_73a4377d,0.652083
user_dd0bd02d,6,user_75251485,0.649777
user_dd0bd02d,7,user_17355c30,0.649144
user_dd0bd02d,8,user_8d22714e,0.647265
user_dd0bd02d,9,user_0669bdf6,0.644521
user_dd0bd02d,10,user_835666af,0.643118
user_dd0bd02d,11,user_858fa00c,0.641627
user_dd0bd02d,12,user_e70b6a25,0.640502
user_dd0bd02d,13,user_0e82fe11,0.637393
user_dd0bd02d,14,user_884ffdb2,0.633200
user_dd0bd02d,15,user_29cd4556,0.632806
user_df8dc9bb,1,user_a7b901f2,0.677449
user_df8dc9bb,2,user_8ac8f24f,0.664958
user_df8dc9bb,3,user_364bb955,0.649360
user_df8dc9bb,4,user_7b5f54c0,0.646950
user_df8dc9bb,5,user_9600e8bf,0.643833
user_df8dc9bb,6,user_c008345b,0.635372
user_df8dc9bb,7,user_a01f16ac,0.635031
user_df8dc9bb,8,user_81a80789,0.632122
user_df8dc9bb,9,user_147d1bbb,0.623268
user_df8dc9bb,10,user_cbabbcee,0.621309
user_df8dc9bb,11,user_acd6ddfb,0.621166
user_df8dc9bb,12,user_e802076d,0.618791
user_df8dc9bb,13,user_e5a6abbe,0.610992
user_df8dc9bb,14,user_54c1ebee,0.606296
user_df8dc9bb,15,user_0a3bcf86,0.605564
user_dffc0da5,1,user_a01f16ac,0.867804
user_dffc0da5,2,user_886f7373,0.858349
user_dffc0da5,3,user_18892460,0.835243
user_dffc0da5,4,user_e6057285,0.832298
user_dffc0da5,5,user_5881b259,0.826238
user_dffc0da5,6,user_c5f32c0d,0.817167
user_dffc0da5,7,user_ef954c6e,0.815133
user_dffc0da5,8,user_d1d16d30,0.813610
user_dffc0da5,9,user_b23aa915,0.809342
user_dffc0da5,10,user_54c1ebee,0.805676
user_dffc0da5,11,user_80dc757f,0.805171
user_dffc0da5,12,user_5993b36a,0.804950
user_dffc0da5,13,user_f654c33b,0.803822
user_dffc0da5,14,user_39b3eda0,0.802010
user_dffc0da5,15,user_df8dc9bb,0.797933
user_e0c65725,1,user_364bb955,0.883385
user_e0c65725,2,user_3b1da5d9,0.862129
user_e0c65725,3,user_b0129d9e,0.852170
user_e0c65725,4,user_81a80789,0.845930
user_e0c65725,5,user_70bbda36,0.845925
user_e0c65725,6,user_25798310,0.841599
user_e0c65725,7,user_ed1aaed8,0.840574
user_e0c65725,8,user_166a3647,0.837777
user_e0c65725,9,user_5c9b579a,0.835125
user_e0c65725,10,user_aabd2642,0.834289
user_e0c65725,11,user_4bd9303b,0.831844
user_e0c65725,12,user_7b5f54c0,0.829306
user_e0c65725,13,user_03410579,0.828478
user_e0c65725,14,user_147d1bbb,0.828356
user_e0c65725,15,user_7de6f343,0.828339
user_e10c98bb,1,user_0cd29f02,0.464186
user_e10c98bb,2,user_636d1da4,0.460533
user_e10c98bb,3,user_beca29a3,0.458962
user_e10c98bb,4,user_8e217d1b,0.444270
user_e10c98bb,5,user_72b93300,0.443099
user_e10c98bb,6,user_e838707b,0.429022
user_e10c98bb,7,user_efcacf59,0.425457
user_e10c98bb,8,user_a6c2e760,0.420033
user_e10c98bb,9,user_3ae49e46,0.415333
user_e10c98bb,10,user_3bc84c13,0.412958
user_e10c98bb,11,user_96d9cb9a,0.412774
user_e10c98bb,12,user_ebddf9c1,0.404477
user_e10c98bb,13,user_9c5071dd,0.403041
user_e10c98bb,14,user_a6c5a10c,0.402520
user_e10c98bb,15,user_d691d016,0.400325
user_e14b88a8,1,user_e14b88a8,0.807227
user_e14b88a8,2,user_7b4c75ab,0.663897
user_e14b88a8,3,user_18c333c6,0.640321
user_e14b88a8,4,user_1246b252,0.615222
user_e14b88a8,5,user_36d44add,0.609981
user_e14b88a8,6,user_414a6eaf,0.605558
user_e14b88a8,7,user_ee05ee55,0.605099
user_e14b88a8,8,user_f5fea76f,0.598644
user_e14b88a8,9,user_eda37c14,0.598558
user_e14b88a8,10,user_7a8f7f3e,0.585582
user_e14b88a8,11,user_13fb2e34,0.578361
user_e14b88a8,12,user_8e97a154,0.577932
user_e14b88a8,13,user_7c7220a4,0.577165
user_e14b88a8,14,user_2e81a539,0.575083
user_e14b88a8,15,user_8fb63eca,0.573133
user_e1730a9c,1,user_f654c33b,0.863426
user_e1730a9c,2,user_5881b259,0.829548
user_e1730a9c,3,user_d1d16d30,0.824688
user_e1730a9c,4,user_c39d41d7,0.806683
user_e1730a9c,5,user_b49274ca,0.805272
user_e1730a9c,6,user_7aa3746b,0.805105
user_e1730a9c,7,user_dbc4828c,0.800804
user_e1730a9c,8,user_02d03e8a,0.796987
user_e1730a9c,9,user_c35d6565,0.790524
user_e1730a9c,10,user_1a2755b3,0.789770
user_e1730a9c,11,user_954805d7,0.789544
user_e1730a9c,12,user_636ad58f,0.787833
user_e1730a9c,13,user_adab54a0,0.786642
user_e1730a9c,14,user_b6350ec1,0.785401
user_e1730a9c,15,user_fba6bcd4,0.785097
user_e409a56d,1,user_e409a56d,0.878613
user_e409a56d,2,user_e6dd44b0,0.878163
user_e409a56d,3,user_25652863,0.870288
user_e409a56d,4,user_7de6f343,0.861556
user_e409a56d,5,user_b6350ec1,0.849728
user_e409a56d,6,user_a3a4a20a,0.844241
user_e409a56d,7,user_421ae417,0.841928
user_e409a56d,8,user_3b1da5d9,0.841704
user_e409a56d,9,user_07cb458d,0.837343
user_e409a56d,10,user_04f39d22,0.832440
user_e409a56d,11,user_ed1aaed8,0.830401
user_e409a56d,12,user_70bbda36,0.827487
user_e409a56d,13,user_81c4dae1,0.827180
user_e409a56d,14,user_d6175d39,0.825987
user_e409a56d,15,user_3ff3188b,0.825490
user_e4ab67b6,1,user_5ac1a174,0.810303
user_e4ab67b6,2,user_8e5e899b,0.797129
user_e4ab67b6,3,user_8e97a154,0.795998
user_e4ab67b6,4,user_858fa00c,0.795703
user_e4ab67b6,5,user_6a0b0e92,0.785210
user_e4ab67b6,6,user_0cc626ee,0.772536
user_e4ab67b6,7,user_a4a77a7d,0.770344
user_e4ab67b6,8,user_0669bdf6,0.769158
user_e4ab67b6,9,user_8d22714e,0.763553
user_e4ab67b6,10,user_737dd050,0.760347
user_e4ab67b6,11,user_586752e4,0.759800
user_e4ab67b6,12,user_e59c000f,0.754872
user_e4ab67b6,13,user_9ee84e18,0.754835
user_e4ab67b6,14,user_835666af,0.754722
user_e4ab67b6,15,user_233fda02,0.752648
user_e4f8ab0c,1,user_fba6bcd4,0.805595
user_e4f8ab0c,2,user_d758a0a1,0.794804
user_e4f8ab0c,3,user_40a0bad3,0.775803
user_e4f8ab0c,4,user_0e82fe11,0.767223
user_e4f8ab0c,5,user_c994138f,0.759799
user_e4f8ab0c,6,user_7aa3746b,0.758937
user_e4f8ab0c,7,user_5526cbfd,0.758250
user_e4f8ab0c,8,user_03969305,0.756874
user_e4f8ab0c,9,user_c39d41d7,0.754197
user_e4f8ab0c,10,user_1a2755b3,0.753842
user_e4f8ab0c,11,user_daf37424,0.752956
user_e4f8ab0c,12,user_636ad58f,0.750217
user_e4f8ab0c,13,user_e4f8ab0c,0.749964
user_e4f8ab0c,14,user_bd05225b,0.748354
user_e4f8ab0c,15,user_147d1bbb,0.746910
user_e51692a6,1,user_66a7ce5a,0.688245
user_e51692a6,2,user_f14dc486,0.672748
user_e51692a6,3,user_0bd8ba7c,0.666693
user_e51692a6,4,user_19622b77,0.645852
user_e51692a6,5,user_26565155,0.644384
user_e51692a6,6,user_9d9fba70,0.622865
user_e51692a6,7,user_fe922ad0,0.622727
user_e51692a6,8,user_833d8832,0.622216
user_e51692a6,9,user_683369b1,0.600223
user_e51692a6,10,user_942ff21e,0.598172
user_e51692a6,11,user_2b03934e,0.596688
user_e51692a6,12,user_8c0c7619,0.589588
user_e51692a6,13,user_515ae840,0.581662
user_e51692a6,14,user_fe73d731,0.575914
user_e51692a6,15,user_23ecc36a,0.572216
user_e59c000f,1,user_df8dc9bb,0.828596
user_e59c000f,2,user_e59c000f,0.799854
user_e59c000f,3,user_83afc7b2,0.797114
user_e59c000f,4,user_a4893af1,0.795344
user_e59c000f,5,user_166a3647,0.794189
user_e59c000f,6,user_8ae8c359,0.792705
user_e59c000f,7,user_2e81a539,0.789626
user_e59c000f,8,user_8e97a154,0.787124
user_e59c000f,9,user_414a6eaf,0.785953
user_e59c000f,10,user_107259c3,0.782186
user_e59c000f,11,user_3239132f,0.781580
user_e59c000f,12,user_38433566,0.779962
user_e59c000f,13,user_5c9b579a,0.779628
user_e59c000f,14,user_e6dd44b0,0.778976
user_e59c000f,15,user_b350e22b,0.778782
user_e5f67397,1,user_a411fb06,0.698223
user_e5f67397,2,user_ab8e847b,0.687088
user_e5f67397,3,user_16b87e34,0.681544
user_e5f67397,4,user_3666402b,0.659156
user_e5f67397,5,user_ecf8f97f,0.651959
user_e5f67397,6,user_a16d1fb6,0.588489
user_e5f67397,7,user_52f895f1,0.584314
user_e5f67397,8,user_c130412b,0.576367
user_e5f67397,9,user_0c8c48ac,0.571332
user_e5f67397,10,user_41b20ee4,0.570075
user_e5f67397,11,user_efb27a8e,0.567465
user_e5f67397,12,user_338e1332,0.556705
user_e5f67397,13,user_1eefeb8c,0.555189
user_e5f67397,14,user_a0517bef,0.546407
user_e5f67397,15,user_c7beef01,0.543581
user_e64d80ba,1,user_e64d80ba,0.903603
user_e64d80ba,2,user_b4f295b3,0.877530
user_e64d80ba,3,user_70bbda36,0.824437
user_e64d80ba,4,user_ded778b8,0.819492
user_e64d80ba,5,user_0ff0b922,0.808379
user_e64d80ba,6,user_107259c3,0.788550
user_e64d80ba,7,user_9571d0d5,0.784903
user_e64d80ba,8,user_9a307ebe,0.779270
user_e64d80ba,9,user_586752e4,0.772462
user_e64d80ba,10,user_02016939,0.770566
user_e64d80ba,11,user_03969305,0.770467
user_e64d80ba,12,user_79f38f6d,0.768863
user_e64d80ba,13,user_c34e791e,0.768449
user_e64d80ba,14,user_500badda,0.766944
user_e64d80ba,15,user_6fc85c06,0.763241
user_e6dd44b0,1,user_3ff3188b,0.846262
user_e6dd44b0,2,user_04f39d22,0.841103
user_e6dd44b0,3,user_dae4304f,0.827223
user_e6dd44b0,4,user_c34e791e,0.819251
user_e6dd44b0,5,user_9dda4af9,0.815855
user_e6dd44b0,6,user_c35d6565,0.813944
user_e6dd44b0,7,user_e696f3ae,0.801975
user_e6dd44b0,8,user_fba6bcd4,0.801604
user_e6dd44b0,9,user_8d968cfb,0.800067
user_e6dd44b0,10,user_81c4dae1,0.799901
user_e6dd44b0,11,user_8be3f554,0.799404
user_e6dd44b0,12,user_d6175d39,0.797728
user_e6dd44b0,13,user_41d0c897,0.796931
user_e6dd44b0,14,user_1a2755b3,0.796479
user_e6dd44b0,15,user_e6057285,0.796018
user_e7a55eac,1,user_3239132f,0.842028
user_e7a55eac,2,user_a6c5a10c,0.828661
user_e7a55eac,3,user_54c1ebee,0.818032
user_e7a55eac,4,user_166a3647,0.812134
user_e7a55eac,5,user_df8dc9bb,0.809491
user_e7a55eac,6,user_7b5f54c0,0.807809
user_e7a55eac,7,user_8dd20d7f,0.801528
user_e7a55eac,8,user_d691d016,0.794807
user_e7a55eac,9,user_d2bd9832,0.789063
user_e7a55eac,10,user_8e97a154,0.789057
user_e7a55eac,11,user_25798310,0.788493
user_e7a55eac,12,user_3e284ba5,0.785622
user_e7a55eac,13,user_a2825b06,0.785511
user_e7a55eac,14,user_02d8a1f8,0.783117
user_e7a55eac,15,user_737dd050,0.782962
user_e802076d,1,user_e802076d,0.861890
user_e802076d,2,user_0ff0b922,0.856017
user_e802076d,3,user_70bbda36,0.817937
user_e802076d,4,user_ded778b8,0.807349
user_e802076d,5,user_e6dd44b0,0.800912
user_e802076d,6,user_c34e791e,0.800866
user_e802076d,7,user_0898fc4b,0.795456
user_e802076d,8,user_a3a4a20a,0.792620
user_e802076d,9,user_1a2755b3,0.789615
user_e802076d,10,user_daf37424,0.788995
user_e802076d,11,user_02016939,0.788414
user_e802076d,12,user_91db6e48,0.786476
user_e802076d,13,user_147d1bbb,0.786338
user_e802076d,14,user_9a307ebe,0.785789
user_e802076d,15,user_f030b951,0.785415
user_e838707b,1,user_205d25f3,0.784996
user_e838707b,2,user_bbe73426,0.763846
user_e838707b,3,user_1f1dc5e0,0.754742
user_e838707b,4,user_52c9252c,0.754731
user_e838707b,5,user_01916bd2,0.751918
user_e838707b,6,user_a01f16ac,0.746399
user_e838707b,7,user_fba6bcd4,0.742308
user_e838707b,8,user_1936a7c3,0.737289
user_e838707b,9,user_95d648bc,0.730598
user_e838707b,10,user_ef05ad51,0.727894
user_e838707b,11,user_bf69de98,0.726220
user_e838707b,12,user_18892460,0.725709
user_e838707b,13,user_7a7dda35,0.725311
user_e838707b,14,user_e6057285,0.720622
user_e838707b,15,user_62b122b9,0.720216
user_e8613813,1,user_54c1ebee,0.842437
user_e8613813,2,user_c994138f,0.842426
user_e8613813,3,user_df8dc9bb,0.839594
user_e8613813,4,user_25798310,0.832036
user_e8613813,5,user_147d1bbb,0.825951
user_e8613813,6,user_7b5f54c0,0.823380
user_e8613813,7,user_daf37424,0.814019
user_e8613813,8,user_1246b252,0.812063
user_e8613813,9,user_2f4cc646,0.811577
user_e8613813,10,user_d691d016,0.805076
user_e8613813,11,user_6deada35,0.802710
user_e8613813,12,user_b350e22b,0.801029
user_e8613813,13,user_ed1aaed8,0.796148
user_e8613813,14,user_7f56f9a5,0.794517
user_e8613813,15,user_c5f32c0d,0.790823
user_e88c308b,1,user_b6350ec1,0.824785
user_e88c308b,2,user_fba6bcd4,0.824663
user_e88c308b,3,user_d6175d39,0.820904
user_e88c308b,4,user_a01f16ac,0.803694
user_e88c308b,5,user_17607ebc,0.796504
user_e88c308b,6,user_7aa3746b,0.791415
user_e88c308b,7,user_f654c33b,0.789419
user_e88c308b,8,user_b16e0cf8,0.787241
user_e88c308b,9,user_d1d16d30,0.783003
user_e88c308b,10,user_1a2755b3,0.782160
user_e88c308b,11,user_8663226a,0.780460
user_e88c308b,12,user_095ff43e,0.778954
user_e88c308b,13,user_ee89e069,0.776693
user_e88c308b,14,user_5881b259,0.771930
user_e88c308b,15,user_43a979d2,0.771748
user_e8a7be73,1,user_d5b21e00,0.720503
user_e8a7be73,2,user_9600e8bf,0.712924
user_e8a7be73,3,user_96013176,0.709559
user_e8a7be73,4,user_7aa3746b,0.708248
user_e8a7be73,5,user_c994138f,0.704174
user_e8a7be73,6,user_daf37424,0.701158
user_e8a7be73,7,user_8285a696,0.693262
user_e8a7be73,8,user_586752e4,0.692911
user_e8a7be73,9,user_858fa00c,0.691656
user_e8a7be73,10,user_0e82fe11,0.690376
user_e8a7be73,11,user_5881b259,0.690098
user_e8a7be73,12,user_65d73ac1,0.686188
user_e8a7be73,13,user_d758a0a1,0.683263
user_e8a7be73,14,user_1a2755b3,0.682839
user_e8a7be73,15,user_dc32d458,0.680613
user_e8e9acac,1,user_b63ea1d4,0.847423
user_e8e9acac,2,user_9a5457b0,0.839061
user_e8e9acac,3,user_02fecea2,0.830321
user_e8e9acac,4,user_67acd9b1,0.826156
user_e8e9acac,5,user_8fb63eca,0.826138
user_e8e9acac,6,user_1a7d6cd5,0.816520
user_e8e9acac,7,user_81a80789,0.803705
user_e8e9acac,8,user_3431c049,0.797520
user_e8e9acac,9,user_76638121,0.797454
user_e8e9acac,10,user_e8e9acac,0.792758
user_e8e9acac,11,user_1246b252,0.790797
user_e8e9acac,12,user_c50a487d,0.788296
user_e8e9acac,13,user_7b5f54c0,0.788063
user_e8e9acac,14,user_166a3647,0.778709
user_e8e9acac,15,user_acd6ddfb,0.775321
user_e9d1886c,1,user_394c25cc,0.769832
user_e9d1886c,2,user_72b93300,0.769674
user_e9d1886c,3,user_a6c5a10c,0.758741
user_e9d1886c,4,user_02016939,0.754609
user_e9d1886c,5,user_d691d016,0.744312
user_e9d1886c,6,user_3971c3e6,0.736886
user_e9d1886c,7,user_10e64e28,0.731300
user_e9d1886c,8,user_e6057285,0.728999
user_e9d1886c,9,user_6deada35,0.728359
user_e9d1886c,10,user_32ae32f9,0.726274
user_e9d1886c,11,user_fba6bcd4,0.725198
user_e9d1886c,12,user_5526cbfd,0.724219
user_e9d1886c,13,user_886f7373,0.722724
user_e9d1886c,14,user_959adfc8,0.721473
user_e9d1886c,15,user_39b3eda0,0.718589
user_ea67f9c6,1,user_ab434739,0.654524
user_ea67f9c6,2,user_baeb91b3,0.624603
user_ea67f9c6,3,user_ea67f9c6,0.620048
user_ea67f9c6,4,user_107259c3,0.611106
user_ea67f9c6,5,user_1ae8e7f5,0.599351
user_ea67f9c6,6,user_b1d0760b,0.598218
user_ea67f9c6,7,user_aa4cc34a,0.587615
user_ea67f9c6,8,user_8e92b8c1,0.587390
user_ea67f9c6,9,user_07db2c6a,0.581632
user_ea67f9c6,10,user_17054ec7,0.578574
user_ea67f9c6,11,user_d7fde080,0.576982
user_ea67f9c6,12,user_9c88ee3d,0.575926
user_ea67f9c6,13,user_8e5e899b,0.561881
user_ea67f9c6,14,user_943e4045,0.560590
user_ea67f9c6,15,user_7c7220a4,0.554923
user_ebe17c78,1,user_89e04335,0.812906
user_ebe17c78,2,user_e7ff2beb,0.807066
user_ebe17c78,3,user_a4893af1,0.805898
user_ebe17c78,4,user_83afc7b2,0.805207
user_ebe17c78,5,user_df8dc9bb,0.805010
user_ebe17c78,6,user_03410579,0.802786
user_ebe17c78,7,user_cbabbcee,0.792822
user_ebe17c78,8,user_500badda,0.790848
user_ebe17c78,9,user_147d1bbb,0.788346
user_ebe17c78,10,user_9a307ebe,0.788341
user_ebe17c78,11,user_a3a4a20a,0.788104
user_ebe17c78,12,user_67acd9b1,0.783132
user_ebe17c78,13,user_fdcaaf41,0.780217
user_ebe17c78,14,user_aabd2642,0.775113
user_ebe17c78,15,user_88b2faba,0.773735
user_ec574395,1,user_79f04645,0.836996
user_ec574395,2,user_a8dc91a3,0.823282
user_ec574395,3,user_9d65649f,0.822168
user_ec574395,4,user_8fe14601,0.813516
user_ec574395,5,user_29cd4556,0.793240
user_ec574395,6,user_fde2d265,0.792748
user_ec574395,7,user_d93b53bd,0.789348
user_ec574395,8,user_954805d7,0.779687
user_ec574395,9,user_657c72ca,0.771892
user_ec574395,10,user_02d03e8a,0.764899
user_ec574395,11,user_43a979d2,0.762329
user_ec574395,12,user_6b86248b,0.761718
user_ec574395,13,user_17607ebc,0.758276
user_ec574395,14,user_ec574395,0.756947
user_ec574395,15,user_aa31484a,0.754005
user_ecba8131,1,user_36d44add,0.759017
user_ecba8131,2,user_dae4304f,0.681808
user_ecba8131,3,user_d1d16d30,0.678872
user_ecba8131,4,user_41d0c897,0.677370
user_ecba8131,5,user_f654c33b,0.669009
user_ecba8131,6,user_89e04335,0.666207
user_ecba8131,7,user_4e800fa1,0.664919
user_ecba8131,8,user_7aa3746b,0.661139
user_ecba8131,9,user_80dc757f,0.655954
user_ecba8131,10,user_2dd5b531,0.642088
user_ecba8131,11,user_5881b259,0.636774
user_ecba8131,12,user_bf69de98,0.629901
user_ecba8131,13,user_e6057285,0.623790
user_ecba8131,14,user_adab54a0,0.623097
user_ecba8131,15,user_406c399e,0.620188
user_ecc1ca0a,1,user_e802076d,0.738318
user_ecc1ca0a,2,user_394c25cc,0.725715
user_ecc1ca0a,3,user_38dc2894,0.700887
user_ecc1ca0a,4,user_e6057285,0.698643
user_ecc1ca0a,5,user_83b871b5,0.696298
user_ecc1ca0a,6,user_1a2755b3,0.695975
user_ecc1ca0a,7,user_66772d98,0.695462
user_ecc1ca0a,8,user_daf37424,0.688433
user_ecc1ca0a,9,user_0a3bcf86,0.680968
user_ecc1ca0a,10,user_c9007141,0.679643
user_ecc1ca0a,11,user_0521a7ac,0.679457
user_ecc1ca0a,12,user_8dd20d7f,0.678845
user_ecc1ca0a,13,user_89e04335,0.678601
user_ecc1ca0a,14,user_886f7373,0.676521
user_ecc1ca0a,15,user_9600e8bf,0.675434
user_ed1aaed8,1,user_ed1aaed8,0.840902
user_ed1aaed8,2,user_7b5f54c0,0.840526
user_ed1aaed8,3,user_25798310,0.826649
user_ed1aaed8,4,user_147d1bbb,0.820806
user_ed1aaed8,5,user_5526cbfd,0.820660
user_ed1aaed8,6,user_3e284ba5,0.818875
user_ed1aaed8,7,user_1246b252,0.809748
user_ed1aaed8,8,user_920c074a,0.806868
user_ed1aaed8,9,user_aabd2642,0.806629
user_ed1aaed8,10,user_885e8708,0.805167
user_ed1aaed8,11,user_70bbda36,0.802279
user_ed1aaed8,12,user_81a80789,0.802066
user_ed1aaed8,13,user_54c1ebee,0.801759
user_ed1aaed8,14,user_b63ea1d4,0.800552
user_ed1aaed8,15,user_2f4cc646,0.800234
user_ee05ee55,1,user_b0129d9e,0.771959
user_ee05ee55,2,user_93cdb7a1,0.769703
user_ee05ee55,3,user_5c9b579a,0.767172
user_ee05ee55,4,user_fcf93ee8,0.753731
user_ee05ee55,5,user_f070eee7,0.737854
user_ee05ee55,6,user_ee05ee55,0.722152
user_ee05ee55,7,user_107259c3,0.718800
user_ee05ee55,8,user_1a7d6cd5,0.715813
user_ee05ee55,9,user_5738db35,0.712948
user_ee05ee55,10,user_02fecea2,0.710837
user_ee05ee55,11,user_567057e7,0.710783
user_ee05ee55,12,user_03410579,0.710743
user_ee05ee55,13,user_4144252d,0.707938
user_ee05ee55,14,user_c81fae29,0.705970
user_ee05ee55,15,user_0b1b1d1c,0.705900
user_ee14f818,1,user_c39d41d7,0.845049
user_ee14f818,2,user_f27da10a,0.836465
user_ee14f818,3,user_5881b259,0.833416
user_ee14f818,4,user_c5f32c0d,0.830527
user_ee14f818,5,user_25798310,0.827990
user_ee14f818,6,user_147d1bbb,0.827070
user_ee14f818,7,user_fdcaaf41,0.825311
user_ee14f818,8,user_bd05225b,0.824040
user_ee14f818,9,user_fdc08e26,0.823457
user_ee14f818,10,user_c008345b,0.821114
user_ee14f818,11,user_54c1ebee,0.817674
user_ee14f818,12,user_e6057285,0.816462
user_ee14f818,13,user_d1d16d30,0.815807
user_ee14f818,14,user_723406a0,0.815466
user_ee14f818,15,user_b63ea1d4,0.814413
user_ee8d5ec5,1,user_9c5071dd,0.788951
user_ee8d5ec5,2,user_7bbd1543,0.736934
user_ee8d5ec5,3,user_2cb4b018,0.724444
user_ee8d5ec5,4,user_205d25f3,0.719618
user_ee8d5ec5,5,user_d1d16d30,0.718870
user_ee8d5ec5,6,user_bbe73426,0.714978
user_ee8d5ec5,7,user_7b052f32,0.708142
user_ee8d5ec5,8,user_1f1dc5e0,0.703243
user_ee8d5ec5,9,user_ebddf9c1,0.695973
user_ee8d5ec5,10,user_a01f16ac,0.694515
user_ee8d5ec5,11,user_95d648bc,0.691238
user_ee8d5ec5,12,user_27a3fa64,0.689499
user_ee8d5ec5,13,user_aabd2642,0.688685
user_ee8d5ec5,14,user_ef954c6e,0.686222
user_ee8d5ec5,15,user_18892460,0.684059
user_ef954c6e,1,user_c35d6565,0.880860
user_ef954c6e,2,user_9dda4af9,0.877164
user_ef954c6e,3,user_b6d05d1d,0.842882
user_ef954c6e,4,user_56e6d0cd,0.829261
user_ef954c6e,5,user_a8dc91a3,0.814241
user_ef954c6e,6,user_daf37424,0.807581
user_ef954c6e,7,user_d036c911,0.804112
user_ef954c6e,8,user_657c72ca,0.801573
user_ef954c6e,9,user_29cd4556,0.800345
user_ef954c6e,10,user_bdcc6e7d,0.800159
user_ef954c6e,11,user_57c1d6c0,0.799806
user_ef954c6e,12,user_ca6074df,0.799691
user_ef954c6e,13,user_adab54a0,0.799609
user_ef954c6e,14,user_f030b951,0.799201
user_ef954c6e,15,user_9ce96cbf,0.797703
user_efcacf59,1,user_970963fd,0.724337
user_efcacf59,2,user_954805d7,0.701039
user_efcacf59,3,user_39b3eda0,0.680717
user_efcacf59,4,user_36d44add,0.679465
user_efcacf59,5,user_aabd2642,0.678644
user_efcacf59,6,user_7a7dda35,0.674079
user_efcacf59,7,user_72b93300,0.670375
user_efcacf59,8,user_f0b144fc,0.668043
user_efcacf59,9,user_b337cb0c,0.658678
user_efcacf59,10,user_d1d16d30,0.657077
user_efcacf59,11,user_9c5071dd,0.657046
user_efcacf59,12,user_4f8b6987,0.654617
user_efcacf59,13,user_5993b36a,0.653377
user_efcacf59,14,user_7b052f32,0.650759
user_efcacf59,15,user_9c5e4782,0.648947
user_f030b951,1,user_dbc4828c,0.763589
user_f030b951,2,user_aabd2642,0.762635
user_f030b951,3,user_c39d41d7,0.758456
user_f030b951,4,user_636ad58f,0.752944
user_f030b951,5,user_2c69b83e,0.745576
user_f030b951,6,user_fba6bcd4,0.744496
user_f030b951,7,user_1ef33a43,0.743609
user_f030b951,8,user_a7bfc229,0.742829
user_f030b951,9,user_5881b259,0.742168
user_f030b951,10,user_0e82fe11,0.741054
user_f030b951,11,user_7aa3746b,0.738926
user_f030b951,12,user_737d3148,0.738317
user_f030b951,13,user_1a2755b3,0.736877
user_f030b951,14,user_e6057285,0.732955
user_f030b951,15,user_ab439a92,0.732889
user_f070eee7,1,user_7c7220a4,0.817745
user_f070eee7,2,user_107259c3,0.809186
user_f070eee7,3,user_5c9b579a,0.807796
user_f070eee7,4,user_586752e4,0.800159
user_f070eee7,5,user_0c578ab5,0.799560
user_f070eee7,6,user_81a80789,0.793323
user_f070eee7,7,user_aabd2642,0.791950
user_f070eee7,8,user_25798310,0.791297
user_f070eee7,9,user_f070eee7,0.790041
user_f070eee7,10,user_b4f295b3,0.787059
user_f070eee7,11,user_70bbda36,0.785970
user_f070eee7,12,user_500badda,0.785600
user_f070eee7,13,user_7b5f54c0,0.772785
user_f070eee7,14,user_b63ea1d4,0.771615
user_f070eee7,15,user_14a2d3c6,0.767977
user_f0b144fc,1,user_efa5697b,0.745150
user_f0b144fc,2,user_7d944883,0.706186
user_f0b144fc,3,user_058d9dc1,0.693981
user_f0b144fc,4,user_8e5e899b,0.675969
user_f0b144fc,5,user_ed3091a2,0.664894
user_f0b144fc,6,user_5ac1a174,0.662519
user_f0b144fc,7,user_d4b7e22e,0.658743
user_f0b144fc,8,user_7322f4ef,0.657476
user_f0b144fc,9,user_ab30f0fb,0.656317
user_f0b144fc,10,user_903329bb,0.656186
user_f0b144fc,11,user_8285a696,0.655034
user_f0b144fc,12,user_e4f8ab0c,0.651748
user_f0b144fc,13,user_d758a0a1,0.649955
user_f0b144fc,14,user_d7fde080,0.644440
user_f0b144fc,15,user_dac2c359,0.644168
user_f0cf195f,1,user_f0cf195f,0.667161
user_f0cf195f,2,user_b9d253e8,0.614279
user_f0cf195f,3,user_543e79f5,0.599013
user_f0cf195f,4,user_2dc10d2d,0.589371
user_f0cf195f,5,user_02d8a1f8,0.588129
user_f0cf195f,6,user_00723699,0.577812
user_f0cf195f,7,user_cbabbcee,0.576713
user_f0cf195f,8,user_3239132f,0.569739
user_f0cf195f,9,user_ce424e88,0.563990
user_f0cf195f,10,user_0a3bcf86,0.561657
user_f0cf195f,11,user_5b714afd,0.559829
user_f0cf195f,12,user_bd47000f,0.558901
user_f0cf195f,13,user_226be32f,0.557343
user_f0cf195f,14,user_e6dd44b0,0.553941
user_f0cf195f,15,user_a4893af1,0.549615
user_f107081e,1,user_c06d9b71,0.805276
user_f107081e,2,user_b337cb0c,0.764459
user_f107081e,3,user_c008345b,0.760829
user_f107081e,4,user_0b64b183,0.758318
user_f107081e,5,user_7c8639cd,0.758050
user_f107081e,6,user_7924afc9,0.751918
user_f107081e,7,user_529e3009,0.747378
user_f107081e,8,user_40a0bad3,0.742139
user_f107081e,9,user_7fd91653,0.741241
user_f107081e,10,user_2cb4b018,0.735405
user_f107081e,11,user_0a0bcaa6,0.732581
user_f107081e,12,user_5a283043,0.729955
user_f107081e,13,user_a01f16ac,0.725839
user_f107081e,14,user_50e2a836,0.724685
user_f107081e,15,user_1a2755b3,0.722200
user_f27da10a,1,user_b6350ec1,0.826030
user_f27da10a,2,user_d6175d39,0.824594
user_f27da10a,3,user_54c1ebee,0.819667
user_f27da10a,4,user_7b5f54c0,0.813336
user_f27da10a,5,user_fba6bcd4,0.805813
user_f27da10a,6,user_b16e0cf8,0.803920
user_f27da10a,7,user_07cb458d,0.799747
user_f27da10a,8,user_2c69b83e,0.798472
user_f27da10a,9,user_c5f32c0d,0.796279
user_f27da10a,10,user_c39d41d7,0.795936
user_f27da10a,11,user_ed1aaed8,0.795478
user_f27da10a,12,user_03969305,0.793787
user_f27da10a,13,user_70bbda36,0.793750
user_f27da10a,14,user_a01f16ac,0.793628
user_f27da10a,15,user_aabd2642,0.791868
user_f3377028,1,user_795650bb,0.789133
user_f3377028,2,user_421ae417,0.774299
user_f3377028,3,user_38fbcf73,0.760404
user_f3377028,4,user_0bc8e727,0.759334
user_f3377028,5,user_04f39d22,0.759223
user_f3377028,6,user_82c86537,0.754269
user_f3377028,7,user_08c32973,0.751803
user_f3377028,8,user_6d421600,0.750908
user_f3377028,9,user_7de6f343,0.750017
user_f3377028,10,user_6fa47d61,0.748338
user_f3377028,11,user_7c3d63ce,0.742136
user_f3377028,12,user_ba8b1c05,0.733055
user_f3377028,13,user_43049634,0.728369
user_f3377028,14,user_25652863,0.720061
user_f3377028,15,user_74cfb8ef,0.718484
user_f368b9da,1,user_65d73ac1,0.810575
user_f368b9da,2,user_66a7ce5a,0.808802
user_f368b9da,3,user_c35d6565,0.804875
user_f368b9da,4,user_57c1d6c0,0.796577
user_f368b9da,5,user_bdcc6e7d,0.796397
user_f368b9da,6,user_2b03934e,0.794688
user_f368b9da,7,user_56e6d0cd,0.786859
user_f368b9da,8,user_657c72ca,0.783676
user_f368b9da,9,user_9dda4af9,0.783610
user_f368b9da,10,user_a8dc91a3,0.771857
user_f368b9da,11,user_b6d05d1d,0.770645
user_f368b9da,12,user_1736acbe,0.768503
user_f368b9da,13,user_4db0d490,0.761354
user_f368b9da,14,user_f030b951,0.760300
user_f368b9da,15,user_ca6074df,0.759171
user_f43d6008,1,user_a8c2208d,0.790283
user_f43d6008,2,user_b6d05d1d,0.788967
user_f43d6008,3,user_9dda4af9,0.781728
user_f43d6008,4,user_c35d6565,0.781512
user_f43d6008,5,user_c39d41d7,0.781142
user_f43d6008,6,user_02d03e8a,0.778009
user_f43d6008,7,user_8663226a,0.777692
user_f43d6008,8,user_5881b259,0.775892
user_f43d6008,9,user_8fe14601,0.774926
user_f43d6008,10,user_723406a0,0.773707
user_f43d6008,11,user_f654c33b,0.772388
user_f43d6008,12,user_adab54a0,0.771472
user_f43d6008,13,user_2373103d,0.771065
user_f43d6008,14,user_17607ebc,0.769837
user_f43d6008,15,user_8a760553,0.765104
user_f4f9490d,1,user_8e5e899b,0.759315
user_f4f9490d,2,user_87e5d9b0,0.691822
user_f4f9490d,3,user_4144252d,0.690972
user_f4f9490d,4,user_b1d0760b,0.684807
user_f4f9490d,5,user_737dd050,0.650449
user_f4f9490d,6,user_586752e4,0.646152
user_f4f9490d,7,user_2c39731d,0.643145
user_f4f9490d,8,user_8e97a154,0.639573
user_f4f9490d,9,user_ff39b6cf,0.637763
user_f4f9490d,10,user_29266f60,0.632891
user_f4f9490d,11,user_d4c7b4c0,0.632619
user_f4f9490d,12,user_e8cdb142,0.629338
user_f4f9490d,13,user_233fda02,0.625261
user_f4f9490d,14,user_835666af,0.619060
user_f4f9490d,15,user_d5b21e00,0.617470
user_f5138e15,1,user_f5138e15,0.833684
user_f5138e15,2,user_bd6a40d5,0.773640
user_f5138e15,3,user_ba085464,0.715588
user_f5138e15,4,user_caa6a7b6,0.700362
user_f5138e15,5,user_7bbd1543,0.663270
user_f5138e15,6,user_fa60616d,0.653711
user_f5138e15,7,user_4f755977,0.640536
user_f5138e15,8,user_dca78fea,0.639971
user_f5138e15,9,user_124651ff,0.639246
user_f5138e15,10,user_ded778b8,0.634536
user_f5138e15,11,user_2cb4b018,0.626176
user_f5138e15,12,user_93cdb7a1,0.625192
user_f5138e15,13,user_7c3d63ce,0.622518
user_f5138e15,14,user_8f39f021,0.618083
user_f5138e15,15,user_1e3084a6,0.617333
user_f52ced02,1,user_48669fd6,0.664294
user_f52ced02,2,user_51779823,0.580540
user_f52ced02,3,user_c8f82360,0.575517
user_f52ced02,4,user_fb8f46c8,0.569726
user_f52ced02,5,user_a6c2e760,0.569133
user_f52ced02,6,user_d2bd9832,0.568940
user_f52ced02,7,user_b9036662,0.565970
user_f52ced02,8,user_906e2423,0.562579
user_f52ced02,9,user_74d27419,0.560172
user_f52ced02,10,user_f107081e,0.559608
user_f52ced02,11,user_e8d15537,0.557191
user_f52ced02,12,user_ba4a78fc,0.556707
user_f52ced02,13,user_1dc24686,0.552868
user_f52ced02,14,user_ab86ab82,0.550352
user_f52ced02,15,user_18522854,0.543457
user_f54058d0,1,user_f54058d0,0.873097
user_f54058d0,2,user_ed1aaed8,0.769413
user_f54058d0,3,user_4bd9303b,0.748939
user_f54058d0,4,user_ab439a92,0.675525
user_f54058d0,5,user_c50a487d,0.666389
user_f54058d0,6,user_98f18241,0.648316
user_f54058d0,7,user_5a6c91dd,0.641508
user_f54058d0,8,user_67acd9b1,0.640987
user_f54058d0,9,user_9a5457b0,0.639045
user_f54058d0,10,user_9351238d,0.628999
user_f54058d0,11,user_7b5f54c0,0.627290
user_f54058d0,12,user_96a45b45,0.626618
user_f54058d0,13,user_b2aba63a,0.617078
user_f54058d0,14,user_476670f9,0.616755
user_f54058d0,15,user_2f4cc646,0.615178
user_f5e2976e,1,user_f5e2976e,0.914774
user_f5e2976e,2,user_1c7b7780,0.774662
user_f5e2976e,3,user_417702c5,0.741713
user_f5e2976e,4,user_e51692a6,0.722252
user_f5e2976e,5,user_be018f9d,0.718470
user_f5e2976e,6,user_7bbd1543,0.701386
user_f5e2976e,7,user_21b4fa31,0.685858
user_f5e2976e,8,user_e6dd44b0,0.683368
user_f5e2976e,9,user_ed1aaed8,0.680067
user_f5e2976e,10,user_68349053,0.679528
user_f5e2976e,11,user_d9b8914f,0.677227
user_f5e2976e,12,user_0e408c4a,0.674185
user_f5e2976e,13,user_4f755977,0.673026
user_f5e2976e,14,user_ba085464,0.666636
user_f5e2976e,15,user_421ae417,0.663359
user_f5fea76f,1,user_92fe4471,0.833643
user_f5fea76f,2,user_f5fea76f,0.770389
user_f5fea76f,3,user_eda37c14,0.725884
user_f5fea76f,4,user_22adb798,0.683073
user_f5fea76f,5,user_737d3148,0.636929
user_f5fea76f,6,user_414a6eaf,0.609980
user_f5fea76f,7,user_9fc3c829,0.595934
user_f5fea76f,8,user_e14b88a8,0.589223
user_f5fea76f,9,user_979ee068,0.588335
user_f5fea76f,10,user_a328a751,0.553528
user_f5fea76f,11,user_cce4f9c2,0.522273
user_f5fea76f,12,user_2e81a539,0.521544
user_f5fea76f,13,user_3b90fb53,0.505065
user_f5fea76f,14,user_74da5a13,0.490796
user_f5fea76f,15,user_07db2c6a,0.487981
user_f60a09b3,1,user_df8dc9bb,0.792218
user_f60a09b3,2,user_8d22714e,0.791837
user_f60a09b3,3,user_38433566,0.791574
user_f60a09b3,4,user_f60a09b3,0.787908
user_f60a09b3,5,user_858fa00c,0.784881
user_f60a09b3,6,user_6fc85c06,0.784598
user_f60a09b3,7,user_bd05225b,0.779942
user_f60a09b3,8,user_02d8a1f8,0.778155
user_f60a09b3,9,user_83afc7b2,0.774122
user_f60a09b3,10,user_e59c000f,0.768341
user_f60a09b3,11,user_f0cf195f,0.764989
user_f60a09b3,12,user_a4893af1,0.764374
user_f60a09b3,13,user_d96972e5,0.763297
user_f60a09b3,14,user_0669bdf6,0.763247
user_f60a09b3,15,user_ff591131,0.762383
user_f7538815,1,user_f7538815,0.780702
user_f7538815,2,user_f1649486,0.623214
user_f7538815,3,user_a0517bef,0.490201
user_f7538815,4,user_3e1f9dc1,0.461317
user_f7538815,5,user_11e8421f,0.458429
user_f7538815,6,user_4a57e449,0.453968
user_f7538815,7,user_aaa1e595,0.451975
user_f7538815,8,user_ab86ab82,0.446204
user_f7538815,9,user_8f39f021,0.446198
user_f7538815,10,user_efb27a8e,0.438511
user_f7538815,11,user_334144b4,0.438250
user_f7538815,12,user_8c11f026,0.437766
user_f7538815,13,user_f7bb8af1,0.436161
user_f7538815,14,user_c34e791e,0.434768
user_f7538815,15,user_259776c7,0.432460
user_f75c71f0,1,user_a01f16ac,0.848113
user_f75c71f0,2,user_39b3eda0,0.825339
user_f75c71f0,3,user_e6057285,0.819606
user_f75c71f0,4,user_0fefc28e,0.819388
user_f75c71f0,5,user_5993b36a,0.817908
user_f75c71f0,6,user_7fd91653,0.806831
user_f75c71f0,7,user_886f7373,0.806051
user_f75c71f0,8,user_b337cb0c,0.801656
user_f75c71f0,9,user_f0b144fc,0.799608
user_f75c71f0,10,user_d1d16d30,0.796820
user_f75c71f0,11,user_5881b259,0.792500
user_f75c71f0,12,user_959adfc8,0.789682
user_f75c71f0,13,user_0b64b183,0.787939
user_f75c71f0,14,user_7a7dda35,0.786453
user_f75c71f0,15,user_bd05225b,0.786204
user_f7bb8af1,1,user_fcf93ee8,0.751154
user_f7bb8af1,2,user_e6dd44b0,0.739744
user_f7bb8af1,3,user_a7bfc229,0.735395
user_f7bb8af1,4,user_ed1aaed8,0.734018
user_f7bb8af1,5,user_7b5f54c0,0.729184
user_f7bb8af1,6,user_ba085464,0.728853
user_f7bb8af1,7,user_2f4cc646,0.727846
user_f7bb8af1,8,user_da51dede,0.727607
user_f7bb8af1,9,user_cbabbcee,0.725969
user_f7bb8af1,10,user_18c333c6,0.725620
user_f7bb8af1,11,user_476670f9,0.723235
user_f7bb8af1,12,user_fba6bcd4,0.714921
user_f7bb8af1,13,user_4144252d,0.711742
user_f7bb8af1,14,user_09dea596,0.711707
user_f7bb8af1,15,user_a6c5a10c,0.711376
user_f7fd2885,1,user_2e60c125,0.841210
user_f7fd2885,2,user_04f39d22,0.836941
user_f7fd2885,3,user_53b85563,0.836453
user_f7fd2885,4,user_08c32973,0.828340
user_f7fd2885,5,user_bf30f80d,0.813668
user_f7fd2885,6,user_40efa894,0.809423
user_f7fd2885,7,user_ba8b1c05,0.807855
user_f7fd2885,8,user_58bfeaad,0.804430
user_f7fd2885,9,user_6fa47d61,0.802514
user_f7fd2885,10,user_7de6f343,0.801572
user_f7fd2885,11,user_83e45cc0,0.800226
user_f7fd2885,12,user_421ae417,0.799652
user_f7fd2885,13,user_74cfb8ef,0.795882
user_f7fd2885,14,user_e409a56d,0.789955
user_f7fd2885,15,user_2efde048,0.786430
user_f827c7dd,1,user_586752e4,0.705343
user_f827c7dd,2,user_c994138f,0.685064
user_f827c7dd,3,user_394c25cc,0.684259
user_f827c7dd,4,user_9600e8bf,0.683873
user_f827c7dd,5,user_a7b901f2,0.681774
user_f827c7dd,6,user_aabd2642,0.673726
user_f827c7dd,7,user_8e5e899b,0.672393
user_f827c7dd,8,user_2e81a539,0.671813
user_f827c7dd,9,user_4144252d,0.671414
user_f827c7dd,10,user_d758a0a1,0.670206
user_f827c7dd,11,user_f930e37f,0.666830
user_f827c7dd,12,user_7f56f9a5,0.664024
user_f827c7dd,13,user_f75c71f0,0.663755
user_f827c7dd,14,user_737dd050,0.656283
user_f827c7dd,15,user_66772d98,0.655567
user_f8e2246f,1,user_a75b16f2,0.762890
user_f8e2246f,2,user_aabd2642,0.750810
user_f8e2246f,3,user_2b271761,0.728622
user_f8e2246f,4,user_1b7f8c56,0.720111
user_f8e2246f,5,user_a3a4a20a,0.719070
user_f8e2246f,6,user_82c86537,0.715267
user_f8e2246f,7,user_2e81a539,0.715174
user_f8e2246f,8,user_5993b36a,0.713030
user_f8e2246f,9,user_f1e357ad,0.700081
user_f8e2246f,10,user_caa6a7b6,0.698850
user_f8e2246f,11,user_9c5071dd,0.693523
user_f8e2246f,12,user_e6057285,0.690617
user_f8e2246f,13,user_dc326993,0.689054
user_f8e2246f,14,user_36d44add,0.687494
user_f8e2246f,15,user_7fd91653,0.686983
user_f930e37f,1,user_a6c2e760,0.817460
user_f930e37f,2,user_259776c7,0.804616
user_f930e37f,3,user_d67450a8,0.785487
user_f930e37f,4,user_2e05a7a0,0.775101
user_f930e37f,5,user_f930e37f,0.771022
user_f930e37f,6,user_6fbf6191,0.768023
user_f930e37f,7,user_9bee2a7c,0.764241
user_f930e37f,8,user_54b19b29,0.754623
user_f930e37f,9,user_cf393213,0.754182
user_f930e37f,10,user_25b48a9a,0.743022
user_f930e37f,11,user_55058479,0.741293
user_f930e37f,12,user_cdd86523,0.736881
user_f930e37f,13,user_9a5457b0,0.735702
user_f930e37f,14,user_ab86ab82,0.735073
user_f930e37f,15,user_b9036662,0.728733
user_f959eee4,1,user_9c5071dd,0.573682
user_f959eee4,2,user_5a283043,0.563810
user_f959eee4,3,user_fca58a87,0.536870
user_f959eee4,4,user_8d85acb5,0.534084
user_f959eee4,5,user_f0b144fc,0.527050
user_f959eee4,6,user_01916bd2,0.521394
user_f959eee4,7,user_32f31383,0.519133
user_f959eee4,8,user_9600e8bf,0.517915
user_f959eee4,9,user_636d1da4,0.499268
user_f959eee4,10,user_4f8b6987,0.496657
user_f959eee4,11,user_a7c6197a,0.496472
user_f959eee4,12,user_bbe73426,0.492051
user_f959eee4,13,user_f51339f8,0.490132
user_f959eee4,14,user_cdd86523,0.487236
user_f959eee4,15,user_8e217d1b,0.482148
user_fa60616d,1,user_daf37424,0.848574
user_fa60616d,2,user_b16e0cf8,0.848463
user_fa60616d,3,user_e802076d,0.847539
user_fa60616d,4,user_f030b951,0.844230
user_fa60616d,5,user_1a2755b3,0.844157
user_fa60616d,6,user_4db0d490,0.838224
user_fa60616d,7,user_29cd4556,0.835513
user_fa60616d,8,user_96013176,0.834885
user_fa60616d,9,user_c35d6565,0.834376
user_fa60616d,10,user_adab54a0,0.834346
user_fa60616d,11,user_f654c33b,0.830934
user_fa60616d,12,user_91db6e48,0.830804
user_fa60616d,13,user_b4214db6,0.829124
user_fa60616d,14,user_c39d41d7,0.828978
user_fa60616d,15,user_5881b259,0.825636
user_fa69a385,1,user_1a7d6cd5,0.742132
user_fa69a385,2,user_c50a487d,0.726238
user_fa69a385,3,user_e8ff8a9a,0.707403
user_fa69a385,4,user_8fb63eca,0.703582
user_fa69a385,5,user_13fb2e34,0.695922
user_fa69a385,6,user_02fecea2,0.691417
user_fa69a385,7,user_c903d3bb,0.690384
user_fa69a385,8,user_3b79395c,0.675141
user_fa69a385,9,user_89571ce8,0.656855
user_fa69a385,10,user_1ae8e7f5,0.653869
user_fa69a385,11,user_cd100edd,0.651809
user_fa69a385,12,user_3e284ba5,0.651104
user_fa69a385,13,user_c6dc9323,0.646500
user_fa69a385,14,user_7fef9da8,0.645616
user_fa69a385,15,user_6c2d672f,0.643007
user_fb427339,1,user_da51dede,0.686858
user_fb427339,2,user_bb8be7e3,0.683186
user_fb427339,3,user_900ffd5c,0.675118
user_fb427339,4,user_1f636ddc,0.627335
user_fb427339,5,user_7a8f7f3e,0.617279
user_fb427339,6,user_aa4cc34a,0.611249
user_fb427339,7,user_0d32f0ed,0.609079
user_fb427339,8,user_baeb91b3,0.608646
user_fb427339,9,user_aabd2642,0.608042
user_fb427339,10,user_e2e59795,0.604326
user_fb427339,11,user_b0129d9e,0.603471
user_fb427339,12,user_acd6ddfb,0.599179
user_fb427339,13,user_7c7220a4,0.593652
user_fb427339,14,user_03410579,0.593644
user_fb427339,15,user_f51339f8,0.590853
user_fb64cb55,1,user_fb64cb55,0.807802
user_fb64cb55,2,user_737dd050,0.796086
user_fb64cb55,3,user_835666af,0.774800
user_fb64cb55,4,user_8e97a154,0.752794
user_fb64cb55,5,user_aa4cc34a,0.750349
user_fb64cb55,6,user_aa2fbe83,0.744534
user_fb64cb55,7,user_586752e4,0.726698
user_fb64cb55,8,user_903329bb,0.725974
user_fb64cb55,9,user_165a2706,0.723877
user_fb64cb55,10,user_7af2ed90,0.720539
user_fb64cb55,11,user_2dc10d2d,0.719737
user_fb64cb55,12,user_c994138f,0.716417
user_fb64cb55,13,user_a4a77a7d,0.715437
user_fb64cb55,14,user_0cc626ee,0.712681
user_fb64cb55,15,user_9571d0d5,0.711589
user_fb8f46c8,1,user_737dd050,0.738148
user_fb8f46c8,2,user_7b5f54c0,0.736109
user_fb8f46c8,3,user_81a80789,0.730999
user_fb8f46c8,4,user_54c1ebee,0.727946
user_fb8f46c8,5,user_3239132f,0.722843
user_fb8f46c8,6,user_8e97a154,0.722295
user_fb8f46c8,7,user_166a3647,0.719665
user_fb8f46c8,8,user_524450e9,0.708722
user_fb8f46c8,9,user_aabd2642,0.707729
user_fb8f46c8,10,user_d691d016,0.707451
user_fb8f46c8,11,user_70bbda36,0.704603
user_fb8f46c8,12,user_364bb955,0.703814
user_fb8f46c8,13,user_835666af,0.702466
user_fb8f46c8,14,user_25798310,0.702183
user_fb8f46c8,15,user_1246b252,0.700176
user_fbed237d,1,user_5ac1a174,0.769747
user_fbed237d,2,user_0e82fe11,0.763364
user_fbed237d,3,user_e8cdb142,0.762899
user_fbed237d,4,user_ed3091a2,0.749229
user_fbed237d,5,user_233fda02,0.739506
user_fbed237d,6,user_87e5d9b0,0.738743
user_fbed237d,7,user_903329bb,0.730043
user_fbed237d,8,user_858fa00c,0.729078
user_fbed237d,9,user_8e5e899b,0.726472
user_fbed237d,10,user_4144252d,0.726143
user_fbed237d,11,user_d758a0a1,0.720507
user_fbed237d,12,user_835666af,0.717198
user_fbed237d,13,user_8739102b,0.713089
user_fbed237d,14,user_b4214db6,0.710988
user_fbed237d,15,user_14a2d3c6,0.709375
user_fc1cfe0b,1,user_ed3091a2,0.747983
user_fc1cfe0b,2,user_9ee84e18,0.701465
user_fc1cfe0b,3,user_d4b7e22e,0.700840
user_fc1cfe0b,4,user_efa5697b,0.688247
user_fc1cfe0b,5,user_f827c7dd,0.683110
user_fc1cfe0b,6,user_3a55606c,0.680513
user_fc1cfe0b,7,user_1bcbacb3,0.679861
user_fc1cfe0b,8,user_e4f8ab0c,0.669865
user_fc1cfe0b,9,user_56980aa9,0.666969
user_fc1cfe0b,10,user_ba4a78fc,0.663849
user_fc1cfe0b,11,user_3eb49f37,0.659558
user_fc1cfe0b,12,user_e7a55eac,0.658740
user_fc1cfe0b,13,user_8f39f021,0.656333
user_fc1cfe0b,14,user_07ec3726,0.652749
user_fc1cfe0b,15,user_7d944883,0.650486
user_fca58a87,1,user_0e82fe11,0.731800
user_fca58a87,2,user_cbabbcee,0.718428
user_fca58a87,3,user_ed3091a2,0.718229
user_fca58a87,4,user_d758a0a1,0.714782
user_fca58a87,5,user_5ac1a174,0.712810
user_fca58a87,6,user_aa4cc34a,0.710114
user_fca58a87,7,user_858fa00c,0.708954
user_fca58a87,8,user_1246b252,0.705186
user_fca58a87,9,user_50e2a836,0.703861
user_fca58a87,10,user_4f3b6241,0.700772
user_fca58a87,11,user_1a2755b3,0.698927
user_fca58a87,12,user_233fda02,0.697312
user_fca58a87,13,user_737dd050,0.697098
user_fca58a87,14,user_bd05225b,0.697074
user_fca58a87,15,user_dbc4828c,0.696621
user_fcf93ee8,1,user_17054ec7,0.665332
user_fcf93ee8,2,user_6169d3b8,0.612673
user_fcf93ee8,3,user_c81fae29,0.600523
user_fcf93ee8,4,user_a346dfc4,0.588980
user_fcf93ee8,5,user_586752e4,0.584861
user_fcf93ee8,6,user_ea67f9c6,0.582633
user_fcf93ee8,7,user_9c88ee3d,0.581885
user_fcf93ee8,8,user_107259c3,0.579378
user_fcf93ee8,9,user_9ee84e18,0.572780
user_fcf93ee8,10,user_8713f22a,0.571534
user_fcf93ee8,11,user_fcf93ee8,0.566321
user_fcf93ee8,12,user_5c9b579a,0.559571
user_fcf93ee8,13,user_8e5e899b,0.557142
user_fcf93ee8,14,user_8e97a154,0.554664
user_fcf93ee8,15,user_ffe2efae,0.549260
user_fdc08e26,1,user_7f623d19,0.700197
user_fdc08e26,2,user_aabd2642,0.690408
user_fdc08e26,3,user_7c7220a4,0.684029
user_fdc08e26,4,user_b63ea1d4,0.681352
user_fdc08e26,5,user_63b4be5f,0.675481
user_fdc08e26,6,user_0d32f0ed,0.672843
user_fdc08e26,7,user_fdcaaf41,0.672093
user_fdc08e26,8,user_21b4fa31,0.671289
user_fdc08e26,9,user_76638121,0.670004
user_fdc08e26,10,user_4f3b6241,0.654114
user_fdc08e26,11,user_0c578ab5,0.653783
user_fdc08e26,12,user_6c2d672f,0.651555
user_fdc08e26,13,user_3e1f9dc1,0.651539
user_fdc08e26,14,user_9a5457b0,0.650856
user_fdc08e26,15,user_2c69b83e,0.648121
user_fdcaaf41,1,user_aaa1e595,0.706928
user_fdcaaf41,2,user_a411fb06,0.698582
user_fdcaaf41,3,user_a16d1fb6,0.649264
user_fdcaaf41,4,user_ecf8f97f,0.643429
user_fdcaaf41,5,user_9c88ee3d,0.638493
user_fdcaaf41,6,user_0128a546,0.635882
user_fdcaaf41,7,user_efb27a8e,0.607006
user_fdcaaf41,8,user_2e05a7a0,0.599714
user_fdcaaf41,9,user_a0517bef,0.593359
user_fdcaaf41,10,user_164fe4b8,0.582979
user_fdcaaf41,11,user_3353b96b,0.580720
user_fdcaaf41,12,user_9b6481e4,0.580464
user_fdcaaf41,13,user_259776c7,0.577938
user_fdcaaf41,14,user_88e84020,0.576787
user_fdcaaf41,15,user_ab8e847b,0.573339
user_fde2d265,1,user_9bee2a7c,0.817705
user_fde2d265,2,user_2e05a7a0,0.768507
user_fde2d265,3,user_4f3b6241,0.750099
user_fde2d265,4,user_69a4dd06,0.747764
user_fde2d265,5,user_6bf0e007,0.746490
user_fde2d265,6,user_ec574395,0.735748
user_fde2d265,7,user_fde2d265,0.724979
user_fde2d265,8,user_c34e791e,0.714804
user_fde2d265,9,user_cf393213,0.713172
user_fde2d265,10,user_54b19b29,0.709706
user_fde2d265,11,user_259776c7,0.707753
user_fde2d265,12,user_6fbf6191,0.707403
user_fde2d265,13,user_2dd5b531,0.705131
user_fde2d265,14,user_380ddd3f,0.703025
user_fde2d265,15,user_ab86ab82,0.697395
user_fe922ad0,1,user_39aad1a2,0.702495
user_fe922ad0,2,user_9ce96cbf,0.690909
user_fe922ad0,3,user_67acd9b1,0.689068
user_fe922ad0,4,user_815b7baf,0.685213
user_fe922ad0,5,user_8dd20d7f,0.685055
user_fe922ad0,6,user_a151ddab,0.684637
user_fe922ad0,7,user_dae4304f,0.682978
user_fe922ad0,8,user_d691d016,0.678732
user_fe922ad0,9,user_a6c5a10c,0.677720
user_fe922ad0,10,user_b1a5a37e,0.677378
user_fe922ad0,11,user_ca6074df,0.670474
user_fe922ad0,12,user_0898fc4b,0.669911
user_fe922ad0,13,user_d2bd9832,0.669006
user_fe922ad0,14,user_89e04335,0.664441
user_fe922ad0,15,user_cbabbcee,0.663789
user_ff39b6cf,1,user_29266f60,0.850630
user_ff39b6cf,2,user_87e5d9b0,0.823043
user_ff39b6cf,3,user_4144252d,0.822995
user_ff39b6cf,4,user_e8cdb142,0.821165
user_ff39b6cf,5,user_8e5e899b,0.797998
user_ff39b6cf,6,user_a7f8db34,0.783352
user_ff39b6cf,7,user_233fda02,0.773536
user_ff39b6cf,8,user_ff39b6cf,0.766782
user_ff39b6cf,9,user_858fa00c,0.759440
user_ff39b6cf,10,user_bd05225b,0.754557
user_ff39b6cf,11,user_3b90fb53,0.753669
user_ff39b6cf,12,user_5ac1a174,0.752882
user_ff39b6cf,13,user_107259c3,0.747441
user_ff39b6cf,14,user_6a13946a,0.724929
user_ff39b6cf,15,user_f070eee7,0.720945
user_ff591131,1,user_5c82df31,0.768395
user_ff591131,2,user_d691d016,0.755093
user_ff591131,3,user_7f56f9a5,0.753489
user_ff591131,4,user_c5f32c0d,0.743606
user_ff591131,5,user_b350e22b,0.731876
user_ff591131,6,user_166a3647,0.731716
user_ff591131,7,user_25798310,0.730344
user_ff591131,8,user_2cb4b018,0.729189
user_ff591131,9,user_ff591131,0.725646
user_ff591131,10,user_8dd20d7f,0.725540
user_ff591131,11,user_e6057285,0.719210
user_ff591131,12,user_f60a09b3,0.717538
user_ff591131,13,user_83a58842,0.717417
user_ff591131,14,user_a6c5a10c,0.716803
user_ff591131,15,user_df8dc9bb,0.714841
