query_user_id,rank,candidate_user_id,score
user_0168255c,1,user_b49274ca,0.847604
user_0168255c,2,user_4db0d490,0.787412
user_0168255c,3,user_636ad58f,0.784222
user_0168255c,4,user_fde2d265,0.783624
user_0168255c,5,user_f654c33b,0.781344
user_0168255c,6,user_a743aff9,0.778031
user_0168255c,7,user_a1aa757b,0.776186
user_0168255c,8,user_5881b259,0.770263
user_0168255c,9,user_15179955,0.768025
user_0168255c,10,user_e1730a9c,0.765562
user_0168255c,11,user_30802254,0.765244
user_0168255c,12,user_a8c2208d,0.763868
user_0168255c,13,user_d1d16d30,0.763021
user_0168255c,14,user_9600e8bf,0.761129
user_0168255c,15,user_69df6330,0.759745
user_02016939,1,user_02016939,0.779528
user_02016939,2,user_ac6d6bff,0.767059
user_02016939,3,user_930dc61d,0.758957
user_02016939,4,user_6ae9ce92,0.731266
user_02016939,5,user_3e284ba5,0.726716
user_02016939,6,user_70bbda36,0.725708
user_02016939,7,user_d9b8914f,0.721182
user_02016939,8,user_ba085464,0.720287
user_02016939,9,user_ded778b8,0.717994
user_02016939,10,user_baeb91b3,0.709921
user_02016939,11,user_1f09455f,0.707148
user_02016939,12,user_5526cbfd,0.699326
user_02016939,13,user_7b5f54c0,0.699186
user_02016939,14,user_ed1aaed8,0.694600
user_02016939,15,user_70580e9a,0.693345
user_0285dee3,1,user_5d35f631,0.741369
user_0285dee3,2,user_b2dd04c8,0.690209
user_0285dee3,3,user_c4b781ce,0.688355
user_0285dee3,4,user_380ddd3f,0.650043
user_0285dee3,5,user_756e2f00,0.647107
user_0285dee3,6,user_56909460,0.639452
user_0285dee3,7,user_69a4dd06,0.624442
user_0285dee3,8,user_0285dee3,0.619553
user_0285dee3,9,user_0dfb7397,0.614328
user_0285dee3,10,user_7d6962d9,0.608440
user_0285dee3,11,user_a8dc91a3,0.595246
user_0285dee3,12,user_650da71b,0.594836
user_0285dee3,13,user_49b1ac46,0.580523
user_0285dee3,14,user_0f006eec,0.580359
user_0285dee3,15,user_79a1811b,0.573976
user_02d03e8a,1,user_02d03e8a,0.759753
user_02d03e8a,2,user_6fc85c06,0.743067
user_02d03e8a,3,user_c06d9b71,0.743056
user_02d03e8a,4,user_906e2423,0.740699
user_02d03e8a,5,user_433bdef0,0.738331
user_02d03e8a,6,user_5c82df31,0.736620
user_02d03e8a,7,user_d96972e5,0.734664
user_02d03e8a,8,user_394c25cc,0.728475
user_02d03e8a,9,user_f60a09b3,0.724690
user_02d03e8a,10,user_7fd91653,0.722975
user_02d03e8a,11,user_7924afc9,0.716387
user_02d03e8a,12,user_40a0bad3,0.714890
user_02d03e8a,13,user_e59c000f,0.709454
user_02d03e8a,14,user_e802076d,0.706891
user_02d03e8a,15,user_0a3bcf86,0.704065
user_02d8a1f8,1,user_d3663143,0.820453
user_02d8a1f8,2,user_afff552a,0.814076
user_02d8a1f8,3,user_a01f16ac,0.812127
user_02d8a1f8,4,user_d1d16d30,0.807259
user_02d8a1f8,5,user_1b7f8c56,0.804586
user_02d8a1f8,6,user_95d648bc,0.803303
user_02d8a1f8,7,user_7b052f32,0.796873
user_02d8a1f8,8,user_2cb4b018,0.793849
user_02d8a1f8,9,user_b325310b,0.785917
user_02d8a1f8,10,user_c008345b,0.785473
user_02d8a1f8,11,user_aa2fbe83,0.783763
user_02d8a1f8,12,user_b605d5c9,0.782357
user_02d8a1f8,13,user_940c7213,0.781069
user_02d8a1f8,14,user_c06d9b71,0.780203
user_02d8a1f8,15,user_b6b89f00,0.778706
user_02fecea2,1,user_2cb4b018,0.852469
user_02fecea2,2,user_1b7f8c56,0.837062
user_02fecea2,3,user_500badda,0.834824
user_02fecea2,4,user_95d648bc,0.819803
user_02fecea2,5,user_364bb955,0.819486
user_02fecea2,6,user_3e284ba5,0.814100
user_02fecea2,7,user_940c7213,0.813096
user_02fecea2,8,user_7f56f9a5,0.812364
user_02fecea2,9,user_3239132f,0.808874
user_02fecea2,10,user_aabd2642,0.804463
user_02fecea2,11,user_c008345b,0.803309
user_02fecea2,12,user_e6057285,0.801889
user_02fecea2,13,user_df8dc9bb,0.797461
user_02fecea2,14,user_70bbda36,0.797381
user_02fecea2,15,user_ef05ad51,0.796992
user_03410579,1,user_ab86ab82,0.847673
user_03410579,2,user_e8e9acac,0.817677
user_03410579,3,user_8006727d,0.790740
user_03410579,4,user_3f2894b5,0.781738
user_03410579,5,user_8be3f554,0.777517
user_03410579,6,user_4a57e449,0.773738
user_03410579,7,user_91db6e48,0.755198
user_03410579,8,user_b2aba63a,0.755091
user_03410579,9,user_65d73ac1,0.753223
user_03410579,10,user_3b79395c,0.749313
user_03410579,11,user_67acd9b1,0.745567
user_03410579,12,user_2e05a7a0,0.743749
user_03410579,13,user_586752e4,0.739436
user_03410579,14,user_c994138f,0.738972
user_03410579,15,user_d691d016,0.737498
user_043ea160,1,user_52c9252c,0.775057
user_043ea160,2,user_bbe73426,0.756628
user_043ea160,3,user_205d25f3,0.754251
user_043ea160,4,user_bf69de98,0.751124
user_043ea160,5,user_043ea160,0.748972
user_043ea160,6,user_1936a7c3,0.745807
user_043ea160,7,user_2e81a539,0.736594
user_043ea160,8,user_7b052f32,0.729645
user_043ea160,9,user_7f56f9a5,0.721773
user_043ea160,10,user_cb2fe204,0.720382
user_043ea160,11,user_27a3fa64,0.720018
user_043ea160,12,user_1f1dc5e0,0.716892
user_043ea160,13,user_dca78fea,0.715680
user_043ea160,14,user_a01f16ac,0.711972
user_043ea160,15,user_0c578ab5,0.704013
user_04d29f9c,1,user_04d29f9c,0.879171
user_04d29f9c,2,user_36dd1253,0.759761
user_04d29f9c,3,user_147d1bbb,0.755428
user_04d29f9c,4,user_5526cbfd,0.740272
user_04d29f9c,5,user_3b79395c,0.736477
user_04d29f9c,6,user_03410579,0.724809
user_04d29f9c,7,user_9a307ebe,0.722835
user_04d29f9c,8,user_02fecea2,0.720805
user_04d29f9c,9,user_2c69b83e,0.714701
user_04d29f9c,10,user_cbabbcee,0.713459
user_04d29f9c,11,user_b350e22b,0.710815
user_04d29f9c,12,user_d691d016,0.710174
user_04d29f9c,13,user_df8dc9bb,0.708577
user_04d29f9c,14,user_1df51301,0.702566
user_04d29f9c,15,user_7b5f54c0,0.702500
user_04d8419e,1,user_0bd8ba7c,0.777528
user_04d8419e,2,user_8c0c7619,0.718921
user_04d8419e,3,user_d14b7d7b,0.716591
user_04d8419e,4,user_9b6481e4,0.713882
user_04d8419e,5,user_c7beef01,0.704143
user_04d8419e,6,user_07ec3726,0.701663
user_04d8419e,7,user_32934d38,0.692737
user_04d8419e,8,user_4a57e449,0.691569
user_04d8419e,9,user_3666402b,0.690927
user_04d8419e,10,user_2c3eb234,0.687990
user_04d8419e,11,user_8006727d,0.687328
user_04d8419e,12,user_fe922ad0,0.686521
user_04d8419e,13,user_3f2894b5,0.679297
user_04d8419e,14,user_ab86ab82,0.678071
user_04d8419e,15,user_406c399e,0.667487
user_0521a7ac,1,user_906e2423,0.610627
user_0521a7ac,2,user_fb8f46c8,0.597086
user_0521a7ac,3,user_7fd91653,0.592783
user_0521a7ac,4,user_56909460,0.589344
user_0521a7ac,5,user_6fc85c06,0.587219
user_0521a7ac,6,user_98ca16a6,0.577254
user_0521a7ac,7,user_c96b90fe,0.576781
user_0521a7ac,8,user_cdd86523,0.567077
user_0521a7ac,9,user_6ab8f7d4,0.563570
user_0521a7ac,10,user_b8f24804,0.561048
user_0521a7ac,11,user_07ec3726,0.560975
user_0521a7ac,12,user_b605d5c9,0.560032
user_0521a7ac,13,user_4b139395,0.557814
user_0521a7ac,14,user_b9036662,0.555837
user_0521a7ac,15,user_40a0bad3,0.553784
user_058c1800,1,user_7924afc9,0.841500
user_058c1800,2,user_dc326993,0.830359
user_058c1800,3,user_fdcaaf41,0.790328
user_058c1800,4,user_c06d9b71,0.789944
user_058c1800,5,user_d758a0a1,0.789692
user_058c1800,6,user_a743aff9,0.788042
user_058c1800,7,user_6fc85c06,0.788020
user_058c1800,8,user_7fd91653,0.787620
user_058c1800,9,user_5881b259,0.787133
user_058c1800,10,user_f60a09b3,0.785723
user_058c1800,11,user_7b052f32,0.773765
user_058c1800,12,user_e59c000f,0.773471
user_058c1800,13,user_f27da10a,0.765812
user_058c1800,14,user_45be01a5,0.764981
user_058c1800,15,user_f10e7063,0.761375
user_0697c470,1,user_0cc626ee,0.845583
user_0697c470,2,user_c008345b,0.782993
user_0697c470,3,user_f27da10a,0.775823
user_0697c470,4,user_0a0bcaa6,0.774820
user_0697c470,5,user_69df6330,0.772455
user_0697c470,6,user_3121653d,0.768713
user_0697c470,7,user_b49274ca,0.762116
user_0697c470,8,user_e8d15537,0.760468
user_0697c470,9,user_bd05225b,0.759124
user_0697c470,10,user_405db206,0.757578
user_0697c470,11,user_3f2fbc90,0.756250
user_0697c470,12,user_c39d41d7,0.755815
user_0697c470,13,user_5881b259,0.753440
user_0697c470,14,user_83e30c57,0.753168
user_0697c470,15,user_4b139395,0.751953
user_07cb458d,1,user_81a80789,0.795953
user_07cb458d,2,user_acd6ddfb,0.794953
user_07cb458d,3,user_b63ea1d4,0.786774
user_07cb458d,4,user_7b5f54c0,0.785393
user_07cb458d,5,user_2f4cc646,0.757501
user_07cb458d,6,user_25798310,0.748078
user_07cb458d,7,user_02fecea2,0.740100
user_07cb458d,8,user_ba010eec,0.728469
user_07cb458d,9,user_e8613813,0.725457
user_07cb458d,10,user_1246b252,0.723122
user_07cb458d,11,user_364bb955,0.719524
user_07cb458d,12,user_6deada35,0.718801
user_07cb458d,13,user_54c1ebee,0.718386
user_07cb458d,14,user_166a3647,0.718117
user_07cb458d,15,user_3b1da5d9,0.717511
user_07db2c6a,1,user_a151ddab,0.758828
user_07db2c6a,2,user_02016939,0.740846
user_07db2c6a,3,user_1c45ab75,0.734921
user_07db2c6a,4,user_6deada35,0.731208
user_07db2c6a,5,user_3971c3e6,0.729849
user_07db2c6a,6,user_e5a6abbe,0.723125
user_07db2c6a,7,user_959adfc8,0.718492
user_07db2c6a,8,user_c5f32c0d,0.716013
user_07db2c6a,9,user_f030b951,0.711597
user_07db2c6a,10,user_be06391b,0.711282
user_07db2c6a,11,user_201c8c78,0.709437
user_07db2c6a,12,user_147d1bbb,0.709417
user_07db2c6a,13,user_886f7373,0.708602
user_07db2c6a,14,user_a6c5a10c,0.706553
user_07db2c6a,15,user_7a7dda35,0.706551
user_07faa0fc,1,user_74c84045,0.758860
user_07faa0fc,2,user_07faa0fc,0.737927
user_07faa0fc,3,user_1b2d69c1,0.719494
user_07faa0fc,4,user_4144252d,0.708606
user_07faa0fc,5,user_ff39b6cf,0.697421
user_07faa0fc,6,user_f4f9490d,0.694321
user_07faa0fc,7,user_93cdb7a1,0.684924
user_07faa0fc,8,user_87e5d9b0,0.684507
user_07faa0fc,9,user_233fda02,0.683981
user_07faa0fc,10,user_b4214db6,0.683199
user_07faa0fc,11,user_107259c3,0.682738
user_07faa0fc,12,user_fcf93ee8,0.673075
user_07faa0fc,13,user_8e5e899b,0.670906
user_07faa0fc,14,user_2cb4b018,0.670320
user_07faa0fc,15,user_f75c71f0,0.665249
user_08aa624b,1,user_08aa624b,0.906746
user_08aa624b,2,user_2d74cd4c,0.900471
user_08aa624b,3,user_b325310b,0.876159
user_08aa624b,4,user_f8e2246f,0.856164
user_08aa624b,5,user_6bb64984,0.855856
user_08aa624b,6,user_ee89e069,0.852631
user_08aa624b,7,user_b6b89f00,0.841841
user_08aa624b,8,user_8fbb6d9c,0.832986
user_08aa624b,9,user_afff552a,0.810978
user_08aa624b,10,user_99c67f2f,0.802136
user_08aa624b,11,user_9dda4af9,0.799865
user_08aa624b,12,user_71b9b8e0,0.797397
user_08aa624b,13,user_fb64cb55,0.795652
user_08aa624b,14,user_1b7f8c56,0.793675
user_08aa624b,15,user_940c7213,0.792657
user_08c32973,1,user_6fa47d61,0.867511
user_08c32973,2,user_2c2a5c24,0.839710
user_08c32973,3,user_7de6f343,0.831893
user_08c32973,4,user_bf30f80d,0.831172
user_08c32973,5,user_7c3d63ce,0.829833
user_08c32973,6,user_0bc8e727,0.827147
user_08c32973,7,user_40efa894,0.824521
user_08c32973,8,user_421ae417,0.824406
user_08c32973,9,user_795650bb,0.819998
user_08c32973,10,user_08c32973,0.818680
user_08c32973,11,user_ba8b1c05,0.815313
user_08c32973,12,user_372c2b3e,0.809969
user_08c32973,13,user_6d421600,0.809346
user_08c32973,14,user_2efde048,0.805534
user_08c32973,15,user_f3377028,0.802917
user_08e9ce6e,1,user_26fa9d90,0.826957
user_08e9ce6e,2,user_586752e4,0.825538
user_08e9ce6e,3,user_8e97a154,0.801699
user_08e9ce6e,4,user_737dd050,0.789558
user_08e9ce6e,5,user_107259c3,0.782344
user_08e9ce6e,6,user_d2c97c8e,0.782298
user_08e9ce6e,7,user_5526cbfd,0.781640
user_08e9ce6e,8,user_daf37424,0.779670
user_08e9ce6e,9,user_70bbda36,0.775704
user_08e9ce6e,10,user_ea67f9c6,0.774532
user_08e9ce6e,11,user_5c82df31,0.770910
user_08e9ce6e,12,user_df8dc9bb,0.767644
user_08e9ce6e,13,user_c994138f,0.764537
user_08e9ce6e,14,user_9a307ebe,0.764128
user_08e9ce6e,15,user_166a3647,0.763802
user_092e219d,1,user_d5b21e00,0.809599
user_092e219d,2,user_8292753c,0.809343
user_092e219d,3,user_96013176,0.800239
user_092e219d,4,user_e5a6abbe,0.790571
user_092e219d,5,user_c204a1dd,0.785592
user_092e219d,6,user_586752e4,0.784266
user_092e219d,7,user_dc32d458,0.775533
user_092e219d,8,user_3971c3e6,0.773180
user_092e219d,9,user_a151ddab,0.767071
user_092e219d,10,user_e931b2cd,0.765794
user_092e219d,11,user_183b3783,0.761940
user_092e219d,12,user_886f7373,0.761620
user_092e219d,13,user_1b89f77a,0.761204
user_092e219d,14,user_0521a7ac,0.755614
user_092e219d,15,user_835666af,0.751021
user_0a0bcaa6,1,user_67acd9b1,0.778170
user_0a0bcaa6,2,user_8be3f554,0.765368
user_0a0bcaa6,3,user_65d73ac1,0.764120
user_0a0bcaa6,4,user_8006727d,0.748135
user_0a0bcaa6,5,user_ab86ab82,0.737474
user_0a0bcaa6,6,user_8f39f021,0.715053
user_0a0bcaa6,7,user_4a57e449,0.712894
user_0a0bcaa6,8,user_ffe2efae,0.712059
user_0a0bcaa6,9,user_259776c7,0.702678
user_0a0bcaa6,10,user_c7beef01,0.701025
user_0a0bcaa6,11,user_e8e9acac,0.697371
user_0a0bcaa6,12,user_07ec3726,0.694076
user_0a0bcaa6,13,user_efb27a8e,0.691106
user_0a0bcaa6,14,user_c34e791e,0.690416
user_0a0bcaa6,15,user_32934d38,0.689885
user_0a245f61,1,user_406c399e,0.755870
user_0a245f61,2,user_2b03934e,0.720506
user_0a245f61,3,user_18522854,0.685413
user_0a245f61,4,user_65d73ac1,0.685123
user_0a245f61,5,user_66a7ce5a,0.679493
user_0a245f61,6,user_a8dc91a3,0.662590
user_0a245f61,7,user_b2dd04c8,0.655396
user_0a245f61,8,user_0eeab432,0.641888
user_0a245f61,9,user_111cfe7d,0.637174
user_0a245f61,10,user_5c5a0b40,0.635624
user_0a245f61,11,user_c34f1f4d,0.632477
user_0a245f61,12,user_fe922ad0,0.631255
user_0a245f61,13,user_80dc757f,0.626182
user_0a245f61,14,user_91db6e48,0.625156
user_0a245f61,15,user_4db0d490,0.625031
user_0b5c256a,1,user_0b5c256a,0.813943
user_0b5c256a,2,user_8f8346ad,0.778443
user_0b5c256a,3,user_91f807b9,0.768857
user_0b5c256a,4,user_74d27419,0.765565
user_0b5c256a,5,user_a6c2e760,0.764978
user_0b5c256a,6,user_0a3bcf86,0.759543
user_0b5c256a,7,user_2e05a7a0,0.757010
user_0b5c256a,8,user_9ce96cbf,0.752480
user_0b5c256a,9,user_cf393213,0.751172
user_0b5c256a,10,user_8be3f554,0.749188
user_0b5c256a,11,user_f107081e,0.748405
user_0b5c256a,12,user_906e2423,0.743126
user_0b5c256a,13,user_2b03934e,0.741009
user_0b5c256a,14,user_6fbf6191,0.740416
user_0b5c256a,15,user_83e30c57,0.739391
user_0b64b183,1,user_d1d16d30,0.857025
user_0b64b183,2,user_bbe73426,0.847594
user_0b64b183,3,user_b337cb0c,0.841796
user_0b64b183,4,user_15179955,0.830777
user_0b64b183,5,user_886f7373,0.830456
user_0b64b183,6,user_c06d9b71,0.829985
user_0b64b183,7,user_e6057285,0.826231
user_0b64b183,8,user_1a2755b3,0.823969
user_0b64b183,9,user_5881b259,0.823090
user_0b64b183,10,user_ef954c6e,0.821336
user_0b64b183,11,user_80dc757f,0.818499
user_0b64b183,12,user_a01f16ac,0.817936
user_0b64b183,13,user_fba6bcd4,0.813489
user_0b64b183,14,user_f654c33b,0.812446
user_0b64b183,15,user_30802254,0.811322
user_0c578ab5,1,user_72b93300,0.715710
user_0c578ab5,2,user_2e81a539,0.679668
user_0c578ab5,3,user_6deada35,0.677558
user_0c578ab5,4,user_a01f16ac,0.672225
user_0c578ab5,5,user_886f7373,0.668446
user_0c578ab5,6,user_bbe73426,0.666095
user_0c578ab5,7,user_147d1bbb,0.661657
user_0c578ab5,8,user_a7b901f2,0.660569
user_0c578ab5,9,user_52c9252c,0.658930
user_0c578ab5,10,user_0c578ab5,0.658903
user_0c578ab5,11,user_18892460,0.657534
user_0c578ab5,12,user_b1d0760b,0.655384
user_0c578ab5,13,user_e2e59795,0.654475
user_0c578ab5,14,user_394c25cc,0.653264
user_0c578ab5,15,user_69193575,0.646959
user_0c8c48ac,1,user_a411fb06,0.619339
user_0c8c48ac,2,user_0c8c48ac,0.572144
user_0c8c48ac,3,user_44567221,0.568042
user_0c8c48ac,4,user_3666402b,0.539774
user_0c8c48ac,5,user_17054ec7,0.533853
user_0c8c48ac,6,user_52f895f1,0.533706
user_0c8c48ac,7,user_49b1ac46,0.519806
user_0c8c48ac,8,user_fe922ad0,0.518784
user_0c8c48ac,9,user_9c88ee3d,0.518471
user_0c8c48ac,10,user_3353b96b,0.511832
user_0c8c48ac,11,user_16b87e34,0.502731
user_0c8c48ac,12,user_ab8e847b,0.501710
user_0c8c48ac,13,user_8a3bbeb2,0.499540
user_0c8c48ac,14,user_942ff21e,0.494433
user_0c8c48ac,15,user_c130412b,0.488667
user_0cc626ee,1,user_83afc7b2,0.862634
user_0cc626ee,2,user_c5f32c0d,0.858414
user_0cc626ee,3,user_25798310,0.843043
user_0cc626ee,4,user_96013176,0.842945
user_0cc626ee,5,user_147d1bbb,0.839864
user_0cc626ee,6,user_54c1ebee,0.833217
user_0cc626ee,7,user_b16e0cf8,0.832878
user_0cc626ee,8,user_7b5f54c0,0.828490
user_0cc626ee,9,user_e5a6abbe,0.827906
user_0cc626ee,10,user_a4a77a7d,0.826274
user_0cc626ee,11,user_bd05225b,0.825810
user_0cc626ee,12,user_e59c000f,0.824486
user_0cc626ee,13,user_e802076d,0.823840
user_0cc626ee,14,user_3971c3e6,0.823822
user_0cc626ee,15,user_c39d41d7,0.819813
user_0cd29f02,1,user_3c81ee09,0.692120
user_0cd29f02,2,user_f0b144fc,0.691569
user_0cd29f02,3,user_a151ddab,0.688757
user_0cd29f02,4,user_4e800fa1,0.683883
user_0cd29f02,5,user_72b93300,0.680519
user_0cd29f02,6,user_fca58a87,0.675216
user_0cd29f02,7,user_886f7373,0.673603
user_0cd29f02,8,user_a7c6197a,0.669698
user_0cd29f02,9,user_959adfc8,0.669656
user_0cd29f02,10,user_69193575,0.661598
user_0cd29f02,11,user_01916bd2,0.658645
user_0cd29f02,12,user_84c14a6f,0.657188
user_0cd29f02,13,user_9ce96cbf,0.656987
user_0cd29f02,14,user_c35d6565,0.653705
user_0cd29f02,15,user_e6057285,0.651122
user_0f0ad720,1,user_2f4cc646,0.784414
user_0f0ad720,2,user_2920b35e,0.778102
user_0f0ad720,3,user_25652863,0.773699
user_0f0ad720,4,user_0f0ad720,0.750829
user_0f0ad720,5,user_2efde048,0.745399
user_0f0ad720,6,user_e409a56d,0.738006
user_0f0ad720,7,user_58bfeaad,0.735305
user_0f0ad720,8,user_e6dd44b0,0.731683
user_0f0ad720,9,user_d6175d39,0.721972
user_0f0ad720,10,user_07cb458d,0.718994
user_0f0ad720,11,user_a2825b06,0.712751
user_0f0ad720,12,user_8713f22a,0.711927
user_0f0ad720,13,user_85c97ea1,0.709477
user_0f0ad720,14,user_53b85563,0.708620
user_0f0ad720,15,user_6fa47d61,0.707380
user_107259c3,1,user_baeb91b3,0.815246
user_107259c3,2,user_107259c3,0.810411
user_107259c3,3,user_17054ec7,0.807370
user_107259c3,4,user_b4f295b3,0.788819
user_107259c3,5,user_ab434739,0.776357
user_107259c3,6,user_6169d3b8,0.763001
user_107259c3,7,user_ea67f9c6,0.757696
user_107259c3,8,user_1ae8e7f5,0.756471
user_107259c3,9,user_aa4cc34a,0.749722
user_107259c3,10,user_87e5d9b0,0.749398
user_107259c3,11,user_7c7220a4,0.740176
user_107259c3,12,user_f070eee7,0.739293
user_107259c3,13,user_586752e4,0.733145
user_107259c3,14,user_0128a546,0.723778
user_107259c3,15,user_4144252d,0.716849
user_10e64e28,1,user_8be3f554,0.724408
user_10e64e28,2,user_3f2894b5,0.716859
user_10e64e28,3,user_a0f5ae47,0.708021
user_10e64e28,4,user_c35d6565,0.704164
user_10e64e28,5,user_3535252b,0.697237
user_10e64e28,6,user_65d73ac1,0.685669
user_10e64e28,7,user_164fe4b8,0.677073
user_10e64e28,8,user_9dda4af9,0.676319
user_10e64e28,9,user_ee8d5ec5,0.673110
user_10e64e28,10,user_a151ddab,0.670424
user_10e64e28,11,user_5b698646,0.669744
user_10e64e28,12,user_ab86ab82,0.668353
user_10e64e28,13,user_a8dc91a3,0.667473
user_10e64e28,14,user_3971c3e6,0.659753
user_10e64e28,15,user_b6d05d1d,0.658480
user_111cfe7d,1,user_6fc85c06,0.866233
user_111cfe7d,2,user_f60a09b3,0.864770
user_111cfe7d,3,user_84c14a6f,0.844269
user_111cfe7d,4,user_cdd86523,0.842111
user_111cfe7d,5,user_14a2d3c6,0.832832
user_111cfe7d,6,user_bd05225b,0.828957
user_111cfe7d,7,user_5c82df31,0.828135
user_111cfe7d,8,user_0669bdf6,0.819685
user_111cfe7d,9,user_f4f9490d,0.818638
user_111cfe7d,10,user_1cfedba8,0.817221
user_111cfe7d,11,user_a57e47b1,0.814223
user_111cfe7d,12,user_0898fc4b,0.811508
user_111cfe7d,13,user_e59c000f,0.809552
user_111cfe7d,14,user_e802076d,0.809548
user_111cfe7d,15,user_1b7f8c56,0.808369
user_11e8421f,1,user_11e8421f,0.756103
user_11e8421f,2,user_2c3eb234,0.541076
user_11e8421f,3,user_f1157204,0.472888
user_11e8421f,4,user_63b4ae7a,0.470047
user_11e8421f,5,user_8a3bbeb2,0.457390
user_11e8421f,6,user_8006727d,0.440399
user_11e8421f,7,user_d14b7d7b,0.435895
user_11e8421f,8,user_c1a70ab7,0.434457
user_11e8421f,9,user_9e328c4e,0.433955
user_11e8421f,10,user_4a57e449,0.431680
user_11e8421f,11,user_8f08aa94,0.430277
user_11e8421f,12,user_46bb5302,0.429665
user_11e8421f,13,user_0bd8ba7c,0.429438
user_11e8421f,14,user_8c11f026,0.418487
user_11e8421f,15,user_9bee2a7c,0.402065
user_1230e05a,1,user_2920b35e,0.818241
user_1230e05a,2,user_f030b951,0.755507
user_1230e05a,3,user_d6175d39,0.748696
user_1230e05a,4,user_1ef33a43,0.736600
user_1230e05a,5,user_70580e9a,0.736479
user_1230e05a,6,user_b6350ec1,0.735769
user_1230e05a,7,user_1f09455f,0.727306
user_1230e05a,8,user_3ff3188b,0.727010
user_1230e05a,9,user_8663226a,0.724852
user_1230e05a,10,user_b4214db6,0.724207
user_1230e05a,11,user_fba6bcd4,0.720744
user_1230e05a,12,user_ed1aaed8,0.709639
user_1230e05a,13,user_657c72ca,0.709382
user_1230e05a,14,user_9692f077,0.708436
user_1230e05a,15,user_dd1d7b22,0.707171
user_126670d7,1,user_f43d6008,0.796241
user_126670d7,2,user_b49274ca,0.792483
user_126670d7,3,user_4db0d490,0.788297
user_126670d7,4,user_adab54a0,0.784858
user_126670d7,5,user_56980aa9,0.776484
user_126670d7,6,user_ec574395,0.775245
user_126670d7,7,user_8f8346ad,0.761004
user_126670d7,8,user_2dd5b531,0.760980
user_126670d7,9,user_e59c000f,0.758803
user_126670d7,10,user_9571d0d5,0.758174
user_126670d7,11,user_74d27419,0.756624
user_126670d7,12,user_29cd4556,0.755895
user_126670d7,13,user_b6d05d1d,0.755027
user_126670d7,14,user_a4a77a7d,0.754502
user_126670d7,15,user_fc1cfe0b,0.751620
user_1302cb61,1,user_9a5457b0,0.813076
user_1302cb61,2,user_1a7d6cd5,0.799022
user_1302cb61,3,user_02fecea2,0.776056
user_1302cb61,4,user_3431c049,0.768925
user_1302cb61,5,user_94cad3a5,0.758190
user_1302cb61,6,user_81a80789,0.756399
user_1302cb61,7,user_c50a487d,0.755458
user_1302cb61,8,user_67acd9b1,0.749883
user_1302cb61,9,user_3bc84c13,0.737578
user_1302cb61,10,user_9b6481e4,0.737460
user_1302cb61,11,user_b0129d9e,0.734455
user_1302cb61,12,user_76638121,0.731201
user_1302cb61,13,user_e0c65725,0.729868
user_1302cb61,14,user_166a3647,0.727594
user_1302cb61,15,user_815b7baf,0.724777
user_13f8ee07,1,user_bbcbf015,0.662013
user_13f8ee07,2,user_c67f26cc,0.653883
user_13f8ee07,3,user_d849ac6e,0.625812
user_13f8ee07,4,user_f930e37f,0.624258
user_13f8ee07,5,user_ebddf9c1,0.613917
user_13f8ee07,6,user_63b4be5f,0.608450
user_13f8ee07,7,user_9da8848a,0.608123
user_13f8ee07,8,user_3ae49e46,0.605975
user_13f8ee07,9,user_d758a0a1,0.584570
user_13f8ee07,10,user_dc326993,0.584499
user_13f8ee07,11,user_1df51301,0.581665
user_13f8ee07,12,user_3a55606c,0.580806
user_13f8ee07,13,user_0ef44f54,0.577457
user_13f8ee07,14,user_7f56f9a5,0.576600
user_13f8ee07,15,user_433bdef0,0.576470
user_13fb2e34,1,user_c903d3bb,0.893159
user_13fb2e34,2,user_13fb2e34,0.870162
user_13fb2e34,3,user_09dea596,0.803216
user_13fb2e34,4,user_cbabbcee,0.787866
user_13fb2e34,5,user_03410579,0.760741
user_13fb2e34,6,user_02fecea2,0.759612
user_13fb2e34,7,user_1a7d6cd5,0.753406
user_13fb2e34,8,user_70bbda36,0.745792
user_13fb2e34,9,user_66772d98,0.745476
user_13fb2e34,10,user_fcf93ee8,0.743686
user_13fb2e34,11,user_04d29f9c,0.739448
user_13fb2e34,12,user_364bb955,0.732743
user_13fb2e34,13,user_54c1ebee,0.732097
user_13fb2e34,14,user_a7bfc229,0.728992
user_13fb2e34,15,user_b9b94432,0.726684
user_147d1bbb,1,user_b1c16312,0.798338
user_147d1bbb,2,user_55058479,0.740162
user_147d1bbb,3,user_24668d84,0.678061
user_147d1bbb,4,user_9a5457b0,0.669473
user_147d1bbb,5,user_8006727d,0.665209
user_147d1bbb,6,user_20e741d0,0.662664
user_147d1bbb,7,user_4f3b6241,0.652079
user_147d1bbb,8,user_d67450a8,0.650185
user_147d1bbb,9,user_a2503734,0.643567
user_147d1bbb,10,user_9bee2a7c,0.642190
user_147d1bbb,11,user_e0c65725,0.633576
user_147d1bbb,12,user_226be32f,0.627220
user_147d1bbb,13,user_4e42bf97,0.618263
user_147d1bbb,14,user_07ec3726,0.613729
user_147d1bbb,15,user_4c8199a7,0.612420
user_14a2d3c6,1,user_0669bdf6,0.811028
user_14a2d3c6,2,user_14a2d3c6,0.784387
user_14a2d3c6,3,user_858fa00c,0.760864
user_14a2d3c6,4,user_0cc626ee,0.759352
user_14a2d3c6,5,user_8d22714e,0.756240
user_14a2d3c6,6,user_ecc1ca0a,0.755317
user_14a2d3c6,7,user_3239132f,0.755021
user_14a2d3c6,8,user_032e5bc8,0.750176
user_14a2d3c6,9,user_ff591131,0.748737
user_14a2d3c6,10,user_25798310,0.746820
user_14a2d3c6,11,user_a4a77a7d,0.745212
user_14a2d3c6,12,user_84c14a6f,0.744977
user_14a2d3c6,13,user_e8a7be73,0.742792
user_14a2d3c6,14,user_bd47000f,0.741581
user_14a2d3c6,15,user_586752e4,0.739366
user_159646d5,1,user_5bc74ae7,0.757740
user_159646d5,2,user_b9d253e8,0.735803
user_159646d5,3,user_3850eb9e,0.728032
user_159646d5,4,user_032f6993,0.691011
user_159646d5,5,user_74da5a13,0.680285
user_159646d5,6,user_cc1c8897,0.675462
user_159646d5,7,user_74e32d78,0.652019
user_159646d5,8,user_00723699,0.645112
user_159646d5,9,user_82d93459,0.643982
user_159646d5,10,user_3ff88cf0,0.638499
user_159646d5,11,user_ae306850,0.636614
user_159646d5,12,user_a7145605,0.636027
user_159646d5,13,user_8ae8c359,0.633778
user_159646d5,14,user_372c2b3e,0.631978
user_159646d5,15,user_e6dd44b0,0.631806
user_164057cc,1,user_7af2ed90,0.768480
user_164057cc,2,user_aa2fbe83,0.764994
user_164057cc,3,user_fb64cb55,0.754481
user_164057cc,4,user_940c7213,0.751289
user_164057cc,5,user_e6dd44b0,0.745020
user_164057cc,6,user_f8e2246f,0.739887
user_164057cc,7,user_2dc10d2d,0.739297
user_164057cc,8,user_acb51eed,0.737166
user_164057cc,9,user_b1a5a37e,0.734570
user_164057cc,10,user_3e284ba5,0.731826
user_164057cc,11,user_737dd050,0.731771
user_164057cc,12,user_00723699,0.726315
user_164057cc,13,user_95d648bc,0.725829
user_164057cc,14,user_02fecea2,0.725035
user_164057cc,15,user_e5a6abbe,0.723106
user_164fe4b8,1,user_9fe4e0f5,0.696098
user_164fe4b8,2,user_0d32f0ed,0.691680
user_164fe4b8,3,user_76638121,0.669045
user_164fe4b8,4,user_1246b252,0.663925
user_164fe4b8,5,user_3b1da5d9,0.648442
user_164fe4b8,6,user_9a5457b0,0.646600
user_164fe4b8,7,user_3431c049,0.643220
user_164fe4b8,8,user_2c69b83e,0.640748
user_164fe4b8,9,user_71f7b692,0.640124
user_164fe4b8,10,user_e7ff2beb,0.639727
user_164fe4b8,11,user_a3a4a20a,0.633167
user_164fe4b8,12,user_94cad3a5,0.632092
user_164fe4b8,13,user_ffe2efae,0.631594
user_164fe4b8,14,user_aabd2642,0.631301
user_164fe4b8,15,user_b63ea1d4,0.631192
user_165a2706,1,user_165a2706,0.823910
user_165a2706,2,user_fb64cb55,0.758045
user_165a2706,3,user_835666af,0.751810
user_165a2706,4,user_903329bb,0.684677
user_165a2706,5,user_acb51eed,0.679984
user_165a2706,6,user_d10d1f24,0.672421
user_165a2706,7,user_82d93459,0.671302
user_165a2706,8,user_fca58a87,0.669800
user_165a2706,9,user_9ee84e18,0.668394
user_165a2706,10,user_59e8bc2a,0.662662
user_165a2706,11,user_737dd050,0.661525
user_165a2706,12,user_058d9dc1,0.660220
user_165a2706,13,user_8e97a154,0.656902
user_165a2706,14,user_2dc10d2d,0.655674
user_165a2706,15,user_226be32f,0.648896
user_16b87e34,1,user_fdcaaf41,0.751842
user_16b87e34,2,user_87e5d9b0,0.725674
user_16b87e34,3,user_1cfedba8,0.708805
user_16b87e34,4,user_6c2d672f,0.708726
user_16b87e34,5,user_63b4be5f,0.707085
user_16b87e34,6,user_7b052f32,0.706206
user_16b87e34,7,user_4f3b6241,0.703034
user_16b87e34,8,user_fe67197f,0.690888
user_16b87e34,9,user_885e8708,0.690431
user_16b87e34,10,user_5a283043,0.690227
user_16b87e34,11,user_7f623d19,0.687773
user_16b87e34,12,user_7c7220a4,0.687729
user_16b87e34,13,user_14a2d3c6,0.684272
user_16b87e34,14,user_107259c3,0.680363
user_16b87e34,15,user_94cad3a5,0.677749
user_17355c30,1,user_c4b781ce,0.771364
user_17355c30,2,user_a6a094cf,0.750303
user_17355c30,3,user_17355c30,0.749431
user_17355c30,4,user_6a13946a,0.729594
user_17355c30,5,user_78eff25f,0.725085
user_17355c30,6,user_5d35f631,0.705469
user_17355c30,7,user_5ac1a174,0.703903
user_17355c30,8,user_4d4f73a6,0.695775
user_17355c30,9,user_5d7cbf11,0.691432
user_17355c30,10,user_49b1ac46,0.687081
user_17355c30,11,user_f827c7dd,0.686609
user_17355c30,12,user_ed3091a2,0.671812
user_17355c30,13,user_a04b2a78,0.659300
user_17355c30,14,user_858fa00c,0.657675
user_17355c30,15,user_b2dd04c8,0.657533
user_17607ebc,1,user_fca58a87,0.827796
user_17607ebc,2,user_5881b259,0.818874
user_17607ebc,3,user_c39d41d7,0.814865
user_17607ebc,4,user_e7ff2beb,0.813962
user_17607ebc,5,user_69193575,0.813722
user_17607ebc,6,user_a7c6197a,0.811561
user_17607ebc,7,user_a743aff9,0.810894
user_17607ebc,8,user_96013176,0.808884
user_17607ebc,9,user_2e81a539,0.804590
user_17607ebc,10,user_d199bef3,0.803226
user_17607ebc,11,user_17607ebc,0.797668
user_17607ebc,12,user_e6057285,0.797219
user_17607ebc,13,user_636ad58f,0.796929
user_17607ebc,14,user_4e800fa1,0.794183
user_17607ebc,15,user_b16e0cf8,0.793690
user_183b3783,1,user_515ae840,0.744598
user_183b3783,2,user_d20928cc,0.705124
user_183b3783,3,user_49b1ac46,0.695408
user_183b3783,4,user_c32db875,0.692686
user_183b3783,5,user_a4aab257,0.689801
user_183b3783,6,user_75251485,0.681293
user_183b3783,7,user_829844fd,0.677026
user_183b3783,8,user_4bf6a4a0,0.673188
user_183b3783,9,user_6d2cb415,0.672926
user_183b3783,10,user_823846de,0.672865
user_183b3783,11,user_4e42bf97,0.661539
user_183b3783,12,user_f14dc486,0.655110
user_183b3783,13,user_9ffdf5e5,0.647027
user_183b3783,14,user_1b460965,0.646240
user_183b3783,15,user_a2503734,0.644465
user_18522854,1,user_d2bd9832,0.743651
user_18522854,2,user_07ec3726,0.719367
user_18522854,3,user_f930e37f,0.713639
user_18522854,4,user_f51339f8,0.699605
user_18522854,5,user_18522854,0.693940
user_18522854,6,user_d4c7b4c0,0.690223
user_18522854,7,user_7f56f9a5,0.681997
user_18522854,8,user_94cad3a5,0.676340
user_18522854,9,user_5c9b579a,0.674926
user_18522854,10,user_3bc84c13,0.673376
user_18522854,11,user_aabd2642,0.667174
user_18522854,12,user_b0129d9e,0.666804
user_18522854,13,user_96013176,0.665489
user_18522854,14,user_394c25cc,0.665091
user_18522854,15,user_54c1ebee,0.662114
user_18892460,1,user_3239132f,0.844606
user_18892460,2,user_a151ddab,0.818232
user_18892460,3,user_d691d016,0.810327
user_18892460,4,user_14a2d3c6,0.805331
user_18892460,5,user_25798310,0.799377
user_18892460,6,user_b350e22b,0.798762
user_18892460,7,user_83afc7b2,0.798737
user_18892460,8,user_147d1bbb,0.798344
user_18892460,9,user_54c1ebee,0.797351
user_18892460,10,user_df8dc9bb,0.797120
user_18892460,11,user_8dd20d7f,0.796502
user_18892460,12,user_e8a7be73,0.794481
user_18892460,13,user_e59c000f,0.791573
user_18892460,14,user_7b5f54c0,0.788926
user_18892460,15,user_9a307ebe,0.788758
user_18c333c6,1,user_3ff3188b,0.778253
user_18c333c6,2,user_18c333c6,0.774745
user_18c333c6,3,user_a9ed2c9e,0.734110
user_18c333c6,4,user_81c4dae1,0.716913
user_18c333c6,5,user_98f18241,0.711434
user_18c333c6,6,user_fcf93ee8,0.694607
user_18c333c6,7,user_74e32d78,0.694307
user_18c333c6,8,user_c34e791e,0.685845
user_18c333c6,9,user_baa70592,0.680731
user_18c333c6,10,user_3ff88cf0,0.680493
user_18c333c6,11,user_e30558fe,0.676237
user_18c333c6,12,user_67acd9b1,0.674449
user_18c333c6,13,user_f030b951,0.674026
user_18c333c6,14,user_1b2d69c1,0.671942
user_18c333c6,15,user_b2aba63a,0.661149
user_192a215d,1,user_372c2b3e,0.809195
user_192a215d,2,user_2efde048,0.796582
user_192a215d,3,user_0bc8e727,0.789738
user_192a215d,4,user_a61b0d31,0.786121
user_192a215d,5,user_62b122b9,0.778275
user_192a215d,6,user_f7fd2885,0.771849
user_192a215d,7,user_f5e1eee0,0.770990
user_192a215d,8,user_1fb8e9e5,0.765121
user_192a215d,9,user_3bb7992e,0.758248
user_192a215d,10,user_fbed237d,0.754509
user_192a215d,11,user_2c2a5c24,0.754087
user_192a215d,12,user_d2c97c8e,0.748964
user_192a215d,13,user_3971c3e6,0.742574
user_192a215d,14,user_58bfeaad,0.742024
user_192a215d,15,user_a151ddab,0.733563
user_194b92fc,1,user_194b92fc,0.881023
user_194b92fc,2,user_6bb64984,0.813029
user_194b92fc,3,user_c41de62b,0.803541
user_194b92fc,4,user_649f4327,0.803436
user_194b92fc,5,user_c8f82360,0.796176
user_194b92fc,6,user_25b48a9a,0.793161
user_194b92fc,7,user_9e39a95d,0.774331
user_194b92fc,8,user_e838707b,0.772990
user_194b92fc,9,user_3850eb9e,0.766401
user_194b92fc,10,user_f8e2246f,0.765343
user_194b92fc,11,user_daf53db6,0.762547
user_194b92fc,12,user_acb51eed,0.760419
user_194b92fc,13,user_8fbb6d9c,0.757534
user_194b92fc,14,user_08aa624b,0.756886
user_194b92fc,15,user_417702c5,0.756862
user_19641691,1,user_0d32f0ed,0.789007
user_19641691,2,user_b4f295b3,0.758334
user_19641691,3,user_7c7220a4,0.736470
user_19641691,4,user_7f623d19,0.725062
user_19641691,5,user_71f7b692,0.719439
user_19641691,6,user_63b4be5f,0.718245
user_19641691,7,user_baeb91b3,0.707485
user_19641691,8,user_fdcaaf41,0.706484
user_19641691,9,user_03410579,0.704793
user_19641691,10,user_ded778b8,0.702290
user_19641691,11,user_e64d80ba,0.700694
user_19641691,12,user_19641691,0.698214
user_19641691,13,user_e2e59795,0.694550
user_19641691,14,user_9fe4e0f5,0.692299
user_19641691,15,user_76638121,0.687914
user_19952166,1,user_a75b16f2,0.751119
user_19952166,2,user_98ca16a6,0.732429
user_19952166,3,user_4c8199a7,0.730422
user_19952166,4,user_b350e22b,0.709699
user_19952166,5,user_b9036662,0.706988
user_19952166,6,user_f930e37f,0.705360
user_19952166,7,user_96d9cb9a,0.704223
user_19952166,8,user_a6c2e760,0.703626
user_19952166,9,user_cdd86523,0.703329
user_19952166,10,user_91f807b9,0.698592
user_19952166,11,user_c8f82360,0.698550
user_19952166,12,user_e5a6abbe,0.698270
user_19952166,13,user_74d27419,0.696878
user_19952166,14,user_032e5bc8,0.693907
user_19952166,15,user_d67450a8,0.692474
user_1a2755b3,1,user_1a2755b3,0.929203
user_1a2755b3,2,user_0eb2abf1,0.840142
user_1a2755b3,3,user_a6c2e760,0.839314
user_1a2755b3,4,user_15179955,0.835647
user_1a2755b3,5,user_c008345b,0.834896
user_1a2755b3,6,user_c06d9b71,0.829313
user_1a2755b3,7,user_40a0bad3,0.825769
user_1a2755b3,8,user_3ac315cb,0.819255
user_1a2755b3,9,user_ebddf9c1,0.815398
user_1a2755b3,10,user_c34e791e,0.814197
user_1a2755b3,11,user_b49274ca,0.809652
user_1a2755b3,12,user_1b7f8c56,0.808759
user_1a2755b3,13,user_cdd86523,0.806841
user_1a2755b3,14,user_dbc4828c,0.805124
user_1a2755b3,15,user_2dd5b531,0.802758
user_1a4bec69,1,user_a52dd639,0.808914
user_1a4bec69,2,user_1a4bec69,0.806319
user_1a4bec69,3,user_08c32973,0.721602
user_1a4bec69,4,user_67fa915e,0.715227
user_1a4bec69,5,user_2efde048,0.707911
user_1a4bec69,6,user_58bfeaad,0.702308
user_1a4bec69,7,user_2e60c125,0.678629
user_1a4bec69,8,user_e409a56d,0.671735
user_1a4bec69,9,user_40efa894,0.668068
user_1a4bec69,10,user_6fa47d61,0.666459
user_1a4bec69,11,user_2c2a5c24,0.665568
user_1a4bec69,12,user_64cd3098,0.657075
user_1a4bec69,13,user_b2aba63a,0.643131
user_1a4bec69,14,user_bf30f80d,0.642043
user_1a4bec69,15,user_f5e1eee0,0.640218
user_1a7d6cd5,1,user_19622b77,0.688592
user_1a7d6cd5,2,user_683369b1,0.614314
user_1a7d6cd5,3,user_1eefeb8c,0.586894
user_1a7d6cd5,4,user_a2f8bfd2,0.531586
user_1a7d6cd5,5,user_f2f860bd,0.514399
user_1a7d6cd5,6,user_52f895f1,0.507442
user_1a7d6cd5,7,user_8e92b8c1,0.506287
user_1a7d6cd5,8,user_37be663c,0.500655
user_1a7d6cd5,9,user_3666402b,0.499513
user_1a7d6cd5,10,user_f44f615a,0.497049
user_1a7d6cd5,11,user_41b20ee4,0.491469
user_1a7d6cd5,12,user_fe73d731,0.489813
user_1a7d6cd5,13,user_fa69a385,0.477035
user_1a7d6cd5,14,user_16b87e34,0.476794
user_1a7d6cd5,15,user_c130412b,0.472244
user_1b2d69c1,1,user_1b2d69c1,0.892702
user_1b2d69c1,2,user_58892c7c,0.832035
user_1b2d69c1,3,user_e30558fe,0.804794
user_1b2d69c1,4,user_74c84045,0.803604
user_1b2d69c1,5,user_07faa0fc,0.781356
user_1b2d69c1,6,user_baa70592,0.777057
user_1b2d69c1,7,user_98f18241,0.669739
user_1b2d69c1,8,user_f4f9490d,0.653573
user_1b2d69c1,9,user_b4214db6,0.646720
user_1b2d69c1,10,user_43049634,0.643850
user_1b2d69c1,11,user_a9ed5193,0.638292
user_1b2d69c1,12,user_f030b951,0.636550
user_1b2d69c1,13,user_b9036662,0.636530
user_1b2d69c1,14,user_81c4dae1,0.634986
user_1b2d69c1,15,user_e6dd44b0,0.628918
user_1b7f8c56,1,user_c8f82360,0.841544
user_1b7f8c56,2,user_2e05a7a0,0.817556
user_1b7f8c56,3,user_649f4327,0.805083
user_1b7f8c56,4,user_ab86ab82,0.777265
user_1b7f8c56,5,user_55058479,0.774039
user_1b7f8c56,6,user_c41de62b,0.768251
user_1b7f8c56,7,user_164fe4b8,0.765057
user_1b7f8c56,8,user_5159d3a1,0.761246
user_1b7f8c56,9,user_e838707b,0.755153
user_1b7f8c56,10,user_cf393213,0.755116
user_1b7f8c56,11,user_daf53db6,0.746625
user_1b7f8c56,12,user_25b48a9a,0.741758
user_1b7f8c56,13,user_c34e791e,0.737198
user_1b7f8c56,14,user_74d27419,0.736918
user_1b7f8c56,15,user_4f3b6241,0.735738
user_1b89f77a,1,user_650da71b,0.794680
user_1b89f77a,2,user_8f8346ad,0.756726
user_1b89f77a,3,user_5d1b0daf,0.750147
user_1b89f77a,4,user_ec574395,0.740548
user_1b89f77a,5,user_94f185bc,0.736363
user_1b89f77a,6,user_69a4dd06,0.734638
user_1b89f77a,7,user_6d2cb415,0.728219
user_1b89f77a,8,user_74d27419,0.719758
user_1b89f77a,9,user_111cfe7d,0.716740
user_1b89f77a,10,user_058c1800,0.715877
user_1b89f77a,11,user_cf393213,0.711875
user_1b89f77a,12,user_03969305,0.711512
user_1b89f77a,13,user_c4c70447,0.709221
user_1b89f77a,14,user_9571d0d5,0.706532
user_1b89f77a,15,user_67acd9b1,0.706478
user_1d775dd8,1,user_cce4f9c2,0.603441
user_1d775dd8,2,user_ab439a92,0.589440
user_1d775dd8,3,user_8ae8c359,0.581261
user_1d775dd8,4,user_a04b2a78,0.578764
user_1d775dd8,5,user_d691d016,0.574933
user_1d775dd8,6,user_d2bd9832,0.562584
user_1d775dd8,7,user_3e284ba5,0.562128
user_1d775dd8,8,user_5c82df31,0.554000
user_1d775dd8,9,user_ff591131,0.553406
user_1d775dd8,10,user_e931b2cd,0.553268
user_1d775dd8,11,user_a2503734,0.553259
user_1d775dd8,12,user_76fc8dcd,0.551270
user_1d775dd8,13,user_524450e9,0.551212
user_1d775dd8,14,user_96a45b45,0.549675
user_1d775dd8,15,user_737dd050,0.549128
user_1dc24686,1,user_d758a0a1,0.855658
user_1dc24686,2,user_5881b259,0.855095
user_1dc24686,3,user_433bdef0,0.850283
user_1dc24686,4,user_c39d41d7,0.846186
user_1dc24686,5,user_3f2fbc90,0.842412
user_1dc24686,6,user_e59c000f,0.837465
user_1dc24686,7,user_c5f32c0d,0.837297
user_1dc24686,8,user_f27da10a,0.836066
user_1dc24686,9,user_4b139395,0.832350
user_1dc24686,10,user_96013176,0.831941
user_1dc24686,11,user_0cc626ee,0.826129
user_1dc24686,12,user_723406a0,0.825122
user_1dc24686,13,user_147d1bbb,0.824026
user_1dc24686,14,user_886f7373,0.823860
user_1dc24686,15,user_02d03e8a,0.823054
user_1df51301,1,user_fba6bcd4,0.891437
user_1df51301,2,user_b6350ec1,0.882849
user_1df51301,3,user_7de6f343,0.868041
user_1df51301,4,user_3ff3188b,0.868002
user_1df51301,5,user_e6dd44b0,0.863724
user_1df51301,6,user_dbc4828c,0.863323
user_1df51301,7,user_4f755977,0.860206
user_1df51301,8,user_c39d41d7,0.855973
user_1df51301,9,user_03969305,0.849546
user_1df51301,10,user_04f39d22,0.846284
user_1df51301,11,user_1a2755b3,0.843183
user_1df51301,12,user_40efa894,0.842955
user_1df51301,13,user_73f34c5d,0.841132
user_1df51301,14,user_421ae417,0.839991
user_1df51301,15,user_1b7f8c56,0.834034
user_1e302679,1,user_d3663143,0.824636
user_1e302679,2,user_940c7213,0.809651
user_1e302679,3,user_71b9b8e0,0.808081
user_1e302679,4,user_b78601b5,0.807717
user_1e302679,5,user_f8e2246f,0.804389
user_1e302679,6,user_acb51eed,0.800084
user_1e302679,7,user_b325310b,0.797352
user_1e302679,8,user_b6b89f00,0.795886
user_1e302679,9,user_2d74cd4c,0.794611
user_1e302679,10,user_33c6501d,0.782644
user_1e302679,11,user_6011e674,0.781395
user_1e302679,12,user_4f864d55,0.778972
user_1e302679,13,user_8fbb6d9c,0.776087
user_1e302679,14,user_543e79f5,0.770785
user_1e302679,15,user_00723699,0.768485
user_1f1dc5e0,1,user_e838707b,0.766767
user_1f1dc5e0,2,user_89e04335,0.764856
user_1f1dc5e0,3,user_cf393213,0.755860
user_1f1dc5e0,4,user_1f1dc5e0,0.752189
user_1f1dc5e0,5,user_d2c97c8e,0.750045
user_1f1dc5e0,6,user_e6057285,0.747226
user_1f1dc5e0,7,user_94cad3a5,0.746113
user_1f1dc5e0,8,user_1ef33a43,0.744850
user_1f1dc5e0,9,user_a2503734,0.744308
user_1f1dc5e0,10,user_b4214db6,0.741167
user_1f1dc5e0,11,user_18522854,0.737695
user_1f1dc5e0,12,user_a151ddab,0.735754
user_1f1dc5e0,13,user_eb0927d1,0.729879
user_1f1dc5e0,14,user_c204a1dd,0.726767
user_1f1dc5e0,15,user_d2bd9832,0.726556
user_1f636ddc,1,user_1f636ddc,0.801715
user_1f636ddc,2,user_107259c3,0.782886
user_1f636ddc,3,user_0d32f0ed,0.778601
user_1f636ddc,4,user_e2e59795,0.758169
user_1f636ddc,5,user_baeb91b3,0.746349
user_1f636ddc,6,user_6169d3b8,0.735692
user_1f636ddc,7,user_b4f295b3,0.731517
user_1f636ddc,8,user_3431c049,0.730632
user_1f636ddc,9,user_70bbda36,0.729169
user_1f636ddc,10,user_b0129d9e,0.728454
user_1f636ddc,11,user_7f623d19,0.727102
user_1f636ddc,12,user_ea67f9c6,0.714674
user_1f636ddc,13,user_5c9b579a,0.709718
user_1f636ddc,14,user_89571ce8,0.705828
user_1f636ddc,15,user_1e3084a6,0.704540
user_205d25f3,1,user_02016939,0.910580
user_205d25f3,2,user_70bbda36,0.883044
user_205d25f3,3,user_6ae9ce92,0.864248
user_205d25f3,4,user_930dc61d,0.860482
user_205d25f3,5,user_70580e9a,0.850229
user_205d25f3,6,user_5526cbfd,0.841995
user_205d25f3,7,user_ded778b8,0.840108
user_205d25f3,8,user_205d25f3,0.829268
user_205d25f3,9,user_fba6bcd4,0.821983
user_205d25f3,10,user_586752e4,0.818640
user_205d25f3,11,user_ed1aaed8,0.811080
user_205d25f3,12,user_03969305,0.809976
user_205d25f3,13,user_ba085464,0.805077
user_205d25f3,14,user_9a307ebe,0.799563
user_205d25f3,15,user_f030b951,0.798197
user_20e741d0,1,user_1a7d6cd5,0.861548
user_20e741d0,2,user_5c9b579a,0.856741
user_20e741d0,3,user_364bb955,0.848193
user_20e741d0,4,user_81a80789,0.843137
user_20e741d0,5,user_3b1da5d9,0.833700
user_20e741d0,6,user_03410579,0.829430
user_20e741d0,7,user_02fecea2,0.828763
user_20e741d0,8,user_b0129d9e,0.825093
user_20e741d0,9,user_4144252d,0.823597
user_20e741d0,10,user_500badda,0.823015
user_20e741d0,11,user_aabd2642,0.821557
user_20e741d0,12,user_bd05225b,0.817466
user_20e741d0,13,user_1246b252,0.817022
user_20e741d0,14,user_cbabbcee,0.816351
user_20e741d0,15,user_166a3647,0.810102
user_2142b6e1,1,user_39f8897b,0.680354
user_2142b6e1,2,user_ded778b8,0.595412
user_2142b6e1,3,user_dffc0da5,0.592713
user_2142b6e1,4,user_dbbf562e,0.586700
user_2142b6e1,5,user_7c8639cd,0.566707
user_2142b6e1,6,user_d50d7985,0.560759
user_2142b6e1,7,user_2142b6e1,0.560263
user_2142b6e1,8,user_baeb91b3,0.560106
user_2142b6e1,9,user_71f7b692,0.545998
user_2142b6e1,10,user_93cdb7a1,0.544495
user_2142b6e1,11,user_fb8f46c8,0.542376
user_2142b6e1,12,user_cbabbcee,0.542320
user_2142b6e1,13,user_7709815a,0.540525
user_2142b6e1,14,user_124651ff,0.540135
user_2142b6e1,15,user_0d32f0ed,0.540098
user_21b4fa31,1,user_9692f077,0.622355
user_21b4fa31,2,user_21b4fa31,0.517687
user_21b4fa31,3,user_f14dc486,0.481208
user_21b4fa31,4,user_97330742,0.476607
user_21b4fa31,5,user_1c7b7780,0.475308
user_21b4fa31,6,user_2920b35e,0.466764
user_21b4fa31,7,user_a993555f,0.455041
user_21b4fa31,8,user_ba4f42bb,0.453177
user_21b4fa31,9,user_fa60616d,0.452199
user_21b4fa31,10,user_f030b951,0.451570
user_21b4fa31,11,user_33b2b77f,0.445326
user_21b4fa31,12,user_338e1332,0.443174
user_21b4fa31,13,user_795eb408,0.440158
user_21b4fa31,14,user_567057e7,0.432455
user_21b4fa31,15,user_470c0785,0.427999
user_226be32f,1,user_226be32f,0.859575
user_226be32f,2,user_0669bdf6,0.790594
user_226be32f,3,user_df8dc9bb,0.787059
user_226be32f,4,user_1cfedba8,0.782774
user_226be32f,5,user_107259c3,0.767499
user_226be32f,6,user_8d22714e,0.767058
user_226be32f,7,user_b350e22b,0.764185
user_226be32f,8,user_032e5bc8,0.761582
user_226be32f,9,user_5c82df31,0.761267
user_226be32f,10,user_e8a7be73,0.755782
user_226be32f,11,user_3239132f,0.754005
user_226be32f,12,user_25798310,0.752511
user_226be32f,13,user_f0cf195f,0.752241
user_226be32f,14,user_737dd050,0.751078
user_226be32f,15,user_885e8708,0.749945
user_2373103d,1,user_68d19df8,0.813805
user_2373103d,2,user_7fd91653,0.789154
user_2373103d,3,user_e5a6abbe,0.782149
user_2373103d,4,user_636ad58f,0.781792
user_2373103d,5,user_c39d41d7,0.776105
user_2373103d,6,user_c5f32c0d,0.775346
user_2373103d,7,user_5881b259,0.772144
user_2373103d,8,user_954805d7,0.765725
user_2373103d,9,user_2373103d,0.763015
user_2373103d,10,user_d199bef3,0.759219
user_2373103d,11,user_e59c000f,0.757531
user_2373103d,12,user_69df6330,0.753922
user_2373103d,13,user_3f2fbc90,0.752331
user_2373103d,14,user_0fefc28e,0.751226
user_2373103d,15,user_f27da10a,0.750105
user_23e46560,1,user_07faa0fc,0.804404
user_23e46560,2,user_23e46560,0.802800
user_23e46560,3,user_58892c7c,0.788630
user_23e46560,4,user_1b2d69c1,0.758948
user_23e46560,5,user_74c84045,0.722483
user_23e46560,6,user_baa70592,0.659813
user_23e46560,7,user_e30558fe,0.649005
user_23e46560,8,user_2eaaa117,0.625056
user_23e46560,9,user_85c97ea1,0.597607
user_23e46560,10,user_74da5a13,0.563940
user_23e46560,11,user_687feee4,0.557969
user_23e46560,12,user_93cdb7a1,0.556876
user_23e46560,13,user_74cfb8ef,0.551128
user_23e46560,14,user_5c9b579a,0.542742
user_23e46560,15,user_b1d0760b,0.539622
user_245fd42f,1,user_d955d7e2,0.801714
user_245fd42f,2,user_723406a0,0.798353
user_245fd42f,3,user_91f807b9,0.723413
user_245fd42f,4,user_dd0bd02d,0.721490
user_245fd42f,5,user_5881b259,0.712358
user_245fd42f,6,user_dbc4828c,0.703466
user_245fd42f,7,user_eae91488,0.699820
user_245fd42f,8,user_caebed72,0.697787
user_245fd42f,9,user_5a283043,0.697630
user_245fd42f,10,user_8e217d1b,0.696457
user_245fd42f,11,user_2b271761,0.696074
user_245fd42f,12,user_c60d65b5,0.687746
user_245fd42f,13,user_c39d41d7,0.685025
user_245fd42f,14,user_0a245f61,0.684892
user_245fd42f,15,user_a743aff9,0.682791
user_25652863,1,user_6fa47d61,0.871528
user_25652863,2,user_08c32973,0.867270
user_25652863,3,user_f3377028,0.851974
user_25652863,4,user_f5e1eee0,0.848947
user_25652863,5,user_bf30f80d,0.848629
user_25652863,6,user_2efde048,0.846533
user_25652863,7,user_4ea1ef09,0.840805
user_25652863,8,user_372c2b3e,0.835963
user_25652863,9,user_25652863,0.829551
user_25652863,10,user_04f39d22,0.825488
user_25652863,11,user_7de6f343,0.823136
user_25652863,12,user_421ae417,0.822237
user_25652863,13,user_ba8b1c05,0.815404
user_25652863,14,user_e409a56d,0.815044
user_25652863,15,user_2c2a5c24,0.814508
user_25798310,1,user_03969305,0.810806
user_25798310,2,user_586752e4,0.810505
user_25798310,3,user_107259c3,0.799367
user_25798310,4,user_f930e37f,0.797536
user_25798310,5,user_2e81a539,0.791147
user_25798310,6,user_5526cbfd,0.790823
user_25798310,7,user_7c7220a4,0.790109
user_25798310,8,user_88b2faba,0.787616
user_25798310,9,user_1b7f8c56,0.785661
user_25798310,10,user_5c9b579a,0.783795
user_25798310,11,user_aabd2642,0.778439
user_25798310,12,user_9a307ebe,0.776923
user_25798310,13,user_93cdb7a1,0.776840
user_25798310,14,user_e6057285,0.772506
user_25798310,15,user_e696f3ae,0.771878
user_25b48a9a,1,user_daf53db6,0.752122
user_25b48a9a,2,user_bbb0205e,0.727049
user_25b48a9a,3,user_25b48a9a,0.700132
user_25b48a9a,4,user_126670d7,0.692016
user_25b48a9a,5,user_c32db875,0.691072
user_25b48a9a,6,user_4bf6a4a0,0.679410
user_25b48a9a,7,user_c0392523,0.672802
user_25b48a9a,8,user_ca6074df,0.665586
user_25b48a9a,9,user_6fbf6191,0.660569
user_25b48a9a,10,user_67acd9b1,0.659098
user_25b48a9a,11,user_2c3eb234,0.656953
user_25b48a9a,12,user_d14b7d7b,0.645775
user_25b48a9a,13,user_56e6d0cd,0.641330
user_25b48a9a,14,user_57c1d6c0,0.638392
user_25b48a9a,15,user_c1a70ab7,0.635578
user_26565155,1,user_3971c3e6,0.640869
user_26565155,2,user_4893b4d0,0.631680
user_26565155,3,user_9a307ebe,0.620147
user_26565155,4,user_83afc7b2,0.603800
user_26565155,5,user_886f7373,0.599567
user_26565155,6,user_d2c97c8e,0.596343
user_26565155,7,user_e5a6abbe,0.588153
user_26565155,8,user_d93b53bd,0.585263
user_26565155,9,user_38f4dfac,0.576584
user_26565155,10,user_8713f22a,0.573049
user_26565155,11,user_2b03934e,0.572397
user_26565155,12,user_406c399e,0.572371
user_26565155,13,user_ef954c6e,0.571954
user_26565155,14,user_c204a1dd,0.571601
user_26565155,15,user_0697c470,0.570959
user_26fa9d90,1,user_04f39d22,0.901636
user_26fa9d90,2,user_7de6f343,0.875002
user_26fa9d90,3,user_a3a4a20a,0.872457
user_26fa9d90,4,user_421ae417,0.868147
user_26fa9d90,5,user_3ff3188b,0.863538
user_26fa9d90,6,user_74cfb8ef,0.859630
user_26fa9d90,7,user_c34e791e,0.857590
user_26fa9d90,8,user_e409a56d,0.846252
user_26fa9d90,9,user_40efa894,0.838348
user_26fa9d90,10,user_2c2a5c24,0.831551
user_26fa9d90,11,user_98f18241,0.829139
user_26fa9d90,12,user_81c4dae1,0.827154
user_26fa9d90,13,user_58bfeaad,0.823718
user_26fa9d90,14,user_daf59045,0.823607
user_26fa9d90,15,user_0bc8e727,0.822766
user_27a3fa64,1,user_27a3fa64,0.855917
user_27a3fa64,2,user_7b052f32,0.834152
user_27a3fa64,3,user_bbe73426,0.821840
user_27a3fa64,4,user_7f56f9a5,0.813857
user_27a3fa64,5,user_970963fd,0.812491
user_27a3fa64,6,user_1936a7c3,0.809464
user_27a3fa64,7,user_cb2fe204,0.808194
user_27a3fa64,8,user_f51339f8,0.798860
user_27a3fa64,9,user_e6057285,0.798725
user_27a3fa64,10,user_6d071251,0.794459
user_27a3fa64,11,user_394c25cc,0.791688
user_27a3fa64,12,user_69193575,0.784552
user_27a3fa64,13,user_38dc2894,0.781956
user_27a3fa64,14,user_d1d16d30,0.781765
user_27a3fa64,15,user_1f1dc5e0,0.779177
user_2920b35e,1,user_2920b35e,0.858020
user_2920b35e,2,user_17607ebc,0.800529
user_2920b35e,3,user_8663226a,0.790446
user_2920b35e,4,user_657c72ca,0.787998
user_2920b35e,5,user_bdcc6e7d,0.786223
user_2920b35e,6,user_b6350ec1,0.783309
user_2920b35e,7,user_d6175d39,0.783248
user_2920b35e,8,user_aa31484a,0.782380
user_2920b35e,9,user_b16e0cf8,0.781085
user_2920b35e,10,user_f030b951,0.780306
user_2920b35e,11,user_02d03e8a,0.778621
user_2920b35e,12,user_c35d6565,0.772448
user_2920b35e,13,user_8fe14601,0.765936
user_2920b35e,14,user_bd19a016,0.765358
user_2920b35e,15,user_3f798a8b,0.763176
user_29cd4556,1,user_efb27a8e,0.763239
user_29cd4556,2,user_a16d1fb6,0.739843
user_29cd4556,3,user_ffe2efae,0.732872
user_29cd4556,4,user_c994138f,0.729693
user_29cd4556,5,user_ab439a92,0.727832
user_29cd4556,6,user_338e1332,0.727572
user_29cd4556,7,user_58bfeaad,0.716458
user_29cd4556,8,user_daf37424,0.716310
user_29cd4556,9,user_8713f22a,0.706653
user_29cd4556,10,user_9a5457b0,0.701819
user_29cd4556,11,user_b2aba63a,0.701699
user_29cd4556,12,user_e696f3ae,0.699670
user_29cd4556,13,user_e8e9acac,0.698991
user_29cd4556,14,user_476670f9,0.698533
user_29cd4556,15,user_2f4cc646,0.697458
user_2a704b9c,1,user_b49274ca,0.826377
user_2a704b9c,2,user_54b19b29,0.814584
user_2a704b9c,3,user_c2f18cf7,0.806428
user_2a704b9c,4,user_8d968cfb,0.801226
user_2a704b9c,5,user_82879210,0.795650
user_2a704b9c,6,user_723406a0,0.794389
user_2a704b9c,7,user_9dda4af9,0.785732
user_2a704b9c,8,user_c34e791e,0.783928
user_2a704b9c,9,user_eae91488,0.783274
user_2a704b9c,10,user_d036c911,0.782447
user_2a704b9c,11,user_74d27419,0.780280
user_2a704b9c,12,user_69df6330,0.777861
user_2a704b9c,13,user_84e93af7,0.777312
user_2a704b9c,14,user_dbc4828c,0.776456
user_2a704b9c,15,user_c39d41d7,0.774237
user_2a94c885,1,user_0eb2abf1,0.781717
user_2a94c885,2,user_f4f9490d,0.778919
user_2a94c885,3,user_41d0c897,0.763743
user_2a94c885,4,user_259776c7,0.762698
user_2a94c885,5,user_cf393213,0.760279
user_2a94c885,6,user_2e05a7a0,0.752131
user_2a94c885,7,user_5159d3a1,0.728863
user_2a94c885,8,user_f930e37f,0.723300
user_2a94c885,9,user_96d9cb9a,0.714148
user_2a94c885,10,user_a57e47b1,0.713703
user_2a94c885,11,user_8be3f554,0.713654
user_2a94c885,12,user_3f2894b5,0.712289
user_2a94c885,13,user_67acd9b1,0.709118
user_2a94c885,14,user_4a57e449,0.704930
user_2a94c885,15,user_ba4a78fc,0.704796
user_2b271761,1,user_a4a77a7d,0.852128
user_2b271761,2,user_f654c33b,0.843240
user_2b271761,3,user_5c5a0b40,0.840563
user_2b271761,4,user_83e30c57,0.831712
user_2b271761,5,user_adab54a0,0.829757
user_2b271761,6,user_dd1d7b22,0.828586
user_2b271761,7,user_5881b259,0.826991
user_2b271761,8,user_15179955,0.826862
user_2b271761,9,user_7aa3746b,0.825728
user_2b271761,10,user_2b271761,0.822623
user_2b271761,11,user_0cee87f3,0.821050
user_2b271761,12,user_2dd5b531,0.813903
user_2b271761,13,user_b23aa915,0.812934
user_2b271761,14,user_29cd4556,0.812434
user_2b271761,15,user_f27da10a,0.812318
user_2b750e1c,1,user_4b139395,0.834513
user_2b750e1c,2,user_c39d41d7,0.830047
user_2b750e1c,3,user_40a0bad3,0.826140
user_2b750e1c,4,user_c96b90fe,0.819583
user_2b750e1c,5,user_cdd86523,0.817987
user_2b750e1c,6,user_2eb5d860,0.817693
user_2b750e1c,7,user_7924afc9,0.813169
user_2b750e1c,8,user_6fc85c06,0.805876
user_2b750e1c,9,user_e802076d,0.802875
user_2b750e1c,10,user_9571d0d5,0.802239
user_2b750e1c,11,user_7fd91653,0.801608
user_2b750e1c,12,user_03969305,0.800060
user_2b750e1c,13,user_c06d9b71,0.797498
user_2b750e1c,14,user_69df6330,0.796656
user_2b750e1c,15,user_c008345b,0.796120
user_2b79ef0b,1,user_0ff0b922,0.816449
user_2b79ef0b,2,user_2b79ef0b,0.808292
user_2b79ef0b,3,user_b4f295b3,0.790007
user_2b79ef0b,4,user_6c2d672f,0.781969
user_2b79ef0b,5,user_500badda,0.781761
user_2b79ef0b,6,user_e64d80ba,0.779826
user_2b79ef0b,7,user_2cb4b018,0.762447
user_2b79ef0b,8,user_a3a4a20a,0.749341
user_2b79ef0b,9,user_124651ff,0.745666
user_2b79ef0b,10,user_e51692a6,0.730163
user_2b79ef0b,11,user_fdcaaf41,0.729883
user_2b79ef0b,12,user_e6dd44b0,0.728671
user_2b79ef0b,13,user_ba085464,0.726863
user_2b79ef0b,14,user_aabd2642,0.726684
user_2b79ef0b,15,user_3e284ba5,0.726193
user_2c3eb234,1,user_4a57e449,0.766382
user_2c3eb234,2,user_2e05a7a0,0.737498
user_2c3eb234,3,user_8006727d,0.736458
user_2c3eb234,4,user_07ec3726,0.735230
user_2c3eb234,5,user_ab86ab82,0.732478
user_2c3eb234,6,user_ffe2efae,0.732205
user_2c3eb234,7,user_c7beef01,0.731701
user_2c3eb234,8,user_9b6481e4,0.729401
user_2c3eb234,9,user_67acd9b1,0.729077
user_2c3eb234,10,user_8be3f554,0.714224
user_2c3eb234,11,user_3f2894b5,0.712207
user_2c3eb234,12,user_9a5457b0,0.695100
user_2c3eb234,13,user_9bee2a7c,0.694549
user_2c3eb234,14,user_a16d1fb6,0.692240
user_2c3eb234,15,user_65d73ac1,0.678769
user_2c69b83e,1,user_55058479,0.780886
user_2c69b83e,2,user_b1c16312,0.743434
user_2c69b83e,3,user_815b7baf,0.733057
user_2c69b83e,4,user_6fbf6191,0.729169
user_2c69b83e,5,user_8006727d,0.728764
user_2c69b83e,6,user_67acd9b1,0.717362
user_2c69b83e,7,user_9b6481e4,0.711616
user_2c69b83e,8,user_9a5457b0,0.711464
user_2c69b83e,9,user_bbb0205e,0.711060
user_2c69b83e,10,user_9bee2a7c,0.700361
user_2c69b83e,11,user_c8f82360,0.697838
user_2c69b83e,12,user_9351238d,0.697187
user_2c69b83e,13,user_07ec3726,0.696523
user_2c69b83e,14,user_2e05a7a0,0.694089
user_2c69b83e,15,user_a2503734,0.690398
user_2c940ff8,1,user_2c940ff8,0.849789
user_2c940ff8,2,user_0f006eec,0.704756
user_2c940ff8,3,user_858fa00c,0.669926
user_2c940ff8,4,user_f52ced02,0.639814
user_2c940ff8,5,user_4893b4d0,0.611607
user_2c940ff8,6,user_8be3f554,0.607542
user_2c940ff8,7,user_3eb49f37,0.604202
user_2c940ff8,8,user_b9036662,0.602066
user_2c940ff8,9,user_6fbf6191,0.597943
user_2c940ff8,10,user_259776c7,0.596473
user_2c940ff8,11,user_6fc85c06,0.595708
user_2c940ff8,12,user_c4c70447,0.592778
user_2c940ff8,13,user_ab86ab82,0.591417
user_2c940ff8,14,user_45be01a5,0.588774
user_2c940ff8,15,user_906e2423,0.586606
user_2d74cd4c,1,user_9c5cd7fa,0.842098
user_2d74cd4c,2,user_daf53db6,0.804806
user_2d74cd4c,3,user_2f766c23,0.758990
user_2d74cd4c,4,user_2d74cd4c,0.743831
user_2d74cd4c,5,user_99c67f2f,0.739552
user_2d74cd4c,6,user_6bb64984,0.720860
user_2d74cd4c,7,user_649f4327,0.717862
user_2d74cd4c,8,user_b6b89f00,0.714773
user_2d74cd4c,9,user_c41de62b,0.714459
user_2d74cd4c,10,user_b325310b,0.709490
user_2d74cd4c,11,user_71b9b8e0,0.708410
user_2d74cd4c,12,user_f8e2246f,0.707841
user_2d74cd4c,13,user_65d73ac1,0.704365
user_2d74cd4c,14,user_2dc10d2d,0.697717
user_2d74cd4c,15,user_08aa624b,0.695148
user_2dc10d2d,1,user_1d775dd8,0.702713
user_2dc10d2d,2,user_e838707b,0.698072
user_2dc10d2d,3,user_f930e37f,0.697756
user_2dc10d2d,4,user_2cb4b018,0.687000
user_2dc10d2d,5,user_94cad3a5,0.679378
user_2dc10d2d,6,user_9e39a95d,0.674302
user_2dc10d2d,7,user_16ac4154,0.672069
user_2dc10d2d,8,user_1b7f8c56,0.668742
user_2dc10d2d,9,user_89e04335,0.667577
user_2dc10d2d,10,user_c8f82360,0.664726
user_2dc10d2d,11,user_caa6a7b6,0.661924
user_2dc10d2d,12,user_f51339f8,0.661890
user_2dc10d2d,13,user_4f3b6241,0.645686
user_2dc10d2d,14,user_daf59045,0.645551
user_2dc10d2d,15,user_a973cf8e,0.644579
user_2dd189e3,1,user_4b139395,0.884777
user_2dd189e3,2,user_c39d41d7,0.862431
user_2dd189e3,3,user_5881b259,0.856076
user_2dd189e3,4,user_bd05225b,0.851714
user_2dd189e3,5,user_7fd91653,0.840004
user_2dd189e3,6,user_5993b36a,0.834926
user_2dd189e3,7,user_2dd189e3,0.826899
user_2dd189e3,8,user_c008345b,0.826241
user_2dd189e3,9,user_723406a0,0.824114
user_2dd189e3,10,user_c67f26cc,0.820361
user_2dd189e3,11,user_a743aff9,0.819316
user_2dd189e3,12,user_c96b90fe,0.815368
user_2dd189e3,13,user_7924afc9,0.813827
user_2dd189e3,14,user_dbc4828c,0.811332
user_2dd189e3,15,user_ebddf9c1,0.807251
user_2eaaa117,1,user_2eaaa117,0.824798
user_2eaaa117,2,user_6ae9ce92,0.732987
user_2eaaa117,3,user_70bbda36,0.729679
user_2eaaa117,4,user_02016939,0.727807
user_2eaaa117,5,user_ded778b8,0.725882
user_2eaaa117,6,user_6169d3b8,0.709698
user_2eaaa117,7,user_fde27362,0.706876
user_2eaaa117,8,user_930dc61d,0.694324
user_2eaaa117,9,user_fcf93ee8,0.693898
user_2eaaa117,10,user_3bb7992e,0.691268
user_2eaaa117,11,user_e6dd44b0,0.687232
user_2eaaa117,12,user_586752e4,0.681059
user_2eaaa117,13,user_bd05225b,0.679850
user_2eaaa117,14,user_baeb91b3,0.679582
user_2eaaa117,15,user_e5f67397,0.678670
user_2eb5d860,1,user_c5c57a9d,0.771154
user_2eb5d860,2,user_2dd189e3,0.769571
user_2eb5d860,3,user_039d004e,0.755143
user_2eb5d860,4,user_c67f26cc,0.747201
user_2eb5d860,5,user_2eb5d860,0.715801
user_2eb5d860,6,user_efac3c1d,0.692248
user_2eb5d860,7,user_d849ac6e,0.670548
user_2eb5d860,8,user_4b139395,0.667660
user_2eb5d860,9,user_906e2423,0.666500
user_2eb5d860,10,user_4384dffe,0.655333
user_2eb5d860,11,user_c96b90fe,0.641570
user_2eb5d860,12,user_5d1b0daf,0.633375
user_2eb5d860,13,user_6b311f43,0.628860
user_2eb5d860,14,user_433bdef0,0.621419
user_2eb5d860,15,user_c39d41d7,0.619647
user_2efde048,1,user_2efde048,0.836338
user_2efde048,2,user_f5e1eee0,0.811978
user_2efde048,3,user_6fa47d61,0.787169
user_2efde048,4,user_4ea1ef09,0.785486
user_2efde048,5,user_f3377028,0.782738
user_2efde048,6,user_ba8b1c05,0.774649
user_2efde048,7,user_372c2b3e,0.770491
user_2efde048,8,user_08c32973,0.767387
user_2efde048,9,user_7de6f343,0.759530
user_2efde048,10,user_82c86537,0.757185
user_2efde048,11,user_bf30f80d,0.752606
user_2efde048,12,user_25652863,0.752465
user_2efde048,13,user_2c2a5c24,0.751091
user_2efde048,14,user_58bfeaad,0.738781
user_2efde048,15,user_40efa894,0.738472
user_2f1085dd,1,user_107259c3,0.826891
user_2f1085dd,2,user_1ae8e7f5,0.811468
user_2f1085dd,3,user_6169d3b8,0.795348
user_2f1085dd,4,user_17054ec7,0.794054
user_2f1085dd,5,user_baeb91b3,0.774863
user_2f1085dd,6,user_f070eee7,0.767759
user_2f1085dd,7,user_ab434739,0.752655
user_2f1085dd,8,user_586752e4,0.751956
user_2f1085dd,9,user_b4f295b3,0.741607
user_2f1085dd,10,user_7c7220a4,0.738087
user_2f1085dd,11,user_4144252d,0.736913
user_2f1085dd,12,user_0128a546,0.736371
user_2f1085dd,13,user_ea67f9c6,0.736364
user_2f1085dd,14,user_8713f22a,0.724437
user_2f1085dd,15,user_5c9b579a,0.722925
user_2f766c23,1,user_649f4327,0.820325
user_2f766c23,2,user_aa2fbe83,0.812097
user_2f766c23,3,user_b325310b,0.808604
user_2f766c23,4,user_1c7b7780,0.800300
user_2f766c23,5,user_2f766c23,0.796673
user_2f766c23,6,user_1b7f8c56,0.770389
user_2f766c23,7,user_8663226a,0.766130
user_2f766c23,8,user_e838707b,0.760516
user_2f766c23,9,user_b6b89f00,0.751211
user_2f766c23,10,user_8fbb6d9c,0.749103
user_2f766c23,11,user_3ac315cb,0.747304
user_2f766c23,12,user_25b48a9a,0.745535
user_2f766c23,13,user_afff552a,0.743488
user_2f766c23,14,user_9dda4af9,0.742395
user_2f766c23,15,user_c34e791e,0.741590
user_3049510b,1,user_3049510b,0.853964
user_3049510b,2,user_c67f26cc,0.852738
user_3049510b,3,user_e6057285,0.818839
user_3049510b,4,user_1936a7c3,0.815622
user_3049510b,5,user_0521a7ac,0.809665
user_3049510b,6,user_4b139395,0.808543
user_3049510b,7,user_83afc7b2,0.795963
user_3049510b,8,user_5881b259,0.795067
user_3049510b,9,user_1f1dc5e0,0.792192
user_3049510b,10,user_df8dc9bb,0.786963
user_3049510b,11,user_f75c71f0,0.786661
user_3049510b,12,user_886f7373,0.785333
user_3049510b,13,user_d96972e5,0.784899
user_3049510b,14,user_f4f9490d,0.784731
user_3049510b,15,user_5a6f92a6,0.783372
user_30802254,1,user_cf393213,0.847077
user_30802254,2,user_b9036662,0.822391
user_30802254,3,user_f930e37f,0.803591
user_30802254,4,user_6fc85c06,0.803295
user_30802254,5,user_2e05a7a0,0.792631
user_30802254,6,user_91f807b9,0.789852
user_30802254,7,user_89e04335,0.787288
user_30802254,8,user_74d27419,0.786891
user_30802254,9,user_e838707b,0.783596
user_30802254,10,user_94f185bc,0.782072
user_30802254,11,user_c8f82360,0.781541
user_30802254,12,user_f4f9490d,0.778069
user_30802254,13,user_96d9cb9a,0.775618
user_30802254,14,user_906e2423,0.774623
user_30802254,15,user_8be3f554,0.774532
user_3121653d,1,user_efa5697b,0.811635
user_3121653d,2,user_884ffdb2,0.795851
user_3121653d,3,user_ed3091a2,0.750036
user_3121653d,4,user_233fda02,0.727937
user_3121653d,5,user_ab30f0fb,0.727587
user_3121653d,6,user_9ee84e18,0.723412
user_3121653d,7,user_3121653d,0.723346
user_3121653d,8,user_e4f8ab0c,0.718354
user_3121653d,9,user_0e82fe11,0.715243
user_3121653d,10,user_d758a0a1,0.713171
user_3121653d,11,user_7d944883,0.700657
user_3121653d,12,user_c4c70447,0.699484
user_3121653d,13,user_56980aa9,0.699187
user_3121653d,14,user_e8d15537,0.697742
user_3121653d,15,user_405db206,0.694753
user_32934d38,1,user_2a704b9c,0.726584
user_32934d38,2,user_165a2706,0.725800
user_32934d38,3,user_a7c6197a,0.725458
user_32934d38,4,user_fca58a87,0.721314
user_32934d38,5,user_3c81ee09,0.718753
user_32934d38,6,user_c4c70447,0.717565
user_32934d38,7,user_83afc7b2,0.717092
user_32934d38,8,user_38433566,0.706227
user_32934d38,9,user_45be01a5,0.693544
user_32934d38,10,user_89e04335,0.688111
user_32934d38,11,user_d70942c1,0.685500
user_32934d38,12,user_a8dc91a3,0.685067
user_32934d38,13,user_8f8346ad,0.676964
user_32934d38,14,user_e59c000f,0.676943
user_32934d38,15,user_e8a7be73,0.676654
user_32ae32f9,1,user_1b7f8c56,0.853935
user_32ae32f9,2,user_d3663143,0.832368
user_32ae32f9,3,user_16ac4154,0.823078
user_32ae32f9,4,user_95d648bc,0.822570
user_32ae32f9,5,user_25b48a9a,0.820710
user_32ae32f9,6,user_2cb4b018,0.820543
user_32ae32f9,7,user_aabd2642,0.812579
user_32ae32f9,8,user_9e39a95d,0.810420
user_32ae32f9,9,user_e838707b,0.806921
user_32ae32f9,10,user_f930e37f,0.803050
user_32ae32f9,11,user_4f864d55,0.801916
user_32ae32f9,12,user_940c7213,0.799766
user_32ae32f9,13,user_3ac315cb,0.796923
user_32ae32f9,14,user_f8e2246f,0.796699
user_32ae32f9,15,user_417702c5,0.796568
user_32f31383,1,user_e6057285,0.868723
user_32f31383,2,user_886f7373,0.859218
user_32f31383,3,user_e59c000f,0.857262
user_32f31383,4,user_a151ddab,0.851486
user_32f31383,5,user_e802076d,0.834544
user_32f31383,6,user_54c1ebee,0.834274
user_32f31383,7,user_c5f32c0d,0.832716
user_32f31383,8,user_b350e22b,0.830982
user_32f31383,9,user_5c82df31,0.830959
user_32f31383,10,user_84c14a6f,0.826709
user_32f31383,11,user_0669bdf6,0.826299
user_32f31383,12,user_5c5a0b40,0.826102
user_32f31383,13,user_c35d6565,0.825874
user_32f31383,14,user_d691d016,0.820257
user_32f31383,15,user_394c25cc,0.819786
user_3353b96b,1,user_baeb91b3,0.852707
user_3353b96b,2,user_17054ec7,0.818751
user_3353b96b,3,user_107259c3,0.815964
user_3353b96b,4,user_3353b96b,0.784053
user_3353b96b,5,user_b4f295b3,0.771908
user_3353b96b,6,user_6169d3b8,0.763460
user_3353b96b,7,user_ea67f9c6,0.762784
user_3353b96b,8,user_ded778b8,0.760098
user_3353b96b,9,user_f070eee7,0.754289
user_3353b96b,10,user_70bbda36,0.750917
user_3353b96b,11,user_7c7220a4,0.746039
user_3353b96b,12,user_586752e4,0.741637
user_3353b96b,13,user_fcf93ee8,0.739356
user_3353b96b,14,user_c81fae29,0.732892
user_3353b96b,15,user_e2e59795,0.728094
user_338e1332,1,user_3bb7992e,0.688235
user_338e1332,2,user_a151ddab,0.667622
user_338e1332,3,user_5c82df31,0.645894
user_338e1332,4,user_b350e22b,0.637117
user_338e1332,5,user_02016939,0.637063
user_338e1332,6,user_8ae8c359,0.628175
user_338e1332,7,user_df8dc9bb,0.627604
user_338e1332,8,user_c994138f,0.625947
user_338e1332,9,user_3239132f,0.623723
user_338e1332,10,user_107259c3,0.623624
user_338e1332,11,user_ff591131,0.622310
user_338e1332,12,user_959adfc8,0.621513
user_338e1332,13,user_8713f22a,0.620955
user_338e1332,14,user_7f56f9a5,0.620590
user_338e1332,15,user_8d22714e,0.617880
user_34b1fb84,1,user_bf69de98,0.830320
user_34b1fb84,2,user_1b7f8c56,0.820576
user_34b1fb84,3,user_ef954c6e,0.816011
user_34b1fb84,4,user_205d25f3,0.805709
user_34b1fb84,5,user_394c25cc,0.790633
user_34b1fb84,6,user_fba6bcd4,0.788079
user_34b1fb84,7,user_1936a7c3,0.782116
user_34b1fb84,8,user_38dc2894,0.781352
user_34b1fb84,9,user_b325310b,0.778081
user_34b1fb84,10,user_bbe73426,0.777470
user_34b1fb84,11,user_d2c97c8e,0.772776
user_34b1fb84,12,user_15179955,0.772393
user_34b1fb84,13,user_dc326993,0.772315
user_34b1fb84,14,user_f030b951,0.772185
user_34b1fb84,15,user_98f18241,0.771789
user_364bb955,1,user_70bbda36,0.864209
user_364bb955,2,user_1a7d6cd5,0.823567
user_364bb955,3,user_166a3647,0.816445
user_364bb955,4,user_ded778b8,0.808566
user_364bb955,5,user_3e284ba5,0.798091
user_364bb955,6,user_02fecea2,0.791165
user_364bb955,7,user_364bb955,0.789919
user_364bb955,8,user_b0129d9e,0.787785
user_364bb955,9,user_03410579,0.787352
user_364bb955,10,user_3b1da5d9,0.786492
user_364bb955,11,user_8713f22a,0.784701
user_364bb955,12,user_500badda,0.777177
user_364bb955,13,user_02016939,0.777055
user_364bb955,14,user_fcf93ee8,0.776872
user_364bb955,15,user_586752e4,0.772539
user_36dd1253,1,user_36dd1253,0.760467
user_36dd1253,2,user_8ac8f24f,0.700413
user_36dd1253,3,user_cbabbcee,0.699209
user_36dd1253,4,user_0b64b183,0.690230
user_36dd1253,5,user_b605d5c9,0.650460
user_36dd1253,6,user_c008345b,0.646346
user_36dd1253,7,user_364bb955,0.645591
user_36dd1253,8,user_636ad58f,0.642740
user_36dd1253,9,user_f51339f8,0.640835
user_36dd1253,10,user_147d1bbb,0.637023
user_36dd1253,11,user_a01f16ac,0.635737
user_36dd1253,12,user_c06d9b71,0.634789
user_36dd1253,13,user_a7bfc229,0.633200
user_36dd1253,14,user_fba6bcd4,0.632114
user_36dd1253,15,user_529e3009,0.631464
user_372c2b3e,1,user_372c2b3e,0.852812
user_372c2b3e,2,user_72b93300,0.842921
user_372c2b3e,3,user_7de6f343,0.837395
user_372c2b3e,4,user_2efde048,0.831471
user_372c2b3e,5,user_40efa894,0.826154
user_372c2b3e,6,user_25652863,0.825405
user_372c2b3e,7,user_0f0ad720,0.821600
user_372c2b3e,8,user_4ea1ef09,0.818794
user_372c2b3e,9,user_6fa47d61,0.808863
user_372c2b3e,10,user_74cfb8ef,0.796779
user_372c2b3e,11,user_62b122b9,0.796661
user_372c2b3e,12,user_0898fc4b,0.786569
user_372c2b3e,13,user_f7fd2885,0.785496
user_372c2b3e,14,user_f5e1eee0,0.785479
user_372c2b3e,15,user_a3a4a20a,0.779410
user_378003e3,1,user_ae306850,0.843248
user_378003e3,2,user_aa2fbe83,0.815412
user_378003e3,3,user_fba6bcd4,0.815218
user_378003e3,4,user_81c4dae1,0.803074
user_378003e3,5,user_3ff3188b,0.799264
user_378003e3,6,user_b14ec02b,0.795543
user_378003e3,7,user_cc1c8897,0.795543
user_378003e3,8,user_b16e0cf8,0.793165
user_378003e3,9,user_9a307ebe,0.792215
user_378003e3,10,user_aabd2642,0.790807
user_378003e3,11,user_79f38f6d,0.785331
user_378003e3,12,user_3ff88cf0,0.784792
user_378003e3,13,user_2c69b83e,0.784418
user_378003e3,14,user_40efa894,0.782634
user_378003e3,15,user_38433566,0.782371
user_37be663c,1,user_3431c049,0.692975
user_37be663c,2,user_e0c65725,0.661985
user_37be663c,3,user_37be663c,0.659678
user_37be663c,4,user_ffe2efae,0.655024
user_37be663c,5,user_dbbf562e,0.637737
user_37be663c,6,user_0d32f0ed,0.636381
user_37be663c,7,user_9351238d,0.632798
user_37be663c,8,user_9a5457b0,0.618800
user_37be663c,9,user_9fe4e0f5,0.610930
user_37be663c,10,user_3b1da5d9,0.603023
user_37be663c,11,user_9b6481e4,0.594656
user_37be663c,12,user_bb8be7e3,0.594473
user_37be663c,13,user_1f636ddc,0.594414
user_37be663c,14,user_02fecea2,0.592622
user_37be663c,15,user_89571ce8,0.590537
user_38390331,1,user_8f8346ad,0.810207
user_38390331,2,user_f930e37f,0.801506
user_38390331,3,user_ec574395,0.800849
user_38390331,4,user_fdc08e26,0.800593
user_38390331,5,user_cf393213,0.797898
user_38390331,6,user_69a4dd06,0.797153
user_38390331,7,user_45926b89,0.795258
user_38390331,8,user_94f185bc,0.794423
user_38390331,9,user_2dd5b531,0.792518
user_38390331,10,user_74d27419,0.791726
user_38390331,11,user_e1730a9c,0.790886
user_38390331,12,user_b9036662,0.790603
user_38390331,13,user_54b19b29,0.786105
user_38390331,14,user_111cfe7d,0.785073
user_38390331,15,user_c4c70447,0.777626
user_3850eb9e,1,user_3ff88cf0,0.883630
user_3850eb9e,2,user_a7145605,0.837423
user_3850eb9e,3,user_b9d253e8,0.834116
user_3850eb9e,4,user_43049634,0.829743
user_3850eb9e,5,user_3850eb9e,0.818602
user_3850eb9e,6,user_b14ec02b,0.812108
user_3850eb9e,7,user_ae306850,0.805537
user_3850eb9e,8,user_74e32d78,0.798268
user_3850eb9e,9,user_81c4dae1,0.796704
user_3850eb9e,10,user_b563e90b,0.785376
user_3850eb9e,11,user_db4c3fb9,0.781433
user_3850eb9e,12,user_476670f9,0.748962
user_3850eb9e,13,user_46bb5302,0.744330
user_3850eb9e,14,user_032f6993,0.731389
user_3850eb9e,15,user_04f39d22,0.731231
user_38ab51d4,1,user_f654c33b,0.874797
user_38ab51d4,2,user_c39d41d7,0.852715
user_38ab51d4,3,user_5881b259,0.847642
user_38ab51d4,4,user_b16e0cf8,0.841660
user_38ab51d4,5,user_17607ebc,0.833562
user_38ab51d4,6,user_b6350ec1,0.832711
user_38ab51d4,7,user_d199bef3,0.826608
user_38ab51d4,8,user_723406a0,0.824438
user_38ab51d4,9,user_df3c19a7,0.821898
user_38ab51d4,10,user_dbc4828c,0.817597
user_38ab51d4,11,user_7aa3746b,0.815624
user_38ab51d4,12,user_dd1d7b22,0.813917
user_38ab51d4,13,user_02d03e8a,0.813603
user_38ab51d4,14,user_636ad58f,0.811859
user_38ab51d4,15,user_dc32d458,0.809978
user_3971c3e6,1,user_38433566,0.847670
user_3971c3e6,2,user_df8dc9bb,0.845425
user_3971c3e6,3,user_500badda,0.839101
user_3971c3e6,4,user_79f38f6d,0.832305
user_3971c3e6,5,user_a4893af1,0.828181
user_3971c3e6,6,user_8ae8c359,0.827923
user_3971c3e6,7,user_d2c97c8e,0.824206
user_3971c3e6,8,user_9a307ebe,0.822830
user_3971c3e6,9,user_3e284ba5,0.822467
user_3971c3e6,10,user_e6057285,0.816037
user_3971c3e6,11,user_166a3647,0.815584
user_3971c3e6,12,user_e59c000f,0.814585
user_3971c3e6,13,user_83afc7b2,0.813134
user_3971c3e6,14,user_e6dd44b0,0.812984
user_3971c3e6,15,user_3971c3e6,0.810063
user_39939c54,1,user_d1d16d30,0.862996
user_39939c54,2,user_cdd86523,0.850453
user_39939c54,3,user_9600e8bf,0.849976
user_39939c54,4,user_bbe73426,0.849623
user_39939c54,5,user_c06d9b71,0.846535
user_39939c54,6,user_15179955,0.843376
user_39939c54,7,user_a743aff9,0.840506
user_39939c54,8,user_a57e47b1,0.839634
user_39939c54,9,user_1a2755b3,0.838745
user_39939c54,10,user_5881b259,0.838062
user_39939c54,11,user_fde2d265,0.836777
user_39939c54,12,user_ebddf9c1,0.834693
user_39939c54,13,user_cb2fe204,0.833122
user_39939c54,14,user_dbc4828c,0.829517
user_39939c54,15,user_b49274ca,0.828998
user_39aad1a2,1,user_39aad1a2,0.780629
user_39aad1a2,2,user_5fddc7f1,0.778491
user_39aad1a2,3,user_a5e548ce,0.761831
user_39aad1a2,4,user_687feee4,0.750074
user_39aad1a2,5,user_bd05225b,0.744209
user_39aad1a2,6,user_4144252d,0.744083
user_39aad1a2,7,user_3bb7992e,0.730683
user_39aad1a2,8,user_fcf93ee8,0.730168
user_39aad1a2,9,user_500badda,0.729819
user_39aad1a2,10,user_aa19d173,0.729032
user_39aad1a2,11,user_1022be44,0.726119
user_39aad1a2,12,user_8e48a3f8,0.723066
user_39aad1a2,13,user_0898fc4b,0.721890
user_39aad1a2,14,user_0f0ad720,0.719268
user_39aad1a2,15,user_5ac1a174,0.715133
user_39f8897b,1,user_39f8897b,0.840519
user_39f8897b,2,user_98ca16a6,0.679643
user_39f8897b,3,user_3a39cc49,0.641388
user_39f8897b,4,user_a75b16f2,0.638541
user_39f8897b,5,user_7c8639cd,0.593508
user_39f8897b,6,user_fb8f46c8,0.588547
user_39f8897b,7,user_529e3009,0.581123
user_39f8897b,8,user_dbbf562e,0.571227
user_39f8897b,9,user_3431c049,0.569764
user_39f8897b,10,user_c8f82360,0.567485
user_39f8897b,11,user_cbabbcee,0.564558
user_39f8897b,12,user_71f7b692,0.563539
user_39f8897b,13,user_36dd1253,0.556221
user_39f8897b,14,user_7709815a,0.548733
user_39f8897b,15,user_f1157204,0.547806
user_3a55606c,1,user_920c074a,0.718926
user_3a55606c,2,user_1936a7c3,0.717578
user_3a55606c,3,user_9da8848a,0.717253
user_3a55606c,4,user_2e81a539,0.710325
user_3a55606c,5,user_4b139395,0.707222
user_3a55606c,6,user_bd05225b,0.704142
user_3a55606c,7,user_b1d0760b,0.696236
user_3a55606c,8,user_f60a09b3,0.695389
user_3a55606c,9,user_7b052f32,0.693362
user_3a55606c,10,user_c67f26cc,0.693331
user_3a55606c,11,user_7f56f9a5,0.692570
user_3a55606c,12,user_89197ce5,0.692405
user_3a55606c,13,user_0fefc28e,0.691430
user_3a55606c,14,user_7a8f7f3e,0.691184
user_3a55606c,15,user_39b3eda0,0.687232
user_3b1da5d9,1,user_ded778b8,0.843060
user_3b1da5d9,2,user_3b1da5d9,0.813330
user_3b1da5d9,3,user_df8dc9bb,0.805577
user_3b1da5d9,4,user_e802076d,0.803022
user_3b1da5d9,5,user_147d1bbb,0.799684
user_3b1da5d9,6,user_70bbda36,0.794289
user_3b1da5d9,7,user_66772d98,0.794005
user_3b1da5d9,8,user_81a80789,0.787329
user_3b1da5d9,9,user_364bb955,0.786592
user_3b1da5d9,10,user_8ac8f24f,0.772967
user_3b1da5d9,11,user_a7b901f2,0.771662
user_3b1da5d9,12,user_89e04335,0.768193
user_3b1da5d9,13,user_03969305,0.767907
user_3b1da5d9,14,user_7de6f343,0.767281
user_3b1da5d9,15,user_166a3647,0.767278
user_3b90fb53,1,user_3b90fb53,0.817061
user_3b90fb53,2,user_226be32f,0.788681
user_3b90fb53,3,user_50e2a836,0.764028
user_3b90fb53,4,user_0b64b183,0.759479
user_3b90fb53,5,user_7fd91653,0.750742
user_3b90fb53,6,user_f0cf195f,0.750594
user_3b90fb53,7,user_2cb4b018,0.748847
user_3b90fb53,8,user_bd05225b,0.747990
user_3b90fb53,9,user_cbabbcee,0.745736
user_3b90fb53,10,user_ebddf9c1,0.745711
user_3b90fb53,11,user_c06d9b71,0.740959
user_3b90fb53,12,user_cdd86523,0.736212
user_3b90fb53,13,user_5a283043,0.735876
user_3b90fb53,14,user_b337cb0c,0.731009
user_3b90fb53,15,user_6c2d672f,0.728583
user_3bb7992e,1,user_25652863,0.850131
user_3bb7992e,2,user_372c2b3e,0.845211
user_3bb7992e,3,user_6fa47d61,0.839621
user_3bb7992e,4,user_40efa894,0.836421
user_3bb7992e,5,user_0f0ad720,0.823208
user_3bb7992e,6,user_7de6f343,0.815395
user_3bb7992e,7,user_f7fd2885,0.808103
user_3bb7992e,8,user_3bb7992e,0.805606
user_3bb7992e,9,user_5b714afd,0.799971
user_3bb7992e,10,user_74cfb8ef,0.794708
user_3bb7992e,11,user_e409a56d,0.794240
user_3bb7992e,12,user_e6dd44b0,0.794199
user_3bb7992e,13,user_a615a6d1,0.789296
user_3bb7992e,14,user_2c2a5c24,0.787712
user_3bb7992e,15,user_2efde048,0.784307
user_3ce4c1f8,1,user_02fecea2,0.773024
user_3ce4c1f8,2,user_c50a487d,0.764637
user_3ce4c1f8,3,user_9a5457b0,0.746023
user_3ce4c1f8,4,user_67acd9b1,0.731218
user_3ce4c1f8,5,user_3b79395c,0.731010
user_3ce4c1f8,6,user_5738db35,0.726819
user_3ce4c1f8,7,user_91db6e48,0.723777
user_3ce4c1f8,8,user_1a7d6cd5,0.718328
user_3ce4c1f8,9,user_16ac4154,0.717278
user_3ce4c1f8,10,user_70bbda36,0.711072
user_3ce4c1f8,11,user_b2aba63a,0.705148
user_3ce4c1f8,12,user_e696f3ae,0.700527
user_3ce4c1f8,13,user_3431c049,0.700035
user_3ce4c1f8,14,user_3bc84c13,0.699806
user_3ce4c1f8,15,user_abde0618,0.699545
user_3e284ba5,1,user_f930e37f,0.806194
user_3e284ba5,2,user_67acd9b1,0.795008
user_3e284ba5,3,user_fdc08e26,0.778673
user_3e284ba5,4,user_2c69b83e,0.774078
user_3e284ba5,5,user_16ac4154,0.767716
user_3e284ba5,6,user_9a5457b0,0.764330
user_3e284ba5,7,user_03969305,0.761896
user_3e284ba5,8,user_cf393213,0.759306
user_3e284ba5,9,user_04f39d22,0.754182
user_3e284ba5,10,user_b9036662,0.749457
user_3e284ba5,11,user_9571d0d5,0.749456
user_3e284ba5,12,user_45926b89,0.745567
user_3e284ba5,13,user_b9b94432,0.745395
user_3e284ba5,14,user_1b7f8c56,0.744799
user_3e284ba5,15,user_f51339f8,0.744340
user_3eb49f37,1,user_3eb49f37,0.726746
user_3eb49f37,2,user_efa5697b,0.662809
user_3eb49f37,3,user_d4b7e22e,0.646805
user_3eb49f37,4,user_7d944883,0.629475
user_3eb49f37,5,user_dac2c359,0.598183
user_3eb49f37,6,user_7322f4ef,0.589842
user_3eb49f37,7,user_058d9dc1,0.587982
user_3eb49f37,8,user_ab30f0fb,0.575825
user_3eb49f37,9,user_f59d3941,0.573941
user_3eb49f37,10,user_823846de,0.571973
user_3eb49f37,11,user_dc20c886,0.571725
user_3eb49f37,12,user_8e5e899b,0.558883
user_3eb49f37,13,user_04d8419e,0.554941
user_3eb49f37,14,user_a5d9fab6,0.547442
user_3eb49f37,15,user_5ac1a174,0.532963
user_3f1d04a6,1,user_3bc84c13,0.781663
user_3f1d04a6,2,user_89e04335,0.736656
user_3f1d04a6,3,user_f930e37f,0.728443
user_3f1d04a6,4,user_e802076d,0.709678
user_3f1d04a6,5,user_cf393213,0.704232
user_3f1d04a6,6,user_1a2755b3,0.694878
user_3f1d04a6,7,user_dca78fea,0.690084
user_3f1d04a6,8,user_93cdb7a1,0.687796
user_3f1d04a6,9,user_e7ff2beb,0.686878
user_3f1d04a6,10,user_66772d98,0.686216
user_3f1d04a6,11,user_fa60616d,0.683437
user_3f1d04a6,12,user_f4f9490d,0.682021
user_3f1d04a6,13,user_ded778b8,0.681371
user_3f1d04a6,14,user_3049510b,0.679963
user_3f1d04a6,15,user_03969305,0.679758
user_3f2894b5,1,user_e931b2cd,0.732645
user_3f2894b5,2,user_d691d016,0.715330
user_3f2894b5,3,user_c204a1dd,0.711151
user_3f2894b5,4,user_5c9b579a,0.710251
user_3f2894b5,5,user_1d775dd8,0.698844
user_3f2894b5,6,user_96013176,0.694854
user_3f2894b5,7,user_d5b21e00,0.677093
user_3f2894b5,8,user_8292753c,0.673803
user_3f2894b5,9,user_c994138f,0.669578
user_3f2894b5,10,user_a346dfc4,0.665289
user_3f2894b5,11,user_586752e4,0.665044
user_3f2894b5,12,user_10e64e28,0.660064
user_3f2894b5,13,user_f930e37f,0.658618
user_3f2894b5,14,user_b350e22b,0.655578
user_3f2894b5,15,user_8ae8c359,0.655392
user_3f798a8b,1,user_0b64b183,0.845220
user_3f798a8b,2,user_f7538815,0.804577
user_3f798a8b,3,user_afff552a,0.803045
user_3f798a8b,4,user_b6350ec1,0.799270
user_3f798a8b,5,user_7aa3746b,0.794953
user_3f798a8b,6,user_1a2755b3,0.791390
user_3f798a8b,7,user_aa2fbe83,0.779525
user_3f798a8b,8,user_c008345b,0.775766
user_3f798a8b,9,user_8d22714e,0.774682
user_3f798a8b,10,user_8ac8f24f,0.773311
user_3f798a8b,11,user_147d1bbb,0.771588
user_3f798a8b,12,user_dca78fea,0.771120
user_3f798a8b,13,user_d1d16d30,0.768974
user_3f798a8b,14,user_e802076d,0.767559
user_3f798a8b,15,user_3ac315cb,0.765794
user_3ff3188b,1,user_98f18241,0.835570
user_3ff3188b,2,user_3ff3188b,0.817674
user_3ff3188b,3,user_43049634,0.802390
user_3ff3188b,4,user_74e32d78,0.788342
user_3ff3188b,5,user_e9d1886c,0.779039
user_3ff3188b,6,user_04f39d22,0.778901
user_3ff3188b,7,user_18c333c6,0.775008
user_3ff3188b,8,user_2c69b83e,0.774831
user_3ff3188b,9,user_fcf93ee8,0.773337
user_3ff3188b,10,user_7c7220a4,0.769659
user_3ff3188b,11,user_b9b94432,0.766855
user_3ff3188b,12,user_67acd9b1,0.765777
user_3ff3188b,13,user_1b7f8c56,0.763899
user_3ff3188b,14,user_ae306850,0.763163
user_3ff3188b,15,user_e696f3ae,0.759638
user_3ff88cf0,1,user_3ff88cf0,0.881703
user_3ff88cf0,2,user_b14ec02b,0.862923
user_3ff88cf0,3,user_a7145605,0.855158
user_3ff88cf0,4,user_c92c8f83,0.823365
user_3ff88cf0,5,user_81c4dae1,0.812954
user_3ff88cf0,6,user_ae306850,0.812012
user_3ff88cf0,7,user_46bb5302,0.811594
user_3ff88cf0,8,user_3850eb9e,0.798807
user_3ff88cf0,9,user_a3a4a20a,0.766490
user_3ff88cf0,10,user_43049634,0.754116
user_3ff88cf0,11,user_b9d253e8,0.744664
user_3ff88cf0,12,user_476670f9,0.742332
user_3ff88cf0,13,user_c34e791e,0.741763
user_3ff88cf0,14,user_9c7183c8,0.740151
user_3ff88cf0,15,user_74e32d78,0.735887
user_40a0bad3,1,user_40a0bad3,0.765310
user_40a0bad3,2,user_2e05a7a0,0.746701
user_40a0bad3,3,user_c8f82360,0.745277
user_40a0bad3,4,user_cf393213,0.737742
user_40a0bad3,5,user_a6c2e760,0.736748
user_40a0bad3,6,user_8006727d,0.724909
user_40a0bad3,7,user_9bee2a7c,0.720765
user_40a0bad3,8,user_d67450a8,0.720337
user_40a0bad3,9,user_259776c7,0.719763
user_40a0bad3,10,user_ab86ab82,0.718585
user_40a0bad3,11,user_cdd86523,0.717397
user_40a0bad3,12,user_96d9cb9a,0.716979
user_40a0bad3,13,user_74d27419,0.715679
user_40a0bad3,14,user_6fbf6191,0.711811
user_40a0bad3,15,user_c4c70447,0.710095
user_40efa894,1,user_4ea1ef09,0.907420
user_40efa894,2,user_40efa894,0.904169
user_40efa894,3,user_7de6f343,0.904062
user_40efa894,4,user_25652863,0.882846
user_40efa894,5,user_6fa47d61,0.870518
user_40efa894,6,user_421ae417,0.866864
user_40efa894,7,user_ba8b1c05,0.863354
user_40efa894,8,user_74cfb8ef,0.853675
user_40efa894,9,user_2c2a5c24,0.852619
user_40efa894,10,user_f3377028,0.847120
user_40efa894,11,user_372c2b3e,0.840613
user_40efa894,12,user_bf30f80d,0.836241
user_40efa894,13,user_04f39d22,0.831054
user_40efa894,14,user_eced69e7,0.830698
user_40efa894,15,user_83e45cc0,0.825478
user_41b20ee4,1,user_b63ea1d4,0.817130
user_41b20ee4,2,user_7b5f54c0,0.810715
user_41b20ee4,3,user_25798310,0.802884
user_41b20ee4,4,user_81a80789,0.801930
user_41b20ee4,5,user_8713f22a,0.801714
user_41b20ee4,6,user_acd6ddfb,0.796193
user_41b20ee4,7,user_147d1bbb,0.783277
user_41b20ee4,8,user_3b1da5d9,0.777664
user_41b20ee4,9,user_9a307ebe,0.773468
user_41b20ee4,10,user_6deada35,0.773158
user_41b20ee4,11,user_166a3647,0.768844
user_41b20ee4,12,user_2c69b83e,0.768770
user_41b20ee4,13,user_70bbda36,0.767848
user_41b20ee4,14,user_02fecea2,0.767738
user_41b20ee4,15,user_e6dd44b0,0.766603
user_433bdef0,1,user_b6d05d1d,0.799064
user_433bdef0,2,user_57c1d6c0,0.776324
user_433bdef0,3,user_2e05a7a0,0.773040
user_433bdef0,4,user_c34e791e,0.773007
user_433bdef0,5,user_c2f18cf7,0.771773
user_433bdef0,6,user_ab86ab82,0.771721
user_433bdef0,7,user_8f8346ad,0.767890
user_433bdef0,8,user_56e6d0cd,0.766303
user_433bdef0,9,user_67acd9b1,0.762316
user_433bdef0,10,user_259776c7,0.759165
user_433bdef0,11,user_3f2894b5,0.755200
user_433bdef0,12,user_2dd5b531,0.753737
user_433bdef0,13,user_54b19b29,0.747021
user_433bdef0,14,user_9bee2a7c,0.744560
user_433bdef0,15,user_8be3f554,0.741399
user_434f3511,1,user_500badda,0.802156
user_434f3511,2,user_ba085464,0.794420
user_434f3511,3,user_70bbda36,0.794257
user_434f3511,4,user_02016939,0.784652
user_434f3511,5,user_107259c3,0.779541
user_434f3511,6,user_ded778b8,0.775924
user_434f3511,7,user_3e284ba5,0.767760
user_434f3511,8,user_7f56f9a5,0.767569
user_434f3511,9,user_fde27362,0.767423
user_434f3511,10,user_5526cbfd,0.755602
user_434f3511,11,user_b0129d9e,0.750835
user_434f3511,12,user_205d25f3,0.747443
user_434f3511,13,user_920c074a,0.745626
user_434f3511,14,user_74cfb8ef,0.745323
user_434f3511,15,user_03410579,0.743302
user_44567221,1,user_7fef9da8,0.651381
user_44567221,2,user_8fb63eca,0.602291
user_44567221,3,user_83a58842,0.592144
user_44567221,4,user_b0129d9e,0.582066
user_44567221,5,user_72bed676,0.576677
user_44567221,6,user_d4c7b4c0,0.570978
user_44567221,7,user_89571ce8,0.560866
user_44567221,8,user_7b5f54c0,0.556891
user_44567221,9,user_54c1ebee,0.552057
user_44567221,10,user_3e284ba5,0.547582
user_44567221,11,user_66772d98,0.543514
user_44567221,12,user_8e97a154,0.542300
user_44567221,13,user_943e4045,0.541127
user_44567221,14,user_1246b252,0.538826
user_44567221,15,user_8dd20d7f,0.534559
user_454733da,1,user_88f46c7b,0.739320
user_454733da,2,user_835666af,0.709333
user_454733da,3,user_59e8bc2a,0.689896
user_454733da,4,user_f827c7dd,0.669040
user_454733da,5,user_454733da,0.662291
user_454733da,6,user_fb64cb55,0.638943
user_454733da,7,user_d0a0f883,0.629249
user_454733da,8,user_6a0b0e92,0.629086
user_454733da,9,user_903329bb,0.628149
user_454733da,10,user_d023a78e,0.616017
user_454733da,11,user_d955d7e2,0.606701
user_454733da,12,user_eafc973e,0.588171
user_454733da,13,user_b628264a,0.582955
user_454733da,14,user_9ee84e18,0.582706
user_454733da,15,user_0cc626ee,0.580434
user_45926b89,1,user_c4c70447,0.806129
user_45926b89,2,user_b350e22b,0.800701
user_45926b89,3,user_8be3f554,0.799673
user_45926b89,4,user_259776c7,0.799606
user_45926b89,5,user_e5a6abbe,0.798014
user_45926b89,6,user_96013176,0.797078
user_45926b89,7,user_6deada35,0.790867
user_45926b89,8,user_67acd9b1,0.788751
user_45926b89,9,user_4db0d490,0.783449
user_45926b89,10,user_cf393213,0.782783
user_45926b89,11,user_2dd5b531,0.781261
user_45926b89,12,user_2c69b83e,0.781044
user_45926b89,13,user_cdd86523,0.780496
user_45926b89,14,user_65d73ac1,0.780437
user_45926b89,15,user_c994138f,0.779780
user_45d008d3,1,user_9b517815,0.733890
user_45d008d3,2,user_0ef44f54,0.680486
user_45d008d3,3,user_37cd2dc9,0.678531
user_45d008d3,4,user_9ffdf5e5,0.614976
user_45d008d3,5,user_f827c7dd,0.608530
user_45d008d3,6,user_6a0b0e92,0.606019
user_45d008d3,7,user_c4b781ce,0.599642
user_45d008d3,8,user_78eff25f,0.581572
user_45d008d3,9,user_dc20c886,0.581252
user_45d008d3,10,user_17355c30,0.575079
user_45d008d3,11,user_438fb63c,0.569728
user_45d008d3,12,user_eafc973e,0.554138
user_45d008d3,13,user_5f4ee256,0.550715
user_45d008d3,14,user_dcf52d26,0.550070
user_45d008d3,15,user_3a55606c,0.541424
user_4607d25d,1,user_89e04335,0.799425
user_4607d25d,2,user_e59c000f,0.797386
user_4607d25d,3,user_586752e4,0.796239
user_4607d25d,4,user_6fc85c06,0.787799
user_4607d25d,5,user_9571d0d5,0.783310
user_4607d25d,6,user_5c82df31,0.781313
user_4607d25d,7,user_e802076d,0.780612
user_4607d25d,8,user_fdc08e26,0.779948
user_4607d25d,9,user_df8dc9bb,0.777074
user_4607d25d,10,user_406c399e,0.775157
user_4607d25d,11,user_f930e37f,0.774750
user_4607d25d,12,user_03969305,0.774687
user_4607d25d,13,user_d849ac6e,0.774320
user_4607d25d,14,user_c154e834,0.770613
user_4607d25d,15,user_5a6f92a6,0.768072
user_46e2e7ec,1,user_ba085464,0.835537
user_46e2e7ec,2,user_f5138e15,0.809524
user_46e2e7ec,3,user_7b2d0be1,0.674651
user_46e2e7ec,4,user_46e2e7ec,0.663013
user_46e2e7ec,5,user_1e3084a6,0.650040
user_46e2e7ec,6,user_d9b8914f,0.646659
user_46e2e7ec,7,user_6ae9ce92,0.641862
user_46e2e7ec,8,user_7bbd1543,0.628475
user_46e2e7ec,9,user_2b79ef0b,0.611785
user_46e2e7ec,10,user_795650bb,0.611208
user_46e2e7ec,11,user_be018f9d,0.604751
user_46e2e7ec,12,user_93cdb7a1,0.600561
user_46e2e7ec,13,user_ab434739,0.598300
user_46e2e7ec,14,user_fde27362,0.590625
user_46e2e7ec,15,user_40efa894,0.590522
user_476670f9,1,user_ae306850,0.850548
user_476670f9,2,user_43049634,0.847712
user_476670f9,3,user_a3a4a20a,0.836266
user_476670f9,4,user_3b79395c,0.822429
user_476670f9,5,user_2c69b83e,0.822258
user_476670f9,6,user_1b7f8c56,0.818696
user_476670f9,7,user_02fecea2,0.818236
user_476670f9,8,user_3ff88cf0,0.817944
user_476670f9,9,user_a7145605,0.816088
user_476670f9,10,user_81c4dae1,0.814706
user_476670f9,11,user_04f39d22,0.810795
user_476670f9,12,user_e696f3ae,0.810178
user_476670f9,13,user_e9d1886c,0.809010
user_476670f9,14,user_3ff3188b,0.808587
user_476670f9,15,user_476670f9,0.807890
user_4aaa8404,1,user_4aaa8404,0.859935
user_4aaa8404,2,user_940c7213,0.849935
user_4aaa8404,3,user_fb64cb55,0.820602
user_4aaa8404,4,user_7af2ed90,0.809550
user_4aaa8404,5,user_543e79f5,0.797143
user_4aaa8404,6,user_aa4cc34a,0.790315
user_4aaa8404,7,user_00723699,0.789209
user_4aaa8404,8,user_d10d1f24,0.783339
user_4aaa8404,9,user_acb51eed,0.776911
user_4aaa8404,10,user_2dc10d2d,0.775572
user_4aaa8404,11,user_903329bb,0.757299
user_4aaa8404,12,user_33c6501d,0.755651
user_4aaa8404,13,user_737dd050,0.746841
user_4aaa8404,14,user_6f6b71fc,0.744138
user_4aaa8404,15,user_835666af,0.728341
user_4ab9d510,1,user_7aa3746b,0.813220
user_4ab9d510,2,user_b6350ec1,0.787934
user_4ab9d510,3,user_fba6bcd4,0.781952
user_4ab9d510,4,user_df3c19a7,0.776039
user_4ab9d510,5,user_095ff43e,0.763179
user_4ab9d510,6,user_e6dd44b0,0.762065
user_4ab9d510,7,user_b16e0cf8,0.761368
user_4ab9d510,8,user_2920b35e,0.759093
user_4ab9d510,9,user_f030b951,0.756829
user_4ab9d510,10,user_c39d41d7,0.756123
user_4ab9d510,11,user_1c45ab75,0.752723
user_4ab9d510,12,user_ab5592eb,0.751962
user_4ab9d510,13,user_954805d7,0.751832
user_4ab9d510,14,user_0898fc4b,0.749657
user_4ab9d510,15,user_636ad58f,0.749458
user_4b139395,1,user_039d004e,0.794325
user_4b139395,2,user_c67f26cc,0.745410
user_4b139395,3,user_ed3091a2,0.731347
user_4b139395,4,user_4b139395,0.719861
user_4b139395,5,user_3a55606c,0.712547
user_4b139395,6,user_c5c57a9d,0.706473
user_4b139395,7,user_903329bb,0.701881
user_4b139395,8,user_2eb5d860,0.693929
user_4b139395,9,user_d849ac6e,0.693296
user_4b139395,10,user_d4b7e22e,0.684928
user_4b139395,11,user_e70b6a25,0.684388
user_4b139395,12,user_0cc626ee,0.681908
user_4b139395,13,user_2dd189e3,0.678346
user_4b139395,14,user_1bcbacb3,0.677844
user_4b139395,15,user_f827c7dd,0.675906
user_4b8335bd,1,user_b45d0d20,0.524236
user_4b8335bd,2,user_8eac0a68,0.480434
user_4b8335bd,3,user_1fb646f2,0.466591
user_4b8335bd,4,user_8da30894,0.436267
user_4b8335bd,5,user_7d6962d9,0.431843
user_4b8335bd,6,user_80da26a6,0.428426
user_4b8335bd,7,user_33f2a818,0.414714
user_4b8335bd,8,user_ac6e9129,0.411271
user_4b8335bd,9,user_3ce4c1f8,0.407804
user_4b8335bd,10,user_4b8335bd,0.406430
user_4b8335bd,11,user_2f1085dd,0.404038
user_4b8335bd,12,user_8a3bbeb2,0.396651
user_4b8335bd,13,user_192a215d,0.392504
user_4b8335bd,14,user_c81fae29,0.392183
user_4b8335bd,15,user_434f3511,0.391624
user_4bd9303b,1,user_ffe2efae,0.799426
user_4bd9303b,2,user_94cad3a5,0.771723
user_4bd9303b,3,user_67acd9b1,0.759402
user_4bd9303b,4,user_815b7baf,0.753420
user_4bd9303b,5,user_a16d1fb6,0.742396
user_4bd9303b,6,user_c7beef01,0.739058
user_4bd9303b,7,user_efb27a8e,0.735758
user_4bd9303b,8,user_65d73ac1,0.732800
user_4bd9303b,9,user_07ec3726,0.731897
user_4bd9303b,10,user_52f895f1,0.731240
user_4bd9303b,11,user_d2bd9832,0.727826
user_4bd9303b,12,user_476670f9,0.727498
user_4bd9303b,13,user_32934d38,0.725918
user_4bd9303b,14,user_daf37424,0.722236
user_4bd9303b,15,user_406c399e,0.720304
user_4cad4295,1,user_9a5457b0,0.850459
user_4cad4295,2,user_16ac4154,0.837855
user_4cad4295,3,user_94cad3a5,0.795449
user_4cad4295,4,user_02fecea2,0.779923
user_4cad4295,5,user_b63ea1d4,0.778585
user_4cad4295,6,user_2c69b83e,0.778369
user_4cad4295,7,user_67acd9b1,0.776018
user_4cad4295,8,user_3bc84c13,0.772392
user_4cad4295,9,user_f930e37f,0.771662
user_4cad4295,10,user_3b1da5d9,0.765912
user_4cad4295,11,user_76638121,0.765361
user_4cad4295,12,user_0128a546,0.763604
user_4cad4295,13,user_6c2d672f,0.763144
user_4cad4295,14,user_9351238d,0.762568
user_4cad4295,15,user_7f623d19,0.761042
user_4d4f73a6,1,user_920c074a,0.800449
user_4d4f73a6,2,user_df8dc9bb,0.800164
user_4d4f73a6,3,user_aabd2642,0.797354
user_4d4f73a6,4,user_e6057285,0.793700
user_4d4f73a6,5,user_bd05225b,0.793159
user_4d4f73a6,6,user_2e81a539,0.790394
user_4d4f73a6,7,user_3239132f,0.789334
user_4d4f73a6,8,user_d758a0a1,0.787365
user_4d4f73a6,9,user_5881b259,0.785262
user_4d4f73a6,10,user_7f56f9a5,0.784073
user_4d4f73a6,11,user_18892460,0.781919
user_4d4f73a6,12,user_b4214db6,0.778346
user_4d4f73a6,13,user_54c1ebee,0.773258
user_4d4f73a6,14,user_1936a7c3,0.772099
user_4d4f73a6,15,user_cb2fe204,0.771902
user_4e42bf97,1,user_66772d98,0.740793
user_4e42bf97,2,user_d691d016,0.716082
user_4e42bf97,3,user_586752e4,0.713482
user_4e42bf97,4,user_886f7373,0.712360
user_4e42bf97,5,user_3239132f,0.710542
user_4e42bf97,6,user_b350e22b,0.710108
user_4e42bf97,7,user_394c25cc,0.706412
user_4e42bf97,8,user_10e64e28,0.703329
user_4e42bf97,9,user_147d1bbb,0.702817
user_4e42bf97,10,user_959adfc8,0.698674
user_4e42bf97,11,user_96013176,0.697985
user_4e42bf97,12,user_8dd20d7f,0.697117
user_4e42bf97,13,user_c994138f,0.696916
user_4e42bf97,14,user_54c1ebee,0.688834
user_4e42bf97,15,user_d2bd9832,0.683921
user_4e54f3d7,1,user_d20928cc,0.794225
user_4e54f3d7,2,user_4bf6a4a0,0.763466
user_4e54f3d7,3,user_26565155,0.755610
user_4e54f3d7,4,user_515ae840,0.730621
user_4e54f3d7,5,user_f14dc486,0.730616
user_4e54f3d7,6,user_0bd8ba7c,0.730375
user_4e54f3d7,7,user_8c0c7619,0.716065
user_4e54f3d7,8,user_2c3eb234,0.708566
user_4e54f3d7,9,user_c32db875,0.698880
user_4e54f3d7,10,user_d14b7d7b,0.693985
user_4e54f3d7,11,user_9ce96cbf,0.680837
user_4e54f3d7,12,user_19952166,0.680125
user_4e54f3d7,13,user_23ecc36a,0.677888
user_4e54f3d7,14,user_2b03934e,0.677625
user_4e54f3d7,15,user_63b4ae7a,0.668411
user_4f3b6241,1,user_02fecea2,0.881330
user_4f3b6241,2,user_7b5f54c0,0.872563
user_4f3b6241,3,user_70bbda36,0.869713
user_4f3b6241,4,user_147d1bbb,0.860292
user_4f3b6241,5,user_5c9b579a,0.855457
user_4f3b6241,6,user_54c1ebee,0.853209
user_4f3b6241,7,user_81a80789,0.850107
user_4f3b6241,8,user_03410579,0.846386
user_4f3b6241,9,user_25798310,0.842283
user_4f3b6241,10,user_166a3647,0.842181
user_4f3b6241,11,user_df8dc9bb,0.837490
user_4f3b6241,12,user_c994138f,0.837410
user_4f3b6241,13,user_586752e4,0.836972
user_4f3b6241,14,user_cbabbcee,0.835225
user_4f3b6241,15,user_a7bfc229,0.834167
user_4f8b6987,1,user_3ae49e46,0.743205
user_4f8b6987,2,user_41d0c897,0.724863
user_4f8b6987,3,user_cf393213,0.709076
user_4f8b6987,4,user_38dc2894,0.705747
user_4f8b6987,5,user_89e04335,0.704040
user_4f8b6987,6,user_e838707b,0.698530
user_4f8b6987,7,user_72b93300,0.695891
user_4f8b6987,8,user_96d9cb9a,0.695502
user_4f8b6987,9,user_04f39d22,0.695391
user_4f8b6987,10,user_f930e37f,0.694197
user_4f8b6987,11,user_c34e791e,0.693533
user_4f8b6987,12,user_dc326993,0.693182
user_4f8b6987,13,user_2dd5b531,0.692044
user_4f8b6987,14,user_394c25cc,0.689052
user_4f8b6987,15,user_ebddf9c1,0.688061
user_500badda,1,user_b1a5a37e,0.727520
user_500badda,2,user_d2c97c8e,0.725357
user_500badda,3,user_93cdb7a1,0.722006
user_500badda,4,user_5c9b579a,0.688155
user_500badda,5,user_b0129d9e,0.683238
user_500badda,6,user_e6dd44b0,0.682266
user_500badda,7,user_567057e7,0.679243
user_500badda,8,user_ba085464,0.678066
user_500badda,9,user_74cfb8ef,0.674453
user_500badda,10,user_58bfeaad,0.669833
user_500badda,11,user_b2aba63a,0.668866
user_500badda,12,user_372c2b3e,0.664201
user_500badda,13,user_d499c752,0.664070
user_500badda,14,user_03410579,0.663039
user_500badda,15,user_acb899e9,0.661415
user_5062c872,1,user_5062c872,0.860351
user_5062c872,2,user_bf30f80d,0.771711
user_5062c872,3,user_6fa47d61,0.766744
user_5062c872,4,user_2efde048,0.730736
user_5062c872,5,user_f3377028,0.729539
user_5062c872,6,user_372c2b3e,0.724539
user_5062c872,7,user_f5e1eee0,0.721673
user_5062c872,8,user_c73333a5,0.720352
user_5062c872,9,user_08e9ce6e,0.720351
user_5062c872,10,user_2c2a5c24,0.716926
user_5062c872,11,user_2e60c125,0.710338
user_5062c872,12,user_85c97ea1,0.704249
user_5062c872,13,user_a615a6d1,0.694688
user_5062c872,14,user_3bb7992e,0.686932
user_5062c872,15,user_aa19d173,0.685150
user_515ae840,1,user_ab5592eb,0.750045
user_515ae840,2,user_183b3783,0.680790
user_515ae840,3,user_954805d7,0.680103
user_515ae840,4,user_15179955,0.673162
user_515ae840,5,user_fde2d265,0.664335
user_515ae840,6,user_7aa3746b,0.662333
user_515ae840,7,user_d199bef3,0.658599
user_515ae840,8,user_65d73ac1,0.655551
user_515ae840,9,user_8d968cfb,0.654768
user_515ae840,10,user_1b89f77a,0.654768
user_515ae840,11,user_dc32d458,0.650518
user_515ae840,12,user_40a0bad3,0.650411
user_515ae840,13,user_1a2755b3,0.648138
user_515ae840,14,user_8a760553,0.644934
user_515ae840,15,user_9d65649f,0.636836
user_524450e9,1,user_41d0c897,0.848720
user_524450e9,2,user_2dd5b531,0.833409
user_524450e9,3,user_c34e791e,0.822288
user_524450e9,4,user_dae4304f,0.820853
user_524450e9,5,user_cf393213,0.819465
user_524450e9,6,user_e1730a9c,0.813323
user_524450e9,7,user_8f8346ad,0.805164
user_524450e9,8,user_b49274ca,0.802417
user_524450e9,9,user_94f185bc,0.800596
user_524450e9,10,user_69df6330,0.794563
user_524450e9,11,user_91f807b9,0.791921
user_524450e9,12,user_fdc08e26,0.790329
user_524450e9,13,user_45926b89,0.780447
user_524450e9,14,user_aa2fbe83,0.777784
user_524450e9,15,user_d849ac6e,0.775863
user_529e3009,1,user_529e3009,0.802732
user_529e3009,2,user_7c8639cd,0.730252
user_529e3009,3,user_869fcb2b,0.702902
user_529e3009,4,user_c008345b,0.681274
user_529e3009,5,user_5c82df31,0.640750
user_529e3009,6,user_ff591131,0.640650
user_529e3009,7,user_d96972e5,0.637169
user_529e3009,8,user_0b64b183,0.636079
user_529e3009,9,user_f0cf195f,0.627568
user_529e3009,10,user_ded778b8,0.626103
user_529e3009,11,user_058d9dc1,0.624751
user_529e3009,12,user_9991e1d8,0.621810
user_529e3009,13,user_f60a09b3,0.620553
user_529e3009,14,user_cbabbcee,0.613744
user_529e3009,15,user_587b57d5,0.608297
user_52d3881c,1,user_52d3881c,0.838066
user_52d3881c,2,user_c157ca97,0.809094
user_52d3881c,3,user_3535252b,0.724359
user_52d3881c,4,user_3971c3e6,0.693216
user_52d3881c,5,user_aabd2642,0.692754
user_52d3881c,6,user_e88c308b,0.688828
user_52d3881c,7,user_7a7dda35,0.666916
user_52d3881c,8,user_ef05ad51,0.659195
user_52d3881c,9,user_d6175d39,0.651170
user_52d3881c,10,user_efcacf59,0.648127
user_52d3881c,11,user_4e54f3d7,0.639859
user_52d3881c,12,user_d499c752,0.639623
user_52d3881c,13,user_e5a6abbe,0.639485
user_52d3881c,14,user_6b86248b,0.638013
user_52d3881c,15,user_9d65649f,0.636107
user_53325367,1,user_53325367,0.891570
user_53325367,2,user_1a2755b3,0.791128
user_53325367,3,user_a743aff9,0.789736
user_53325367,4,user_40a0bad3,0.773152
user_53325367,5,user_bd19a016,0.763174
user_53325367,6,user_fba6bcd4,0.760286
user_53325367,7,user_f030b951,0.759189
user_53325367,8,user_c39d41d7,0.755221
user_53325367,9,user_fa60616d,0.754755
user_53325367,10,user_70580e9a,0.750655
user_53325367,11,user_7c7220a4,0.748820
user_53325367,12,user_df3c19a7,0.744633
user_53325367,13,user_3e1f9dc1,0.742295
user_53325367,14,user_7bbd1543,0.738620
user_53325367,15,user_7924afc9,0.736386
user_54c1ebee,1,user_1a7d6cd5,0.852399
user_54c1ebee,2,user_ea67f9c6,0.840409
user_54c1ebee,3,user_107259c3,0.831311
user_54c1ebee,4,user_8fb63eca,0.826661
user_54c1ebee,5,user_b0129d9e,0.824095
user_54c1ebee,6,user_89571ce8,0.803823
user_54c1ebee,7,user_166a3647,0.803341
user_54c1ebee,8,user_03410579,0.799799
user_54c1ebee,9,user_02fecea2,0.799120
user_54c1ebee,10,user_885e8708,0.792593
user_54c1ebee,11,user_25798310,0.792393
user_54c1ebee,12,user_7b5f54c0,0.791568
user_54c1ebee,13,user_3b79395c,0.790264
user_54c1ebee,14,user_70bbda36,0.789935
user_54c1ebee,15,user_94cad3a5,0.788976
user_56909460,1,user_df8dc9bb,0.825756
user_56909460,2,user_e8a7be73,0.809432
user_56909460,3,user_e59c000f,0.808740
user_56909460,4,user_03969305,0.799251
user_56909460,5,user_0669bdf6,0.793981
user_56909460,6,user_83afc7b2,0.791181
user_56909460,7,user_4c8199a7,0.790675
user_56909460,8,user_7a8f7f3e,0.788791
user_56909460,9,user_a75b4d6e,0.788102
user_56909460,10,user_a4a77a7d,0.786485
user_56909460,11,user_bd47000f,0.786408
user_56909460,12,user_14a2d3c6,0.784960
user_56909460,13,user_f27da10a,0.781533
user_56909460,14,user_8d22714e,0.781105
user_56909460,15,user_5349c6cf,0.779979
user_56980aa9,1,user_6d2cb415,0.724170
user_56980aa9,2,user_d5d4fc6e,0.706970
user_56980aa9,3,user_c32db875,0.695273
user_56980aa9,4,user_75251485,0.656357
user_56980aa9,5,user_a4aab257,0.652107
user_56980aa9,6,user_b8f24804,0.639133
user_56980aa9,7,user_56980aa9,0.633640
user_56980aa9,8,user_d20928cc,0.633150
user_56980aa9,9,user_f43d6008,0.622655
user_56980aa9,10,user_126670d7,0.619294
user_56980aa9,11,user_49b1ac46,0.617410
user_56980aa9,12,user_4e42bf97,0.606963
user_56980aa9,13,user_829844fd,0.605772
user_56980aa9,14,user_b429ec64,0.603140
user_56980aa9,15,user_24668d84,0.601504
user_5738db35,1,user_3239132f,0.786984
user_5738db35,2,user_7c7220a4,0.782689
user_5738db35,3,user_03410579,0.780307
user_5738db35,4,user_f070eee7,0.779240
user_5738db35,5,user_500badda,0.778484
user_5738db35,6,user_fcf93ee8,0.762952
user_5738db35,7,user_3e284ba5,0.757176
user_5738db35,8,user_ee05ee55,0.756386
user_5738db35,9,user_5a6f92a6,0.746792
user_5738db35,10,user_bd47000f,0.745282
user_5738db35,11,user_14a2d3c6,0.744508
user_5738db35,12,user_205d25f3,0.744003
user_5738db35,13,user_9a307ebe,0.739050
user_5738db35,14,user_5c9b579a,0.736433
user_5738db35,15,user_3971c3e6,0.734283
user_582ff5b2,1,user_b16e0cf8,0.858739
user_582ff5b2,2,user_ef954c6e,0.855002
user_582ff5b2,3,user_45926b89,0.853218
user_582ff5b2,4,user_e5a6abbe,0.852912
user_582ff5b2,5,user_15179955,0.841989
user_582ff5b2,6,user_c39d41d7,0.841922
user_582ff5b2,7,user_5881b259,0.839802
user_582ff5b2,8,user_50e2a836,0.832569
user_582ff5b2,9,user_d1d16d30,0.832402
user_582ff5b2,10,user_c06d9b71,0.831142
user_582ff5b2,11,user_dd1d7b22,0.829051
user_582ff5b2,12,user_f654c33b,0.828677
user_582ff5b2,13,user_1a2755b3,0.825751
user_582ff5b2,14,user_7924afc9,0.825202
user_582ff5b2,15,user_e6057285,0.823800
user_586752e4,1,user_0c8c48ac,0.600322
user_586752e4,2,user_a411fb06,0.584327
user_586752e4,3,user_8e5e899b,0.562018
user_586752e4,4,user_9c88ee3d,0.550187
user_586752e4,5,user_16b87e34,0.549048
user_586752e4,6,user_07db2c6a,0.538376
user_586752e4,7,user_44567221,0.534997
user_586752e4,8,user_107259c3,0.534045
user_586752e4,9,user_2c39731d,0.533154
user_586752e4,10,user_1ae8e7f5,0.532805
user_586752e4,11,user_17054ec7,0.517656
user_586752e4,12,user_b1d0760b,0.515692
user_586752e4,13,user_ab434739,0.504099
user_586752e4,14,user_49b1ac46,0.502294
user_586752e4,15,user_6058434c,0.497527
user_58892c7c,1,user_1b2d69c1,0.841842
user_58892c7c,2,user_74c84045,0.837783
user_58892c7c,3,user_58892c7c,0.821235
user_58892c7c,4,user_e30558fe,0.761297
user_58892c7c,5,user_baa70592,0.729981
user_58892c7c,6,user_07faa0fc,0.716239
user_58892c7c,7,user_e6dd44b0,0.694440
user_58892c7c,8,user_98f18241,0.692732
user_58892c7c,9,user_3bc84c13,0.667690
user_58892c7c,10,user_3ff3188b,0.665932
user_58892c7c,11,user_2cb4b018,0.663912
user_58892c7c,12,user_b1a5a37e,0.661961
user_58892c7c,13,user_f030b951,0.661835
user_58892c7c,14,user_124651ff,0.660703
user_58892c7c,15,user_43049634,0.657406
user_58bfeaad,1,user_58bfeaad,0.840588
user_58bfeaad,2,user_f5e1eee0,0.817089
user_58bfeaad,3,user_74cfb8ef,0.803393
user_58bfeaad,4,user_64cd3098,0.792576
user_58bfeaad,5,user_daf59045,0.790905
user_58bfeaad,6,user_1fb8e9e5,0.788853
user_58bfeaad,7,user_f3377028,0.788796
user_58bfeaad,8,user_7de6f343,0.786575
user_58bfeaad,9,user_d2c97c8e,0.784731
user_58bfeaad,10,user_04f39d22,0.775462
user_58bfeaad,11,user_f7fd2885,0.769794
user_58bfeaad,12,user_98f18241,0.768728
user_58bfeaad,13,user_40efa894,0.766026
user_58bfeaad,14,user_0bc8e727,0.766016
user_58bfeaad,15,user_2c2a5c24,0.765947
user_59d9db83,1,user_1f1dc5e0,0.776791
user_59d9db83,2,user_bbe73426,0.774277
user_59d9db83,3,user_9600e8bf,0.771393
user_59d9db83,4,user_dc32d458,0.760519
user_59d9db83,5,user_d1d16d30,0.756352
user_59d9db83,6,user_64d76dfd,0.746382
user_59d9db83,7,user_2e81a539,0.739620
user_59d9db83,8,user_095ff43e,0.739220
user_59d9db83,9,user_95d648bc,0.734328
user_59d9db83,10,user_73f34c5d,0.732343
user_59d9db83,11,user_636ad58f,0.731993
user_59d9db83,12,user_a01f16ac,0.731336
user_59d9db83,13,user_cdd86523,0.729428
user_59d9db83,14,user_e5a6abbe,0.729417
user_59d9db83,15,user_5c09bb3d,0.728528
user_5a5bee64,1,user_b16e0cf8,0.912000
user_5a5bee64,2,user_b6350ec1,0.900171
user_5a5bee64,3,user_c39d41d7,0.876648
user_5a5bee64,4,user_fba6bcd4,0.873353
user_5a5bee64,5,user_5b714afd,0.871109
user_5a5bee64,6,user_c5f32c0d,0.868515
user_5a5bee64,7,user_bd05225b,0.865496
user_5a5bee64,8,user_e6dd44b0,0.862804
user_5a5bee64,9,user_0898fc4b,0.857838
user_5a5bee64,10,user_03969305,0.853830
user_5a5bee64,11,user_5c5a0b40,0.851674
user_5a5bee64,12,user_147d1bbb,0.851601
user_5a5bee64,13,user_88b2faba,0.848722
user_5a5bee64,14,user_38ab51d4,0.846375
user_5a5bee64,15,user_25798310,0.845581
user_5a6c91dd,1,user_405db206,0.783210
user_5a6c91dd,2,user_cdd86523,0.751805
user_5a6c91dd,3,user_723406a0,0.750139
user_5a6c91dd,4,user_c4c70447,0.749120
user_5a6c91dd,5,user_a57e47b1,0.749115
user_5a6c91dd,6,user_ebddf9c1,0.745065
user_5a6c91dd,7,user_83e30c57,0.737162
user_5a6c91dd,8,user_40a0bad3,0.736615
user_5a6c91dd,9,user_f930e37f,0.736274
user_5a6c91dd,10,user_dbc4828c,0.735975
user_5a6c91dd,11,user_3121653d,0.731833
user_5a6c91dd,12,user_4f755977,0.731655
user_5a6c91dd,13,user_cbabbcee,0.730652
user_5a6c91dd,14,user_7924afc9,0.730452
user_5a6c91dd,15,user_bd05225b,0.729073
user_5a6f92a6,1,user_e6057285,0.854677
user_5a6f92a6,2,user_7b052f32,0.833178
user_5a6f92a6,3,user_83a58842,0.827149
user_5a6f92a6,4,user_5881b259,0.825724
user_5a6f92a6,5,user_18892460,0.823762
user_5a6f92a6,6,user_1936a7c3,0.818299
user_5a6f92a6,7,user_1f1dc5e0,0.815215
user_5a6f92a6,8,user_f60a09b3,0.812252
user_5a6f92a6,9,user_c06d9b71,0.812168
user_5a6f92a6,10,user_b337cb0c,0.811895
user_5a6f92a6,11,user_d1d16d30,0.810459
user_5a6f92a6,12,user_0521a7ac,0.809041
user_5a6f92a6,13,user_7fd91653,0.807359
user_5a6f92a6,14,user_7f56f9a5,0.803043
user_5a6f92a6,15,user_5a6f92a6,0.798843
user_5ac1a174,1,user_5ac1a174,0.810670
user_5ac1a174,2,user_8e5e899b,0.754248
user_5ac1a174,3,user_ed3091a2,0.735879
user_5ac1a174,4,user_78eff25f,0.733346
user_5ac1a174,5,user_438fb63c,0.723006
user_5ac1a174,6,user_d758a0a1,0.718313
user_5ac1a174,7,user_ff39b6cf,0.716707
user_5ac1a174,8,user_e8cdb142,0.706820
user_5ac1a174,9,user_a6a094cf,0.695340
user_5ac1a174,10,user_c4b781ce,0.694658
user_5ac1a174,11,user_0ef44f54,0.690843
user_5ac1a174,12,user_1bcbacb3,0.689331
user_5ac1a174,13,user_dc20c886,0.687882
user_5ac1a174,14,user_0e82fe11,0.686926
user_5ac1a174,15,user_5d35f631,0.686585
user_5c09bb3d,1,user_d6175d39,0.721400
user_5c09bb3d,2,user_ce424e88,0.714260
user_5c09bb3d,3,user_73623b4e,0.696969
user_5c09bb3d,4,user_07cb458d,0.696001
user_5c09bb3d,5,user_acd6ddfb,0.691137
user_5c09bb3d,6,user_5a6c91dd,0.691057
user_5c09bb3d,7,user_38f4dfac,0.689969
user_5c09bb3d,8,user_aa31484a,0.686261
user_5c09bb3d,9,user_43a979d2,0.685995
user_5c09bb3d,10,user_9d65649f,0.685461
user_5c09bb3d,11,user_7b5f54c0,0.677276
user_5c09bb3d,12,user_2c69b83e,0.675874
user_5c09bb3d,13,user_b6350ec1,0.673733
user_5c09bb3d,14,user_092e219d,0.673460
user_5c09bb3d,15,user_2920b35e,0.671404
user_5c5a0b40,1,user_beca29a3,0.295339
user_5c5a0b40,2,user_48669fd6,0.288311
user_5c5a0b40,3,user_51779823,0.269994
user_5c5a0b40,4,user_8a3bbeb2,0.269246
user_5c5a0b40,5,user_846d1f36,0.260801
user_5c5a0b40,6,user_f959eee4,0.255495
user_5c5a0b40,7,user_25b6a98e,0.251120
user_5c5a0b40,8,user_f7538815,0.246843
user_5c5a0b40,9,user_833d8832,0.239462
user_5c5a0b40,10,user_2c3eb234,0.234576
user_5c5a0b40,11,user_434f3511,0.230305
user_5c5a0b40,12,user_39f8897b,0.227470
user_5c5a0b40,13,user_f5138e15,0.226569
user_5c5a0b40,14,user_8be3f554,0.225210
user_5c5a0b40,15,user_ffe2efae,0.221701
user_5c82df31,1,user_205d25f3,0.756159
user_5c82df31,2,user_7f56f9a5,0.755219
user_5c82df31,3,user_27a3fa64,0.747834
user_5c82df31,4,user_38dc2894,0.730330
user_5c82df31,5,user_1936a7c3,0.729105
user_5c82df31,6,user_0521a7ac,0.723696
user_5c82df31,7,user_394c25cc,0.716513
user_5c82df31,8,user_dc326993,0.714414
user_5c82df31,9,user_3049510b,0.712180
user_5c82df31,10,user_7bbd1543,0.710411
user_5c82df31,11,user_7b052f32,0.709862
user_5c82df31,12,user_1f1dc5e0,0.707866
user_5c82df31,13,user_920c074a,0.690013
user_5c82df31,14,user_18892460,0.689623
user_5c82df31,15,user_bbe73426,0.689389
user_5d1b0daf,1,user_a8dc91a3,0.840158
user_5d1b0daf,2,user_b6d05d1d,0.838010
user_5d1b0daf,3,user_5d1b0daf,0.834511
user_5d1b0daf,4,user_adab54a0,0.830317
user_5d1b0daf,5,user_c35d6565,0.811743
user_5d1b0daf,6,user_9dda4af9,0.805837
user_5d1b0daf,7,user_406c399e,0.802005
user_5d1b0daf,8,user_d036c911,0.801589
user_5d1b0daf,9,user_15179955,0.798482
user_5d1b0daf,10,user_8be3f554,0.794381
user_5d1b0daf,11,user_ca6074df,0.793271
user_5d1b0daf,12,user_fde2d265,0.793050
user_5d1b0daf,13,user_b49274ca,0.791412
user_5d1b0daf,14,user_8f8346ad,0.788599
user_5d1b0daf,15,user_dae4304f,0.788005
user_5f4ee256,1,user_bd05225b,0.793414
user_5f4ee256,2,user_3f2fbc90,0.780402
user_5f4ee256,3,user_d758a0a1,0.767990
user_5f4ee256,4,user_f654c33b,0.765698
user_5f4ee256,5,user_0e82fe11,0.764045
user_5f4ee256,6,user_723406a0,0.754325
user_5f4ee256,7,user_f27da10a,0.750974
user_5f4ee256,8,user_29cd4556,0.748837
user_5f4ee256,9,user_5ac1a174,0.748515
user_5f4ee256,10,user_6a0b0e92,0.747063
user_5f4ee256,11,user_c39d41d7,0.746448
user_5f4ee256,12,user_5881b259,0.740904
user_5f4ee256,13,user_858fa00c,0.740337
user_5f4ee256,14,user_636ad58f,0.738512
user_5f4ee256,15,user_50e2a836,0.738290
user_6169d3b8,1,user_6169d3b8,0.817259
user_6169d3b8,2,user_3353b96b,0.795070
user_6169d3b8,3,user_107259c3,0.767129
user_6169d3b8,4,user_b4f295b3,0.760965
user_6169d3b8,5,user_0128a546,0.744999
user_6169d3b8,6,user_7f623d19,0.739818
user_6169d3b8,7,user_6476648d,0.738082
user_6169d3b8,8,user_9ee84e18,0.732315
user_6169d3b8,9,user_ea67f9c6,0.728908
user_6169d3b8,10,user_76638121,0.723816
user_6169d3b8,11,user_586752e4,0.723093
user_6169d3b8,12,user_7c7220a4,0.711901
user_6169d3b8,13,user_9a307ebe,0.711419
user_6169d3b8,14,user_e2e59795,0.708614
user_6169d3b8,15,user_8713f22a,0.707782
user_61f90240,1,user_3bc84c13,0.754642
user_61f90240,2,user_67acd9b1,0.751733
user_61f90240,3,user_9a307ebe,0.742136
user_61f90240,4,user_9571d0d5,0.735439
user_61f90240,5,user_ab86ab82,0.735042
user_61f90240,6,user_3f2894b5,0.734434
user_61f90240,7,user_9a5457b0,0.729658
user_61f90240,8,user_b2aba63a,0.729399
user_61f90240,9,user_586752e4,0.728861
user_61f90240,10,user_07ec3726,0.726528
user_61f90240,11,user_cf393213,0.726084
user_61f90240,12,user_ea67f9c6,0.725668
user_61f90240,13,user_8be3f554,0.724831
user_61f90240,14,user_f930e37f,0.724697
user_61f90240,15,user_259776c7,0.718639
user_63110023,1,user_63110023,0.882273
user_63110023,2,user_8663226a,0.766482
user_63110023,3,user_c35d6565,0.758748
user_63110023,4,user_dd6e7bcb,0.757546
user_63110023,5,user_d6175d39,0.756018
user_63110023,6,user_bdcc6e7d,0.747815
user_63110023,7,user_fba6bcd4,0.745708
user_63110023,8,user_9dda4af9,0.734581
user_63110023,9,user_07cb458d,0.734006
user_63110023,10,user_aa31484a,0.724128
user_63110023,11,user_b6350ec1,0.719614
user_63110023,12,user_adab54a0,0.719328
user_63110023,13,user_02d03e8a,0.719122
user_63110023,14,user_b6d05d1d,0.716617
user_63110023,15,user_2373103d,0.714425
user_636d1da4,1,user_38433566,0.848376
user_636d1da4,2,user_e8a7be73,0.836725
user_636d1da4,3,user_83afc7b2,0.820756
user_636d1da4,4,user_e59c000f,0.812729
user_636d1da4,5,user_8d22714e,0.807922
user_636d1da4,6,user_8ae8c359,0.801093
user_636d1da4,7,user_df8dc9bb,0.796514
user_636d1da4,8,user_79f38f6d,0.795019
user_636d1da4,9,user_9a307ebe,0.784910
user_636d1da4,10,user_a4a77a7d,0.780876
user_636d1da4,11,user_1cfedba8,0.777931
user_636d1da4,12,user_0669bdf6,0.775577
user_636d1da4,13,user_869fcb2b,0.774313
user_636d1da4,14,user_c5f32c0d,0.771995
user_636d1da4,15,user_b350e22b,0.768401
user_6427334a,1,user_636ad58f,0.808066
user_6427334a,2,user_5881b259,0.807185
user_6427334a,3,user_79f04645,0.803281
user_6427334a,4,user_fde2d265,0.802550
user_6427334a,5,user_3f2fbc90,0.801345
user_6427334a,6,user_17607ebc,0.798430
user_6427334a,7,user_8a760553,0.791405
user_6427334a,8,user_8fe14601,0.790834
user_6427334a,9,user_d70942c1,0.789472
user_6427334a,10,user_80dc757f,0.789218
user_6427334a,11,user_68d19df8,0.786234
user_6427334a,12,user_84e93af7,0.786049
user_6427334a,13,user_f654c33b,0.784464
user_6427334a,14,user_c39d41d7,0.783244
user_6427334a,15,user_0cee87f3,0.782388
user_6476648d,1,user_107259c3,0.776699
user_6476648d,2,user_baeb91b3,0.744331
user_6476648d,3,user_7f623d19,0.741959
user_6476648d,4,user_9c88ee3d,0.735242
user_6476648d,5,user_0d32f0ed,0.734591
user_6476648d,6,user_ea67f9c6,0.730405
user_6476648d,7,user_f070eee7,0.726669
user_6476648d,8,user_7c7220a4,0.720989
user_6476648d,9,user_02fecea2,0.714970
user_6476648d,10,user_94cad3a5,0.713665
user_6476648d,11,user_b4f295b3,0.712790
user_6476648d,12,user_3b79395c,0.705578
user_6476648d,13,user_76638121,0.701073
user_6476648d,14,user_e2e59795,0.694814
user_6476648d,15,user_1a7d6cd5,0.694146
user_649f4327,1,user_649f4327,0.892238
user_649f4327,2,user_16ac4154,0.861359
user_649f4327,3,user_1b7f8c56,0.853353
user_649f4327,4,user_aa2fbe83,0.838789
user_649f4327,5,user_aabd2642,0.824390
user_649f4327,6,user_e838707b,0.820527
user_649f4327,7,user_fdc08e26,0.812384
user_649f4327,8,user_25b48a9a,0.808204
user_649f4327,9,user_3ac315cb,0.804470
user_649f4327,10,user_b325310b,0.801130
user_649f4327,11,user_476670f9,0.800625
user_649f4327,12,user_940c7213,0.799603
user_649f4327,13,user_9a307ebe,0.797599
user_649f4327,14,user_9e39a95d,0.797530
user_649f4327,15,user_2c69b83e,0.794065
user_657c72ca,1,user_73f34c5d,0.883476
user_657c72ca,2,user_c39d41d7,0.865477
user_657c72ca,3,user_cdd86523,0.860325
user_657c72ca,4,user_dbc4828c,0.850204
user_657c72ca,5,user_8a760553,0.846241
user_657c72ca,6,user_dd1d7b22,0.841405
user_657c72ca,7,user_15179955,0.840667
user_657c72ca,8,user_a743aff9,0.840634
user_657c72ca,9,user_0cee87f3,0.840408
user_657c72ca,10,user_84e93af7,0.837701
user_657c72ca,11,user_40a0bad3,0.836605
user_657c72ca,12,user_a8c2208d,0.834215
user_657c72ca,13,user_adab54a0,0.833259
user_657c72ca,14,user_fde2d265,0.832558
user_657c72ca,15,user_a57e47b1,0.832406
user_6592f2e4,1,user_6592f2e4,0.781769
user_6592f2e4,2,user_245fd42f,0.613563
user_6592f2e4,3,user_d461f818,0.587241
user_6592f2e4,4,user_fb8f46c8,0.489464
user_6592f2e4,5,user_8a3bbeb2,0.485196
user_6592f2e4,6,user_2cb4b018,0.485071
user_6592f2e4,7,user_7c45fa70,0.480990
user_6592f2e4,8,user_cda36a95,0.475873
user_6592f2e4,9,user_74da5a13,0.466114
user_6592f2e4,10,user_5e61d6d9,0.457113
user_6592f2e4,11,user_2142b6e1,0.453800
user_6592f2e4,12,user_c92c8f83,0.450497
user_6592f2e4,13,user_b9d253e8,0.450161
user_6592f2e4,14,user_ffe2efae,0.446337
user_6592f2e4,15,user_8739102b,0.445913
user_65d73ac1,1,user_3ac315cb,0.865431
user_65d73ac1,2,user_1a2755b3,0.854618
user_65d73ac1,3,user_afff552a,0.851676
user_65d73ac1,4,user_2cb4b018,0.851361
user_65d73ac1,5,user_b325310b,0.850272
user_65d73ac1,6,user_b6b89f00,0.847091
user_65d73ac1,7,user_1b7f8c56,0.833038
user_65d73ac1,8,user_fb64cb55,0.832100
user_65d73ac1,9,user_6bb64984,0.825552
user_65d73ac1,10,user_acb51eed,0.825541
user_65d73ac1,11,user_aa2fbe83,0.823246
user_65d73ac1,12,user_940c7213,0.821171
user_65d73ac1,13,user_9e39a95d,0.820756
user_65d73ac1,14,user_65d73ac1,0.813799
user_65d73ac1,15,user_f8e2246f,0.808449
user_68349053,1,user_b45d0d20,0.692696
user_68349053,2,user_2920b35e,0.668949
user_68349053,3,user_68349053,0.659263
user_68349053,4,user_1c7b7780,0.641509
user_68349053,5,user_2c69b83e,0.625822
user_68349053,6,user_70580e9a,0.622015
user_68349053,7,user_b4d7e69a,0.620845
user_68349053,8,user_8663226a,0.617180
user_68349053,9,user_f7fd2885,0.611578
user_68349053,10,user_0e408c4a,0.610954
user_68349053,11,user_70bbda36,0.609857
user_68349053,12,user_40efa894,0.608891
user_68349053,13,user_fba6bcd4,0.608309
user_68349053,14,user_1f09455f,0.605970
user_68349053,15,user_f5e2976e,0.605549
user_68d19df8,1,user_b16e0cf8,0.900828
user_68d19df8,2,user_adab54a0,0.872762
user_68d19df8,3,user_f654c33b,0.868196
user_68d19df8,4,user_5c5a0b40,0.866876
user_68d19df8,5,user_b6350ec1,0.854933
user_68d19df8,6,user_17607ebc,0.851049
user_68d19df8,7,user_b23aa915,0.848465
user_68d19df8,8,user_a4a77a7d,0.847379
user_68d19df8,9,user_7aa3746b,0.845849
user_68d19df8,10,user_02d03e8a,0.843124
user_68d19df8,11,user_c39d41d7,0.838214
user_68d19df8,12,user_83e30c57,0.837369
user_68d19df8,13,user_5881b259,0.832204
user_68d19df8,14,user_38ab51d4,0.830095
user_68d19df8,15,user_dc32d458,0.828540
user_69193575,1,user_0f006eec,0.784384
user_69193575,2,user_6fc85c06,0.757707
user_69193575,3,user_cf393213,0.751648
user_69193575,4,user_91f807b9,0.749530
user_69193575,5,user_69a4dd06,0.747403
user_69193575,6,user_2e05a7a0,0.746016
user_69193575,7,user_c4c70447,0.745953
user_69193575,8,user_89e04335,0.742409
user_69193575,9,user_74d27419,0.741269
user_69193575,10,user_96d9cb9a,0.739581
user_69193575,11,user_2c940ff8,0.737049
user_69193575,12,user_6fbf6191,0.732461
user_69193575,13,user_8f8346ad,0.731969
user_69193575,14,user_55058479,0.731835
user_69193575,15,user_6bf0e007,0.731793
user_69a4dd06,1,user_b7f60e64,0.717392
user_69a4dd06,2,user_ab5592eb,0.704712
user_69a4dd06,3,user_9ce96cbf,0.699682
user_69a4dd06,4,user_2b03934e,0.660578
user_69a4dd06,5,user_2b271761,0.641457
user_69a4dd06,6,user_26565155,0.627504
user_69a4dd06,7,user_daf37424,0.618644
user_69a4dd06,8,user_515ae840,0.609423
user_69a4dd06,9,user_884ffdb2,0.606160
user_69a4dd06,10,user_259776c7,0.605301
user_69a4dd06,11,user_756e2f00,0.603518
user_69a4dd06,12,user_8d968cfb,0.600447
user_69a4dd06,13,user_a8dc91a3,0.594325
user_69a4dd06,14,user_65d73ac1,0.592569
user_69a4dd06,15,user_38f4dfac,0.592412
user_69df6330,1,user_69df6330,0.913895
user_69df6330,2,user_b49274ca,0.888482
user_69df6330,3,user_f654c33b,0.879349
user_69df6330,4,user_e8d15537,0.877239
user_69df6330,5,user_723406a0,0.859350
user_69df6330,6,user_8d968cfb,0.856474
user_69df6330,7,user_0eb2abf1,0.849368
user_69df6330,8,user_d036c911,0.848623
user_69df6330,9,user_1a2755b3,0.845592
user_69df6330,10,user_c35d6565,0.844248
user_69df6330,11,user_adab54a0,0.841517
user_69df6330,12,user_54b19b29,0.840716
user_69df6330,13,user_dbc4828c,0.840611
user_69df6330,14,user_c39d41d7,0.840291
user_69df6330,15,user_2dd5b531,0.835817
user_6ab1739a,1,user_8fbb6d9c,0.844803
user_6ab1739a,2,user_417702c5,0.805477
user_6ab1739a,3,user_6011e674,0.793568
user_6ab1739a,4,user_649f4327,0.791573
user_6ab1739a,5,user_08aa624b,0.791422
user_6ab1739a,6,user_2d74cd4c,0.786581
user_6ab1739a,7,user_99c67f2f,0.784289
user_6ab1739a,8,user_25b48a9a,0.777264
user_6ab1739a,9,user_1c7b7780,0.772752
user_6ab1739a,10,user_c41de62b,0.770616
user_6ab1739a,11,user_6ab1739a,0.770223
user_6ab1739a,12,user_6bb64984,0.765173
user_6ab1739a,13,user_f8e2246f,0.763876
user_6ab1739a,14,user_daf53db6,0.763607
user_6ab1739a,15,user_b6b89f00,0.760579
user_6ab8f7d4,1,user_0898fc4b,0.754067
user_6ab8f7d4,2,user_ff591131,0.739882
user_6ab8f7d4,3,user_8d22714e,0.739175
user_6ab8f7d4,4,user_abde0618,0.736359
user_6ab8f7d4,5,user_a151ddab,0.733015
user_6ab8f7d4,6,user_858fa00c,0.732184
user_6ab8f7d4,7,user_f0cf195f,0.729393
user_6ab8f7d4,8,user_4c8199a7,0.725718
user_6ab8f7d4,9,user_524450e9,0.721684
user_6ab8f7d4,10,user_39aad1a2,0.720905
user_6ab8f7d4,11,user_032e5bc8,0.720681
user_6ab8f7d4,12,user_df8dc9bb,0.719484
user_6ab8f7d4,13,user_0cc626ee,0.714273
user_6ab8f7d4,14,user_bd47000f,0.713215
user_6ab8f7d4,15,user_e6057285,0.713120
user_6d071251,1,user_c5f32c0d,0.851060
user_6d071251,2,user_5881b259,0.845173
user_6d071251,3,user_886f7373,0.845025
user_6d071251,4,user_a151ddab,0.843331
user_6d071251,5,user_ef954c6e,0.838813
user_6d071251,6,user_5993b36a,0.838286
user_6d071251,7,user_394c25cc,0.836718
user_6d071251,8,user_69df6330,0.835719
user_6d071251,9,user_89e04335,0.827724
user_6d071251,10,user_e59c000f,0.827657
user_6d071251,11,user_e5a6abbe,0.827190
user_6d071251,12,user_5c5a0b40,0.827052
user_6d071251,13,user_e802076d,0.826533
user_6d071251,14,user_959adfc8,0.826303
user_6d071251,15,user_b23aa915,0.822045
user_6d2cb415,1,user_fe67197f,0.481350
user_6d2cb415,2,user_07db2c6a,0.455800
user_6d2cb415,3,user_32ae32f9,0.454638
user_6d2cb415,4,user_846d1f36,0.440279
user_6d2cb415,5,user_98ca16a6,0.435250
user_6d2cb415,6,user_baf68fe9,0.429446
user_6d2cb415,7,user_be018f9d,0.424345
user_6d2cb415,8,user_338e1332,0.421799
user_6d2cb415,9,user_f030b951,0.419987
user_6d2cb415,10,user_567057e7,0.412729
user_6d2cb415,11,user_636d1da4,0.409239
user_6d2cb415,12,user_33b2b77f,0.397086
user_6d2cb415,13,user_0e408c4a,0.396137
user_6d2cb415,14,user_68349053,0.395627
user_6d2cb415,15,user_ba085464,0.394154
user_6d421600,1,user_6d421600,0.664580
user_6d421600,2,user_6fa47d61,0.635980
user_6d421600,3,user_0bc8e727,0.617868
user_6d421600,4,user_a3a4a20a,0.617037
user_6d421600,5,user_82c86537,0.614698
user_6d421600,6,user_bf30f80d,0.603738
user_6d421600,7,user_372c2b3e,0.602898
user_6d421600,8,user_f5e1eee0,0.589923
user_6d421600,9,user_2efde048,0.585690
user_6d421600,10,user_b1a5a37e,0.585138
user_6d421600,11,user_38fbcf73,0.581171
user_6d421600,12,user_32934d38,0.580952
user_6d421600,13,user_83b871b5,0.573015
user_6d421600,14,user_201c8c78,0.571314
user_6d421600,15,user_7de6f343,0.568730
user_6f1b0197,1,user_b49274ca,0.909361
user_6f1b0197,2,user_4db0d490,0.852623
user_6f1b0197,3,user_c2f18cf7,0.804132
user_6f1b0197,4,user_eae91488,0.796222
user_6f1b0197,5,user_adab54a0,0.795305
user_6f1b0197,6,user_b7ba6422,0.793683
user_6f1b0197,7,user_54b19b29,0.788906
user_6f1b0197,8,user_84e93af7,0.781327
user_6f1b0197,9,user_9dda4af9,0.775090
user_6f1b0197,10,user_45926b89,0.771389
user_6f1b0197,11,user_69df6330,0.769264
user_6f1b0197,12,user_d036c911,0.767805
user_6f1b0197,13,user_fde2d265,0.766305
user_6f1b0197,14,user_0eb2abf1,0.766086
user_6f1b0197,15,user_b6d05d1d,0.765994
user_6fa47d61,1,user_2e60c125,0.676803
user_6fa47d61,2,user_6fa47d61,0.664261
user_6fa47d61,3,user_0bd8ba7c,0.661144
user_6fa47d61,4,user_5062c872,0.657991
user_6fa47d61,5,user_192a215d,0.636687
user_6fa47d61,6,user_502a8cea,0.636324
user_6fa47d61,7,user_2efde048,0.630555
user_6fa47d61,8,user_bf30f80d,0.618642
user_6fa47d61,9,user_f14dc486,0.614221
user_6fa47d61,10,user_08c32973,0.611187
user_6fa47d61,11,user_372c2b3e,0.606697
user_6fa47d61,12,user_f5e1eee0,0.606262
user_6fa47d61,13,user_2c3eb234,0.585483
user_6fa47d61,14,user_201c8c78,0.583680
user_6fa47d61,15,user_58bfeaad,0.582584
user_6fc85c06,1,user_3eb49f37,0.739760
user_6fc85c06,2,user_d4b7e22e,0.693232
user_6fc85c06,3,user_a6a094cf,0.665711
user_6fc85c06,4,user_9ee84e18,0.665216
user_6fc85c06,5,user_efa5697b,0.663656
user_6fc85c06,6,user_7d944883,0.662723
user_6fc85c06,7,user_78eff25f,0.659753
user_6fc85c06,8,user_d023a78e,0.658033
user_6fc85c06,9,user_dc20c886,0.638797
user_6fc85c06,10,user_e4f8ab0c,0.634117
user_6fc85c06,11,user_3f2fbc90,0.627958
user_6fc85c06,12,user_f827c7dd,0.622925
user_6fc85c06,13,user_6a0b0e92,0.621012
user_6fc85c06,14,user_ab30f0fb,0.620493
user_6fc85c06,15,user_84703a6e,0.614280
user_723406a0,1,user_723406a0,0.830306
user_723406a0,2,user_d955d7e2,0.824005
user_723406a0,3,user_8d22714e,0.812994
user_723406a0,4,user_5881b259,0.801168
user_723406a0,5,user_f930e37f,0.797250
user_723406a0,6,user_91f807b9,0.796934
user_723406a0,7,user_eb0927d1,0.790162
user_723406a0,8,user_5993b36a,0.777483
user_723406a0,9,user_39aad1a2,0.775315
user_723406a0,10,user_e6057285,0.772571
user_723406a0,11,user_5a283043,0.771790
user_723406a0,12,user_c39d41d7,0.771456
user_723406a0,13,user_0e82fe11,0.769308
user_723406a0,14,user_4b139395,0.764740
user_723406a0,15,user_a57e47b1,0.762076
user_72bed676,1,user_c130412b,0.607038
user_72bed676,2,user_a0517bef,0.603740
user_72bed676,3,user_ab8e847b,0.571348
user_72bed676,4,user_1eefeb8c,0.567776
user_72bed676,5,user_72bed676,0.558937
user_72bed676,6,user_0c8c48ac,0.541831
user_72bed676,7,user_37be663c,0.531452
user_72bed676,8,user_fb427339,0.529156
user_72bed676,9,user_44567221,0.516443
user_72bed676,10,user_ecf8f97f,0.516392
user_72bed676,11,user_29458d96,0.514950
user_72bed676,12,user_ffe2efae,0.512827
user_72bed676,13,user_efb27a8e,0.510115
user_72bed676,14,user_52f895f1,0.506594
user_72bed676,15,user_bb8be7e3,0.498990
user_7322f4ef,1,user_9ee84e18,0.686587
user_7322f4ef,2,user_aa4cc34a,0.686272
user_7322f4ef,3,user_fb64cb55,0.675063
user_7322f4ef,4,user_903329bb,0.670797
user_7322f4ef,5,user_d023a78e,0.670304
user_7322f4ef,6,user_6011e674,0.660448
user_7322f4ef,7,user_3353b96b,0.659292
user_7322f4ef,8,user_0128a546,0.658661
user_7322f4ef,9,user_5b7d5e00,0.642549
user_7322f4ef,10,user_ba4a78fc,0.639054
user_7322f4ef,11,user_ed3091a2,0.632311
user_7322f4ef,12,user_59e8bc2a,0.630293
user_7322f4ef,13,user_233fda02,0.625455
user_7322f4ef,14,user_c41de62b,0.622133
user_7322f4ef,15,user_94cad3a5,0.617479
user_737d3148,1,user_f5fea76f,0.823310
user_737d3148,2,user_414a6eaf,0.793137
user_737d3148,3,user_737d3148,0.777234
user_737d3148,4,user_eda37c14,0.777029
user_737d3148,5,user_92fe4471,0.772062
user_737d3148,6,user_22adb798,0.769398
user_737d3148,7,user_979ee068,0.761830
user_737d3148,8,user_f10e7063,0.713740
user_737d3148,9,user_96a45b45,0.703787
user_737d3148,10,user_e59c000f,0.702605
user_737d3148,11,user_8ae8c359,0.687201
user_737d3148,12,user_858fa00c,0.682420
user_737d3148,13,user_2e81a539,0.678092
user_737d3148,14,user_e8a7be73,0.668249
user_737d3148,15,user_7b4c75ab,0.661862
user_73a4377d,1,user_ecc1ca0a,0.745672
user_73a4377d,2,user_73a4377d,0.735836
user_73a4377d,3,user_ed3091a2,0.735005
user_73a4377d,4,user_5ac1a174,0.728380
user_73a4377d,5,user_0e82fe11,0.720281
user_73a4377d,6,user_d758a0a1,0.698376
user_73a4377d,7,user_0669bdf6,0.694604
user_73a4377d,8,user_3b90fb53,0.691859
user_73a4377d,9,user_858fa00c,0.689489
user_73a4377d,10,user_835666af,0.688226
user_73a4377d,11,user_07db2c6a,0.687855
user_73a4377d,12,user_ff39b6cf,0.685717
user_73a4377d,13,user_4144252d,0.684771
user_73a4377d,14,user_50e2a836,0.682271
user_73a4377d,15,user_e8cdb142,0.681552
user_73f34c5d,1,user_78eff25f,0.733501
user_73f34c5d,2,user_8e5e899b,0.713149
user_73f34c5d,3,user_b7f60e64,0.699706
user_73f34c5d,4,user_e8cdb142,0.697583
user_73f34c5d,5,user_ff39b6cf,0.691017
user_73f34c5d,6,user_5ac1a174,0.683957
user_73f34c5d,7,user_2c39731d,0.670240
user_73f34c5d,8,user_0669bdf6,0.668445
user_73f34c5d,9,user_87e5d9b0,0.666370
user_73f34c5d,10,user_a5d9fab6,0.665587
user_73f34c5d,11,user_49b1ac46,0.654351
user_73f34c5d,12,user_3b90fb53,0.651937
user_73f34c5d,13,user_8afa3eba,0.650619
user_73f34c5d,14,user_84703a6e,0.645625
user_73f34c5d,15,user_903329bb,0.645334
user_74025dc0,1,user_9d9fba70,0.737799
user_74025dc0,2,user_d691d016,0.695576
user_74025dc0,3,user_338e1332,0.692900
user_74025dc0,4,user_d2bd9832,0.684986
user_74025dc0,5,user_e931b2cd,0.683212
user_74025dc0,6,user_c994138f,0.674460
user_74025dc0,7,user_8be3f554,0.673946
user_74025dc0,8,user_9ce96cbf,0.672881
user_74025dc0,9,user_18522854,0.672136
user_74025dc0,10,user_8dd20d7f,0.668963
user_74025dc0,11,user_96013176,0.668795
user_74025dc0,12,user_65d73ac1,0.667791
user_74025dc0,13,user_394c25cc,0.666017
user_74025dc0,14,user_66a7ce5a,0.665966
user_74025dc0,15,user_fe922ad0,0.662447
user_74cfb8ef,1,user_3b1da5d9,0.859368
user_74cfb8ef,2,user_74cfb8ef,0.855345
user_74cfb8ef,3,user_8713f22a,0.831253
user_74cfb8ef,4,user_70bbda36,0.828277
user_74cfb8ef,5,user_b4f295b3,0.827088
user_74cfb8ef,6,user_107259c3,0.827071
user_74cfb8ef,7,user_76638121,0.824757
user_74cfb8ef,8,user_7de6f343,0.824320
user_74cfb8ef,9,user_b63ea1d4,0.822556
user_74cfb8ef,10,user_ea67f9c6,0.820030
user_74cfb8ef,11,user_7f623d19,0.817294
user_74cfb8ef,12,user_166a3647,0.817226
user_74cfb8ef,13,user_02fecea2,0.815719
user_74cfb8ef,14,user_b0129d9e,0.813809
user_74cfb8ef,15,user_9a5457b0,0.811090
user_74e32d78,1,user_aa08d5a8,0.693970
user_74e32d78,2,user_91321efa,0.640700
user_74e32d78,3,user_ca130b8f,0.575423
user_74e32d78,4,user_8e48a3f8,0.566717
user_74e32d78,5,user_dcf52d26,0.541895
user_74e32d78,6,user_c81fae29,0.535938
user_74e32d78,7,user_78eff25f,0.535871
user_74e32d78,8,user_74da5a13,0.519484
user_74e32d78,9,user_59e8bc2a,0.506362
user_74e32d78,10,user_37cd2dc9,0.506268
user_74e32d78,11,user_a6a094cf,0.503428
user_74e32d78,12,user_dc20c886,0.502169
user_74e32d78,13,user_687feee4,0.493489
user_74e32d78,14,user_6a28fa5d,0.491235
user_74e32d78,15,user_9b517815,0.488176
user_756e2f00,1,user_756e2f00,0.755401
user_756e2f00,2,user_a8dc91a3,0.690757
user_756e2f00,3,user_8be3f554,0.683924
user_756e2f00,4,user_a75b16f2,0.677812
user_756e2f00,5,user_29cd4556,0.676073
user_756e2f00,6,user_c35d6565,0.660264
user_756e2f00,7,user_ab86ab82,0.658902
user_756e2f00,8,user_9ce96cbf,0.653068
user_756e2f00,9,user_94f185bc,0.651302
user_756e2f00,10,user_e802076d,0.647707
user_756e2f00,11,user_9a307ebe,0.644494
user_756e2f00,12,user_ee8d5ec5,0.641027
user_756e2f00,13,user_2b03934e,0.639569
user_756e2f00,14,user_daf37424,0.639086
user_756e2f00,15,user_98ca16a6,0.637209
user_75905116,1,user_40efa894,0.902881
user_75905116,2,user_04f39d22,0.880475
user_75905116,3,user_74cfb8ef,0.877660
user_75905116,4,user_83e45cc0,0.876273
user_75905116,5,user_ba8b1c05,0.866180
user_75905116,6,user_7de6f343,0.858248
user_75905116,7,user_64cd3098,0.843314
user_75905116,8,user_d2c97c8e,0.840548
user_75905116,9,user_4ea1ef09,0.839605
user_75905116,10,user_2c2a5c24,0.836671
user_75905116,11,user_98f18241,0.835857
user_75905116,12,user_421ae417,0.833175
user_75905116,13,user_bf30f80d,0.824485
user_75905116,14,user_1fb8e9e5,0.822044
user_75905116,15,user_7c3d63ce,0.820804
user_7709815a,1,user_f3a9f844,0.657914
user_7709815a,2,user_beca29a3,0.572817
user_7709815a,3,user_e14b88a8,0.559669
user_7709815a,4,user_043ea160,0.558356
user_7709815a,5,user_7d944883,0.481217
user_7709815a,6,user_92fe4471,0.461366
user_7709815a,7,user_d5379647,0.439179
user_7709815a,8,user_d4b7e22e,0.436764
user_7709815a,9,user_8c0c7619,0.429557
user_7709815a,10,user_efb27a8e,0.428377
user_7709815a,11,user_ffe2efae,0.427108
user_7709815a,12,user_22adb798,0.421388
user_7709815a,13,user_833d8832,0.421351
user_7709815a,14,user_4e42bf97,0.420747
user_7709815a,15,user_8e97a154,0.418694
user_78eff25f,1,user_63b4be5f,0.788979
user_78eff25f,2,user_f10e7063,0.770269
user_78eff25f,3,user_d758a0a1,0.762293
user_78eff25f,4,user_f60a09b3,0.746265
user_78eff25f,5,user_bd05225b,0.738942
user_78eff25f,6,user_920c074a,0.737786
user_78eff25f,7,user_45be01a5,0.730834
user_78eff25f,8,user_858fa00c,0.729886
user_78eff25f,9,user_50e2a836,0.722103
user_78eff25f,10,user_5ac1a174,0.717481
user_78eff25f,11,user_2e81a539,0.716826
user_78eff25f,12,user_9da8848a,0.714173
user_78eff25f,13,user_aabd2642,0.713885
user_78eff25f,14,user_df8dc9bb,0.710382
user_78eff25f,15,user_b605d5c9,0.710297
user_7924afc9,1,user_b49274ca,0.850642
user_7924afc9,2,user_f654c33b,0.820478
user_7924afc9,3,user_a1aa757b,0.814387
user_7924afc9,4,user_4db0d490,0.812556
user_7924afc9,5,user_84e93af7,0.808919
user_7924afc9,6,user_15179955,0.808187
user_7924afc9,7,user_7924afc9,0.798988
user_7924afc9,8,user_adab54a0,0.797671
user_7924afc9,9,user_fde2d265,0.797350
user_7924afc9,10,user_69df6330,0.796902
user_7924afc9,11,user_0168255c,0.795291
user_7924afc9,12,user_dbc4828c,0.793462
user_7924afc9,13,user_636ad58f,0.789366
user_7924afc9,14,user_e8d15537,0.785677
user_7924afc9,15,user_5881b259,0.777735
user_795eb408,1,user_500badda,0.806837
user_795eb408,2,user_b4f295b3,0.797966
user_795eb408,3,user_107259c3,0.797471
user_795eb408,4,user_e64d80ba,0.785107
user_795eb408,5,user_70bbda36,0.760321
user_795eb408,6,user_5a6f92a6,0.756372
user_795eb408,7,user_b0129d9e,0.755972
user_795eb408,8,user_93cdb7a1,0.753912
user_795eb408,9,user_7f56f9a5,0.753886
user_795eb408,10,user_da51dede,0.753652
user_795eb408,11,user_b1d0760b,0.746813
user_795eb408,12,user_03410579,0.744536
user_795eb408,13,user_7a8f7f3e,0.741675
user_795eb408,14,user_5c9b579a,0.740957
user_795eb408,15,user_920c074a,0.737726
user_79f04645,1,user_a8dc91a3,0.877670
user_79f04645,2,user_29cd4556,0.842680
user_79f04645,3,user_ec574395,0.842159
user_79f04645,4,user_79f04645,0.833207
user_79f04645,5,user_8fe14601,0.831765
user_79f04645,6,user_94f185bc,0.822437
user_79f04645,7,user_6bf0e007,0.822244
user_79f04645,8,user_d70942c1,0.787563
user_79f04645,9,user_380ddd3f,0.782794
user_79f04645,10,user_650da71b,0.780118
user_79f04645,11,user_69a4dd06,0.778453
user_79f04645,12,user_a4a77a7d,0.762514
user_79f04645,13,user_756e2f00,0.759959
user_79f04645,14,user_5349c6cf,0.752186
user_79f04645,15,user_fde2d265,0.751819
user_7a8f7f3e,1,user_da51dede,0.769989
user_7a8f7f3e,2,user_900ffd5c,0.762661
user_7a8f7f3e,3,user_bb8be7e3,0.749371
user_7a8f7f3e,4,user_7a8f7f3e,0.745752
user_7a8f7f3e,5,user_baeb91b3,0.737936
user_7a8f7f3e,6,user_107259c3,0.726193
user_7a8f7f3e,7,user_0d32f0ed,0.711760
user_7a8f7f3e,8,user_e2e59795,0.708861
user_7a8f7f3e,9,user_1f636ddc,0.706474
user_7a8f7f3e,10,user_03410579,0.705448
user_7a8f7f3e,11,user_b4f295b3,0.694509
user_7a8f7f3e,12,user_70bbda36,0.692302
user_7a8f7f3e,13,user_885e8708,0.688781
user_7a8f7f3e,14,user_5c9b579a,0.687724
user_7a8f7f3e,15,user_b0129d9e,0.681901
user_7b052f32,1,user_7f56f9a5,0.724383
user_7b052f32,2,user_394c25cc,0.719319
user_7b052f32,3,user_38dc2894,0.714641
user_7b052f32,4,user_3ae49e46,0.709789
user_7b052f32,5,user_96d9cb9a,0.706712
user_7b052f32,6,user_89e04335,0.706409
user_7b052f32,7,user_586752e4,0.705281
user_7b052f32,8,user_e6057285,0.701029
user_7b052f32,9,user_8dd20d7f,0.695695
user_7b052f32,10,user_6fc85c06,0.695231
user_7b052f32,11,user_10e64e28,0.692750
user_7b052f32,12,user_03410579,0.690270
user_7b052f32,13,user_f930e37f,0.690218
user_7b052f32,14,user_d691d016,0.690183
user_7b052f32,15,user_5c82df31,0.684221
user_7b2d0be1,1,user_7f56f9a5,0.850967
user_7b2d0be1,2,user_5526cbfd,0.847683
user_7b2d0be1,3,user_1b7f8c56,0.831323
user_7b2d0be1,4,user_03969305,0.827917
user_7b2d0be1,5,user_16ac4154,0.818639
user_7b2d0be1,6,user_f930e37f,0.816438
user_7b2d0be1,7,user_3e284ba5,0.815324
user_7b2d0be1,8,user_405db206,0.815259
user_7b2d0be1,9,user_70bbda36,0.814287
user_7b2d0be1,10,user_ba085464,0.811937
user_7b2d0be1,11,user_ded778b8,0.811570
user_7b2d0be1,12,user_fdc08e26,0.810810
user_7b2d0be1,13,user_7a8f7f3e,0.810408
user_7b2d0be1,14,user_e696f3ae,0.809726
user_7b2d0be1,15,user_2c69b83e,0.808863
user_7b4c75ab,1,user_7b4c75ab,0.736832
user_7b4c75ab,2,user_5fddc7f1,0.696100
user_7b4c75ab,3,user_c81fae29,0.695058
user_7b4c75ab,4,user_f070eee7,0.630220
user_7b4c75ab,5,user_aa19d173,0.628681
user_7b4c75ab,6,user_6a28fa5d,0.627200
user_7b4c75ab,7,user_ee05ee55,0.618012
user_7b4c75ab,8,user_1022be44,0.615606
user_7b4c75ab,9,user_687feee4,0.612940
user_7b4c75ab,10,user_a5e548ce,0.610326
user_7b4c75ab,11,user_3bb7992e,0.600424
user_7b4c75ab,12,user_6169d3b8,0.599242
user_7b4c75ab,13,user_c73333a5,0.589251
user_7b4c75ab,14,user_17054ec7,0.583503
user_7b4c75ab,15,user_bd47000f,0.580834
user_7c45fa70,1,user_7c45fa70,0.717254
user_7c45fa70,2,user_1022be44,0.528975
user_7c45fa70,3,user_85c97ea1,0.500309
user_7c45fa70,4,user_8a3bbeb2,0.480504
user_7c45fa70,5,user_c81fae29,0.455507
user_7c45fa70,6,user_6a28fa5d,0.453376
user_7c45fa70,7,user_7c8639cd,0.443480
user_7c45fa70,8,user_840e0a93,0.437651
user_7c45fa70,9,user_c73333a5,0.435595
user_7c45fa70,10,user_a5e548ce,0.434356
user_7c45fa70,11,user_f3f15c55,0.434310
user_7c45fa70,12,user_058d9dc1,0.433382
user_7c45fa70,13,user_ab434739,0.431722
user_7c45fa70,14,user_07db2c6a,0.430325
user_7c45fa70,15,user_17054ec7,0.429346
user_7c7220a4,1,user_107259c3,0.887115
user_7c7220a4,2,user_e2e59795,0.845812
user_7c7220a4,3,user_74cfb8ef,0.824769
user_7c7220a4,4,user_7c7220a4,0.821610
user_7c7220a4,5,user_5c9b579a,0.814322
user_7c7220a4,6,user_baeb91b3,0.813760
user_7c7220a4,7,user_586752e4,0.810628
user_7c7220a4,8,user_b0129d9e,0.804217
user_7c7220a4,9,user_b4f295b3,0.803492
user_7c7220a4,10,user_f070eee7,0.797821
user_7c7220a4,11,user_17054ec7,0.796123
user_7c7220a4,12,user_ea67f9c6,0.793617
user_7c7220a4,13,user_fcf93ee8,0.790239
user_7c7220a4,14,user_b1d0760b,0.784547
user_7c7220a4,15,user_93cdb7a1,0.778228
user_7f623d19,1,user_e696f3ae,0.806111
user_7f623d19,2,user_adab54a0,0.789071
user_7f623d19,3,user_dd1d7b22,0.779010
user_7f623d19,4,user_9a307ebe,0.772664
user_7f623d19,5,user_02016939,0.771319
user_7f623d19,6,user_2920b35e,0.771166
user_7f623d19,7,user_dae4304f,0.770748
user_7f623d19,8,user_f030b951,0.765997
user_7f623d19,9,user_3ff3188b,0.760621
user_7f623d19,10,user_0cee87f3,0.760082
user_7f623d19,11,user_b16e0cf8,0.757082
user_7f623d19,12,user_c34e791e,0.754967
user_7f623d19,13,user_9dda4af9,0.753406
user_7f623d19,14,user_8663226a,0.751747
user_7f623d19,15,user_70bbda36,0.749049
user_7fd91653,1,user_7fd91653,0.830544
user_7fd91653,2,user_d1d16d30,0.817882
user_7fd91653,3,user_5881b259,0.801671
user_7fd91653,4,user_b605d5c9,0.796989
user_7fd91653,5,user_954805d7,0.796098
user_7fd91653,6,user_c06d9b71,0.790711
user_7fd91653,7,user_a01f16ac,0.785250
user_7fd91653,8,user_64d76dfd,0.776011
user_7fd91653,9,user_b337cb0c,0.775164
user_7fd91653,10,user_095ff43e,0.772372
user_7fd91653,11,user_17607ebc,0.772255
user_7fd91653,12,user_f654c33b,0.771031
user_7fd91653,13,user_80dc757f,0.770654
user_7fd91653,14,user_ef954c6e,0.768505
user_7fd91653,15,user_d70942c1,0.765868
user_7fef9da8,1,user_e6057285,0.877497
user_7fef9da8,2,user_394c25cc,0.850248
user_7fef9da8,3,user_03969305,0.836928
user_7fef9da8,4,user_cf393213,0.831805
user_7fef9da8,5,user_ebddf9c1,0.827954
user_7fef9da8,6,user_f51339f8,0.827085
user_7fef9da8,7,user_7f56f9a5,0.826533
user_7fef9da8,8,user_dc326993,0.826451
user_7fef9da8,9,user_5881b259,0.825979
user_7fef9da8,10,user_38dc2894,0.823748
user_7fef9da8,11,user_2e81a539,0.823309
user_7fef9da8,12,user_9600e8bf,0.821512
user_7fef9da8,13,user_bbe73426,0.820828
user_7fef9da8,14,user_94f185bc,0.820642
user_7fef9da8,15,user_1f1dc5e0,0.818614
user_8006727d,1,user_bd6a40d5,0.738498
user_8006727d,2,user_caa6a7b6,0.730213
user_8006727d,3,user_8f39f021,0.647545
user_8006727d,4,user_32f31383,0.618866
user_8006727d,5,user_9600e8bf,0.600639
user_8006727d,6,user_cf393213,0.594231
user_8006727d,7,user_0eb2abf1,0.593244
user_8006727d,8,user_cdd86523,0.591702
user_8006727d,9,user_f5138e15,0.590666
user_8006727d,10,user_259776c7,0.588140
user_8006727d,11,user_65d73ac1,0.579880
user_8006727d,12,user_1a2755b3,0.579036
user_8006727d,13,user_5a283043,0.578728
user_8006727d,14,user_04d8419e,0.577332
user_8006727d,15,user_e1730a9c,0.575697
user_80da26a6,1,user_886f7373,0.762419
user_80da26a6,2,user_54c1ebee,0.761126
user_80da26a6,3,user_e802076d,0.760501
user_80da26a6,4,user_66772d98,0.758835
user_80da26a6,5,user_869fcb2b,0.730171
user_80da26a6,6,user_10e64e28,0.728723
user_80da26a6,7,user_b23aa915,0.721578
user_80da26a6,8,user_147d1bbb,0.710657
user_80da26a6,9,user_5c5a0b40,0.706623
user_80da26a6,10,user_daf37424,0.701275
user_80da26a6,11,user_38dc2894,0.700641
user_80da26a6,12,user_a74b4eeb,0.695767
user_80da26a6,13,user_df8dc9bb,0.691569
user_80da26a6,14,user_737dd050,0.691234
user_80da26a6,15,user_c994138f,0.690757
user_80dc757f,1,user_a8dc91a3,0.877183
user_80dc757f,2,user_29cd4556,0.869277
user_80dc757f,3,user_94f185bc,0.865823
user_80dc757f,4,user_6bf0e007,0.859325
user_80dc757f,5,user_79f04645,0.851328
user_80dc757f,6,user_e802076d,0.848581
user_80dc757f,7,user_ec574395,0.834961
user_80dc757f,8,user_03969305,0.827994
user_80dc757f,9,user_fde2d265,0.819232
user_80dc757f,10,user_8fe14601,0.818012
user_80dc757f,11,user_2dd5b531,0.817932
user_80dc757f,12,user_a4a77a7d,0.817603
user_80dc757f,13,user_e59c000f,0.815711
user_80dc757f,14,user_69df6330,0.809005
user_80dc757f,15,user_df8dc9bb,0.808036
user_81a80789,1,user_81a80789,0.846245
user_81a80789,2,user_02fecea2,0.824031
user_81a80789,3,user_b0129d9e,0.819850
user_81a80789,4,user_0d32f0ed,0.814804
user_81a80789,5,user_ded778b8,0.814681
user_81a80789,6,user_70bbda36,0.807575
user_81a80789,7,user_364bb955,0.803822
user_81a80789,8,user_03410579,0.797679
user_81a80789,9,user_1a7d6cd5,0.793306
user_81a80789,10,user_aabd2642,0.790626
user_81a80789,11,user_5c9b579a,0.789486
user_81a80789,12,user_3bc84c13,0.787782
user_81a80789,13,user_e7ff2beb,0.787134
user_81a80789,14,user_9a5457b0,0.784894
user_81a80789,15,user_fdc08e26,0.784835
user_823846de,1,user_884ffdb2,0.830286
user_823846de,2,user_3121653d,0.826781
user_823846de,3,user_29cd4556,0.801536
user_823846de,4,user_3f2fbc90,0.801301
user_823846de,5,user_ab30f0fb,0.796612
user_823846de,6,user_4db0d490,0.792490
user_823846de,7,user_efa5697b,0.787128
user_823846de,8,user_d93b53bd,0.774800
user_823846de,9,user_79f04645,0.771227
user_823846de,10,user_a4a77a7d,0.765087
user_823846de,11,user_83e30c57,0.764421
user_823846de,12,user_4b139395,0.757133
user_823846de,13,user_e8d15537,0.756630
user_823846de,14,user_0cc626ee,0.756294
user_823846de,15,user_91db6e48,0.756186
user_8285a696,1,user_d67450a8,0.600087
user_8285a696,2,user_0eeab432,0.593282
user_8285a696,3,user_582ff5b2,0.592426
user_8285a696,4,user_a2503734,0.588762
user_8285a696,5,user_d20928cc,0.578057
user_8285a696,6,user_24668d84,0.576410
user_8285a696,7,user_c32db875,0.573926
user_8285a696,8,user_1b460965,0.569957
user_8285a696,9,user_b2dd04c8,0.567658
user_8285a696,10,user_9d9fba70,0.567180
user_8285a696,11,user_4e42bf97,0.564186
user_8285a696,12,user_19952166,0.561676
user_8285a696,13,user_515ae840,0.560536
user_8285a696,14,user_8a669dcd,0.551565
user_8285a696,15,user_4bf6a4a0,0.550557
user_82879210,1,user_74d27419,0.807540
user_82879210,2,user_82879210,0.789999
user_82879210,3,user_5c5a0b40,0.773717
user_82879210,4,user_b49274ca,0.772517
user_82879210,5,user_54b19b29,0.761967
user_82879210,6,user_111cfe7d,0.752190
user_82879210,7,user_c2f18cf7,0.749808
user_82879210,8,user_4db0d490,0.748595
user_82879210,9,user_91f807b9,0.747144
user_82879210,10,user_3121653d,0.746597
user_82879210,11,user_9dda4af9,0.746481
user_82879210,12,user_5881b259,0.741286
user_82879210,13,user_2a704b9c,0.738820
user_82879210,14,user_636ad58f,0.737535
user_82879210,15,user_a4a77a7d,0.736989
user_829844fd,1,user_723406a0,0.857008
user_829844fd,2,user_b49274ca,0.853739
user_829844fd,3,user_69df6330,0.844024
user_829844fd,4,user_5881b259,0.836858
user_829844fd,5,user_2dd5b531,0.831700
user_829844fd,6,user_8d968cfb,0.827483
user_829844fd,7,user_eb0927d1,0.826819
user_829844fd,8,user_54b19b29,0.825623
user_829844fd,9,user_83e30c57,0.822619
user_829844fd,10,user_e1730a9c,0.821894
user_829844fd,11,user_c39d41d7,0.820870
user_829844fd,12,user_7924afc9,0.820804
user_829844fd,13,user_f654c33b,0.819076
user_829844fd,14,user_0eb2abf1,0.818609
user_829844fd,15,user_94f185bc,0.814329
user_82d93459,1,user_b78601b5,0.832190
user_82d93459,2,user_4f864d55,0.811119
user_82d93459,3,user_6011e674,0.803188
user_82d93459,4,user_65d73ac1,0.783429
user_82d93459,5,user_acb51eed,0.781416
user_82d93459,6,user_417702c5,0.779404
user_82d93459,7,user_fb64cb55,0.776314
user_82d93459,8,user_71b9b8e0,0.772159
user_82d93459,9,user_d10d1f24,0.767748
user_82d93459,10,user_c41de62b,0.757605
user_82d93459,11,user_543e79f5,0.754205
user_82d93459,12,user_00723699,0.754177
user_82d93459,13,user_903329bb,0.752540
user_82d93459,14,user_940c7213,0.749757
user_82d93459,15,user_b6b89f00,0.749455
user_83e45cc0,1,user_a615a6d1,0.824685
user_83e45cc0,2,user_372c2b3e,0.792857
user_83e45cc0,3,user_3bb7992e,0.789175
user_83e45cc0,4,user_6fa47d61,0.787729
user_83e45cc0,5,user_7de6f343,0.787662
user_83e45cc0,6,user_2c2a5c24,0.787573
user_83e45cc0,7,user_d2c97c8e,0.781582
user_83e45cc0,8,user_40efa894,0.781405
user_83e45cc0,9,user_500badda,0.781386
user_83e45cc0,10,user_0f0ad720,0.778676
user_83e45cc0,11,user_5fddc7f1,0.771577
user_83e45cc0,12,user_bf30f80d,0.771458
user_83e45cc0,13,user_f5e1eee0,0.767192
user_83e45cc0,14,user_74cfb8ef,0.765660
user_83e45cc0,15,user_4ea1ef09,0.764861
user_84703a6e,1,user_6fbf6191,0.784762
user_84703a6e,2,user_ba4a78fc,0.746029
user_84703a6e,3,user_cf393213,0.743445
user_84703a6e,4,user_2e05a7a0,0.715725
user_84703a6e,5,user_8006727d,0.713805
user_84703a6e,6,user_74d27419,0.709005
user_84703a6e,7,user_8f8346ad,0.699286
user_84703a6e,8,user_c4c70447,0.698963
user_84703a6e,9,user_380ddd3f,0.693688
user_84703a6e,10,user_67acd9b1,0.693518
user_84703a6e,11,user_46bb5302,0.684827
user_84703a6e,12,user_c8f82360,0.683143
user_84703a6e,13,user_126670d7,0.680940
user_84703a6e,14,user_2c3eb234,0.679208
user_84703a6e,15,user_41d0c897,0.678477
user_84c14a6f,1,user_8a760553,0.837168
user_84c14a6f,2,user_84c14a6f,0.826700
user_84c14a6f,3,user_e802076d,0.819320
user_84c14a6f,4,user_1b89f77a,0.806780
user_84c14a6f,5,user_96013176,0.805121
user_84c14a6f,6,user_88b2faba,0.804873
user_84c14a6f,7,user_cdd86523,0.799799
user_84c14a6f,8,user_8dd20d7f,0.791529
user_84c14a6f,9,user_40a0bad3,0.791050
user_84c14a6f,10,user_183b3783,0.789393
user_84c14a6f,11,user_2dd5b531,0.789329
user_84c14a6f,12,user_03969305,0.785604
user_84c14a6f,13,user_886f7373,0.784731
user_84c14a6f,14,user_b350e22b,0.782111
user_84c14a6f,15,user_cf393213,0.781656
user_84fe1a7a,1,user_84fe1a7a,0.775102
user_84fe1a7a,2,user_970963fd,0.717842
user_84fe1a7a,3,user_205d25f3,0.706979
user_84fe1a7a,4,user_bbe73426,0.696656
user_84fe1a7a,5,user_1f1dc5e0,0.678803
user_84fe1a7a,6,user_dca78fea,0.677486
user_84fe1a7a,7,user_52c9252c,0.670676
user_84fe1a7a,8,user_7b052f32,0.655874
user_84fe1a7a,9,user_eced69e7,0.654284
user_84fe1a7a,10,user_7bbd1543,0.649981
user_84fe1a7a,11,user_acb899e9,0.644571
user_84fe1a7a,12,user_64d76dfd,0.644201
user_84fe1a7a,13,user_1936a7c3,0.642537
user_84fe1a7a,14,user_27a3fa64,0.637496
user_84fe1a7a,15,user_4f8b6987,0.632747
user_85810097,1,user_88b2faba,0.802644
user_85810097,2,user_147d1bbb,0.801692
user_85810097,3,user_e5a6abbe,0.796892
user_85810097,4,user_02d8a1f8,0.796430
user_85810097,5,user_032e5bc8,0.784253
user_85810097,6,user_c5f32c0d,0.780278
user_85810097,7,user_0669bdf6,0.779406
user_85810097,8,user_25798310,0.775061
user_85810097,9,user_0fefc28e,0.773122
user_85810097,10,user_df8dc9bb,0.771012
user_85810097,11,user_bd05225b,0.770924
user_85810097,12,user_5b714afd,0.768496
user_85810097,13,user_8d22714e,0.767606
user_85810097,14,user_83afc7b2,0.766866
user_85810097,15,user_7b5f54c0,0.765995
user_8663226a,1,user_8fe14601,0.863747
user_8663226a,2,user_79f04645,0.861036
user_8663226a,3,user_8663226a,0.856692
user_8663226a,4,user_17607ebc,0.836356
user_8663226a,5,user_43a979d2,0.831879
user_8663226a,6,user_c39d41d7,0.818553
user_8663226a,7,user_fde2d265,0.815555
user_8663226a,8,user_fba6bcd4,0.811957
user_8663226a,9,user_aa31484a,0.811085
user_8663226a,10,user_29cd4556,0.810023
user_8663226a,11,user_02d03e8a,0.810012
user_8663226a,12,user_f654c33b,0.809009
user_8663226a,13,user_d70942c1,0.804208
user_8663226a,14,user_b16e0cf8,0.801218
user_8663226a,15,user_9d65649f,0.800168
user_86685a27,1,user_7fef9da8,0.769981
user_86685a27,2,user_5a6f92a6,0.738989
user_86685a27,3,user_423c81dc,0.732858
user_86685a27,4,user_8e97a154,0.727877
user_86685a27,5,user_8fb63eca,0.727794
user_86685a27,6,user_3e284ba5,0.723185
user_86685a27,7,user_c5f32c0d,0.721477
user_86685a27,8,user_a4893af1,0.717911
user_86685a27,9,user_df8dc9bb,0.717851
user_86685a27,10,user_b4214db6,0.717499
user_86685a27,11,user_8d22714e,0.716530
user_86685a27,12,user_f10e7063,0.709513
user_86685a27,13,user_500badda,0.708706
user_86685a27,14,user_0cc626ee,0.707616
user_86685a27,15,user_6a0b0e92,0.706963
user_869fcb2b,1,user_869fcb2b,0.764518
user_869fcb2b,2,user_8285a696,0.741398
user_869fcb2b,3,user_e802076d,0.722777
user_869fcb2b,4,user_b350e22b,0.712460
user_869fcb2b,5,user_c9007141,0.702426
user_869fcb2b,6,user_82d93459,0.700691
user_869fcb2b,7,user_886f7373,0.697012
user_869fcb2b,8,user_10e64e28,0.692318
user_869fcb2b,9,user_66772d98,0.688756
user_869fcb2b,10,user_a74b4eeb,0.685774
user_869fcb2b,11,user_5c82df31,0.681512
user_869fcb2b,12,user_ded778b8,0.680836
user_869fcb2b,13,user_c994138f,0.678296
user_869fcb2b,14,user_daf37424,0.678197
user_869fcb2b,15,user_3bb7992e,0.676028
user_8713f22a,1,user_885e8708,0.872587
user_8713f22a,2,user_ba010eec,0.838675
user_8713f22a,3,user_8713f22a,0.807714
user_8713f22a,4,user_3b1da5d9,0.759265
user_8713f22a,5,user_25798310,0.756907
user_8713f22a,6,user_0d32f0ed,0.741779
user_8713f22a,7,user_81a80789,0.739597
user_8713f22a,8,user_7b5f54c0,0.738815
user_8713f22a,9,user_83585fc6,0.736889
user_8713f22a,10,user_df8dc9bb,0.733480
user_8713f22a,11,user_70bbda36,0.732230
user_8713f22a,12,user_4bd9303b,0.726326
user_8713f22a,13,user_166a3647,0.726161
user_8713f22a,14,user_364bb955,0.720815
user_8713f22a,15,user_2c69b83e,0.718585
user_87e5d9b0,1,user_78eff25f,0.706363
user_87e5d9b0,2,user_829844fd,0.696216
user_87e5d9b0,3,user_b2dd04c8,0.692261
user_87e5d9b0,4,user_20e741d0,0.676943
user_87e5d9b0,5,user_0669bdf6,0.670283
user_87e5d9b0,6,user_7d6962d9,0.664468
user_87e5d9b0,7,user_e8cdb142,0.652626
user_87e5d9b0,8,user_226be32f,0.638055
user_87e5d9b0,9,user_e4f8ab0c,0.636595
user_87e5d9b0,10,user_4c8199a7,0.624697
user_87e5d9b0,11,user_82d93459,0.623449
user_87e5d9b0,12,user_8afa3eba,0.623121
user_87e5d9b0,13,user_5ac1a174,0.622350
user_87e5d9b0,14,user_165a2706,0.621707
user_87e5d9b0,15,user_b45d0d20,0.614825
user_885e8708,1,user_8d22714e,0.802404
user_885e8708,2,user_f27da10a,0.785292
user_885e8708,3,user_737dd050,0.768587
user_885e8708,4,user_25798310,0.768113
user_885e8708,5,user_d758a0a1,0.762600
user_885e8708,6,user_0cc626ee,0.762001
user_885e8708,7,user_147d1bbb,0.759861
user_885e8708,8,user_df8dc9bb,0.758771
user_885e8708,9,user_6a0b0e92,0.758339
user_885e8708,10,user_bd05225b,0.754254
user_885e8708,11,user_c5f32c0d,0.752486
user_885e8708,12,user_0669bdf6,0.751882
user_885e8708,13,user_17355c30,0.751431
user_885e8708,14,user_524450e9,0.750831
user_885e8708,15,user_723406a0,0.748272
user_88f46c7b,1,user_88f46c7b,0.778736
user_88f46c7b,2,user_4d4f73a6,0.690772
user_88f46c7b,3,user_f827c7dd,0.683403
user_88f46c7b,4,user_eafc973e,0.674510
user_88f46c7b,5,user_6a0b0e92,0.672174
user_88f46c7b,6,user_75251485,0.667892
user_88f46c7b,7,user_5b698646,0.647075
user_88f46c7b,8,user_18522854,0.643953
user_88f46c7b,9,user_423c81dc,0.633924
user_88f46c7b,10,user_c6f50d12,0.630788
user_88f46c7b,11,user_d4b7e22e,0.628828
user_88f46c7b,12,user_438fb63c,0.627630
user_88f46c7b,13,user_c8e749e2,0.624073
user_88f46c7b,14,user_ed3091a2,0.621511
user_88f46c7b,15,user_91db6e48,0.620583
user_89f449b4,1,user_63b4ae7a,0.712970
user_89f449b4,2,user_55058479,0.705477
user_89f449b4,3,user_a4aab257,0.705084
user_89f449b4,4,user_d14b7d7b,0.694865
user_89f449b4,5,user_8006727d,0.692143
user_89f449b4,6,user_2c3eb234,0.689928
user_89f449b4,7,user_6fbf6191,0.655397
user_89f449b4,8,user_24668d84,0.640537
user_89f449b4,9,user_b1c16312,0.628431
user_89f449b4,10,user_b8f24804,0.618310
user_89f449b4,11,user_126670d7,0.615108
user_89f449b4,12,user_9bee2a7c,0.598129
user_89f449b4,13,user_d20928cc,0.596280
user_89f449b4,14,user_2e05a7a0,0.595690
user_89f449b4,15,user_4bf6a4a0,0.593808
user_8a760553,1,user_0eb2abf1,0.909936
user_8a760553,2,user_dd1d7b22,0.876629
user_8a760553,3,user_cdd86523,0.874128
user_8a760553,4,user_a57e47b1,0.870895
user_8a760553,5,user_c39d41d7,0.854343
user_8a760553,6,user_8a760553,0.844667
user_8a760553,7,user_50e2a836,0.839857
user_8a760553,8,user_f4f9490d,0.837873
user_8a760553,9,user_1a2755b3,0.836927
user_8a760553,10,user_29cd4556,0.835666
user_8a760553,11,user_5881b259,0.834804
user_8a760553,12,user_2dd5b531,0.832270
user_8a760553,13,user_723406a0,0.829077
user_8a760553,14,user_69df6330,0.829015
user_8a760553,15,user_4db0d490,0.826671
user_8ae8c359,1,user_940c7213,0.764354
user_8ae8c359,2,user_95d648bc,0.748267
user_8ae8c359,3,user_b325310b,0.739467
user_8ae8c359,4,user_1b7f8c56,0.738339
user_8ae8c359,5,user_aa2fbe83,0.737078
user_8ae8c359,6,user_0f0ad720,0.736933
user_8ae8c359,7,user_f8e2246f,0.735219
user_8ae8c359,8,user_e6dd44b0,0.733660
user_8ae8c359,9,user_79f38f6d,0.732746
user_8ae8c359,10,user_fba6bcd4,0.732086
user_8ae8c359,11,user_aabd2642,0.731729
user_8ae8c359,12,user_25b48a9a,0.731668
user_8ae8c359,13,user_795650bb,0.730998
user_8ae8c359,14,user_2cb4b018,0.729056
user_8ae8c359,15,user_ef05ad51,0.728370
user_8afa3eba,1,user_e8cdb142,0.762070
user_8afa3eba,2,user_8e5e899b,0.735889
user_8afa3eba,3,user_87e5d9b0,0.726829
user_8afa3eba,4,user_78eff25f,0.709020
user_8afa3eba,5,user_5ac1a174,0.708268
user_8afa3eba,6,user_0669bdf6,0.704071
user_8afa3eba,7,user_ff39b6cf,0.701835
user_8afa3eba,8,user_0cc626ee,0.701613
user_8afa3eba,9,user_6a13946a,0.700449
user_8afa3eba,10,user_4144252d,0.698514
user_8afa3eba,11,user_ff591131,0.690321
user_8afa3eba,12,user_858fa00c,0.682117
user_8afa3eba,13,user_8afa3eba,0.681502
user_8afa3eba,14,user_8d22714e,0.677802
user_8afa3eba,15,user_3b90fb53,0.677390
user_8c6db6ed,1,user_a5d9fab6,0.740439
user_8c6db6ed,2,user_1bcbacb3,0.735487
user_8c6db6ed,3,user_903329bb,0.734976
user_8c6db6ed,4,user_22b484cb,0.714294
user_8c6db6ed,5,user_78eff25f,0.706705
user_8c6db6ed,6,user_5d7cbf11,0.698056
user_8c6db6ed,7,user_8afa3eba,0.685128
user_8c6db6ed,8,user_dc20c886,0.666345
user_8c6db6ed,9,user_a6a094cf,0.664984
user_8c6db6ed,10,user_2c39731d,0.663805
user_8c6db6ed,11,user_8e5e899b,0.660897
user_8c6db6ed,12,user_d7fde080,0.658492
user_8c6db6ed,13,user_ff39b6cf,0.656825
user_8c6db6ed,14,user_5b7d5e00,0.654393
user_8c6db6ed,15,user_ed3091a2,0.652369
user_8d22714e,1,user_8d22714e,0.843993
user_8d22714e,2,user_885e8708,0.778307
user_8d22714e,3,user_8713f22a,0.773307
user_8d22714e,4,user_df8dc9bb,0.771963
user_8d22714e,5,user_9351238d,0.767536
user_8d22714e,6,user_858fa00c,0.764188
user_8d22714e,7,user_d955d7e2,0.756454
user_8d22714e,8,user_586752e4,0.751523
user_8d22714e,9,user_a4893af1,0.744007
user_8d22714e,10,user_723406a0,0.743741
user_8d22714e,11,user_25798310,0.743164
user_8d22714e,12,user_e6057285,0.742801
user_8d22714e,13,user_032e5bc8,0.742232
user_8d22714e,14,user_a2825b06,0.739722
user_8d22714e,15,user_91f807b9,0.739242
user_8d85acb5,1,user_8d85acb5,0.805944
user_8d85acb5,2,user_32934d38,0.615330
user_8d85acb5,3,user_c8f82360,0.614517
user_8d85acb5,4,user_2cb4b018,0.589189
user_8d85acb5,5,user_fb8f46c8,0.582881
user_8d85acb5,6,user_89f449b4,0.582449
user_8d85acb5,7,user_83b871b5,0.575728
user_8d85acb5,8,user_1b7f8c56,0.572338
user_8d85acb5,9,user_65d73ac1,0.569985
user_8d85acb5,10,user_9e39a95d,0.567643
user_8d85acb5,11,user_acb51eed,0.560115
user_8d85acb5,12,user_2dc10d2d,0.558883
user_8d85acb5,13,user_b6b89f00,0.556297
user_8d85acb5,14,user_a57a04fa,0.554428
user_8d85acb5,15,user_be06391b,0.553246
user_8d968cfb,1,user_f654c33b,0.866404
user_8d968cfb,2,user_adab54a0,0.843792
user_8d968cfb,3,user_b16e0cf8,0.840559
user_8d968cfb,4,user_dc32d458,0.837295
user_8d968cfb,5,user_15179955,0.835163
user_8d968cfb,6,user_bf69de98,0.834729
user_8d968cfb,7,user_0cee87f3,0.832223
user_8d968cfb,8,user_5881b259,0.831026
user_8d968cfb,9,user_7aa3746b,0.826495
user_8d968cfb,10,user_17607ebc,0.825195
user_8d968cfb,11,user_02d03e8a,0.819533
user_8d968cfb,12,user_5c5a0b40,0.817560
user_8d968cfb,13,user_b23aa915,0.815841
user_8d968cfb,14,user_dd1d7b22,0.813049
user_8d968cfb,15,user_2373103d,0.810954
user_8da30894,1,user_f3f15c55,0.639219
user_8da30894,2,user_5b7d5e00,0.623628
user_8da30894,3,user_ad15a0a4,0.587456
user_8da30894,4,user_d023a78e,0.558366
user_8da30894,5,user_59e8bc2a,0.531871
user_8da30894,6,user_a5d9fab6,0.497453
user_8da30894,7,user_22b484cb,0.496989
user_8da30894,8,user_9b517815,0.494910
user_8da30894,9,user_8da30894,0.489298
user_8da30894,10,user_903329bb,0.474683
user_8da30894,11,user_835666af,0.454891
user_8da30894,12,user_598cc905,0.451215
user_8da30894,13,user_f59d3941,0.449529
user_8da30894,14,user_a6a094cf,0.445944
user_8da30894,15,user_d0a0f883,0.442765
user_8dd20d7f,1,user_8dd20d7f,0.781900
user_8dd20d7f,2,user_f930e37f,0.779651
user_8dd20d7f,3,user_ab86ab82,0.747009
user_8dd20d7f,4,user_cf393213,0.732128
user_8dd20d7f,5,user_8be3f554,0.722526
user_8dd20d7f,6,user_07ec3726,0.720574
user_8dd20d7f,7,user_c994138f,0.709083
user_8dd20d7f,8,user_3bc84c13,0.708188
user_8dd20d7f,9,user_2e05a7a0,0.706945
user_8dd20d7f,10,user_586752e4,0.705720
user_8dd20d7f,11,user_8006727d,0.704253
user_8dd20d7f,12,user_d2bd9832,0.702098
user_8dd20d7f,13,user_67acd9b1,0.700486
user_8dd20d7f,14,user_94cad3a5,0.700453
user_8dd20d7f,15,user_c34e791e,0.699760
user_8e48a3f8,1,user_5c9b579a,0.747413
user_8e48a3f8,2,user_364bb955,0.732889
user_8e48a3f8,3,user_8e48a3f8,0.720671
user_8e48a3f8,4,user_b563e90b,0.714168
user_8e48a3f8,5,user_74da5a13,0.711796
user_8e48a3f8,6,user_da51dede,0.708334
user_8e48a3f8,7,user_ae306850,0.693946
user_8e48a3f8,8,user_74cfb8ef,0.689212
user_8e48a3f8,9,user_b0129d9e,0.687146
user_8e48a3f8,10,user_476670f9,0.683406
user_8e48a3f8,11,user_81a80789,0.681751
user_8e48a3f8,12,user_166a3647,0.677490
user_8e48a3f8,13,user_b1d0760b,0.675823
user_8e48a3f8,14,user_e2e59795,0.672060
user_8e48a3f8,15,user_d4c7b4c0,0.671470
user_8e97a154,1,user_885e8708,0.859318
user_8e97a154,2,user_8713f22a,0.843229
user_8e97a154,3,user_8e97a154,0.826021
user_8e97a154,4,user_df8dc9bb,0.807836
user_8e97a154,5,user_586752e4,0.805730
user_8e97a154,6,user_166a3647,0.796882
user_8e97a154,7,user_107259c3,0.795974
user_8e97a154,8,user_737dd050,0.789996
user_8e97a154,9,user_9571d0d5,0.788243
user_8e97a154,10,user_ea67f9c6,0.774799
user_8e97a154,11,user_26fa9d90,0.774139
user_8e97a154,12,user_25798310,0.772968
user_8e97a154,13,user_0cc626ee,0.771197
user_8e97a154,14,user_5a6f92a6,0.767748
user_8e97a154,15,user_1a7d6cd5,0.765707
user_8eac0a68,1,user_6c2d672f,0.734018
user_8eac0a68,2,user_70bbda36,0.728911
user_8eac0a68,3,user_ded778b8,0.728050
user_8eac0a68,4,user_b0129d9e,0.722706
user_8eac0a68,5,user_1a7d6cd5,0.718501
user_8eac0a68,6,user_81a80789,0.717145
user_8eac0a68,7,user_166a3647,0.716669
user_8eac0a68,8,user_3e284ba5,0.711307
user_8eac0a68,9,user_8fb63eca,0.708976
user_8eac0a68,10,user_500badda,0.708731
user_8eac0a68,11,user_1246b252,0.703951
user_8eac0a68,12,user_8713f22a,0.697347
user_8eac0a68,13,user_02fecea2,0.696715
user_8eac0a68,14,user_e5f67397,0.694900
user_8eac0a68,15,user_76638121,0.687765
user_8f08aa94,1,user_ba085464,0.845957
user_8f08aa94,2,user_ded778b8,0.789029
user_8f08aa94,3,user_124651ff,0.772580
user_8f08aa94,4,user_aa2fbe83,0.770922
user_8f08aa94,5,user_02016939,0.768226
user_8f08aa94,6,user_70bbda36,0.766484
user_8f08aa94,7,user_6ae9ce92,0.760964
user_8f08aa94,8,user_2cb4b018,0.750812
user_8f08aa94,9,user_7b2d0be1,0.744591
user_8f08aa94,10,user_1fb8e9e5,0.739697
user_8f08aa94,11,user_79f38f6d,0.737686
user_8f08aa94,12,user_c34e791e,0.737348
user_8f08aa94,13,user_7bbd1543,0.736728
user_8f08aa94,14,user_ef954c6e,0.735476
user_8f08aa94,15,user_fa60616d,0.734940
user_8fe14601,1,user_e6dd44b0,0.881517
user_8fe14601,2,user_9dda4af9,0.855825
user_8fe14601,3,user_e409a56d,0.840633
user_8fe14601,4,user_d6175d39,0.832908
user_8fe14601,5,user_2c69b83e,0.828669
user_8fe14601,6,user_04f39d22,0.827319
user_8fe14601,7,user_b6350ec1,0.825955
user_8fe14601,8,user_3ff3188b,0.825739
user_8fe14601,9,user_fba6bcd4,0.825147
user_8fe14601,10,user_f030b951,0.823069
user_8fe14601,11,user_421ae417,0.812858
user_8fe14601,12,user_b1a5a37e,0.811379
user_8fe14601,13,user_81c4dae1,0.811047
user_8fe14601,14,user_b4214db6,0.809924
user_8fe14601,15,user_73f34c5d,0.809800
user_90202189,1,user_14a2d3c6,0.750766
user_90202189,2,user_0b64b183,0.736417
user_90202189,3,user_5881b259,0.734323
user_90202189,4,user_cdd86523,0.732406
user_90202189,5,user_8d22714e,0.725797
user_90202189,6,user_587b57d5,0.725628
user_90202189,7,user_636ad58f,0.722184
user_90202189,8,user_88b2faba,0.721842
user_90202189,9,user_a7c6197a,0.719679
user_90202189,10,user_0669bdf6,0.718833
user_90202189,11,user_90202189,0.716577
user_90202189,12,user_032e5bc8,0.715734
user_90202189,13,user_bd05225b,0.714103
user_90202189,14,user_cbabbcee,0.706789
user_90202189,15,user_886f7373,0.706352
user_902af20f,1,user_7de6f343,0.882968
user_902af20f,2,user_2c2a5c24,0.864037
user_902af20f,3,user_421ae417,0.858555
user_902af20f,4,user_4ea1ef09,0.857247
user_902af20f,5,user_1a4bec69,0.848364
user_902af20f,6,user_04f39d22,0.838876
user_902af20f,7,user_40efa894,0.838303
user_902af20f,8,user_74cfb8ef,0.837653
user_902af20f,9,user_6fa47d61,0.827831
user_902af20f,10,user_a52dd639,0.820170
user_902af20f,11,user_ba8b1c05,0.817139
user_902af20f,12,user_0bc8e727,0.813640
user_902af20f,13,user_902af20f,0.810987
user_902af20f,14,user_25652863,0.810531
user_902af20f,15,user_bf30f80d,0.804822
user_903329bb,1,user_8e5e899b,0.814278
user_903329bb,2,user_8285a696,0.804831
user_903329bb,3,user_8e97a154,0.783673
user_903329bb,4,user_737dd050,0.782184
user_903329bb,5,user_586752e4,0.766808
user_903329bb,6,user_a4a77a7d,0.766213
user_903329bb,7,user_5ac1a174,0.743826
user_903329bb,8,user_058d9dc1,0.742604
user_903329bb,9,user_835666af,0.740900
user_903329bb,10,user_0669bdf6,0.740024
user_903329bb,11,user_8d22714e,0.737697
user_903329bb,12,user_165a2706,0.736302
user_903329bb,13,user_5a6f92a6,0.734267
user_903329bb,14,user_6a0b0e92,0.731854
user_903329bb,15,user_17355c30,0.730435
user_906e2423,1,user_906e2423,0.743314
user_906e2423,2,user_6d2cb415,0.734906
user_906e2423,3,user_b2dd04c8,0.698794
user_906e2423,4,user_829844fd,0.698647
user_906e2423,5,user_0f006eec,0.696866
user_906e2423,6,user_515ae840,0.692041
user_906e2423,7,user_b7f60e64,0.685700
user_906e2423,8,user_23ecc36a,0.678451
user_906e2423,9,user_433bdef0,0.677071
user_906e2423,10,user_d20928cc,0.672871
user_906e2423,11,user_75251485,0.672357
user_906e2423,12,user_756e2f00,0.671364
user_906e2423,13,user_9ce96cbf,0.669469
user_906e2423,14,user_2b03934e,0.669115
user_906e2423,15,user_a2503734,0.660409
user_916503d6,1,user_71b9b8e0,0.852220
user_916503d6,2,user_2d74cd4c,0.844109
user_916503d6,3,user_f8e2246f,0.820151
user_916503d6,4,user_b6b89f00,0.811910
user_916503d6,5,user_b325310b,0.804289
user_916503d6,6,user_d3663143,0.794520
user_916503d6,7,user_99c67f2f,0.791973
user_916503d6,8,user_08aa624b,0.782046
user_916503d6,9,user_0e685b64,0.780717
user_916503d6,10,user_417702c5,0.775385
user_916503d6,11,user_940c7213,0.769733
user_916503d6,12,user_6bb64984,0.762155
user_916503d6,13,user_6011e674,0.761191
user_916503d6,14,user_9dda4af9,0.759489
user_916503d6,15,user_65d73ac1,0.759318
user_920c074a,1,user_52f895f1,0.803026
user_920c074a,2,user_942ff21e,0.800786
user_920c074a,3,user_9d9fba70,0.793294
user_920c074a,4,user_fe922ad0,0.755954
user_920c074a,5,user_4d4f73a6,0.752284
user_920c074a,6,user_66a7ce5a,0.726960
user_920c074a,7,user_efb27a8e,0.712483
user_920c074a,8,user_ffe2efae,0.712298
user_920c074a,9,user_a16d1fb6,0.709059
user_920c074a,10,user_ab8e847b,0.695025
user_920c074a,11,user_16b87e34,0.686117
user_920c074a,12,user_e8613813,0.685864
user_920c074a,13,user_9351238d,0.679445
user_920c074a,14,user_acd6ddfb,0.677081
user_920c074a,15,user_338e1332,0.673140
user_938164a5,1,user_29cd4556,0.887070
user_938164a5,2,user_3121653d,0.869362
user_938164a5,3,user_c39d41d7,0.863104
user_938164a5,4,user_884ffdb2,0.861895
user_938164a5,5,user_3f2fbc90,0.857774
user_938164a5,6,user_4db0d490,0.854982
user_938164a5,7,user_723406a0,0.847995
user_938164a5,8,user_b49274ca,0.845834
user_938164a5,9,user_9dda4af9,0.844285
user_938164a5,10,user_5881b259,0.843813
user_938164a5,11,user_f27da10a,0.837699
user_938164a5,12,user_a4a77a7d,0.836715
user_938164a5,13,user_69df6330,0.836096
user_938164a5,14,user_adab54a0,0.835326
user_938164a5,15,user_0669bdf6,0.834535
user_943e4045,1,user_107259c3,0.853253
user_943e4045,2,user_b4f295b3,0.810804
user_943e4045,3,user_586752e4,0.809277
user_943e4045,4,user_ea67f9c6,0.800485
user_943e4045,5,user_3b79395c,0.798085
user_943e4045,6,user_1a7d6cd5,0.792300
user_943e4045,7,user_fcf93ee8,0.790566
user_943e4045,8,user_3353b96b,0.788324
user_943e4045,9,user_5c9b579a,0.786714
user_943e4045,10,user_7c7220a4,0.784017
user_943e4045,11,user_70bbda36,0.781317
user_943e4045,12,user_02fecea2,0.779311
user_943e4045,13,user_9a307ebe,0.774094
user_943e4045,14,user_166a3647,0.773831
user_943e4045,15,user_b0129d9e,0.773202
user_954805d7,1,user_5881b259,0.895129
user_954805d7,2,user_c39d41d7,0.882141
user_954805d7,3,user_fba6bcd4,0.863977
user_954805d7,4,user_e6057285,0.862933
user_954805d7,5,user_636ad58f,0.857600
user_954805d7,6,user_eb0927d1,0.855010
user_954805d7,7,user_88b2faba,0.853213
user_954805d7,8,user_b16e0cf8,0.849288
user_954805d7,9,user_b6350ec1,0.848923
user_954805d7,10,user_5b714afd,0.848618
user_954805d7,11,user_e5a6abbe,0.847195
user_954805d7,12,user_723406a0,0.844298
user_954805d7,13,user_b4214db6,0.839123
user_954805d7,14,user_c5f32c0d,0.838534
user_954805d7,15,user_5c5a0b40,0.835341
user_959adfc8,1,user_886f7373,0.828775
user_959adfc8,2,user_b337cb0c,0.817299
user_959adfc8,3,user_e5a6abbe,0.790429
user_959adfc8,4,user_e802076d,0.777727
user_959adfc8,5,user_b23aa915,0.773550
user_959adfc8,6,user_0fefc28e,0.769597
user_959adfc8,7,user_a01f16ac,0.769574
user_959adfc8,8,user_c5f32c0d,0.768862
user_959adfc8,9,user_147d1bbb,0.767861
user_959adfc8,10,user_f0cf195f,0.766894
user_959adfc8,11,user_83afc7b2,0.764892
user_959adfc8,12,user_df8dc9bb,0.762884
user_959adfc8,13,user_a151ddab,0.762263
user_959adfc8,14,user_5c5a0b40,0.761832
user_959adfc8,15,user_a7c6197a,0.758783
user_95d648bc,1,user_9dda4af9,0.852495
user_95d648bc,2,user_95d648bc,0.842419
user_95d648bc,3,user_417702c5,0.833213
user_95d648bc,4,user_e6dd44b0,0.829348
user_95d648bc,5,user_65d73ac1,0.823865
user_95d648bc,6,user_53b85563,0.823047
user_95d648bc,7,user_b325310b,0.821459
user_95d648bc,8,user_f030b951,0.819993
user_95d648bc,9,user_d6175d39,0.816828
user_95d648bc,10,user_6011e674,0.813855
user_95d648bc,11,user_aabd2642,0.811692
user_95d648bc,12,user_2d74cd4c,0.811407
user_95d648bc,13,user_a3a4a20a,0.806661
user_95d648bc,14,user_8d968cfb,0.805892
user_95d648bc,15,user_f8e2246f,0.805737
user_9600e8bf,1,user_5881b259,0.840735
user_9600e8bf,2,user_d849ac6e,0.834837
user_9600e8bf,3,user_4b139395,0.826827
user_9600e8bf,4,user_c39d41d7,0.823481
user_9600e8bf,5,user_91f807b9,0.820458
user_9600e8bf,6,user_a151ddab,0.815938
user_9600e8bf,7,user_636ad58f,0.811006
user_9600e8bf,8,user_5c5a0b40,0.804028
user_9600e8bf,9,user_2eb5d860,0.802319
user_9600e8bf,10,user_30802254,0.802116
user_9600e8bf,11,user_96013176,0.799684
user_9600e8bf,12,user_84c14a6f,0.798083
user_9600e8bf,13,user_e6057285,0.793806
user_9600e8bf,14,user_c5f32c0d,0.791902
user_9600e8bf,15,user_29cd4556,0.791011
user_96013176,1,user_a346dfc4,0.780115
user_96013176,2,user_e931b2cd,0.752354
user_96013176,3,user_c994138f,0.708223
user_96013176,4,user_b350e22b,0.707456
user_96013176,5,user_586752e4,0.704568
user_96013176,6,user_3f2894b5,0.689205
user_96013176,7,user_daf37424,0.687706
user_96013176,8,user_9571d0d5,0.687588
user_96013176,9,user_8ae8c359,0.686150
user_96013176,10,user_9ee84e18,0.683834
user_96013176,11,user_d691d016,0.683127
user_96013176,12,user_65d73ac1,0.678943
user_96013176,13,user_8292753c,0.676414
user_96013176,14,user_058c1800,0.673684
user_96013176,15,user_8dd20d7f,0.671286
user_9692f077,1,user_a743aff9,0.864452
user_9692f077,2,user_5881b259,0.852165
user_9692f077,3,user_e6057285,0.842515
user_9692f077,4,user_eb0927d1,0.842179
user_9692f077,5,user_7924afc9,0.839498
user_9692f077,6,user_d1d16d30,0.833877
user_9692f077,7,user_dc326993,0.825179
user_9692f077,8,user_1f1dc5e0,0.825125
user_9692f077,9,user_723406a0,0.824148
user_9692f077,10,user_c39d41d7,0.821600
user_9692f077,11,user_0a0bcaa6,0.813705
user_9692f077,12,user_c06d9b71,0.812035
user_9692f077,13,user_69df6330,0.811382
user_9692f077,14,user_03969305,0.811044
user_9692f077,15,user_d3663143,0.809645
user_96c3cc43,1,user_79f04645,0.893490
user_96c3cc43,2,user_8fe14601,0.875092
user_96c3cc43,3,user_17607ebc,0.870186
user_96c3cc43,4,user_d70942c1,0.850946
user_96c3cc43,5,user_29cd4556,0.848779
user_96c3cc43,6,user_43a979d2,0.848169
user_96c3cc43,7,user_fde2d265,0.823576
user_96c3cc43,8,user_ec574395,0.823440
user_96c3cc43,9,user_03969305,0.823241
user_96c3cc43,10,user_636ad58f,0.823166
user_96c3cc43,11,user_b16e0cf8,0.810351
user_96c3cc43,12,user_9d65649f,0.806997
user_96c3cc43,13,user_c39d41d7,0.805369
user_96c3cc43,14,user_5881b259,0.803169
user_96c3cc43,15,user_954805d7,0.802248
user_96d9cb9a,1,user_96d9cb9a,0.830092
user_96d9cb9a,2,user_89e04335,0.790955
user_96d9cb9a,3,user_cf393213,0.776285
user_96d9cb9a,4,user_38dc2894,0.768942
user_96d9cb9a,5,user_ef954c6e,0.762934
user_96d9cb9a,6,user_2dd5b531,0.759723
user_96d9cb9a,7,user_6bf0e007,0.758113
user_96d9cb9a,8,user_394c25cc,0.755303
user_96d9cb9a,9,user_4e800fa1,0.747679
user_96d9cb9a,10,user_30802254,0.746312
user_96d9cb9a,11,user_a743aff9,0.746221
user_96d9cb9a,12,user_80dc757f,0.744208
user_96d9cb9a,13,user_84c14a6f,0.743638
user_96d9cb9a,14,user_94f185bc,0.740749
user_96d9cb9a,15,user_6fc85c06,0.740531
user_97330742,1,user_e59c000f,0.821291
user_97330742,2,user_a4a77a7d,0.790290
user_97330742,3,user_b16e0cf8,0.788270
user_97330742,4,user_6deada35,0.780876
user_97330742,5,user_83afc7b2,0.778706
user_97330742,6,user_96013176,0.775403
user_97330742,7,user_7b4c75ab,0.774121
user_97330742,8,user_979ee068,0.769398
user_97330742,9,user_b6350ec1,0.766946
user_97330742,10,user_7aa3746b,0.766580
user_97330742,11,user_586752e4,0.766153
user_97330742,12,user_54c1ebee,0.765857
user_97330742,13,user_0cee87f3,0.763816
user_97330742,14,user_9dda4af9,0.761450
user_97330742,15,user_adab54a0,0.761206
user_979ee068,1,user_22adb798,0.704656
user_979ee068,2,user_f5fea76f,0.639515
user_979ee068,3,user_eda37c14,0.627693
user_979ee068,4,user_9fc3c829,0.622954
user_979ee068,5,user_f6c0aefc,0.615138
user_979ee068,6,user_a328a751,0.605785
user_979ee068,7,user_4c8199a7,0.601507
user_979ee068,8,user_ba4a78fc,0.598612
user_979ee068,9,user_756e2f00,0.594647
user_979ee068,10,user_75251485,0.591023
user_979ee068,11,user_4e42bf97,0.590223
user_979ee068,12,user_92fe4471,0.590210
user_979ee068,13,user_0f006eec,0.588739
user_979ee068,14,user_f862100c,0.586895
user_979ee068,15,user_8f8346ad,0.584367
user_9818dcae,1,user_ea67f9c6,0.862594
user_9818dcae,2,user_ffe2efae,0.825930
user_9818dcae,3,user_9a5457b0,0.817582
user_9818dcae,4,user_8713f22a,0.806185
user_9818dcae,5,user_586752e4,0.801595
user_9818dcae,6,user_3b79395c,0.801462
user_9818dcae,7,user_b4f295b3,0.798938
user_9818dcae,8,user_107259c3,0.797366
user_9818dcae,9,user_67acd9b1,0.795706
user_9818dcae,10,user_9a307ebe,0.794794
user_9818dcae,11,user_0128a546,0.793392
user_9818dcae,12,user_9571d0d5,0.793246
user_9818dcae,13,user_94cad3a5,0.792229
user_9818dcae,14,user_7f623d19,0.788588
user_9818dcae,15,user_76638121,0.783516
user_98a676ce,1,user_f4f9490d,0.849797
user_98a676ce,2,user_2e81a539,0.807800
user_98a676ce,3,user_fdc08e26,0.801632
user_98a676ce,4,user_7f56f9a5,0.801182
user_98a676ce,5,user_14a2d3c6,0.793272
user_98a676ce,6,user_3049510b,0.790563
user_98a676ce,7,user_ff39b6cf,0.786121
user_98a676ce,8,user_a743aff9,0.784457
user_98a676ce,9,user_6a13946a,0.783509
user_98a676ce,10,user_e59c000f,0.780724
user_98a676ce,11,user_586752e4,0.775395
user_98a676ce,12,user_d758a0a1,0.770540
user_98a676ce,13,user_f75c71f0,0.770329
user_98a676ce,14,user_7c7220a4,0.769754
user_98a676ce,15,user_e6057285,0.767022
user_98ca16a6,1,user_4bf6a4a0,0.826703
user_98ca16a6,2,user_d20928cc,0.808647
user_98ca16a6,3,user_63b4ae7a,0.786715
user_98ca16a6,4,user_515ae840,0.763766
user_98ca16a6,5,user_2c3eb234,0.760072
user_98ca16a6,6,user_a4aab257,0.757541
user_98ca16a6,7,user_c32db875,0.734678
user_98ca16a6,8,user_8c0c7619,0.729852
user_98ca16a6,9,user_d14b7d7b,0.719955
user_98ca16a6,10,user_f14dc486,0.705609
user_98ca16a6,11,user_126670d7,0.705564
user_98ca16a6,12,user_650da71b,0.704576
user_98ca16a6,13,user_5d1b0daf,0.701424
user_98ca16a6,14,user_6d2cb415,0.697311
user_98ca16a6,15,user_9ce96cbf,0.687547
user_98f18241,1,user_e2e59795,0.707143
user_98f18241,2,user_93cdb7a1,0.693683
user_98f18241,3,user_b0129d9e,0.686989
user_98f18241,4,user_98f18241,0.677568
user_98f18241,5,user_4bd9303b,0.674081
user_98f18241,6,user_7c7220a4,0.665883
user_98f18241,7,user_74cfb8ef,0.664893
user_98f18241,8,user_66772d98,0.663633
user_98f18241,9,user_5c9b579a,0.661881
user_98f18241,10,user_ed1aaed8,0.657109
user_98f18241,11,user_567057e7,0.656508
user_98f18241,12,user_586752e4,0.655753
user_98f18241,13,user_eced69e7,0.653446
user_98f18241,14,user_03410579,0.652806
user_98f18241,15,user_d4c7b4c0,0.649296
user_9991e1d8,1,user_2b03934e,0.810659
user_9991e1d8,2,user_66a7ce5a,0.805852
user_9991e1d8,3,user_a8dc91a3,0.775676
user_9991e1d8,4,user_9ce96cbf,0.755052
user_9991e1d8,5,user_26565155,0.751973
user_9991e1d8,6,user_65d73ac1,0.743505
user_9991e1d8,7,user_8c0c7619,0.732897
user_9991e1d8,8,user_19952166,0.730807
user_9991e1d8,9,user_582ff5b2,0.726169
user_9991e1d8,10,user_efac3c1d,0.724753
user_9991e1d8,11,user_8be3f554,0.721374
user_9991e1d8,12,user_9d9fba70,0.717138
user_9991e1d8,13,user_3535252b,0.713954
user_9991e1d8,14,user_5d1b0daf,0.711140
user_9991e1d8,15,user_f43d6008,0.710057
user_99c67f2f,1,user_99c67f2f,0.910652
user_99c67f2f,2,user_2d74cd4c,0.860961
user_99c67f2f,3,user_b325310b,0.845743
user_99c67f2f,4,user_6011e674,0.810763
user_99c67f2f,5,user_8fbb6d9c,0.781419
user_99c67f2f,6,user_f8e2246f,0.778389
user_99c67f2f,7,user_9e39a95d,0.778199
user_99c67f2f,8,user_71b9b8e0,0.771956
user_99c67f2f,9,user_649f4327,0.766604
user_99c67f2f,10,user_6bb64984,0.759542
user_99c67f2f,11,user_08aa624b,0.755804
user_99c67f2f,12,user_b6b89f00,0.751232
user_99c67f2f,13,user_417702c5,0.744814
user_99c67f2f,14,user_1b7f8c56,0.742448
user_99c67f2f,15,user_d3663143,0.728587
user_9a307ebe,1,user_9a307ebe,0.830618
user_9a307ebe,2,user_fa60616d,0.782342
user_9a307ebe,3,user_7c7220a4,0.782309
user_9a307ebe,4,user_aa2fbe83,0.781248
user_9a307ebe,5,user_fba6bcd4,0.776655
user_9a307ebe,6,user_e6057285,0.776644
user_9a307ebe,7,user_03969305,0.775953
user_9a307ebe,8,user_bd19a016,0.769336
user_9a307ebe,9,user_fdc08e26,0.766223
user_9a307ebe,10,user_ef954c6e,0.765985
user_9a307ebe,11,user_cf393213,0.765961
user_9a307ebe,12,user_02016939,0.760987
user_9a307ebe,13,user_5526cbfd,0.755676
user_9a307ebe,14,user_aabd2642,0.753735
user_9a307ebe,15,user_f4f9490d,0.753541
user_9a5457b0,1,user_25798310,0.875814
user_9a5457b0,2,user_147d1bbb,0.868349
user_9a5457b0,3,user_032e5bc8,0.857160
user_9a5457b0,4,user_3e284ba5,0.851672
user_9a5457b0,5,user_df8dc9bb,0.848351
user_9a5457b0,6,user_88b2faba,0.847673
user_9a5457b0,7,user_524450e9,0.843650
user_9a5457b0,8,user_8d22714e,0.843314
user_9a5457b0,9,user_7b5f54c0,0.839747
user_9a5457b0,10,user_bd05225b,0.835376
user_9a5457b0,11,user_e8a7be73,0.835355
user_9a5457b0,12,user_83afc7b2,0.832455
user_9a5457b0,13,user_166a3647,0.829989
user_9a5457b0,14,user_54c1ebee,0.829348
user_9a5457b0,15,user_c5f32c0d,0.828283
user_9b517815,1,user_f27da10a,0.792328
user_9b517815,2,user_0cc626ee,0.778119
user_9b517815,3,user_bd05225b,0.773253
user_9b517815,4,user_5ac1a174,0.771703
user_9b517815,5,user_6a13946a,0.765710
user_9b517815,6,user_0669bdf6,0.758373
user_9b517815,7,user_a4a77a7d,0.756720
user_9b517815,8,user_107259c3,0.756464
user_9b517815,9,user_e8cdb142,0.755841
user_9b517815,10,user_d758a0a1,0.754556
user_9b517815,11,user_0e82fe11,0.750722
user_9b517815,12,user_8d22714e,0.748360
user_9b517815,13,user_14a2d3c6,0.746583
user_9b517815,14,user_5a6f92a6,0.746135
user_9b517815,15,user_83afc7b2,0.745769
user_9b6481e4,1,user_8c11f026,0.732372
user_9b6481e4,2,user_8a3bbeb2,0.689012
user_9b6481e4,3,user_c7beef01,0.645016
user_9b6481e4,4,user_9b6481e4,0.641411
user_9b6481e4,5,user_3bc84c13,0.591088
user_9b6481e4,6,user_9818dcae,0.563838
user_9b6481e4,7,user_81a80789,0.554150
user_9b6481e4,8,user_0bd8ba7c,0.549908
user_9b6481e4,9,user_0d32f0ed,0.537002
user_9b6481e4,10,user_763b4ffe,0.530368
user_9b6481e4,11,user_4a57e449,0.521051
user_9b6481e4,12,user_a7b901f2,0.518010
user_9b6481e4,13,user_52f895f1,0.516419
user_9b6481e4,14,user_07ec3726,0.515638
user_9b6481e4,15,user_ffe2efae,0.513921
user_9bee2a7c,1,user_c67f26cc,0.829719
user_9bee2a7c,2,user_039d004e,0.820838
user_9bee2a7c,3,user_4b139395,0.816997
user_9bee2a7c,4,user_2eb5d860,0.794796
user_9bee2a7c,5,user_2dd189e3,0.776532
user_9bee2a7c,6,user_906e2423,0.763895
user_9bee2a7c,7,user_0cc626ee,0.746957
user_9bee2a7c,8,user_d849ac6e,0.728603
user_9bee2a7c,9,user_058c1800,0.723957
user_9bee2a7c,10,user_030cf51a,0.722445
user_9bee2a7c,11,user_3a55606c,0.715957
user_9bee2a7c,12,user_e4f8ab0c,0.715505
user_9bee2a7c,13,user_b9036662,0.714336
user_9bee2a7c,14,user_efac3c1d,0.712625
user_9bee2a7c,15,user_91f807b9,0.707253
user_9c5cd7fa,1,user_737dd050,0.882111
user_9c5cd7fa,2,user_8e97a154,0.848599
user_9c5cd7fa,3,user_586752e4,0.829482
user_9c5cd7fa,4,user_fb64cb55,0.822907
user_9c5cd7fa,5,user_166a3647,0.813174
user_9c5cd7fa,6,user_147d1bbb,0.805806
user_9c5cd7fa,7,user_25798310,0.800473
user_9c5cd7fa,8,user_5a6f92a6,0.794942
user_9c5cd7fa,9,user_107259c3,0.792498
user_9c5cd7fa,10,user_8713f22a,0.791609
user_9c5cd7fa,11,user_0cc626ee,0.789445
user_9c5cd7fa,12,user_70bbda36,0.787516
user_9c5cd7fa,13,user_ded778b8,0.783232
user_9c5cd7fa,14,user_6169d3b8,0.773868
user_9c5cd7fa,15,user_f27da10a,0.772872
user_9c5e4782,1,user_ab86ab82,0.749663
user_9c5e4782,2,user_18522854,0.734519
user_9c5e4782,3,user_8006727d,0.705971
user_9c5e4782,4,user_8be3f554,0.704253
user_9c5e4782,5,user_a0f5ae47,0.701688
user_9c5e4782,6,user_07ec3726,0.695045
user_9c5e4782,7,user_3f2894b5,0.692898
user_9c5e4782,8,user_96d9cb9a,0.689211
user_9c5e4782,9,user_fe922ad0,0.686843
user_9c5e4782,10,user_ffe2efae,0.683456
user_9c5e4782,11,user_8dd20d7f,0.681530
user_9c5e4782,12,user_67acd9b1,0.681148
user_9c5e4782,13,user_406c399e,0.680560
user_9c5e4782,14,user_2e05a7a0,0.680401
user_9c5e4782,15,user_2eb5d860,0.677521
user_9c7183c8,1,user_3ff88cf0,0.914600
user_9c7183c8,2,user_b14ec02b,0.875167
user_9c7183c8,3,user_a7145605,0.850242
user_9c7183c8,4,user_3850eb9e,0.841540
user_9c7183c8,5,user_9c7183c8,0.836147
user_9c7183c8,6,user_81c4dae1,0.829935
user_9c7183c8,7,user_43049634,0.828942
user_9c7183c8,8,user_c92c8f83,0.818503
user_9c7183c8,9,user_ae306850,0.816424
user_9c7183c8,10,user_04f39d22,0.788334
user_9c7183c8,11,user_46bb5302,0.783960
user_9c7183c8,12,user_74e32d78,0.783551
user_9c7183c8,13,user_a3a4a20a,0.778392
user_9c7183c8,14,user_db4c3fb9,0.776431
user_9c7183c8,15,user_6d421600,0.775497
user_9ce96cbf,1,user_e6057285,0.866081
user_9ce96cbf,2,user_f51339f8,0.842214
user_9ce96cbf,3,user_7f56f9a5,0.832101
user_9ce96cbf,4,user_2e81a539,0.830050
user_9ce96cbf,5,user_5c82df31,0.820429
user_9ce96cbf,6,user_27a3fa64,0.817958
user_9ce96cbf,7,user_38dc2894,0.817861
user_9ce96cbf,8,user_6fc85c06,0.809292
user_9ce96cbf,9,user_394c25cc,0.807728
user_9ce96cbf,10,user_1936a7c3,0.805929
user_9ce96cbf,11,user_6d071251,0.802263
user_9ce96cbf,12,user_fba6bcd4,0.801850
user_9ce96cbf,13,user_e59c000f,0.800804
user_9ce96cbf,14,user_1f1dc5e0,0.800730
user_9ce96cbf,15,user_7b052f32,0.799967
user_9d8095fc,1,user_763b4ffe,0.822349
user_9d8095fc,2,user_9d8095fc,0.699346
user_9d8095fc,3,user_a7b901f2,0.685937
user_9d8095fc,4,user_26fa9d90,0.667781
user_9d8095fc,5,user_0d32f0ed,0.663919
user_9d8095fc,6,user_daf37424,0.663164
user_9d8095fc,7,user_81a80789,0.662100
user_9d8095fc,8,user_df8dc9bb,0.660780
user_9d8095fc,9,user_737dd050,0.660052
user_9d8095fc,10,user_147d1bbb,0.658963
user_9d8095fc,11,user_72bed676,0.657335
user_9d8095fc,12,user_3bc84c13,0.648955
user_9d8095fc,13,user_70bbda36,0.646604
user_9d8095fc,14,user_e802076d,0.645054
user_9d8095fc,15,user_7b5f54c0,0.643732
user_9d9fba70,1,user_29cd4556,0.826300
user_9d9fba70,2,user_adab54a0,0.823414
user_9d9fba70,3,user_a4a77a7d,0.817996
user_9d9fba70,4,user_f654c33b,0.816803
user_9d9fba70,5,user_f27da10a,0.811576
user_9d9fba70,6,user_e59c000f,0.810222
user_9d9fba70,7,user_c39d41d7,0.809281
user_9d9fba70,8,user_02d03e8a,0.808733
user_9d9fba70,9,user_ec574395,0.807023
user_9d9fba70,10,user_0cee87f3,0.806130
user_9d9fba70,11,user_b23aa915,0.806082
user_9d9fba70,12,user_8fe14601,0.804740
user_9d9fba70,13,user_3f2fbc90,0.800262
user_9d9fba70,14,user_03969305,0.800116
user_9d9fba70,15,user_7fd91653,0.799323
user_9dda4af9,1,user_43049634,0.846435
user_9dda4af9,2,user_74e32d78,0.826362
user_9dda4af9,3,user_b563e90b,0.823011
user_9dda4af9,4,user_db4c3fb9,0.799719
user_9dda4af9,5,user_3ff88cf0,0.798036
user_9dda4af9,6,user_3850eb9e,0.796458
user_9dda4af9,7,user_33c6501d,0.781692
user_9dda4af9,8,user_1b7f8c56,0.776374
user_9dda4af9,9,user_acb51eed,0.773752
user_9dda4af9,10,user_b14ec02b,0.767445
user_9dda4af9,11,user_2cb4b018,0.758344
user_9dda4af9,12,user_9e39a95d,0.753672
user_9dda4af9,13,user_e838707b,0.751370
user_9dda4af9,14,user_a7145605,0.747374
user_9dda4af9,15,user_940c7213,0.746404
user_9e328c4e,1,user_67acd9b1,0.822708
user_9e328c4e,2,user_a3a4a20a,0.816265
user_9e328c4e,3,user_43049634,0.816264
user_9e328c4e,4,user_02fecea2,0.811917
user_9e328c4e,5,user_763b4ffe,0.807198
user_9e328c4e,6,user_16ac4154,0.805872
user_9e328c4e,7,user_ded778b8,0.801578
user_9e328c4e,8,user_70bbda36,0.800320
user_9e328c4e,9,user_3b79395c,0.798330
user_9e328c4e,10,user_e7ff2beb,0.797653
user_9e328c4e,11,user_3bc84c13,0.796352
user_9e328c4e,12,user_94cad3a5,0.792460
user_9e328c4e,13,user_b2aba63a,0.792284
user_9e328c4e,14,user_364bb955,0.789823
user_9e328c4e,15,user_2c69b83e,0.788473
user_9e39a95d,1,user_acb51eed,0.863202
user_9e39a95d,2,user_1b7f8c56,0.842421
user_9e39a95d,3,user_33c6501d,0.841913
user_9e39a95d,4,user_2cb4b018,0.835514
user_9e39a95d,5,user_b6b89f00,0.833847
user_9e39a95d,6,user_afff552a,0.833801
user_9e39a95d,7,user_c5f32c0d,0.824852
user_9e39a95d,8,user_fb64cb55,0.823625
user_9e39a95d,9,user_6bb64984,0.822625
user_9e39a95d,10,user_aa2fbe83,0.822143
user_9e39a95d,11,user_f8e2246f,0.818313
user_9e39a95d,12,user_7af2ed90,0.813512
user_9e39a95d,13,user_9e39a95d,0.810442
user_9e39a95d,14,user_0898fc4b,0.809452
user_9e39a95d,15,user_940c7213,0.807534
user_9f81cfba,1,user_9f81cfba,0.730886
user_9f81cfba,2,user_68d19df8,0.709288
user_9f81cfba,3,user_07cb458d,0.708111
user_9f81cfba,4,user_b6350ec1,0.699879
user_9f81cfba,5,user_73623b4e,0.694459
user_9f81cfba,6,user_d6175d39,0.680812
user_9f81cfba,7,user_092e219d,0.672796
user_9f81cfba,8,user_a8c2208d,0.670360
user_9f81cfba,9,user_cda36a95,0.667609
user_9f81cfba,10,user_2d74cd4c,0.667118
user_9f81cfba,11,user_bdcc6e7d,0.664384
user_9f81cfba,12,user_02d8a1f8,0.662646
user_9f81cfba,13,user_9600e8bf,0.661442
user_9f81cfba,14,user_02d03e8a,0.656744
user_9f81cfba,15,user_43a979d2,0.654758
user_9fc3c829,1,user_eda37c14,0.825012
user_9fc3c829,2,user_92fe4471,0.775128
user_9fc3c829,3,user_f5fea76f,0.744603
user_9fc3c829,4,user_22adb798,0.733723
user_9fc3c829,5,user_9fc3c829,0.708325
user_9fc3c829,6,user_979ee068,0.700337
user_9fc3c829,7,user_ff591131,0.682684
user_9fc3c829,8,user_9ee84e18,0.681757
user_9fc3c829,9,user_414a6eaf,0.680807
user_9fc3c829,10,user_a346dfc4,0.675124
user_9fc3c829,11,user_82d93459,0.665003
user_9fc3c829,12,user_5c9b579a,0.649448
user_9fc3c829,13,user_e931b2cd,0.648148
user_9fc3c829,14,user_4d4f73a6,0.646774
user_9fc3c829,15,user_737d3148,0.646527
user_9ff844ba,1,user_65d73ac1,0.733052
user_9ff844ba,2,user_4db0d490,0.721473
user_9ff844ba,3,user_07ec3726,0.714532
user_9ff844ba,4,user_e802076d,0.678953
user_9ff844ba,5,user_cda36a95,0.674908
user_9ff844ba,6,user_406c399e,0.674266
user_9ff844ba,7,user_18522854,0.669264
user_9ff844ba,8,user_15179955,0.667554
user_9ff844ba,9,user_91db6e48,0.665746
user_9ff844ba,10,user_96013176,0.664656
user_9ff844ba,11,user_433bdef0,0.663004
user_9ff844ba,12,user_f930e37f,0.661622
user_9ff844ba,13,user_32934d38,0.660647
user_9ff844ba,14,user_a57a04fa,0.657436
user_9ff844ba,15,user_0ff0b922,0.657270
user_a01f16ac,1,user_a743aff9,0.830176
user_a01f16ac,2,user_0a0bcaa6,0.829815
user_a01f16ac,3,user_c06d9b71,0.826716
user_a01f16ac,4,user_f51339f8,0.819505
user_a01f16ac,5,user_7b052f32,0.818205
user_a01f16ac,6,user_1936a7c3,0.810169
user_a01f16ac,7,user_d1d16d30,0.808165
user_a01f16ac,8,user_c008345b,0.805939
user_a01f16ac,9,user_1b7f8c56,0.801671
user_a01f16ac,10,user_2cb4b018,0.801118
user_a01f16ac,11,user_a01f16ac,0.793083
user_a01f16ac,12,user_aabd2642,0.791193
user_a01f16ac,13,user_fdcaaf41,0.786425
user_a01f16ac,14,user_b605d5c9,0.782618
user_a01f16ac,15,user_5881b259,0.782530
user_a0fa40f1,1,user_a01f16ac,0.870079
user_a0fa40f1,2,user_b605d5c9,0.844044
user_a0fa40f1,3,user_7b052f32,0.834102
user_a0fa40f1,4,user_d1d16d30,0.828712
user_a0fa40f1,5,user_5993b36a,0.825110
user_a0fa40f1,6,user_636ad58f,0.817952
user_a0fa40f1,7,user_1936a7c3,0.804444
user_a0fa40f1,8,user_e6057285,0.802319
user_a0fa40f1,9,user_5881b259,0.802213
user_a0fa40f1,10,user_c06d9b71,0.801318
user_a0fa40f1,11,user_83afc7b2,0.797178
user_a0fa40f1,12,user_bd05225b,0.796623
user_a0fa40f1,13,user_e5a6abbe,0.791816
user_a0fa40f1,14,user_e802076d,0.786940
user_a0fa40f1,15,user_cb2fe204,0.786238
user_a151ddab,1,user_a151ddab,0.750333
user_a151ddab,2,user_ff591131,0.729516
user_a151ddab,3,user_886f7373,0.718261
user_a151ddab,4,user_3971c3e6,0.715191
user_a151ddab,5,user_394c25cc,0.714563
user_a151ddab,6,user_0898fc4b,0.710164
user_a151ddab,7,user_0521a7ac,0.708088
user_a151ddab,8,user_3239132f,0.704865
user_a151ddab,9,user_959adfc8,0.703249
user_a151ddab,10,user_e6057285,0.702940
user_a151ddab,11,user_14a2d3c6,0.699872
user_a151ddab,12,user_c204a1dd,0.699014
user_a151ddab,13,user_5c82df31,0.689860
user_a151ddab,14,user_39b3eda0,0.689244
user_a151ddab,15,user_83afc7b2,0.689131
user_a1b097c2,1,user_a75b4d6e,0.842482
user_a1b097c2,2,user_c4b781ce,0.831372
user_a1b097c2,3,user_79f04645,0.824044
user_a1b097c2,4,user_d70942c1,0.816940
user_a1b097c2,5,user_df8dc9bb,0.800914
user_a1b097c2,6,user_29cd4556,0.799932
user_a1b097c2,7,user_0669bdf6,0.799749
user_a1b097c2,8,user_5349c6cf,0.798848
user_a1b097c2,9,user_a4a77a7d,0.789479
user_a1b097c2,10,user_03969305,0.788111
user_a1b097c2,11,user_8d22714e,0.785472
user_a1b097c2,12,user_e8a7be73,0.784645
user_a1b097c2,13,user_ec574395,0.774742
user_a1b097c2,14,user_8fe14601,0.773197
user_a1b097c2,15,user_f27da10a,0.772530
user_a2825b06,1,user_4b139395,0.883669
user_a2825b06,2,user_c39d41d7,0.876217
user_a2825b06,3,user_c5f32c0d,0.864737
user_a2825b06,4,user_5881b259,0.852418
user_a2825b06,5,user_bd05225b,0.852313
user_a2825b06,6,user_df8dc9bb,0.844272
user_a2825b06,7,user_0cc626ee,0.838851
user_a2825b06,8,user_f27da10a,0.838395
user_a2825b06,9,user_8d22714e,0.837098
user_a2825b06,10,user_e5a6abbe,0.834270
user_a2825b06,11,user_c67f26cc,0.831304
user_a2825b06,12,user_54c1ebee,0.829789
user_a2825b06,13,user_e802076d,0.828511
user_a2825b06,14,user_0898fc4b,0.826205
user_a2825b06,15,user_147d1bbb,0.825685
user_a2f8bfd2,1,user_c59ebe9c,0.841364
user_a2f8bfd2,2,user_3b1da5d9,0.743000
user_a2f8bfd2,3,user_885e8708,0.723439
user_a2f8bfd2,4,user_107259c3,0.694917
user_a2f8bfd2,5,user_5c9b579a,0.692826
user_a2f8bfd2,6,user_8713f22a,0.675681
user_a2f8bfd2,7,user_df8dc9bb,0.672505
user_a2f8bfd2,8,user_586752e4,0.666358
user_a2f8bfd2,9,user_7f56f9a5,0.661123
user_a2f8bfd2,10,user_ea67f9c6,0.660895
user_a2f8bfd2,11,user_5526cbfd,0.657312
user_a2f8bfd2,12,user_b0129d9e,0.656997
user_a2f8bfd2,13,user_79f38f6d,0.656472
user_a2f8bfd2,14,user_1a7d6cd5,0.654885
user_a2f8bfd2,15,user_4bd9303b,0.647993
user_a346dfc4,1,user_e8a7be73,0.787400
user_a346dfc4,2,user_9a307ebe,0.785974
user_a346dfc4,3,user_885e8708,0.785279
user_a346dfc4,4,user_f10e7063,0.780341
user_a346dfc4,5,user_38433566,0.773690
user_a346dfc4,6,user_500badda,0.772443
user_a346dfc4,7,user_df8dc9bb,0.772227
user_a346dfc4,8,user_5c9b579a,0.768140
user_a346dfc4,9,user_e59c000f,0.767674
user_a346dfc4,10,user_586752e4,0.767262
user_a346dfc4,11,user_94cad3a5,0.766228
user_a346dfc4,12,user_8ae8c359,0.765851
user_a346dfc4,13,user_96a45b45,0.765677
user_a346dfc4,14,user_9571d0d5,0.765528
user_a346dfc4,15,user_79f38f6d,0.763656
user_a4893af1,1,user_fa69a385,0.521168
user_a4893af1,2,user_52f895f1,0.513699
user_a4893af1,3,user_f2f860bd,0.499345
user_a4893af1,4,user_4d4f73a6,0.491334
user_a4893af1,5,user_815b7baf,0.490864
user_a4893af1,6,user_8fb63eca,0.482964
user_a4893af1,7,user_e8e9acac,0.481869
user_a4893af1,8,user_3431c049,0.471207
user_a4893af1,9,user_dbbf562e,0.463735
user_a4893af1,10,user_1a7d6cd5,0.459956
user_a4893af1,11,user_9d9fba70,0.458617
user_a4893af1,12,user_ffe2efae,0.454710
user_a4893af1,13,user_2142b6e1,0.453682
user_a4893af1,14,user_942ff21e,0.452223
user_a4893af1,15,user_c130412b,0.452083
user_a4a77a7d,1,user_b6d05d1d,0.775138
user_a4a77a7d,2,user_56e6d0cd,0.748161
user_a4a77a7d,3,user_9dda4af9,0.733159
user_a4a77a7d,4,user_c2f18cf7,0.726253
user_a4a77a7d,5,user_d036c911,0.714455
user_a4a77a7d,6,user_ec574395,0.712890
user_a4a77a7d,7,user_adab54a0,0.711030
user_a4a77a7d,8,user_8f8346ad,0.710775
user_a4a77a7d,9,user_57c1d6c0,0.708441
user_a4a77a7d,10,user_f43d6008,0.704822
user_a4a77a7d,11,user_8fe14601,0.704541
user_a4a77a7d,12,user_ca6074df,0.704287
user_a4a77a7d,13,user_daf53db6,0.693866
user_a4a77a7d,14,user_19952166,0.691755
user_a4a77a7d,15,user_dd6e7bcb,0.688326
user_a4aab257,1,user_ef954c6e,0.856454
user_a4aab257,2,user_c06d9b71,0.849232
user_a4aab257,3,user_d1d16d30,0.831762
user_a4aab257,4,user_e6057285,0.831240
user_a4aab257,5,user_5a283043,0.829884
user_a4aab257,6,user_e5a6abbe,0.829223
user_a4aab257,7,user_5881b259,0.824284
user_a4aab257,8,user_ebddf9c1,0.824188
user_a4aab257,9,user_45926b89,0.820589
user_a4aab257,10,user_80dc757f,0.817159
user_a4aab257,11,user_7fd91653,0.814351
user_a4aab257,12,user_b350e22b,0.814328
user_a4aab257,13,user_e1730a9c,0.811367
user_a4aab257,14,user_7f56f9a5,0.808234
user_a4aab257,15,user_7924afc9,0.807861
user_a4ae4e77,1,user_0a245f61,0.885777
user_a4ae4e77,2,user_eae91488,0.837215
user_a4ae4e77,3,user_b4214db6,0.825318
user_a4ae4e77,4,user_5881b259,0.817383
user_a4ae4e77,5,user_723406a0,0.788918
user_a4ae4e77,6,user_fb64cb55,0.781735
user_a4ae4e77,7,user_c5f32c0d,0.772614
user_a4ae4e77,8,user_4b139395,0.767947
user_a4ae4e77,9,user_eb0927d1,0.762372
user_a4ae4e77,10,user_f27da10a,0.757153
user_a4ae4e77,11,user_bd05225b,0.752155
user_a4ae4e77,12,user_c39d41d7,0.742196
user_a4ae4e77,13,user_8d22714e,0.739732
user_a4ae4e77,14,user_0cc626ee,0.738625
user_a4ae4e77,15,user_bd47000f,0.736537
user_a52dd639,1,user_a52dd639,0.822034
user_a52dd639,2,user_e409a56d,0.786944
user_a52dd639,3,user_372c2b3e,0.763384
user_a52dd639,4,user_70bbda36,0.759769
user_a52dd639,5,user_b2aba63a,0.759060
user_a52dd639,6,user_2920b35e,0.753803
user_a52dd639,7,user_1fb8e9e5,0.752566
user_a52dd639,8,user_b4d7e69a,0.750862
user_a52dd639,9,user_586752e4,0.749137
user_a52dd639,10,user_8713f22a,0.748766
user_a52dd639,11,user_3bb7992e,0.745859
user_a52dd639,12,user_daf59045,0.744550
user_a52dd639,13,user_a00e0552,0.743893
user_a52dd639,14,user_1a4bec69,0.743018
user_a52dd639,15,user_ed1aaed8,0.742471
user_a57a04fa,1,user_5ac1a174,0.826015
user_a57a04fa,2,user_0669bdf6,0.796796
user_a57a04fa,3,user_0e82fe11,0.780094
user_a57a04fa,4,user_bd05225b,0.777216
user_a57a04fa,5,user_8d22714e,0.776860
user_a57a04fa,6,user_858fa00c,0.775224
user_a57a04fa,7,user_ed3091a2,0.772513
user_a57a04fa,8,user_0cc626ee,0.769734
user_a57a04fa,9,user_f27da10a,0.768922
user_a57a04fa,10,user_835666af,0.749884
user_a57a04fa,11,user_8e5e899b,0.749125
user_a57a04fa,12,user_87e5d9b0,0.748572
user_a57a04fa,13,user_e8cdb142,0.746771
user_a57a04fa,14,user_89197ce5,0.746679
user_a57a04fa,15,user_d758a0a1,0.746350
user_a57e47b1,1,user_a57e47b1,0.871616
user_a57e47b1,2,user_e802076d,0.850633
user_a57e47b1,3,user_d1d16d30,0.847360
user_a57e47b1,4,user_fba6bcd4,0.847070
user_a57e47b1,5,user_5881b259,0.845855
user_a57e47b1,6,user_ebddf9c1,0.830709
user_a57e47b1,7,user_147d1bbb,0.830635
user_a57e47b1,8,user_88b2faba,0.830631
user_a57e47b1,9,user_1a2755b3,0.830178
user_a57e47b1,10,user_dbc4828c,0.826859
user_a57e47b1,11,user_c06d9b71,0.826816
user_a57e47b1,12,user_e6057285,0.826475
user_a57e47b1,13,user_5349c6cf,0.823016
user_a57e47b1,14,user_7b052f32,0.822222
user_a57e47b1,15,user_cdd86523,0.821747
user_a6a094cf,1,user_f5c4370b,0.619229
user_a6a094cf,2,user_a6a094cf,0.617502
user_a6a094cf,3,user_86685a27,0.612826
user_a6a094cf,4,user_dcf52d26,0.535467
user_a6a094cf,5,user_e70b6a25,0.527630
user_a6a094cf,6,user_6058434c,0.521143
user_a6a094cf,7,user_59e8bc2a,0.492529
user_a6a094cf,8,user_c4b781ce,0.483045
user_a6a094cf,9,user_78eff25f,0.480796
user_a6a094cf,10,user_598cc905,0.479894
user_a6a094cf,11,user_17355c30,0.477736
user_a6a094cf,12,user_ecd7b02a,0.466056
user_a6a094cf,13,user_8afa3eba,0.457163
user_a6a094cf,14,user_1bcbacb3,0.455799
user_a6a094cf,15,user_49b1ac46,0.450672
user_a743aff9,1,user_c60d65b5,0.849248
user_a743aff9,2,user_69df6330,0.844769
user_a743aff9,3,user_e8d15537,0.838445
user_a743aff9,4,user_a743aff9,0.805887
user_a743aff9,5,user_84e93af7,0.797590
user_a743aff9,6,user_4384dffe,0.793605
user_a743aff9,7,user_723406a0,0.792836
user_a743aff9,8,user_c39d41d7,0.787921
user_a743aff9,9,user_dbc4828c,0.785197
user_a743aff9,10,user_657c72ca,0.784297
user_a743aff9,11,user_405db206,0.772579
user_a743aff9,12,user_b49274ca,0.768243
user_a743aff9,13,user_8d968cfb,0.766317
user_a743aff9,14,user_954805d7,0.754869
user_a743aff9,15,user_5881b259,0.750443
user_a8dc91a3,1,user_e802076d,0.889681
user_a8dc91a3,2,user_5881b259,0.856723
user_a8dc91a3,3,user_80dc757f,0.856000
user_a8dc91a3,4,user_147d1bbb,0.851479
user_a8dc91a3,5,user_e59c000f,0.846212
user_a8dc91a3,6,user_03969305,0.841832
user_a8dc91a3,7,user_e6057285,0.841326
user_a8dc91a3,8,user_d758a0a1,0.839924
user_a8dc91a3,9,user_54c1ebee,0.836551
user_a8dc91a3,10,user_0898fc4b,0.835805
user_a8dc91a3,11,user_0cee87f3,0.832607
user_a8dc91a3,12,user_a01f16ac,0.831761
user_a8dc91a3,13,user_7aa3746b,0.830281
user_a8dc91a3,14,user_b16e0cf8,0.829488
user_a8dc91a3,15,user_96013176,0.829374
user_a973cf8e,1,user_3ac315cb,0.846424
user_a973cf8e,2,user_8fbb6d9c,0.836751
user_a973cf8e,3,user_1b7f8c56,0.826654
user_a973cf8e,4,user_9e39a95d,0.816122
user_a973cf8e,5,user_2cb4b018,0.809267
user_a973cf8e,6,user_b6b89f00,0.807898
user_a973cf8e,7,user_d3663143,0.806729
user_a973cf8e,8,user_b325310b,0.797741
user_a973cf8e,9,user_aa2fbe83,0.794175
user_a973cf8e,10,user_fb64cb55,0.788826
user_a973cf8e,11,user_1a2755b3,0.786762
user_a973cf8e,12,user_f8e2246f,0.783566
user_a973cf8e,13,user_6bb64984,0.779411
user_a973cf8e,14,user_afff552a,0.776150
user_a973cf8e,15,user_16ac4154,0.775629
user_a9ed5193,1,user_1b2d69c1,0.845917
user_a9ed5193,2,user_74c84045,0.821015
user_a9ed5193,3,user_e30558fe,0.815301
user_a9ed5193,4,user_baa70592,0.799562
user_a9ed5193,5,user_58892c7c,0.782771
user_a9ed5193,6,user_07faa0fc,0.718915
user_a9ed5193,7,user_81c4dae1,0.717258
user_a9ed5193,8,user_ae306850,0.714658
user_a9ed5193,9,user_3ff88cf0,0.700270
user_a9ed5193,10,user_74e32d78,0.698661
user_a9ed5193,11,user_3ff3188b,0.697092
user_a9ed5193,12,user_f030b951,0.685627
user_a9ed5193,13,user_98f18241,0.683034
user_a9ed5193,14,user_e6dd44b0,0.680948
user_a9ed5193,15,user_40efa894,0.680607
user_aa4cc34a,1,user_f3f15c55,0.609517
user_aa4cc34a,2,user_5b7d5e00,0.603731
user_aa4cc34a,3,user_d023a78e,0.575772
user_aa4cc34a,4,user_8da30894,0.553436
user_aa4cc34a,5,user_ad15a0a4,0.551840
user_aa4cc34a,6,user_59e8bc2a,0.519645
user_aa4cc34a,7,user_903329bb,0.516692
user_aa4cc34a,8,user_22b484cb,0.509153
user_aa4cc34a,9,user_a5d9fab6,0.495553
user_aa4cc34a,10,user_52f895f1,0.495382
user_aa4cc34a,11,user_2817ec11,0.491528
user_aa4cc34a,12,user_caaef3ca,0.489927
user_aa4cc34a,13,user_f59d3941,0.486152
user_aa4cc34a,14,user_9b517815,0.480660
user_aa4cc34a,15,user_c81fae29,0.480307
user_aaa1e595,1,user_942ff21e,0.799278
user_aaa1e595,2,user_fe922ad0,0.777805
user_aaa1e595,3,user_4d4f73a6,0.771323
user_aaa1e595,4,user_9d9fba70,0.756552
user_aaa1e595,5,user_e8e9acac,0.723512
user_aaa1e595,6,user_3f2894b5,0.713407
user_aaa1e595,7,user_ffe2efae,0.686896
user_aaa1e595,8,user_9a5457b0,0.682583
user_aaa1e595,9,user_338e1332,0.677115
user_aaa1e595,10,user_52f895f1,0.675561
user_aaa1e595,11,user_07ec3726,0.674326
user_aaa1e595,12,user_ab8e847b,0.668605
user_aaa1e595,13,user_8006727d,0.660827
user_aaa1e595,14,user_18522854,0.657870
user_aaa1e595,15,user_b2aba63a,0.656310
user_ab434739,1,user_ab434739,0.733850
user_ab434739,2,user_6a28fa5d,0.723933
user_ab434739,3,user_c73333a5,0.716383
user_ab434739,4,user_1022be44,0.678590
user_ab434739,5,user_4a40c36a,0.670220
user_ab434739,6,user_5fddc7f1,0.658063
user_ab434739,7,user_8e48a3f8,0.657823
user_ab434739,8,user_aa19d173,0.654909
user_ab434739,9,user_687feee4,0.646804
user_ab434739,10,user_c81fae29,0.643600
user_ab434739,11,user_434f3511,0.641497
user_ab434739,12,user_4b8335bd,0.628016
user_ab434739,13,user_e5f67397,0.625641
user_ab434739,14,user_f5138e15,0.624133
user_ab434739,15,user_a5e548ce,0.621495
user_ab439a92,1,user_515ae840,0.670920
user_ab439a92,2,user_ab439a92,0.640433
user_ab439a92,3,user_2c3eb234,0.631782
user_ab439a92,4,user_f7bb8af1,0.593389
user_ab439a92,5,user_19622b77,0.586350
user_ab439a92,6,user_3666402b,0.580197
user_ab439a92,7,user_bbb0205e,0.572184
user_ab439a92,8,user_795eb408,0.571502
user_ab439a92,9,user_8006727d,0.571350
user_ab439a92,10,user_f1157204,0.565400
user_ab439a92,11,user_338e1332,0.563049
user_ab439a92,12,user_a16d1fb6,0.561767
user_ab439a92,13,user_815b7baf,0.558879
user_ab439a92,14,user_fa69a385,0.558690
user_ab439a92,15,user_8a3bbeb2,0.558621
user_ab5592eb,1,user_ab5592eb,0.899164
user_ab5592eb,2,user_2b03934e,0.794805
user_ab5592eb,3,user_7aa3746b,0.792991
user_ab5592eb,4,user_a8dc91a3,0.772155
user_ab5592eb,5,user_2b271761,0.743540
user_ab5592eb,6,user_29cd4556,0.736151
user_ab5592eb,7,user_79f04645,0.728769
user_ab5592eb,8,user_884ffdb2,0.728395
user_ab5592eb,9,user_fde2d265,0.724837
user_ab5592eb,10,user_954805d7,0.722855
user_ab5592eb,11,user_bdcc6e7d,0.719959
user_ab5592eb,12,user_8fe14601,0.716505
user_ab5592eb,13,user_d0c1bf72,0.715442
user_ab5592eb,14,user_657c72ca,0.714885
user_ab5592eb,15,user_f030b951,0.714478
user_ab8e847b,1,user_3431c049,0.888029
user_ab8e847b,2,user_ffe2efae,0.830352
user_ab8e847b,3,user_0d32f0ed,0.799916
user_ab8e847b,4,user_67acd9b1,0.794854
user_ab8e847b,5,user_3b1da5d9,0.793737
user_ab8e847b,6,user_02fecea2,0.790959
user_ab8e847b,7,user_9a5457b0,0.790230
user_ab8e847b,8,user_76638121,0.784300
user_ab8e847b,9,user_83585fc6,0.782731
user_ab8e847b,10,user_2c69b83e,0.777466
user_ab8e847b,11,user_7f623d19,0.770335
user_ab8e847b,12,user_b63ea1d4,0.769381
user_ab8e847b,13,user_e696f3ae,0.767841
user_ab8e847b,14,user_a3a4a20a,0.765195
user_ab8e847b,15,user_9351238d,0.764871
user_abde0618,1,user_ee05ee55,0.758596
user_abde0618,2,user_5fddc7f1,0.748271
user_abde0618,3,user_abde0618,0.740775
user_abde0618,4,user_a5e548ce,0.710562
user_abde0618,5,user_ab434739,0.700691
user_abde0618,6,user_fcf93ee8,0.691065
user_abde0618,7,user_f070eee7,0.682923
user_abde0618,8,user_1022be44,0.668195
user_abde0618,9,user_5738db35,0.665510
user_abde0618,10,user_aa19d173,0.658518
user_abde0618,11,user_6169d3b8,0.657425
user_abde0618,12,user_17054ec7,0.655130
user_abde0618,13,user_7c7220a4,0.652607
user_abde0618,14,user_bd47000f,0.652409
user_abde0618,15,user_1a7d6cd5,0.652185
user_ac6d6bff,1,user_0d32f0ed,0.808575
user_ac6d6bff,2,user_ac6d6bff,0.794518
user_ac6d6bff,3,user_baeb91b3,0.787861
user_ac6d6bff,4,user_7f623d19,0.757722
user_ac6d6bff,5,user_4bd9303b,0.756530
user_ac6d6bff,6,user_70bbda36,0.754000
user_ac6d6bff,7,user_b0129d9e,0.746493
user_ac6d6bff,8,user_ded778b8,0.743696
user_ac6d6bff,9,user_107259c3,0.742873
user_ac6d6bff,10,user_b4f295b3,0.734648
user_ac6d6bff,11,user_5526cbfd,0.726676
user_ac6d6bff,12,user_1e3084a6,0.723060
user_ac6d6bff,13,user_e2e59795,0.722006
user_ac6d6bff,14,user_b4d7e69a,0.721364
user_ac6d6bff,15,user_8fb63eca,0.721329
user_ac6e9129,1,user_ac6e9129,0.778445
user_ac6e9129,2,user_1022be44,0.741231
user_ac6e9129,3,user_c81fae29,0.730314
user_ac6e9129,4,user_5fddc7f1,0.704319
user_ac6e9129,5,user_a5e548ce,0.680756
user_ac6e9129,6,user_687feee4,0.663701
user_ac6e9129,7,user_aa19d173,0.648897
user_ac6e9129,8,user_c73333a5,0.647336
user_ac6e9129,9,user_07db2c6a,0.637419
user_ac6e9129,10,user_6a28fa5d,0.629513
user_ac6e9129,11,user_6169d3b8,0.629241
user_ac6e9129,12,user_17054ec7,0.617559
user_ac6e9129,13,user_8eac0a68,0.614963
user_ac6e9129,14,user_ab434739,0.614571
user_ac6e9129,15,user_8e5e899b,0.613655
user_acb51eed,1,user_b325310b,0.866649
user_acb51eed,2,user_940c7213,0.853023
user_acb51eed,3,user_f8e2246f,0.849716
user_acb51eed,4,user_acb51eed,0.843922
user_acb51eed,5,user_2cb4b018,0.841891
user_acb51eed,6,user_b6b89f00,0.839501
user_acb51eed,7,user_aa2fbe83,0.836428
user_acb51eed,8,user_d3663143,0.835191
user_acb51eed,9,user_95d648bc,0.832200
user_acb51eed,10,user_2d74cd4c,0.814884
user_acb51eed,11,user_afff552a,0.814237
user_acb51eed,12,user_1b7f8c56,0.808721
user_acb51eed,13,user_fb64cb55,0.806216
user_acb51eed,14,user_33c6501d,0.799834
user_acb51eed,15,user_9e39a95d,0.799386
user_acb899e9,1,user_acb899e9,0.852073
user_acb899e9,2,user_6476648d,0.838190
user_acb899e9,3,user_107259c3,0.825687
user_acb899e9,4,user_7c7220a4,0.821742
user_acb899e9,5,user_e2e59795,0.821020
user_acb899e9,6,user_e696f3ae,0.788188
user_acb899e9,7,user_93cdb7a1,0.784410
user_acb899e9,8,user_74cfb8ef,0.776194
user_acb899e9,9,user_434f3511,0.774587
user_acb899e9,10,user_70bbda36,0.769745
user_acb899e9,11,user_9a307ebe,0.768507
user_acb899e9,12,user_b4f295b3,0.767665
user_acb899e9,13,user_02016939,0.767651
user_acb899e9,14,user_7f56f9a5,0.766735
user_acb899e9,15,user_ded778b8,0.766304
user_acd6ddfb,1,user_378003e3,0.809695
user_acd6ddfb,2,user_85810097,0.753451
user_acd6ddfb,3,user_56e6d0cd,0.742416
user_acd6ddfb,4,user_66a7ce5a,0.736677
user_acd6ddfb,5,user_1230e05a,0.733134
user_acd6ddfb,6,user_97330742,0.716424
user_acd6ddfb,7,user_75bc9924,0.705335
user_acd6ddfb,8,user_96c3cc43,0.703005
user_acd6ddfb,9,user_d5379647,0.701337
user_acd6ddfb,10,user_ca6074df,0.692691
user_acd6ddfb,11,user_d6175d39,0.689538
user_acd6ddfb,12,user_9d9fba70,0.688117
user_acd6ddfb,13,user_1736acbe,0.687921
user_acd6ddfb,14,user_1f09455f,0.684557
user_acd6ddfb,15,user_75905116,0.684274
user_ad15a0a4,1,user_fb64cb55,0.883679
user_ad15a0a4,2,user_aa4cc34a,0.861123
user_ad15a0a4,3,user_903329bb,0.845484
user_ad15a0a4,4,user_835666af,0.831492
user_ad15a0a4,5,user_d10d1f24,0.821410
user_ad15a0a4,6,user_6011e674,0.819104
user_ad15a0a4,7,user_00723699,0.814614
user_ad15a0a4,8,user_2dc10d2d,0.793308
user_ad15a0a4,9,user_940c7213,0.771293
user_ad15a0a4,10,user_737dd050,0.769538
user_ad15a0a4,11,user_95d648bc,0.764044
user_ad15a0a4,12,user_acb51eed,0.763563
user_ad15a0a4,13,user_7af2ed90,0.761244
user_ad15a0a4,14,user_33c6501d,0.758285
user_ad15a0a4,15,user_5993b36a,0.757545
user_b1c16312,1,user_f930e37f,0.817362
user_b1c16312,2,user_89e04335,0.812925
user_b1c16312,3,user_cf393213,0.806440
user_b1c16312,4,user_94cad3a5,0.802050
user_b1c16312,5,user_fdc08e26,0.797995
user_b1c16312,6,user_d2c97c8e,0.795748
user_b1c16312,7,user_9571d0d5,0.786445
user_b1c16312,8,user_9a307ebe,0.786053
user_b1c16312,9,user_b9036662,0.784580
user_b1c16312,10,user_79f38f6d,0.784355
user_b1c16312,11,user_67acd9b1,0.781692
user_b1c16312,12,user_16ac4154,0.778492
user_b1c16312,13,user_423c81dc,0.776720
user_b1c16312,14,user_74d27419,0.772200
user_b1c16312,15,user_94f185bc,0.771412
user_b23aa915,1,user_b23aa915,0.828495
user_b23aa915,2,user_886f7373,0.817483
user_b23aa915,3,user_394c25cc,0.813620
user_b23aa915,4,user_5993b36a,0.810393
user_b23aa915,5,user_38dc2894,0.805866
user_b23aa915,6,user_5c82df31,0.805216
user_b23aa915,7,user_0521a7ac,0.796862
user_b23aa915,8,user_e6057285,0.793112
user_b23aa915,9,user_8e97a154,0.790309
user_b23aa915,10,user_c5f32c0d,0.789756
user_b23aa915,11,user_df8dc9bb,0.787201
user_b23aa915,12,user_a151ddab,0.785887
user_b23aa915,13,user_e59c000f,0.784979
user_b23aa915,14,user_b350e22b,0.782558
user_b23aa915,15,user_ff591131,0.776933
user_b2aba63a,1,user_daf59045,0.866501
user_b2aba63a,2,user_f5e1eee0,0.863292
user_b2aba63a,3,user_04f39d22,0.862107
user_b2aba63a,4,user_82c86537,0.848079
user_b2aba63a,5,user_0bc8e727,0.840624
user_b2aba63a,6,user_7de6f343,0.835781
user_b2aba63a,7,user_74cfb8ef,0.829852
user_b2aba63a,8,user_f3377028,0.825049
user_b2aba63a,9,user_1fb8e9e5,0.820944
user_b2aba63a,10,user_b2aba63a,0.816228
user_b2aba63a,11,user_a3a4a20a,0.813088
user_b2aba63a,12,user_4ea1ef09,0.811433
user_b2aba63a,13,user_c34e791e,0.810039
user_b2aba63a,14,user_2efde048,0.809920
user_b2aba63a,15,user_64cd3098,0.809230
user_b2dd04c8,1,user_e6057285,0.880599
user_b2dd04c8,2,user_5881b259,0.859572
user_b2dd04c8,3,user_eb0927d1,0.855700
user_b2dd04c8,4,user_1f1dc5e0,0.849485
user_b2dd04c8,5,user_d1d16d30,0.837377
user_b2dd04c8,6,user_636ad58f,0.819673
user_b2dd04c8,7,user_b5af9db9,0.816415
user_b2dd04c8,8,user_a01f16ac,0.814945
user_b2dd04c8,9,user_f654c33b,0.810639
user_b2dd04c8,10,user_38433566,0.806097
user_b2dd04c8,11,user_095ff43e,0.805661
user_b2dd04c8,12,user_39b3eda0,0.801600
user_b2dd04c8,13,user_5993b36a,0.801391
user_b2dd04c8,14,user_14a2d3c6,0.798268
user_b2dd04c8,15,user_c39d41d7,0.794882
user_b2f3c0d2,1,user_c1aa2063,0.595743
user_b2f3c0d2,2,user_d20928cc,0.528658
user_b2f3c0d2,3,user_0dfb7397,0.508915
user_b2f3c0d2,4,user_829844fd,0.501044
user_b2f3c0d2,5,user_24668d84,0.485847
user_b2f3c0d2,6,user_b1c16312,0.485103
user_b2f3c0d2,7,user_4e42bf97,0.469531
user_b2f3c0d2,8,user_b2dd04c8,0.465317
user_b2f3c0d2,9,user_7cb1ae65,0.456466
user_b2f3c0d2,10,user_e7f25600,0.456222
user_b2f3c0d2,11,user_7d6962d9,0.455013
user_b2f3c0d2,12,user_b7f60e64,0.452275
user_b2f3c0d2,13,user_49b1ac46,0.446574
user_b2f3c0d2,14,user_23ecc36a,0.445385
user_b2f3c0d2,15,user_33f2a818,0.443176
user_b325310b,1,user_b325310b,0.869055
user_b325310b,2,user_9e39a95d,0.864584
user_b325310b,3,user_99c67f2f,0.857631
user_b325310b,4,user_2d74cd4c,0.854847
user_b325310b,5,user_6bb64984,0.841985
user_b325310b,6,user_649f4327,0.837977
user_b325310b,7,user_8fbb6d9c,0.836690
user_b325310b,8,user_f8e2246f,0.834662
user_b325310b,9,user_b6b89f00,0.828413
user_b325310b,10,user_6011e674,0.813126
user_b325310b,11,user_d3663143,0.804128
user_b325310b,12,user_1b7f8c56,0.791656
user_b325310b,13,user_940c7213,0.782927
user_b325310b,14,user_417702c5,0.775780
user_b325310b,15,user_71b9b8e0,0.773143
user_b337cb0c,1,user_582ff5b2,0.801854
user_b337cb0c,2,user_82879210,0.751853
user_b337cb0c,3,user_1b460965,0.726816
user_b337cb0c,4,user_efcacf59,0.724131
user_b337cb0c,5,user_3535252b,0.723467
user_b337cb0c,6,user_a6c2e760,0.712490
user_b337cb0c,7,user_39939c54,0.712272
user_b337cb0c,8,user_5d1b0daf,0.710728
user_b337cb0c,9,user_9d65649f,0.707071
user_b337cb0c,10,user_0285dee3,0.700678
user_b337cb0c,11,user_6b86248b,0.699062
user_b337cb0c,12,user_c32db875,0.683681
user_b337cb0c,13,user_b2dd04c8,0.680823
user_b337cb0c,14,user_c157ca97,0.675890
user_b337cb0c,15,user_23ecc36a,0.675796
user_b49274ca,1,user_c35d6565,0.803410
user_b49274ca,2,user_0b5c256a,0.774808
user_b49274ca,3,user_b6d05d1d,0.774098
user_b49274ca,4,user_adab54a0,0.769450
user_b49274ca,5,user_c154e834,0.768556
user_b49274ca,6,user_a8dc91a3,0.759837
user_b49274ca,7,user_f654c33b,0.759066
user_b49274ca,8,user_8f8346ad,0.757171
user_b49274ca,9,user_0cee87f3,0.754870
user_b49274ca,10,user_9dda4af9,0.752204
user_b49274ca,11,user_daf37424,0.751834
user_b49274ca,12,user_9ce96cbf,0.751078
user_b49274ca,13,user_5c5a0b40,0.740498
user_b49274ca,14,user_b49274ca,0.739949
user_b49274ca,15,user_c994138f,0.736417
user_b4d7e69a,1,user_45926b89,0.868223
user_b4d7e69a,2,user_e5a6abbe,0.843911
user_b4d7e69a,3,user_2dd5b531,0.839216
user_b4d7e69a,4,user_0eb2abf1,0.838192
user_b4d7e69a,5,user_15179955,0.837867
user_b4d7e69a,6,user_b49274ca,0.828927
user_b4d7e69a,7,user_ef954c6e,0.828594
user_b4d7e69a,8,user_adab54a0,0.824959
user_b4d7e69a,9,user_111cfe7d,0.820764
user_b4d7e69a,10,user_fde2d265,0.820338
user_b4d7e69a,11,user_40a0bad3,0.819547
user_b4d7e69a,12,user_83e30c57,0.818456
user_b4d7e69a,13,user_4db0d490,0.817138
user_b4d7e69a,14,user_9d786aa8,0.816773
user_b4d7e69a,15,user_5c5a0b40,0.816048
user_b4f295b3,1,user_3353b96b,0.776199
user_b4f295b3,2,user_a3a4a20a,0.763552
user_b4f295b3,3,user_7f623d19,0.756087
user_b4f295b3,4,user_1df51301,0.753396
user_b4f295b3,5,user_b4f295b3,0.750947
user_b4f295b3,6,user_586752e4,0.748086
user_b4f295b3,7,user_c34e791e,0.747483
user_b4f295b3,8,user_e696f3ae,0.745019
user_b4f295b3,9,user_70bbda36,0.744893
user_b4f295b3,10,user_9a307ebe,0.742184
user_b4f295b3,11,user_f930e37f,0.740592
user_b4f295b3,12,user_107259c3,0.738861
user_b4f295b3,13,user_ded778b8,0.731144
user_b4f295b3,14,user_0128a546,0.730772
user_b4f295b3,15,user_03969305,0.730382
user_b563e90b,1,user_b563e90b,0.681299
user_b563e90b,2,user_74da5a13,0.650264
user_b563e90b,3,user_687feee4,0.646099
user_b563e90b,4,user_b14ec02b,0.638030
user_b563e90b,5,user_07faa0fc,0.621193
user_b563e90b,6,user_567057e7,0.609520
user_b563e90b,7,user_d5b21e00,0.609325
user_b563e90b,8,user_c81fae29,0.604125
user_b563e90b,9,user_83b871b5,0.597582
user_b563e90b,10,user_aa08d5a8,0.596844
user_b563e90b,11,user_89197ce5,0.594931
user_b563e90b,12,user_cc1c8897,0.587198
user_b563e90b,13,user_85c97ea1,0.585185
user_b563e90b,14,user_b9d253e8,0.583611
user_b563e90b,15,user_aa19d173,0.583142
user_b5af9db9,1,user_d1d16d30,0.878856
user_b5af9db9,2,user_5349c6cf,0.877250
user_b5af9db9,3,user_7b052f32,0.867031
user_b5af9db9,4,user_a743aff9,0.865067
user_b5af9db9,5,user_03969305,0.859042
user_b5af9db9,6,user_5881b259,0.856993
user_b5af9db9,7,user_e6057285,0.849573
user_b5af9db9,8,user_d70942c1,0.844729
user_b5af9db9,9,user_1936a7c3,0.838957
user_b5af9db9,10,user_c06d9b71,0.836040
user_b5af9db9,11,user_e59c000f,0.835862
user_b5af9db9,12,user_14a2d3c6,0.835471
user_b5af9db9,13,user_6bf0e007,0.834395
user_b5af9db9,14,user_7924afc9,0.831718
user_b5af9db9,15,user_7fd91653,0.830632
user_b628264a,1,user_d955d7e2,0.842476
user_b628264a,2,user_8d22714e,0.807930
user_b628264a,3,user_723406a0,0.765974
user_b628264a,4,user_91f807b9,0.761996
user_b628264a,5,user_bd05225b,0.740134
user_b628264a,6,user_50e2a836,0.731382
user_b628264a,7,user_835666af,0.730574
user_b628264a,8,user_5881b259,0.729712
user_b628264a,9,user_858fa00c,0.729029
user_b628264a,10,user_18892460,0.728228
user_b628264a,11,user_88f46c7b,0.723815
user_b628264a,12,user_f10e7063,0.721307
user_b628264a,13,user_b628264a,0.718892
user_b628264a,14,user_0cc626ee,0.713715
user_b628264a,15,user_4b139395,0.710795
user_b6350ec1,1,user_5c5a0b40,0.868273
user_b6350ec1,2,user_636ad58f,0.852828
user_b6350ec1,3,user_f654c33b,0.847003
user_b6350ec1,4,user_111cfe7d,0.836571
user_b6350ec1,5,user_17607ebc,0.833240
user_b6350ec1,6,user_b16e0cf8,0.832469
user_b6350ec1,7,user_15179955,0.832226
user_b6350ec1,8,user_b23aa915,0.831043
user_b6350ec1,9,user_adab54a0,0.823886
user_b6350ec1,10,user_4db0d490,0.818417
user_b6350ec1,11,user_5881b259,0.816741
user_b6350ec1,12,user_02d03e8a,0.813711
user_b6350ec1,13,user_38ab51d4,0.808217
user_b6350ec1,14,user_b49274ca,0.807242
user_b6350ec1,15,user_c39d41d7,0.806333
user_b63ea1d4,1,user_b63ea1d4,0.904686
user_b63ea1d4,2,user_81a80789,0.885111
user_b63ea1d4,3,user_7b5f54c0,0.869161
user_b63ea1d4,4,user_acd6ddfb,0.852237
user_b63ea1d4,5,user_3b1da5d9,0.845828
user_b63ea1d4,6,user_25798310,0.835239
user_b63ea1d4,7,user_aabd2642,0.833562
user_b63ea1d4,8,user_166a3647,0.828896
user_b63ea1d4,9,user_02fecea2,0.827288
user_b63ea1d4,10,user_2c69b83e,0.825180
user_b63ea1d4,11,user_70bbda36,0.818648
user_b63ea1d4,12,user_2f4cc646,0.816196
user_b63ea1d4,13,user_364bb955,0.816187
user_b63ea1d4,14,user_e6dd44b0,0.799725
user_b63ea1d4,15,user_8713f22a,0.799696
user_b6b89f00,1,user_16ac4154,0.825895
user_b6b89f00,2,user_65d73ac1,0.798553
user_b6b89f00,3,user_9a5457b0,0.797973
user_b6b89f00,4,user_3bc84c13,0.797563
user_b6b89f00,5,user_c994138f,0.795762
user_b6b89f00,6,user_daf37424,0.791263
user_b6b89f00,7,user_f930e37f,0.790150
user_b6b89f00,8,user_1b7f8c56,0.787101
user_b6b89f00,9,user_3ac315cb,0.787032
user_b6b89f00,10,user_67acd9b1,0.783535
user_b6b89f00,11,user_9351238d,0.783469
user_b6b89f00,12,user_ffe2efae,0.783089
user_b6b89f00,13,user_c7beef01,0.782575
user_b6b89f00,14,user_1a2755b3,0.779722
user_b6b89f00,15,user_a3a4a20a,0.774451
user_b7ba6422,1,user_65d73ac1,0.708120
user_b7ba6422,2,user_b7ba6422,0.694372
user_b7ba6422,3,user_0a3bcf86,0.688558
user_b7ba6422,4,user_07ec3726,0.688165
user_b7ba6422,5,user_2cb4b018,0.686118
user_b7ba6422,6,user_4db0d490,0.683977
user_b7ba6422,7,user_9600e8bf,0.682664
user_b7ba6422,8,user_a57a04fa,0.682273
user_b7ba6422,9,user_32934d38,0.678328
user_b7ba6422,10,user_18522854,0.675736
user_b7ba6422,11,user_96013176,0.673910
user_b7ba6422,12,user_e802076d,0.670576
user_b7ba6422,13,user_f930e37f,0.652913
user_b7ba6422,14,user_0ff0b922,0.650444
user_b7ba6422,15,user_406c399e,0.650078
user_b888c512,1,user_423c81dc,0.915997
user_b888c512,2,user_eafc973e,0.844236
user_b888c512,3,user_c2f18cf7,0.816574
user_b888c512,4,user_d67450a8,0.777362
user_b888c512,5,user_39aad1a2,0.775451
user_b888c512,6,user_ab30f0fb,0.769480
user_b888c512,7,user_29cd4556,0.753599
user_b888c512,8,user_94f185bc,0.751426
user_b888c512,9,user_3121653d,0.749665
user_b888c512,10,user_91db6e48,0.745342
user_b888c512,11,user_b6d05d1d,0.743993
user_b888c512,12,user_25b48a9a,0.740919
user_b888c512,13,user_9dda4af9,0.739218
user_b888c512,14,user_b888c512,0.737964
user_b888c512,15,user_ec574395,0.731613
user_b8f24804,1,user_8f8346ad,0.820843
user_b8f24804,2,user_5d1b0daf,0.778747
user_b8f24804,3,user_ca6074df,0.751971
user_b8f24804,4,user_cf393213,0.748706
user_b8f24804,5,user_74d27419,0.743517
user_b8f24804,6,user_f43d6008,0.742153
user_b8f24804,7,user_4384dffe,0.730670
user_b8f24804,8,user_d2bd9832,0.725503
user_b8f24804,9,user_94f185bc,0.724655
user_b8f24804,10,user_45926b89,0.724359
user_b8f24804,11,user_ec574395,0.721879
user_b8f24804,12,user_30802254,0.720081
user_b8f24804,13,user_dae4304f,0.718426
user_b8f24804,14,user_adab54a0,0.714901
user_b8f24804,15,user_b8f24804,0.714900
user_b9036662,1,user_caa6a7b6,0.784530
user_b9036662,2,user_bd6a40d5,0.730389
user_b9036662,3,user_f51339f8,0.718507
user_b9036662,4,user_8f39f021,0.713312
user_b9036662,5,user_a75b16f2,0.709335
user_b9036662,6,user_6fc85c06,0.690569
user_b9036662,7,user_0a3bcf86,0.690464
user_b9036662,8,user_89e04335,0.682514
user_b9036662,9,user_2cb4b018,0.678595
user_b9036662,10,user_f0b144fc,0.677953
user_b9036662,11,user_1a2755b3,0.672567
user_b9036662,12,user_32934d38,0.668374
user_b9036662,13,user_5c82df31,0.667186
user_b9036662,14,user_ebddf9c1,0.666204
user_b9036662,15,user_a743aff9,0.666176
user_ba010eec,1,user_ba010eec,0.827077
user_ba010eec,2,user_ffe2efae,0.796796
user_ba010eec,3,user_efb27a8e,0.786419
user_ba010eec,4,user_c994138f,0.774260
user_ba010eec,5,user_daf37424,0.773840
user_ba010eec,6,user_8713f22a,0.773734
user_ba010eec,7,user_e696f3ae,0.772502
user_ba010eec,8,user_885e8708,0.765538
user_ba010eec,9,user_b63ea1d4,0.760696
user_ba010eec,10,user_2c69b83e,0.760656
user_ba010eec,11,user_9351238d,0.755103
user_ba010eec,12,user_a16d1fb6,0.753332
user_ba010eec,13,user_3431c049,0.749247
user_ba010eec,14,user_9a307ebe,0.746279
user_ba010eec,15,user_c130412b,0.742969
user_ba463257,1,user_79f04645,0.814857
user_ba463257,2,user_9d65649f,0.800282
user_ba463257,3,user_a8dc91a3,0.787543
user_ba463257,4,user_ba463257,0.774146
user_ba463257,5,user_43a979d2,0.773746
user_ba463257,6,user_cda36a95,0.766974
user_ba463257,7,user_8fe14601,0.765941
user_ba463257,8,user_c35d6565,0.755116
user_ba463257,9,user_fde2d265,0.751838
user_ba463257,10,user_07cb458d,0.747843
user_ba463257,11,user_84e93af7,0.742966
user_ba463257,12,user_cdd86523,0.739986
user_ba463257,13,user_29cd4556,0.739195
user_ba463257,14,user_954805d7,0.733913
user_ba463257,15,user_c4c70447,0.733744
user_ba8b1c05,1,user_74cfb8ef,0.914074
user_ba8b1c05,2,user_7c3d63ce,0.896746
user_ba8b1c05,3,user_7de6f343,0.892236
user_ba8b1c05,4,user_ba8b1c05,0.882156
user_ba8b1c05,5,user_421ae417,0.881310
user_ba8b1c05,6,user_0bc8e727,0.849865
user_ba8b1c05,7,user_04f39d22,0.848575
user_ba8b1c05,8,user_2c2a5c24,0.830197
user_ba8b1c05,9,user_e2e59795,0.829686
user_ba8b1c05,10,user_eced69e7,0.829148
user_ba8b1c05,11,user_40efa894,0.828277
user_ba8b1c05,12,user_64cd3098,0.822484
user_ba8b1c05,13,user_43049634,0.822064
user_ba8b1c05,14,user_82c86537,0.821292
user_ba8b1c05,15,user_98f18241,0.811804
user_baeb91b3,1,user_586752e4,0.815654
user_baeb91b3,2,user_72bed676,0.775524
user_baeb91b3,3,user_baeb91b3,0.774401
user_baeb91b3,4,user_c994138f,0.769079
user_baeb91b3,5,user_70bbda36,0.766823
user_baeb91b3,6,user_107259c3,0.765296
user_baeb91b3,7,user_5526cbfd,0.765021
user_baeb91b3,8,user_f930e37f,0.762369
user_baeb91b3,9,user_94cad3a5,0.755256
user_baeb91b3,10,user_0d32f0ed,0.755083
user_baeb91b3,11,user_c7beef01,0.753456
user_baeb91b3,12,user_ffe2efae,0.752560
user_baeb91b3,13,user_e696f3ae,0.747000
user_baeb91b3,14,user_daf37424,0.744450
user_baeb91b3,15,user_3bc84c13,0.744270
user_baf68fe9,1,user_39939c54,0.620796
user_baf68fe9,2,user_f14dc486,0.584218
user_baf68fe9,3,user_2f766c23,0.572949
user_baf68fe9,4,user_2b03934e,0.555324
user_baf68fe9,5,user_515ae840,0.548387
user_baf68fe9,6,user_6b311f43,0.545980
user_baf68fe9,7,user_a6c2e760,0.541821
user_baf68fe9,8,user_ba463257,0.539735
user_baf68fe9,9,user_4384dffe,0.529043
user_baf68fe9,10,user_5d1b0daf,0.529029
user_baf68fe9,11,user_9fefea54,0.524192
user_baf68fe9,12,user_efcacf59,0.522869
user_baf68fe9,13,user_9d65649f,0.522815
user_baf68fe9,14,user_efb27a8e,0.520617
user_baf68fe9,15,user_d20928cc,0.519699
user_bb8be7e3,1,user_f44f615a,0.859932
user_bb8be7e3,2,user_4bd9303b,0.720037
user_bb8be7e3,3,user_1246b252,0.711603
user_bb8be7e3,4,user_f54058d0,0.699455
user_bb8be7e3,5,user_ed1aaed8,0.696781
user_bb8be7e3,6,user_d691d016,0.693005
user_bb8be7e3,7,user_3b79395c,0.692210
user_bb8be7e3,8,user_7b5f54c0,0.691176
user_bb8be7e3,9,user_c50a487d,0.680876
user_bb8be7e3,10,user_67acd9b1,0.680236
user_bb8be7e3,11,user_0b1b1d1c,0.679265
user_bb8be7e3,12,user_94cad3a5,0.678926
user_bb8be7e3,13,user_03410579,0.676493
user_bb8be7e3,14,user_476670f9,0.675699
user_bb8be7e3,15,user_70bbda36,0.675563
user_bbcbf015,1,user_c39d41d7,0.705738
user_bbcbf015,2,user_43a979d2,0.701623
user_bbcbf015,3,user_bd05225b,0.691882
user_bbcbf015,4,user_84e93af7,0.690437
user_bbcbf015,5,user_dbc4828c,0.690373
user_bbcbf015,6,user_0e82fe11,0.686185
user_bbcbf015,7,user_73f34c5d,0.682705
user_bbcbf015,8,user_79f04645,0.674360
user_bbcbf015,9,user_03969305,0.673648
user_bbcbf015,10,user_b4214db6,0.673069
user_bbcbf015,11,user_fba6bcd4,0.669227
user_bbcbf015,12,user_17607ebc,0.667268
user_bbcbf015,13,user_f030b951,0.667114
user_bbcbf015,14,user_3ff3188b,0.666218
user_bbcbf015,15,user_29cd4556,0.665047
user_bbe73426,1,user_5881b259,0.849300
user_bbe73426,2,user_80dc757f,0.848085
user_bbe73426,3,user_bbe73426,0.844874
user_bbe73426,4,user_15179955,0.839170
user_bbe73426,5,user_c06d9b71,0.824131
user_bbe73426,6,user_6d071251,0.824044
user_bbe73426,7,user_d1d16d30,0.821626
user_bbe73426,8,user_e6057285,0.820370
user_bbe73426,9,user_83e30c57,0.816194
user_bbe73426,10,user_b337cb0c,0.815837
user_bbe73426,11,user_dc326993,0.815438
user_bbe73426,12,user_ef954c6e,0.815364
user_bbe73426,13,user_a743aff9,0.814690
user_bbe73426,14,user_636ad58f,0.807692
user_bbe73426,15,user_405db206,0.805051
user_bd19a016,1,user_f654c33b,0.848605
user_bd19a016,2,user_1a2755b3,0.840456
user_bd19a016,3,user_b16e0cf8,0.838032
user_bd19a016,4,user_3ff3188b,0.836959
user_bd19a016,5,user_5881b259,0.836020
user_bd19a016,6,user_29cd4556,0.830510
user_bd19a016,7,user_f030b951,0.827821
user_bd19a016,8,user_f27da10a,0.826558
user_bd19a016,9,user_c39d41d7,0.824186
user_bd19a016,10,user_e6057285,0.822972
user_bd19a016,11,user_9a307ebe,0.822958
user_bd19a016,12,user_dd1d7b22,0.821482
user_bd19a016,13,user_dae4304f,0.820608
user_bd19a016,14,user_bd19a016,0.819910
user_bd19a016,15,user_aa2fbe83,0.818139
user_bd47000f,1,user_5fddc7f1,0.685184
user_bd47000f,2,user_1f1dc5e0,0.674821
user_bd47000f,3,user_eb0927d1,0.665576
user_bd47000f,4,user_bd47000f,0.657666
user_bd47000f,5,user_f75c71f0,0.653649
user_bd47000f,6,user_a2480011,0.653123
user_bd47000f,7,user_a743aff9,0.648209
user_bd47000f,8,user_39aad1a2,0.647156
user_bd47000f,9,user_b5af9db9,0.646710
user_bd47000f,10,user_6c2d672f,0.646504
user_bd47000f,11,user_5a283043,0.646449
user_bd47000f,12,user_caa6a7b6,0.643397
user_bd47000f,13,user_f0cf195f,0.637911
user_bd47000f,14,user_1ef33a43,0.637645
user_bd47000f,15,user_7c7220a4,0.635995
user_bdcc6e7d,1,user_e802076d,0.885962
user_bdcc6e7d,2,user_03969305,0.880204
user_bdcc6e7d,3,user_94f185bc,0.863113
user_bdcc6e7d,4,user_1a2755b3,0.851225
user_bdcc6e7d,5,user_2dd5b531,0.844845
user_bdcc6e7d,6,user_b16e0cf8,0.837939
user_bdcc6e7d,7,user_adab54a0,0.836319
user_bdcc6e7d,8,user_15179955,0.833839
user_bdcc6e7d,9,user_6bf0e007,0.832411
user_bdcc6e7d,10,user_e59c000f,0.829947
user_bdcc6e7d,11,user_fba6bcd4,0.829747
user_bdcc6e7d,12,user_7aa3746b,0.826977
user_bdcc6e7d,13,user_29cd4556,0.825235
user_bdcc6e7d,14,user_aa2fbe83,0.824500
user_bdcc6e7d,15,user_e1730a9c,0.824443
user_be06391b,1,user_00723699,0.817930
user_be06391b,2,user_a151ddab,0.816789
user_be06391b,3,user_acb51eed,0.816704
user_be06391b,4,user_be06391b,0.811544
user_be06391b,5,user_032e5bc8,0.801168
user_be06391b,6,user_82d93459,0.792654
user_be06391b,7,user_2dc10d2d,0.788807
user_be06391b,8,user_7af2ed90,0.786943
user_be06391b,9,user_e5a6abbe,0.780555
user_be06391b,10,user_940c7213,0.779876
user_be06391b,11,user_38433566,0.777705
user_be06391b,12,user_8d22714e,0.776241
user_be06391b,13,user_5993b36a,0.775382
user_be06391b,14,user_f0cf195f,0.774473
user_be06391b,15,user_c5f32c0d,0.772388
user_beca29a3,1,user_beca29a3,0.789977
user_beca29a3,2,user_f3a9f844,0.498596
user_beca29a3,3,user_8739102b,0.492321
user_beca29a3,4,user_0cd29f02,0.474703
user_beca29a3,5,user_043ea160,0.453306
user_beca29a3,6,user_e14b88a8,0.412821
user_beca29a3,7,user_72b93300,0.405527
user_beca29a3,8,user_636d1da4,0.405257
user_beca29a3,9,user_6deada35,0.400858
user_beca29a3,10,user_e838707b,0.390368
user_beca29a3,11,user_8e217d1b,0.386578
user_beca29a3,12,user_7d944883,0.377443
user_beca29a3,13,user_3ae49e46,0.367869
user_beca29a3,14,user_caaef3ca,0.366365
user_beca29a3,15,user_245fd42f,0.361259
user_bf30f80d,1,user_4ea1ef09,0.856411
user_bf30f80d,2,user_bf30f80d,0.852409
user_bf30f80d,3,user_421ae417,0.849612
user_bf30f80d,4,user_7de6f343,0.843484
user_bf30f80d,5,user_04f39d22,0.841316
user_bf30f80d,6,user_08c32973,0.839460
user_bf30f80d,7,user_f3377028,0.837839
user_bf30f80d,8,user_6fa47d61,0.836891
user_bf30f80d,9,user_f5e1eee0,0.831423
user_bf30f80d,10,user_2e60c125,0.829864
user_bf30f80d,11,user_2c2a5c24,0.828190
user_bf30f80d,12,user_74cfb8ef,0.827951
user_bf30f80d,13,user_ba8b1c05,0.822393
user_bf30f80d,14,user_e409a56d,0.820158
user_bf30f80d,15,user_83e45cc0,0.814602
user_c008345b,1,user_25b48a9a,0.796872
user_c008345b,2,user_0cc626ee,0.789457
user_c008345b,3,user_6fbf6191,0.764933
user_c008345b,4,user_417702c5,0.763129
user_c008345b,5,user_57c1d6c0,0.762382
user_c008345b,6,user_c008345b,0.756245
user_c008345b,7,user_65d73ac1,0.755202
user_c008345b,8,user_4db0d490,0.752183
user_c008345b,9,user_030cf51a,0.748625
user_c008345b,10,user_0a3bcf86,0.745159
user_c008345b,11,user_e8d15537,0.739355
user_c008345b,12,user_b9036662,0.732370
user_c008345b,13,user_69df6330,0.730926
user_c008345b,14,user_dae4304f,0.730267
user_c008345b,15,user_8be3f554,0.728939
user_c0392523,1,user_d10d1f24,0.804742
user_c0392523,2,user_aa4cc34a,0.804343
user_c0392523,3,user_2cb4b018,0.784805
user_c0392523,4,user_9e39a95d,0.781175
user_c0392523,5,user_33c6501d,0.778956
user_c0392523,6,user_fb64cb55,0.774905
user_c0392523,7,user_b325310b,0.765819
user_c0392523,8,user_acb51eed,0.762690
user_c0392523,9,user_6011e674,0.758799
user_c0392523,10,user_940c7213,0.756485
user_c0392523,11,user_b6b89f00,0.752791
user_c0392523,12,user_1b7f8c56,0.746366
user_c0392523,13,user_16ac4154,0.742926
user_c0392523,14,user_f8e2246f,0.737659
user_c0392523,15,user_d3663143,0.734008
user_c06d9b71,1,user_869fcb2b,0.792953
user_c06d9b71,2,user_5c5a0b40,0.751356
user_c06d9b71,3,user_886f7373,0.743987
user_c06d9b71,4,user_b23aa915,0.738356
user_c06d9b71,5,user_e802076d,0.732191
user_c06d9b71,6,user_a151ddab,0.731760
user_c06d9b71,7,user_b350e22b,0.723889
user_c06d9b71,8,user_c9007141,0.717468
user_c06d9b71,9,user_0521a7ac,0.714306
user_c06d9b71,10,user_10e64e28,0.707019
user_c06d9b71,11,user_ef954c6e,0.704161
user_c06d9b71,12,user_a7c6197a,0.702903
user_c06d9b71,13,user_2a41ee39,0.698829
user_c06d9b71,14,user_38dc2894,0.697888
user_c06d9b71,15,user_2a704b9c,0.694315
user_c0eba9f2,1,user_c0eba9f2,0.816568
user_c0eba9f2,2,user_3e284ba5,0.798712
user_c0eba9f2,3,user_a6c5a10c,0.796586
user_c0eba9f2,4,user_500badda,0.794346
user_c0eba9f2,5,user_03410579,0.784165
user_c0eba9f2,6,user_5993b36a,0.780067
user_c0eba9f2,7,user_d691d016,0.778810
user_c0eba9f2,8,user_5c82df31,0.777104
user_c0eba9f2,9,user_3239132f,0.766983
user_c0eba9f2,10,user_bd05225b,0.766175
user_c0eba9f2,11,user_147d1bbb,0.762701
user_c0eba9f2,12,user_0fefc28e,0.758906
user_c0eba9f2,13,user_920c074a,0.754643
user_c0eba9f2,14,user_aabd2642,0.751605
user_c0eba9f2,15,user_394c25cc,0.749745
user_c130412b,1,user_0d32f0ed,0.826968
user_c130412b,2,user_02fecea2,0.805695
user_c130412b,3,user_81a80789,0.803020
user_c130412b,4,user_b0129d9e,0.802929
user_c130412b,5,user_03410579,0.792812
user_c130412b,6,user_1a7d6cd5,0.788689
user_c130412b,7,user_70bbda36,0.781576
user_c130412b,8,user_8fb63eca,0.780975
user_c130412b,9,user_f51339f8,0.765101
user_c130412b,10,user_67acd9b1,0.764094
user_c130412b,11,user_3431c049,0.763117
user_c130412b,12,user_364bb955,0.762506
user_c130412b,13,user_cbabbcee,0.760087
user_c130412b,14,user_9a5457b0,0.755596
user_c130412b,15,user_3bc84c13,0.753964
user_c154e834,1,user_e59c000f,0.850278
user_c154e834,2,user_83afc7b2,0.845774
user_c154e834,3,user_5c82df31,0.842648
user_c154e834,4,user_f60a09b3,0.820201
user_c154e834,5,user_03969305,0.819242
user_c154e834,6,user_c154e834,0.817861
user_c154e834,7,user_6fc85c06,0.816306
user_c154e834,8,user_147d1bbb,0.815813
user_c154e834,9,user_e8a7be73,0.807208
user_c154e834,10,user_df8dc9bb,0.805772
user_c154e834,11,user_e802076d,0.801296
user_c154e834,12,user_5526cbfd,0.796893
user_c154e834,13,user_8d22714e,0.795421
user_c154e834,14,user_586752e4,0.794735
user_c154e834,15,user_9571d0d5,0.794200
user_c157ca97,1,user_52d3881c,0.870788
user_c157ca97,2,user_3971c3e6,0.837704
user_c157ca97,3,user_e88c308b,0.793801
user_c157ca97,4,user_9a307ebe,0.768574
user_c157ca97,5,user_d2c97c8e,0.765420
user_c157ca97,6,user_e5a6abbe,0.753266
user_c157ca97,7,user_72b93300,0.750661
user_c157ca97,8,user_ef954c6e,0.745166
user_c157ca97,9,user_bf69de98,0.745085
user_c157ca97,10,user_83afc7b2,0.742061
user_c157ca97,11,user_aabd2642,0.740416
user_c157ca97,12,user_ef05ad51,0.740041
user_c157ca97,13,user_4e54f3d7,0.737578
user_c157ca97,14,user_54c1ebee,0.729986
user_c157ca97,15,user_a3a4a20a,0.729948
user_c204a1dd,1,user_bbcbf015,0.606572
user_c204a1dd,2,user_84fe1a7a,0.580260
user_c204a1dd,3,user_dc32d458,0.571215
user_c204a1dd,4,user_1df51301,0.559229
user_c204a1dd,5,user_cf393213,0.554640
user_c204a1dd,6,user_d849ac6e,0.548390
user_c204a1dd,7,user_c809e3d2,0.544160
user_c204a1dd,8,user_1a2755b3,0.543096
user_c204a1dd,9,user_7c7220a4,0.540727
user_c204a1dd,10,user_82c86537,0.538247
user_c204a1dd,11,user_2dd5b531,0.534977
user_c204a1dd,12,user_f930e37f,0.531505
user_c204a1dd,13,user_36d44add,0.531241
user_c204a1dd,14,user_d758a0a1,0.530301
user_c204a1dd,15,user_6bf0e007,0.529549
user_c2f18cf7,1,user_5d1b0daf,0.727715
user_c2f18cf7,2,user_ca6074df,0.718318
user_c2f18cf7,3,user_18522854,0.717805
user_c2f18cf7,4,user_8f8346ad,0.716021
user_c2f18cf7,5,user_8c0c7619,0.715579
user_c2f18cf7,6,user_c32db875,0.704213
user_c2f18cf7,7,user_126670d7,0.701181
user_c2f18cf7,8,user_a2503734,0.701044
user_c2f18cf7,9,user_b8f24804,0.700808
user_c2f18cf7,10,user_4bf6a4a0,0.698132
user_c2f18cf7,11,user_8be3f554,0.692306
user_c2f18cf7,12,user_63b4ae7a,0.680441
user_c2f18cf7,13,user_6b311f43,0.679582
user_c2f18cf7,14,user_650da71b,0.677515
user_c2f18cf7,15,user_d20928cc,0.674102
user_c3040c7c,1,user_3e284ba5,0.783585
user_c3040c7c,2,user_8fb63eca,0.776992
user_c3040c7c,3,user_54c1ebee,0.776590
user_c3040c7c,4,user_25798310,0.776053
user_c3040c7c,5,user_1a7d6cd5,0.775026
user_c3040c7c,6,user_166a3647,0.772974
user_c3040c7c,7,user_3239132f,0.772582
user_c3040c7c,8,user_d691d016,0.766827
user_c3040c7c,9,user_b0129d9e,0.764418
user_c3040c7c,10,user_e6057285,0.764096
user_c3040c7c,11,user_7b5f54c0,0.761485
user_c3040c7c,12,user_e8613813,0.758800
user_c3040c7c,13,user_81a80789,0.754998
user_c3040c7c,14,user_4144252d,0.754152
user_c3040c7c,15,user_ff591131,0.753624
user_c39d41d7,1,user_dbc4828c,0.872353
user_c39d41d7,2,user_03969305,0.871778
user_c39d41d7,3,user_5881b259,0.867396
user_c39d41d7,4,user_e802076d,0.866689
user_c39d41d7,5,user_f930e37f,0.860935
user_c39d41d7,6,user_c39d41d7,0.859060
user_c39d41d7,7,user_405db206,0.854657
user_c39d41d7,8,user_cdd86523,0.845805
user_c39d41d7,9,user_c008345b,0.844643
user_c39d41d7,10,user_2c69b83e,0.843522
user_c39d41d7,11,user_40a0bad3,0.842082
user_c39d41d7,12,user_0898fc4b,0.840735
user_c39d41d7,13,user_1a2755b3,0.839639
user_c39d41d7,14,user_96013176,0.839595
user_c39d41d7,15,user_bd05225b,0.838372
user_c41de62b,1,user_fb64cb55,0.852383
user_c41de62b,2,user_8fbb6d9c,0.831928
user_c41de62b,3,user_6bb64984,0.809930
user_c41de62b,4,user_940c7213,0.809802
user_c41de62b,5,user_6011e674,0.804782
user_c41de62b,6,user_b325310b,0.804060
user_c41de62b,7,user_b6b89f00,0.802477
user_c41de62b,8,user_3ac315cb,0.801879
user_c41de62b,9,user_aa2fbe83,0.800979
user_c41de62b,10,user_d10d1f24,0.791109
user_c41de62b,11,user_f8e2246f,0.785602
user_c41de62b,12,user_25b48a9a,0.772469
user_c41de62b,13,user_1b7f8c56,0.771286
user_c41de62b,14,user_417702c5,0.769086
user_c41de62b,15,user_16ac4154,0.768967
user_c4c70447,1,user_cdd86523,0.880962
user_c4c70447,2,user_c39d41d7,0.875170
user_c4c70447,3,user_dbc4828c,0.873825
user_c4c70447,4,user_723406a0,0.866685
user_c4c70447,5,user_a57e47b1,0.865731
user_c4c70447,6,user_c4c70447,0.860322
user_c4c70447,7,user_73f34c5d,0.860047
user_c4c70447,8,user_405db206,0.859140
user_c4c70447,9,user_5881b259,0.858016
user_c4c70447,10,user_03969305,0.851764
user_c4c70447,11,user_69df6330,0.851416
user_c4c70447,12,user_7924afc9,0.849641
user_c4c70447,13,user_2dd5b531,0.847062
user_c4c70447,14,user_2e81a539,0.846856
user_c4c70447,15,user_0eb2abf1,0.845317
user_c50a487d,1,user_c50a487d,0.846553
user_c50a487d,2,user_9a5457b0,0.811247
user_c50a487d,3,user_b63ea1d4,0.800580
user_c50a487d,4,user_02fecea2,0.796503
user_c50a487d,5,user_e8e9acac,0.790662
user_c50a487d,6,user_1a7d6cd5,0.782912
user_c50a487d,7,user_1246b252,0.778895
user_c50a487d,8,user_6c2d672f,0.772458
user_c50a487d,9,user_cbabbcee,0.768234
user_c50a487d,10,user_3b79395c,0.757869
user_c50a487d,11,user_9351238d,0.756647
user_c50a487d,12,user_67acd9b1,0.751557
user_c50a487d,13,user_e0c65725,0.751282
user_c50a487d,14,user_2c69b83e,0.749539
user_c50a487d,15,user_3e284ba5,0.749213
user_c536b01d,1,user_ef954c6e,0.868190
user_c536b01d,2,user_e5a6abbe,0.841814
user_c536b01d,3,user_aabd2642,0.827571
user_c536b01d,4,user_1b7f8c56,0.821063
user_c536b01d,5,user_e6057285,0.819379
user_c536b01d,6,user_c06d9b71,0.819304
user_c536b01d,7,user_5881b259,0.817618
user_c536b01d,8,user_fba6bcd4,0.813916
user_c536b01d,9,user_15179955,0.809805
user_c536b01d,10,user_d1d16d30,0.809228
user_c536b01d,11,user_40a0bad3,0.809181
user_c536b01d,12,user_ebddf9c1,0.804706
user_c536b01d,13,user_b337cb0c,0.801565
user_c536b01d,14,user_bf69de98,0.799649
user_c536b01d,15,user_dc326993,0.797644
user_c59ebe9c,1,user_9a307ebe,0.806206
user_c59ebe9c,2,user_03969305,0.801353
user_c59ebe9c,3,user_3971c3e6,0.795750
user_c59ebe9c,4,user_5c9b579a,0.795338
user_c59ebe9c,5,user_c994138f,0.795005
user_c59ebe9c,6,user_5526cbfd,0.793744
user_c59ebe9c,7,user_586752e4,0.789013
user_c59ebe9c,8,user_df8dc9bb,0.786681
user_c59ebe9c,9,user_885e8708,0.785446
user_c59ebe9c,10,user_8ae8c359,0.782897
user_c59ebe9c,11,user_e59c000f,0.782658
user_c59ebe9c,12,user_d691d016,0.780663
user_c59ebe9c,13,user_8dd20d7f,0.775703
user_c59ebe9c,14,user_96013176,0.775668
user_c59ebe9c,15,user_e6dd44b0,0.775293
user_c5c57a9d,1,user_039d004e,0.863969
user_c5c57a9d,2,user_c67f26cc,0.852863
user_c5c57a9d,3,user_4b139395,0.841232
user_c5c57a9d,4,user_2dd189e3,0.819250
user_c5c57a9d,5,user_91f807b9,0.810667
user_c5c57a9d,6,user_5b698646,0.803961
user_c5c57a9d,7,user_8be3f554,0.801584
user_c5c57a9d,8,user_29cd4556,0.798875
user_c5c57a9d,9,user_b9036662,0.798698
user_c5c57a9d,10,user_2eb5d860,0.797919
user_c5c57a9d,11,user_0cc626ee,0.793169
user_c5c57a9d,12,user_058c1800,0.790731
user_c5c57a9d,13,user_d849ac6e,0.781949
user_c5c57a9d,14,user_91db6e48,0.779198
user_c5c57a9d,15,user_c39d41d7,0.778669
user_c5f32c0d,1,user_636ad58f,0.862687
user_c5f32c0d,2,user_5881b259,0.832318
user_c5f32c0d,3,user_c5f32c0d,0.823694
user_c5f32c0d,4,user_a151ddab,0.820105
user_c5f32c0d,5,user_69df6330,0.816994
user_c5f32c0d,6,user_e8d15537,0.810076
user_c5f32c0d,7,user_5993b36a,0.806734
user_c5f32c0d,8,user_1936a7c3,0.803335
user_c5f32c0d,9,user_bd05225b,0.803042
user_c5f32c0d,10,user_e5a6abbe,0.795421
user_c5f32c0d,11,user_f0cf195f,0.793444
user_c5f32c0d,12,user_c39d41d7,0.793280
user_c5f32c0d,13,user_0898fc4b,0.792986
user_c5f32c0d,14,user_a743aff9,0.792820
user_c5f32c0d,15,user_954805d7,0.786251
user_c60d65b5,1,user_69df6330,0.863520
user_c60d65b5,2,user_f654c33b,0.827065
user_c60d65b5,3,user_e8d15537,0.815506
user_c60d65b5,4,user_5993b36a,0.788456
user_c60d65b5,5,user_e1730a9c,0.784325
user_c60d65b5,6,user_a743aff9,0.783350
user_c60d65b5,7,user_6bf0e007,0.782260
user_c60d65b5,8,user_eb0927d1,0.780219
user_c60d65b5,9,user_2dd5b531,0.778618
user_c60d65b5,10,user_b49274ca,0.774815
user_c60d65b5,11,user_dd1d7b22,0.772112
user_c60d65b5,12,user_1a2755b3,0.770616
user_c60d65b5,13,user_8f39f021,0.770485
user_c60d65b5,14,user_5881b259,0.770270
user_c60d65b5,15,user_91f807b9,0.766354
user_c67f26cc,1,user_c67f26cc,0.828179
user_c67f26cc,2,user_2eb5d860,0.795958
user_c67f26cc,3,user_039d004e,0.776715
user_c67f26cc,4,user_4b139395,0.767087
user_c67f26cc,5,user_2dd189e3,0.766153
user_c67f26cc,6,user_906e2423,0.754258
user_c67f26cc,7,user_efac3c1d,0.752807
user_c67f26cc,8,user_d849ac6e,0.739329
user_c67f26cc,9,user_91f807b9,0.720958
user_c67f26cc,10,user_c5c57a9d,0.696103
user_c67f26cc,11,user_8f8346ad,0.695974
user_c67f26cc,12,user_c96b90fe,0.692089
user_c67f26cc,13,user_9bee2a7c,0.689975
user_c67f26cc,14,user_126670d7,0.689104
user_c67f26cc,15,user_b9036662,0.685742
user_c709e252,1,user_95d648bc,0.839513
user_c709e252,2,user_9ee84e18,0.833572
user_c709e252,3,user_25b48a9a,0.825104
user_c709e252,4,user_417702c5,0.816301
user_c709e252,5,user_1b7f8c56,0.815098
user_c709e252,6,user_058c1800,0.810964
user_c709e252,7,user_fb64cb55,0.805378
user_c709e252,8,user_9dda4af9,0.801053
user_c709e252,9,user_e6dd44b0,0.800774
user_c709e252,10,user_8fbb6d9c,0.796899
user_c709e252,11,user_02fecea2,0.792200
user_c709e252,12,user_03969305,0.791629
user_c709e252,13,user_f8e2246f,0.787207
user_c709e252,14,user_d3663143,0.785071
user_c709e252,15,user_3ac315cb,0.783323
user_c809e3d2,1,user_205d25f3,0.840682
user_c809e3d2,2,user_ba8b1c05,0.815900
user_c809e3d2,3,user_74cfb8ef,0.815184
user_c809e3d2,4,user_d2c97c8e,0.810839
user_c809e3d2,5,user_40efa894,0.797346
user_c809e3d2,6,user_43049634,0.790074
user_c809e3d2,7,user_7c3d63ce,0.789479
user_c809e3d2,8,user_920c074a,0.786969
user_c809e3d2,9,user_98f18241,0.785978
user_c809e3d2,10,user_3049510b,0.785460
user_c809e3d2,11,user_eced69e7,0.784156
user_c809e3d2,12,user_83e45cc0,0.780234
user_c809e3d2,13,user_1936a7c3,0.779429
user_c809e3d2,14,user_2e81a539,0.778315
user_c809e3d2,15,user_500badda,0.774110
user_c81fae29,1,user_29266f60,0.765941
user_c81fae29,2,user_6169d3b8,0.748357
user_c81fae29,3,user_ff39b6cf,0.735317
user_c81fae29,4,user_233fda02,0.734709
user_c81fae29,5,user_a7f8db34,0.724042
user_c81fae29,6,user_858fa00c,0.720900
user_c81fae29,7,user_8e5e899b,0.710605
user_c81fae29,8,user_87e5d9b0,0.709747
user_c81fae29,9,user_e8cdb142,0.698761
user_c81fae29,10,user_107259c3,0.695620
user_c81fae29,11,user_f070eee7,0.694848
user_c81fae29,12,user_07db2c6a,0.693029
user_c81fae29,13,user_9ee84e18,0.689403
user_c81fae29,14,user_c81fae29,0.687292
user_c81fae29,15,user_5fddc7f1,0.684974
user_c883258f,1,user_c883258f,0.862175
user_c883258f,2,user_2c39731d,0.710652
user_c883258f,3,user_22b484cb,0.690683
user_c883258f,4,user_a5d9fab6,0.679021
user_c883258f,5,user_dc20c886,0.664814
user_c883258f,6,user_8e5e899b,0.657207
user_c883258f,7,user_b2f3c0d2,0.654119
user_c883258f,8,user_8afa3eba,0.643553
user_c883258f,9,user_903329bb,0.639163
user_c883258f,10,user_18227c28,0.625808
user_c883258f,11,user_49b1ac46,0.623649
user_c883258f,12,user_e8cdb142,0.615068
user_c883258f,13,user_d7fde080,0.614448
user_c883258f,14,user_87e5d9b0,0.611791
user_c883258f,15,user_87bbc3b5,0.609107
user_c8e749e2,1,user_111cfe7d,0.837530
user_c8e749e2,2,user_b9036662,0.833776
user_c8e749e2,3,user_91db6e48,0.833320
user_c8e749e2,4,user_25b48a9a,0.828968
user_c8e749e2,5,user_54b19b29,0.828153
user_c8e749e2,6,user_c4c70447,0.826372
user_c8e749e2,7,user_91f807b9,0.822810
user_c8e749e2,8,user_d67450a8,0.820581
user_c8e749e2,9,user_cdd86523,0.819475
user_c8e749e2,10,user_3121653d,0.818582
user_c8e749e2,11,user_0a3bcf86,0.814076
user_c8e749e2,12,user_74d27419,0.813850
user_c8e749e2,13,user_423c81dc,0.813412
user_c8e749e2,14,user_f930e37f,0.812579
user_c8e749e2,15,user_5b698646,0.811668
user_c903d3bb,1,user_c903d3bb,0.797847
user_c903d3bb,2,user_13fb2e34,0.791969
user_c903d3bb,3,user_09dea596,0.703362
user_c903d3bb,4,user_b9b94432,0.677868
user_c903d3bb,5,user_cd100edd,0.633281
user_c903d3bb,6,user_52c9252c,0.623388
user_c903d3bb,7,user_53325367,0.619689
user_c903d3bb,8,user_940c7213,0.619419
user_c903d3bb,9,user_c50a487d,0.615763
user_c903d3bb,10,user_03410579,0.614249
user_c903d3bb,11,user_e9d1886c,0.611161
user_c903d3bb,12,user_cbabbcee,0.608453
user_c903d3bb,13,user_a7bfc229,0.598887
user_c903d3bb,14,user_66772d98,0.596218
user_c903d3bb,15,user_70bbda36,0.585291
user_c96b90fe,1,user_d036c911,0.853164
user_c96b90fe,2,user_b6d05d1d,0.821579
user_c96b90fe,3,user_8fe14601,0.801540
user_c96b90fe,4,user_adab54a0,0.801163
user_c96b90fe,5,user_b49274ca,0.799394
user_c96b90fe,6,user_c39d41d7,0.794997
user_c96b90fe,7,user_54b19b29,0.791989
user_c96b90fe,8,user_4db0d490,0.785320
user_c96b90fe,9,user_c2f18cf7,0.783615
user_c96b90fe,10,user_c34e791e,0.782611
user_c96b90fe,11,user_29cd4556,0.780876
user_c96b90fe,12,user_3ff3188b,0.779079
user_c96b90fe,13,user_dd1d7b22,0.778592
user_c96b90fe,14,user_0eb2abf1,0.776170
user_c96b90fe,15,user_f654c33b,0.773206
user_c994138f,1,user_cf393213,0.769706
user_c994138f,2,user_69a4dd06,0.757684
user_c994138f,3,user_96d9cb9a,0.747249
user_c994138f,4,user_9571d0d5,0.745785
user_c994138f,5,user_6bf0e007,0.744532
user_c994138f,6,user_f930e37f,0.743733
user_c994138f,7,user_6fc85c06,0.741718
user_c994138f,8,user_94f185bc,0.741493
user_c994138f,9,user_74d27419,0.739543
user_c994138f,10,user_94cad3a5,0.739199
user_c994138f,11,user_fdc08e26,0.739062
user_c994138f,12,user_2dd5b531,0.738127
user_c994138f,13,user_c4c70447,0.738123
user_c994138f,14,user_b9036662,0.737945
user_c994138f,15,user_1df51301,0.730241
user_caa6a7b6,1,user_cf393213,0.806352
user_caa6a7b6,2,user_caa6a7b6,0.766305
user_caa6a7b6,3,user_89e04335,0.756676
user_caa6a7b6,4,user_cdd86523,0.752212
user_caa6a7b6,5,user_e838707b,0.744720
user_caa6a7b6,6,user_f4f9490d,0.743367
user_caa6a7b6,7,user_96d9cb9a,0.741646
user_caa6a7b6,8,user_32f31383,0.740682
user_caa6a7b6,9,user_84c14a6f,0.738565
user_caa6a7b6,10,user_2e05a7a0,0.734405
user_caa6a7b6,11,user_91f807b9,0.733956
user_caa6a7b6,12,user_4f3b6241,0.731230
user_caa6a7b6,13,user_14a2d3c6,0.729863
user_caa6a7b6,14,user_259776c7,0.724802
user_caa6a7b6,15,user_6bf0e007,0.722400
user_caebed72,1,user_2d74cd4c,0.891133
user_caebed72,2,user_f8e2246f,0.848546
user_caebed72,3,user_b6b89f00,0.836705
user_caebed72,4,user_b325310b,0.833926
user_caebed72,5,user_6bb64984,0.832385
user_caebed72,6,user_8fbb6d9c,0.818672
user_caebed72,7,user_ee89e069,0.809400
user_caebed72,8,user_71b9b8e0,0.805262
user_caebed72,9,user_08aa624b,0.799353
user_caebed72,10,user_99c67f2f,0.795974
user_caebed72,11,user_417702c5,0.793727
user_caebed72,12,user_d3663143,0.786266
user_caebed72,13,user_fb64cb55,0.784008
user_caebed72,14,user_0e685b64,0.777555
user_caebed72,15,user_afff552a,0.773352
user_cb2fe204,1,user_165a2706,0.832102
user_cb2fe204,2,user_5c82df31,0.787381
user_cb2fe204,3,user_f60a09b3,0.787113
user_cb2fe204,4,user_6fc85c06,0.765214
user_cb2fe204,5,user_9ee84e18,0.764483
user_cb2fe204,6,user_e59c000f,0.755289
user_cb2fe204,7,user_a4a77a7d,0.753866
user_cb2fe204,8,user_6a13946a,0.752786
user_cb2fe204,9,user_0cc626ee,0.751515
user_cb2fe204,10,user_4b139395,0.751161
user_cb2fe204,11,user_e8a7be73,0.750779
user_cb2fe204,12,user_8e97a154,0.748287
user_cb2fe204,13,user_83afc7b2,0.747334
user_cb2fe204,14,user_5a6f92a6,0.745169
user_cb2fe204,15,user_38433566,0.739932
user_cb8245f7,1,user_f030b951,0.838412
user_cb8245f7,2,user_02016939,0.826987
user_cb8245f7,3,user_81c4dae1,0.824059
user_cb8245f7,4,user_0e408c4a,0.809167
user_cb8245f7,5,user_70bbda36,0.808306
user_cb8245f7,6,user_3ff3188b,0.807016
user_cb8245f7,7,user_40efa894,0.801903
user_cb8245f7,8,user_c34e791e,0.800697
user_cb8245f7,9,user_04f39d22,0.800271
user_cb8245f7,10,user_0ff0b922,0.797019
user_cb8245f7,11,user_bd19a016,0.794159
user_cb8245f7,12,user_2efde048,0.790869
user_cb8245f7,13,user_7de6f343,0.790172
user_cb8245f7,14,user_2920b35e,0.789669
user_cb8245f7,15,user_6476648d,0.789586
user_cdd86523,1,user_cdd86523,0.787572
user_cdd86523,2,user_cf393213,0.781502
user_cdd86523,3,user_259776c7,0.721794
user_cdd86523,4,user_b350e22b,0.718831
user_cdd86523,5,user_ba4a78fc,0.717791
user_cdd86523,6,user_6fbf6191,0.716884
user_cdd86523,7,user_a6c2e760,0.708504
user_cdd86523,8,user_f930e37f,0.707294
user_cdd86523,9,user_c8f82360,0.707229
user_cdd86523,10,user_07ec3726,0.706944
user_cdd86523,11,user_cbabbcee,0.703949
user_cdd86523,12,user_8dd20d7f,0.699061
user_cdd86523,13,user_e838707b,0.698932
user_cdd86523,14,user_c4c70447,0.698343
user_cdd86523,15,user_8be3f554,0.698163
user_cf393213,1,user_3049510b,0.790308
user_cf393213,2,user_7f56f9a5,0.786853
user_cf393213,3,user_bbe73426,0.769717
user_cf393213,4,user_1f1dc5e0,0.763938
user_cf393213,5,user_38dc2894,0.763838
user_cf393213,6,user_3ae49e46,0.759645
user_cf393213,7,user_394c25cc,0.751959
user_cf393213,8,user_f51339f8,0.747474
user_cf393213,9,user_205d25f3,0.742672
user_cf393213,10,user_dc326993,0.741293
user_cf393213,11,user_1936a7c3,0.738814
user_cf393213,12,user_e6057285,0.736381
user_cf393213,13,user_6d071251,0.732999
user_cf393213,14,user_4e800fa1,0.732120
user_cf393213,15,user_7bbd1543,0.730698
user_d023a78e,1,user_d023a78e,0.777572
user_d023a78e,2,user_fb64cb55,0.708029
user_d023a78e,3,user_59e8bc2a,0.684538
user_d023a78e,4,user_6011e674,0.669668
user_d023a78e,5,user_9ee84e18,0.666317
user_d023a78e,6,user_835666af,0.650015
user_d023a78e,7,user_737dd050,0.643822
user_d023a78e,8,user_903329bb,0.633551
user_d023a78e,9,user_c41de62b,0.623389
user_d023a78e,10,user_25b48a9a,0.623259
user_d023a78e,11,user_165a2706,0.621444
user_d023a78e,12,user_0cc626ee,0.618066
user_d023a78e,13,user_417702c5,0.618014
user_d023a78e,14,user_ba4a78fc,0.616011
user_d023a78e,15,user_d10d1f24,0.611720
user_d036c911,1,user_3ff3188b,0.821357
user_d036c911,2,user_9a307ebe,0.816691
user_d036c911,3,user_dae4304f,0.814804
user_d036c911,4,user_b63ea1d4,0.813828
user_d036c911,5,user_f030b951,0.810371
user_d036c911,6,user_b4214db6,0.809473
user_d036c911,7,user_54c1ebee,0.802736
user_d036c911,8,user_daf37424,0.801522
user_d036c911,9,user_81c4dae1,0.800371
user_d036c911,10,user_2c69b83e,0.799182
user_d036c911,11,user_586752e4,0.798680
user_d036c911,12,user_91db6e48,0.797029
user_d036c911,13,user_7b5f54c0,0.796296
user_d036c911,14,user_3b79395c,0.795473
user_d036c911,15,user_e696f3ae,0.791448
user_d074356a,1,user_397cfe20,0.652277
user_d074356a,2,user_c0392523,0.516915
user_d074356a,3,user_b8f24804,0.464582
user_d074356a,4,user_fa69a385,0.453079
user_d074356a,5,user_9b6481e4,0.433005
user_d074356a,6,user_ebe17c78,0.416738
user_d074356a,7,user_815b7baf,0.413477
user_d074356a,8,user_0bd8ba7c,0.407714
user_d074356a,9,user_9818dcae,0.407237
user_d074356a,10,user_8a3bbeb2,0.395664
user_d074356a,11,user_4e42bf97,0.393224
user_d074356a,12,user_2c3eb234,0.392580
user_d074356a,13,user_c1a70ab7,0.389390
user_d074356a,14,user_3666402b,0.388637
user_d074356a,15,user_94f4a027,0.387375
user_d10d1f24,1,user_b325310b,0.872911
user_d10d1f24,2,user_1b7f8c56,0.841463
user_d10d1f24,3,user_940c7213,0.840306
user_d10d1f24,4,user_2cb4b018,0.820606
user_d10d1f24,5,user_6011e674,0.813642
user_d10d1f24,6,user_95d648bc,0.813505
user_d10d1f24,7,user_d3663143,0.809978
user_d10d1f24,8,user_e838707b,0.806713
user_d10d1f24,9,user_f8e2246f,0.806214
user_d10d1f24,10,user_9e39a95d,0.802257
user_d10d1f24,11,user_aabd2642,0.800185
user_d10d1f24,12,user_00723699,0.799945
user_d10d1f24,13,user_d10d1f24,0.799932
user_d10d1f24,14,user_2d74cd4c,0.799065
user_d10d1f24,15,user_3ac315cb,0.798244
user_d14b7d7b,1,user_586752e4,0.817514
user_d14b7d7b,2,user_70bbda36,0.812663
user_d14b7d7b,3,user_02016939,0.801048
user_d14b7d7b,4,user_737dd050,0.797787
user_d14b7d7b,5,user_8e97a154,0.796352
user_d14b7d7b,6,user_107259c3,0.793566
user_d14b7d7b,7,user_ded778b8,0.780800
user_d14b7d7b,8,user_147d1bbb,0.778306
user_d14b7d7b,9,user_9a307ebe,0.773589
user_d14b7d7b,10,user_54c1ebee,0.773409
user_d14b7d7b,11,user_df8dc9bb,0.772573
user_d14b7d7b,12,user_e696f3ae,0.768878
user_d14b7d7b,13,user_e802076d,0.765680
user_d14b7d7b,14,user_c994138f,0.764579
user_d14b7d7b,15,user_5a6f92a6,0.764123
user_d1d16d30,1,user_d1d16d30,0.832497
user_d1d16d30,2,user_caa6a7b6,0.816516
user_d1d16d30,3,user_9c5071dd,0.811053
user_d1d16d30,4,user_f51339f8,0.782078
user_d1d16d30,5,user_1a2755b3,0.780850
user_d1d16d30,6,user_9d786aa8,0.775551
user_d1d16d30,7,user_e6057285,0.769125
user_d1d16d30,8,user_c06d9b71,0.762177
user_d1d16d30,9,user_ebddf9c1,0.761648
user_d1d16d30,10,user_bd6a40d5,0.761272
user_d1d16d30,11,user_a8c2208d,0.760360
user_d1d16d30,12,user_a743aff9,0.759524
user_d1d16d30,13,user_5a283043,0.758819
user_d1d16d30,14,user_5881b259,0.749098
user_d1d16d30,15,user_80dc757f,0.748404
user_d2c97c8e,1,user_7f56f9a5,0.828203
user_d2c97c8e,2,user_205d25f3,0.789740
user_d2c97c8e,3,user_7c3d63ce,0.786636
user_d2c97c8e,4,user_f51339f8,0.779416
user_d2c97c8e,5,user_7b052f32,0.771997
user_d2c97c8e,6,user_93cdb7a1,0.767633
user_d2c97c8e,7,user_7bbd1543,0.764553
user_d2c97c8e,8,user_a7b901f2,0.763722
user_d2c97c8e,9,user_d2c97c8e,0.762909
user_d2c97c8e,10,user_82c86537,0.760984
user_d2c97c8e,11,user_3049510b,0.760526
user_d2c97c8e,12,user_eced69e7,0.756501
user_d2c97c8e,13,user_e6057285,0.753697
user_d2c97c8e,14,user_dca78fea,0.750217
user_d2c97c8e,15,user_e2e59795,0.746353
user_d4b7e22e,1,user_efa5697b,0.794438
user_d4b7e22e,2,user_d4b7e22e,0.757618
user_d4b7e22e,3,user_3eb49f37,0.727050
user_d4b7e22e,4,user_7d944883,0.717225
user_d4b7e22e,5,user_ab30f0fb,0.701036
user_d4b7e22e,6,user_7322f4ef,0.700586
user_d4b7e22e,7,user_ed3091a2,0.697302
user_d4b7e22e,8,user_e4f8ab0c,0.689562
user_d4b7e22e,9,user_058d9dc1,0.687634
user_d4b7e22e,10,user_dac2c359,0.662092
user_d4b7e22e,11,user_9ee84e18,0.660660
user_d4b7e22e,12,user_903329bb,0.653089
user_d4b7e22e,13,user_233fda02,0.644516
user_d4b7e22e,14,user_858fa00c,0.637064
user_d4b7e22e,15,user_e8cdb142,0.636910
user_d50d7985,1,user_70bbda36,0.789765
user_d50d7985,2,user_d50d7985,0.772484
user_d50d7985,3,user_19641691,0.765997
user_d50d7985,4,user_ded778b8,0.765685
user_d50d7985,5,user_66772d98,0.756535
user_d50d7985,6,user_baeb91b3,0.745687
user_d50d7985,7,user_586752e4,0.736516
user_d50d7985,8,user_d4c7b4c0,0.729312
user_d50d7985,9,user_364bb955,0.728417
user_d50d7985,10,user_3bc84c13,0.719045
user_d50d7985,11,user_b0129d9e,0.717713
user_d50d7985,12,user_e802076d,0.717112
user_d50d7985,13,user_81a80789,0.712700
user_d50d7985,14,user_0d32f0ed,0.707275
user_d50d7985,15,user_147d1bbb,0.707228
user_d5d4fc6e,1,user_b2f3c0d2,0.656207
user_d5d4fc6e,2,user_9b517815,0.655208
user_d5d4fc6e,3,user_823846de,0.651399
user_d5d4fc6e,4,user_49b1ac46,0.643363
user_d5d4fc6e,5,user_7d944883,0.626102
user_d5d4fc6e,6,user_a5d9fab6,0.625917
user_d5d4fc6e,7,user_2c39731d,0.624027
user_d5d4fc6e,8,user_d4b7e22e,0.611100
user_d5d4fc6e,9,user_6a28fa5d,0.602072
user_d5d4fc6e,10,user_d0a0f883,0.601737
user_d5d4fc6e,11,user_903329bb,0.598363
user_d5d4fc6e,12,user_1bcbacb3,0.594153
user_d5d4fc6e,13,user_98a676ce,0.591027
user_d5d4fc6e,14,user_9f6180c4,0.589473
user_d5d4fc6e,15,user_6058434c,0.589202
user_d761140c,1,user_a4aab257,0.733578
user_d761140c,2,user_4e42bf97,0.730521
user_d761140c,3,user_d14b7d7b,0.704964
user_d761140c,4,user_c32db875,0.678034
user_d761140c,5,user_4bf6a4a0,0.660496
user_d761140c,6,user_d20928cc,0.658972
user_d761140c,7,user_650da71b,0.645013
user_d761140c,8,user_bbb0205e,0.643227
user_d761140c,9,user_2c3eb234,0.643225
user_d761140c,10,user_24668d84,0.642582
user_d761140c,11,user_b1c16312,0.641818
user_d761140c,12,user_126670d7,0.641123
user_d761140c,13,user_b429ec64,0.632186
user_d761140c,14,user_b2dd04c8,0.614140
user_d761140c,15,user_f6c0aefc,0.611770
user_d849ac6e,1,user_69df6330,0.859304
user_d849ac6e,2,user_adab54a0,0.842139
user_d849ac6e,3,user_7924afc9,0.840765
user_d849ac6e,4,user_e8d15537,0.829133
user_d849ac6e,5,user_3f2fbc90,0.825365
user_d849ac6e,6,user_4db0d490,0.824541
user_d849ac6e,7,user_b49274ca,0.824178
user_d849ac6e,8,user_8a760553,0.818907
user_d849ac6e,9,user_a1aa757b,0.818814
user_d849ac6e,10,user_5881b259,0.818164
user_d849ac6e,11,user_c39d41d7,0.817784
user_d849ac6e,12,user_15179955,0.815816
user_d849ac6e,13,user_c35d6565,0.811145
user_d849ac6e,14,user_c5f32c0d,0.810676
user_d849ac6e,15,user_40a0bad3,0.807579
user_d955d7e2,1,user_7d6962d9,0.618909
user_d955d7e2,2,user_0dfb7397,0.594267
user_d955d7e2,3,user_d955d7e2,0.590561
user_d955d7e2,4,user_79a1811b,0.560889
user_d955d7e2,5,user_33f2a818,0.558705
user_d955d7e2,6,user_b45d0d20,0.556989
user_d955d7e2,7,user_51779823,0.553969
user_d955d7e2,8,user_c6f50d12,0.551110
user_d955d7e2,9,user_b2dd04c8,0.542102
user_d955d7e2,10,user_91f807b9,0.539558
user_d955d7e2,11,user_18522854,0.512271
user_d955d7e2,12,user_0f006eec,0.502609
user_d955d7e2,13,user_89e04335,0.500771
user_d955d7e2,14,user_aae78e0d,0.499736
user_d955d7e2,15,user_829844fd,0.497951
user_da51dede,1,user_83afc7b2,0.796650
user_da51dede,2,user_81c4dae1,0.791230
user_da51dede,3,user_db4c3fb9,0.783207
user_da51dede,4,user_da51dede,0.781204
user_da51dede,5,user_3ff88cf0,0.772820
user_da51dede,6,user_500badda,0.772304
user_da51dede,7,user_ae306850,0.770164
user_da51dede,8,user_79f38f6d,0.769180
user_da51dede,9,user_1fb8e9e5,0.768575
user_da51dede,10,user_5b714afd,0.767827
user_da51dede,11,user_ef954c6e,0.767289
user_da51dede,12,user_40efa894,0.766658
user_da51dede,13,user_38433566,0.765851
user_da51dede,14,user_df8dc9bb,0.765827
user_da51dede,15,user_0898fc4b,0.763178
user_dac2c359,1,user_dac2c359,0.873851
user_dac2c359,2,user_ab30f0fb,0.768946
user_dac2c359,3,user_0669bdf6,0.768892
user_dac2c359,4,user_14a2d3c6,0.767081
user_dac2c359,5,user_a4a77a7d,0.760650
user_dac2c359,6,user_efa5697b,0.758349
user_dac2c359,7,user_60a65d98,0.748835
user_dac2c359,8,user_058d9dc1,0.739219
user_dac2c359,9,user_d758a0a1,0.726134
user_dac2c359,10,user_5ac1a174,0.722186
user_dac2c359,11,user_3f2fbc90,0.716886
user_dac2c359,12,user_bd05225b,0.715425
user_dac2c359,13,user_636ad58f,0.714880
user_dac2c359,14,user_d6a91e61,0.714694
user_dac2c359,15,user_b5af9db9,0.710170
user_daf37424,1,user_54b19b29,0.875612
user_daf37424,2,user_ec574395,0.837746
user_daf37424,3,user_2dd5b531,0.837528
user_daf37424,4,user_c34e791e,0.837162
user_daf37424,5,user_fde2d265,0.830965
user_daf37424,6,user_cdd86523,0.827533
user_daf37424,7,user_03969305,0.824318
user_daf37424,8,user_111cfe7d,0.821390
user_daf37424,9,user_cf393213,0.818625
user_daf37424,10,user_c4c70447,0.815463
user_daf37424,11,user_e1730a9c,0.809518
user_daf37424,12,user_b9036662,0.806858
user_daf37424,13,user_6bf0e007,0.806697
user_daf37424,14,user_f930e37f,0.803839
user_daf37424,15,user_8f8346ad,0.801926
user_db4c3fb9,1,user_db4c3fb9,0.863429
user_db4c3fb9,2,user_74e32d78,0.815827
user_db4c3fb9,3,user_43049634,0.813890
user_db4c3fb9,4,user_500badda,0.812525
user_db4c3fb9,5,user_ae306850,0.810378
user_db4c3fb9,6,user_cc1c8897,0.809224
user_db4c3fb9,7,user_3ff88cf0,0.807151
user_db4c3fb9,8,user_0c578ab5,0.804009
user_db4c3fb9,9,user_40efa894,0.803000
user_db4c3fb9,10,user_b9d253e8,0.799018
user_db4c3fb9,11,user_b563e90b,0.794415
user_db4c3fb9,12,user_62b122b9,0.787564
user_db4c3fb9,13,user_da51dede,0.785371
user_db4c3fb9,14,user_81c4dae1,0.784459
user_db4c3fb9,15,user_0898fc4b,0.781677
user_dbbf562e,1,user_67acd9b1,0.773078
user_dbbf562e,2,user_4a57e449,0.763067
user_dbbf562e,3,user_9b6481e4,0.755294
user_dbbf562e,4,user_07ec3726,0.736877
user_dbbf562e,5,user_ffe2efae,0.734230
user_dbbf562e,6,user_ab86ab82,0.723027
user_dbbf562e,7,user_9571d0d5,0.718434
user_dbbf562e,8,user_3bc84c13,0.717080
user_dbbf562e,9,user_3f2894b5,0.716087
user_dbbf562e,10,user_b2aba63a,0.712239
user_dbbf562e,11,user_e8e9acac,0.710343
user_dbbf562e,12,user_f930e37f,0.707041
user_dbbf562e,13,user_8006727d,0.705606
user_dbbf562e,14,user_9a5457b0,0.702942
user_dbbf562e,15,user_89e04335,0.701332
user_dc326993,1,user_55058479,0.774427
user_dc326993,2,user_2e05a7a0,0.774058
user_dc326993,3,user_a0f5ae47,0.733855
user_dc326993,4,user_3f2894b5,0.732566
user_dc326993,5,user_126670d7,0.728300
user_dc326993,6,user_ab86ab82,0.726691
user_dc326993,7,user_8f8346ad,0.725410
user_dc326993,8,user_91f807b9,0.721566
user_dc326993,9,user_164fe4b8,0.719003
user_dc326993,10,user_ee8d5ec5,0.716048
user_dc326993,11,user_e8e9acac,0.708927
user_dc326993,12,user_5159d3a1,0.706667
user_dc326993,13,user_f43d6008,0.704566
user_dc326993,14,user_18522854,0.704178
user_dc326993,15,user_9bee2a7c,0.701569
user_dc32d458,1,user_032e5bc8,0.818739
user_dc32d458,2,user_25798310,0.800066
user_dc32d458,3,user_0669bdf6,0.795739
user_dc32d458,4,user_bd05225b,0.793573
user_dc32d458,5,user_81a80789,0.790021
user_dc32d458,6,user_226be32f,0.780916
user_dc32d458,7,user_6169d3b8,0.775431
user_dc32d458,8,user_7b5f54c0,0.771447
user_dc32d458,9,user_c5f32c0d,0.771096
user_dc32d458,10,user_5b714afd,0.770549
user_dc32d458,11,user_0cc626ee,0.767549
user_dc32d458,12,user_147d1bbb,0.764139
user_dc32d458,13,user_88b2faba,0.763768
user_dc32d458,14,user_f27da10a,0.763488
user_dc32d458,15,user_166a3647,0.763354
user_dca78fea,1,user_dca78fea,0.827507
user_dca78fea,2,user_0c578ab5,0.814819
user_dca78fea,3,user_f0cf195f,0.788698
user_dca78fea,4,user_a01f16ac,0.780872
user_dca78fea,5,user_1a2755b3,0.779911
user_dca78fea,6,user_e802076d,0.779089
user_dca78fea,7,user_7aa3746b,0.778927
user_dca78fea,8,user_b5af9db9,0.775532
user_dca78fea,9,user_2920b35e,0.774580
user_dca78fea,10,user_e6dd44b0,0.774035
user_dca78fea,11,user_5881b259,0.773832
user_dca78fea,12,user_bd19a016,0.768502
user_dca78fea,13,user_d1d16d30,0.768080
user_dca78fea,14,user_fa60616d,0.766643
user_dca78fea,15,user_f030b951,0.766503
user_dd0bd02d,1,user_723406a0,0.863027
user_dd0bd02d,2,user_8d22714e,0.856712
user_dd0bd02d,3,user_d955d7e2,0.855257
user_dd0bd02d,4,user_b4214db6,0.809220
user_dd0bd02d,5,user_91f807b9,0.808744
user_dd0bd02d,6,user_884ffdb2,0.794855
user_dd0bd02d,7,user_858fa00c,0.783301
user_dd0bd02d,8,user_0e82fe11,0.780986
user_dd0bd02d,9,user_4b139395,0.778363
user_dd0bd02d,10,user_5881b259,0.777803
user_dd0bd02d,11,user_0cc626ee,0.774839
user_dd0bd02d,12,user_f27da10a,0.774021
user_dd0bd02d,13,user_ed3091a2,0.773983
user_dd0bd02d,14,user_c39d41d7,0.773907
user_dd0bd02d,15,user_9351238d,0.771882
user_df8dc9bb,1,user_67acd9b1,0.812939
user_df8dc9bb,2,user_f930e37f,0.798395
user_df8dc9bb,3,user_9bee2a7c,0.790922
user_df8dc9bb,4,user_07ec3726,0.788183
user_df8dc9bb,5,user_2e05a7a0,0.781897
user_df8dc9bb,6,user_9a5457b0,0.773000
user_df8dc9bb,7,user_25b48a9a,0.768072
user_df8dc9bb,8,user_8be3f554,0.762495
user_df8dc9bb,9,user_16ac4154,0.758354
user_df8dc9bb,10,user_4a57e449,0.756130
user_df8dc9bb,11,user_69a4dd06,0.754956
user_df8dc9bb,12,user_8006727d,0.752260
user_df8dc9bb,13,user_03969305,0.752122
user_df8dc9bb,14,user_e8e9acac,0.750854
user_df8dc9bb,15,user_d67450a8,0.748120
user_dffc0da5,1,user_a01f16ac,0.838824
user_dffc0da5,2,user_e6057285,0.829137
user_dffc0da5,3,user_5993b36a,0.825710
user_dffc0da5,4,user_c008345b,0.825336
user_dffc0da5,5,user_f0cf195f,0.824032
user_dffc0da5,6,user_eb0927d1,0.822239
user_dffc0da5,7,user_bd05225b,0.820937
user_dffc0da5,8,user_5a6f92a6,0.814829
user_dffc0da5,9,user_5881b259,0.814732
user_dffc0da5,10,user_83afc7b2,0.811547
user_dffc0da5,11,user_18892460,0.808079
user_dffc0da5,12,user_147d1bbb,0.807902
user_dffc0da5,13,user_e59c000f,0.806438
user_dffc0da5,14,user_df8dc9bb,0.804695
user_dffc0da5,15,user_aa2fbe83,0.803918
user_e0c65725,1,user_e802076d,0.834850
user_e0c65725,2,user_c5f32c0d,0.834511
user_e0c65725,3,user_bd05225b,0.833880
user_e0c65725,4,user_5881b259,0.822625
user_e0c65725,5,user_54c1ebee,0.822156
user_e0c65725,6,user_df8dc9bb,0.819384
user_e0c65725,7,user_2c69b83e,0.817557
user_e0c65725,8,user_cbabbcee,0.817197
user_e0c65725,9,user_03969305,0.814213
user_e0c65725,10,user_636ad58f,0.813513
user_e0c65725,11,user_147d1bbb,0.811121
user_e0c65725,12,user_5526cbfd,0.808569
user_e0c65725,13,user_dbc4828c,0.808069
user_e0c65725,14,user_3239132f,0.807770
user_e0c65725,15,user_c39d41d7,0.807430
user_e10c98bb,1,user_e838707b,0.818795
user_e10c98bb,2,user_cf393213,0.748991
user_e10c98bb,3,user_8be3f554,0.734717
user_e10c98bb,4,user_c8f82360,0.730267
user_e10c98bb,5,user_ab86ab82,0.719142
user_e10c98bb,6,user_efcacf59,0.718888
user_e10c98bb,7,user_ba4a78fc,0.717005
user_e10c98bb,8,user_96d9cb9a,0.713050
user_e10c98bb,9,user_2e05a7a0,0.710576
user_e10c98bb,10,user_8f8346ad,0.696663
user_e10c98bb,11,user_5159d3a1,0.696138
user_e10c98bb,12,user_89e04335,0.696034
user_e10c98bb,13,user_74d27419,0.695916
user_e10c98bb,14,user_d849ac6e,0.692051
user_e10c98bb,15,user_ee8d5ec5,0.688897
user_e14b88a8,1,user_e14b88a8,0.842528
user_e14b88a8,2,user_2e81a539,0.796425
user_e14b88a8,3,user_59d9db83,0.749769
user_e14b88a8,4,user_7a8f7f3e,0.734937
user_e14b88a8,5,user_4144252d,0.734316
user_e14b88a8,6,user_f10e7063,0.724905
user_e14b88a8,7,user_d758a0a1,0.724062
user_e14b88a8,8,user_5c9b579a,0.722598
user_e14b88a8,9,user_bd05225b,0.722472
user_e14b88a8,10,user_147d1bbb,0.721894
user_e14b88a8,11,user_1246b252,0.719691
user_e14b88a8,12,user_920c074a,0.709196
user_e14b88a8,13,user_03410579,0.706204
user_e14b88a8,14,user_36d44add,0.701988
user_e14b88a8,15,user_5993b36a,0.700970
user_e1730a9c,1,user_e1730a9c,0.820763
user_e1730a9c,2,user_ec574395,0.714651
user_e1730a9c,3,user_f43d6008,0.712487
user_e1730a9c,4,user_8f8346ad,0.701194
user_e1730a9c,5,user_0b5c256a,0.701065
user_e1730a9c,6,user_b49274ca,0.700653
user_e1730a9c,7,user_74d27419,0.694261
user_e1730a9c,8,user_6fbf6191,0.686607
user_e1730a9c,9,user_0a3bcf86,0.673795
user_e1730a9c,10,user_a8dc91a3,0.670739
user_e1730a9c,11,user_2dd5b531,0.669494
user_e1730a9c,12,user_69df6330,0.668152
user_e1730a9c,13,user_111cfe7d,0.665688
user_e1730a9c,14,user_94f185bc,0.665198
user_e1730a9c,15,user_5d1b0daf,0.664344
user_e409a56d,1,user_e409a56d,0.898751
user_e409a56d,2,user_7de6f343,0.882511
user_e409a56d,3,user_04f39d22,0.872612
user_e409a56d,4,user_58bfeaad,0.868792
user_e409a56d,5,user_421ae417,0.864343
user_e409a56d,6,user_a3a4a20a,0.858309
user_e409a56d,7,user_74cfb8ef,0.852197
user_e409a56d,8,user_6fa47d61,0.849348
user_e409a56d,9,user_b1a5a37e,0.848325
user_e409a56d,10,user_e6dd44b0,0.846925
user_e409a56d,11,user_53b85563,0.836719
user_e409a56d,12,user_c34e791e,0.835703
user_e409a56d,13,user_6d421600,0.835531
user_e409a56d,14,user_81c4dae1,0.834947
user_e409a56d,15,user_b2aba63a,0.832030
user_e4ab67b6,1,user_a2c3ed1f,0.732207
user_e4ab67b6,2,user_e4ab67b6,0.724114
user_e4ab67b6,3,user_2c39731d,0.681031
user_e4ab67b6,4,user_a5d9fab6,0.613645
user_e4ab67b6,5,user_87bbc3b5,0.605852
user_e4ab67b6,6,user_8e5e899b,0.581815
user_e4ab67b6,7,user_78eff25f,0.559182
user_e4ab67b6,8,user_8afa3eba,0.552408
user_e4ab67b6,9,user_dc20c886,0.549938
user_e4ab67b6,10,user_87e5d9b0,0.538996
user_e4ab67b6,11,user_ecd7b02a,0.538179
user_e4ab67b6,12,user_b628264a,0.537675
user_e4ab67b6,13,user_dcf52d26,0.536371
user_e4ab67b6,14,user_37cd2dc9,0.522789
user_e4ab67b6,15,user_ff39b6cf,0.521337
user_e4f8ab0c,1,user_e4f8ab0c,0.876543
user_e4f8ab0c,2,user_858fa00c,0.759231
user_e4f8ab0c,3,user_efa5697b,0.749210
user_e4f8ab0c,4,user_0e82fe11,0.747185
user_e4f8ab0c,5,user_9ee84e18,0.744908
user_e4f8ab0c,6,user_56980aa9,0.741846
user_e4f8ab0c,7,user_0669bdf6,0.737229
user_e4f8ab0c,8,user_0cc626ee,0.736521
user_e4f8ab0c,9,user_c4c70447,0.731243
user_e4f8ab0c,10,user_058d9dc1,0.730897
user_e4f8ab0c,11,user_4f3b6241,0.730825
user_e4f8ab0c,12,user_ed3091a2,0.729468
user_e4f8ab0c,13,user_e8d15537,0.727803
user_e4f8ab0c,14,user_ab30f0fb,0.720555
user_e4f8ab0c,15,user_233fda02,0.719366
user_e51692a6,1,user_3971c3e6,0.814980
user_e51692a6,2,user_70bbda36,0.813972
user_e51692a6,3,user_02016939,0.808401
user_e51692a6,4,user_bd47000f,0.806044
user_e51692a6,5,user_83afc7b2,0.792603
user_e51692a6,6,user_e6057285,0.788720
user_e51692a6,7,user_147d1bbb,0.787120
user_e51692a6,8,user_500badda,0.785935
user_e51692a6,9,user_54c1ebee,0.783789
user_e51692a6,10,user_6169d3b8,0.782894
user_e51692a6,11,user_fcf93ee8,0.780639
user_e51692a6,12,user_df8dc9bb,0.780563
user_e51692a6,13,user_c5f32c0d,0.779630
user_e51692a6,14,user_38433566,0.777693
user_e51692a6,15,user_586752e4,0.776828
user_e59c000f,1,user_f5fea76f,0.728622
user_e59c000f,2,user_eda37c14,0.708846
user_e59c000f,3,user_e59c000f,0.707286
user_e59c000f,4,user_22adb798,0.703241
user_e59c000f,5,user_92fe4471,0.688250
user_e59c000f,6,user_979ee068,0.663897
user_e59c000f,7,user_9fc3c829,0.642209
user_e59c000f,8,user_a151ddab,0.641457
user_e59c000f,9,user_ff591131,0.641298
user_e59c000f,10,user_d2bd9832,0.639041
user_e59c000f,11,user_b350e22b,0.635053
user_e59c000f,12,user_5c82df31,0.629745
user_e59c000f,13,user_f10e7063,0.623883
user_e59c000f,14,user_61f90240,0.621888
user_e59c000f,15,user_126670d7,0.621350
user_e5f67397,1,user_9fe4e0f5,0.661689
user_e5f67397,2,user_17054ec7,0.637529
user_e5f67397,3,user_1022be44,0.627328
user_e5f67397,4,user_e5f67397,0.624435
user_e5f67397,5,user_3353b96b,0.620694
user_e5f67397,6,user_c81fae29,0.606265
user_e5f67397,7,user_9c88ee3d,0.598677
user_e5f67397,8,user_4a40c36a,0.597268
user_e5f67397,9,user_a5e548ce,0.595784
user_e5f67397,10,user_372cb75b,0.590510
user_e5f67397,11,user_687feee4,0.589831
user_e5f67397,12,user_baeb91b3,0.589792
user_e5f67397,13,user_ab434739,0.589587
user_e5f67397,14,user_76638121,0.588231
user_e5f67397,15,user_1ae8e7f5,0.586337
user_e64d80ba,1,user_e64d80ba,0.869316
user_e64d80ba,2,user_b4f295b3,0.824621
user_e64d80ba,3,user_0ff0b922,0.814019
user_e64d80ba,4,user_2b79ef0b,0.733593
user_e64d80ba,5,user_107259c3,0.721384
user_e64d80ba,6,user_b2aba63a,0.714544
user_e64d80ba,7,user_ba085464,0.712269
user_e64d80ba,8,user_ded778b8,0.708927
user_e64d80ba,9,user_ea67f9c6,0.704997
user_e64d80ba,10,user_9a5457b0,0.703746
user_e64d80ba,11,user_70bbda36,0.701570
user_e64d80ba,12,user_500badda,0.700854
user_e64d80ba,13,user_226be32f,0.697673
user_e64d80ba,14,user_3b79395c,0.694256
user_e64d80ba,15,user_fcf93ee8,0.692151
user_e6dd44b0,1,user_8be3f554,0.749884
user_e6dd44b0,2,user_67acd9b1,0.735373
user_e6dd44b0,3,user_9a307ebe,0.712441
user_e6dd44b0,4,user_a3a4a20a,0.712372
user_e6dd44b0,5,user_9571d0d5,0.707581
user_e6dd44b0,6,user_cda36a95,0.706070
user_e6dd44b0,7,user_f930e37f,0.705912
user_e6dd44b0,8,user_96013176,0.705654
user_e6dd44b0,9,user_b2aba63a,0.704007
user_e6dd44b0,10,user_65d73ac1,0.703827
user_e6dd44b0,11,user_e5a6abbe,0.702817
user_e6dd44b0,12,user_c4c70447,0.702124
user_e6dd44b0,13,user_efb27a8e,0.701410
user_e6dd44b0,14,user_ab86ab82,0.698371
user_e6dd44b0,15,user_04f39d22,0.694423
user_e7a55eac,1,user_1936a7c3,0.829070
user_e7a55eac,2,user_a01f16ac,0.823465
user_e7a55eac,3,user_920c074a,0.821702
user_e7a55eac,4,user_bd05225b,0.820951
user_e7a55eac,5,user_df8dc9bb,0.818964
user_e7a55eac,6,user_7f56f9a5,0.817837
user_e7a55eac,7,user_54c1ebee,0.816430
user_e7a55eac,8,user_b605d5c9,0.812278
user_e7a55eac,9,user_5881b259,0.810198
user_e7a55eac,10,user_c5f32c0d,0.809652
user_e7a55eac,11,user_5993b36a,0.801686
user_e7a55eac,12,user_e6057285,0.801365
user_e7a55eac,13,user_83afc7b2,0.801260
user_e7a55eac,14,user_147d1bbb,0.799802
user_e7a55eac,15,user_2e81a539,0.799432
user_e802076d,1,user_65d73ac1,0.796206
user_e802076d,2,user_4a57e449,0.783773
user_e802076d,3,user_e802076d,0.777916
user_e802076d,4,user_d67450a8,0.769695
user_e802076d,5,user_fde2d265,0.766725
user_e802076d,6,user_cdd86523,0.751343
user_e802076d,7,user_9d65649f,0.736961
user_e802076d,8,user_79f04645,0.736631
user_e802076d,9,user_a8dc91a3,0.736275
user_e802076d,10,user_259776c7,0.733069
user_e802076d,11,user_111cfe7d,0.730908
user_e802076d,12,user_29cd4556,0.728143
user_e802076d,13,user_ab86ab82,0.724417
user_e802076d,14,user_4db0d490,0.724327
user_e802076d,15,user_2b03934e,0.718947
user_e838707b,1,user_205d25f3,0.845127
user_e838707b,2,user_bbe73426,0.800456
user_e838707b,3,user_1b7f8c56,0.795812
user_e838707b,4,user_ef954c6e,0.795037
user_e838707b,5,user_1936a7c3,0.794953
user_e838707b,6,user_95d648bc,0.789452
user_e838707b,7,user_3049510b,0.787513
user_e838707b,8,user_bf69de98,0.785868
user_e838707b,9,user_1f1dc5e0,0.777244
user_e838707b,10,user_27a3fa64,0.774353
user_e838707b,11,user_e6057285,0.766580
user_e838707b,12,user_2cb4b018,0.764289
user_e838707b,13,user_7f56f9a5,0.761383
user_e838707b,14,user_394c25cc,0.760916
user_e838707b,15,user_2e81a539,0.758073
user_e8613813,1,user_f54058d0,0.777950
user_e8613813,2,user_f930e37f,0.768875
user_e8613813,3,user_c994138f,0.763873
user_e8613813,4,user_ed1aaed8,0.762788
user_e8613813,5,user_efb27a8e,0.756800
user_e8613813,6,user_c50a487d,0.756402
user_e8613813,7,user_9351238d,0.752308
user_e8613813,8,user_3b79395c,0.748143
user_e8613813,9,user_ab439a92,0.735811
user_e8613813,10,user_1df51301,0.734091
user_e8613813,11,user_338e1332,0.732877
user_e8613813,12,user_9a5457b0,0.728160
user_e8613813,13,user_3431c049,0.724542
user_e8613813,14,user_94cad3a5,0.723881
user_e8613813,15,user_4bd9303b,0.720799
user_e88c308b,1,user_c34e791e,0.820968
user_e88c308b,2,user_1f09455f,0.812326
user_e88c308b,3,user_04f39d22,0.798346
user_e88c308b,4,user_e88c308b,0.792724
user_e88c308b,5,user_3ff3188b,0.792584
user_e88c308b,6,user_2c69b83e,0.785287
user_e88c308b,7,user_a3a4a20a,0.781216
user_e88c308b,8,user_81c4dae1,0.779699
user_e88c308b,9,user_e696f3ae,0.777819
user_e88c308b,10,user_9a307ebe,0.777704
user_e88c308b,11,user_e9d1886c,0.774737
user_e88c308b,12,user_e51692a6,0.771312
user_e88c308b,13,user_6476648d,0.770813
user_e88c308b,14,user_e6dd44b0,0.770305
user_e88c308b,15,user_fba6bcd4,0.767510
user_e8a7be73,1,user_9600e8bf,0.708013
user_e8a7be73,2,user_1cbb30b1,0.653872
user_e8a7be73,3,user_886f7373,0.645831
user_e8a7be73,4,user_84c14a6f,0.637906
user_e8a7be73,5,user_f0b144fc,0.632192
user_e8a7be73,6,user_2a41ee39,0.620611
user_e8a7be73,7,user_a57a04fa,0.618066
user_e8a7be73,8,user_a7c6197a,0.617130
user_e8a7be73,9,user_caaef3ca,0.615727
user_e8a7be73,10,user_10e64e28,0.612773
user_e8a7be73,11,user_d4c7b4c0,0.608914
user_e8a7be73,12,user_d5b21e00,0.602095
user_e8a7be73,13,user_e802076d,0.602080
user_e8a7be73,14,user_8285a696,0.601554
user_e8a7be73,15,user_c9007141,0.599360
user_e8e9acac,1,user_52f895f1,0.796492
user_e8e9acac,2,user_4d4f73a6,0.755455
user_e8e9acac,3,user_8fb63eca,0.734705
user_e8e9acac,4,user_942ff21e,0.717325
user_e8e9acac,5,user_9d9fba70,0.712300
user_e8e9acac,6,user_e8613813,0.706173
user_e8e9acac,7,user_1a7d6cd5,0.705712
user_e8e9acac,8,user_e8e9acac,0.696385
user_e8e9acac,9,user_e0c65725,0.688537
user_e8e9acac,10,user_c50a487d,0.687497
user_e8e9acac,11,user_683369b1,0.687496
user_e8e9acac,12,user_1022be44,0.680002
user_e8e9acac,13,user_81a80789,0.678705
user_e8e9acac,14,user_25798310,0.677646
user_e8e9acac,15,user_9a5457b0,0.674755
user_e9d1886c,1,user_2efde048,0.615741
user_e9d1886c,2,user_72b93300,0.603717
user_e9d1886c,3,user_d691d016,0.599320
user_e9d1886c,4,user_53b85563,0.597284
user_e9d1886c,5,user_40efa894,0.595272
user_e9d1886c,6,user_d2c97c8e,0.595133
user_e9d1886c,7,user_d499c752,0.588644
user_e9d1886c,8,user_a6c5a10c,0.588471
user_e9d1886c,9,user_f7fd2885,0.584623
user_e9d1886c,10,user_e51692a6,0.582494
user_e9d1886c,11,user_f5e1eee0,0.581719
user_e9d1886c,12,user_372c2b3e,0.579294
user_e9d1886c,13,user_201c8c78,0.574958
user_e9d1886c,14,user_e88c308b,0.574253
user_e9d1886c,15,user_b2aba63a,0.573162
user_ea67f9c6,1,user_ea67f9c6,0.823202
user_ea67f9c6,2,user_107259c3,0.801286
user_ea67f9c6,3,user_8713f22a,0.795326
user_ea67f9c6,4,user_226be32f,0.790388
user_ea67f9c6,5,user_6169d3b8,0.789545
user_ea67f9c6,6,user_8e92b8c1,0.782461
user_ea67f9c6,7,user_1ae8e7f5,0.766371
user_ea67f9c6,8,user_25798310,0.764845
user_ea67f9c6,9,user_166a3647,0.755016
user_ea67f9c6,10,user_81a80789,0.754962
user_ea67f9c6,11,user_032e5bc8,0.754576
user_ea67f9c6,12,user_1a7d6cd5,0.754502
user_ea67f9c6,13,user_ab434739,0.752259
user_ea67f9c6,14,user_26fa9d90,0.749336
user_ea67f9c6,15,user_7b5f54c0,0.747582
user_ebe17c78,1,user_d20928cc,0.760136
user_ebe17c78,2,user_ba4a78fc,0.753705
user_ebe17c78,3,user_61f90240,0.721553
user_ebe17c78,4,user_8006727d,0.714339
user_ebe17c78,5,user_2c3eb234,0.713919
user_ebe17c78,6,user_24668d84,0.707065
user_ebe17c78,7,user_515ae840,0.699640
user_ebe17c78,8,user_8c0c7619,0.691137
user_ebe17c78,9,user_46bb5302,0.689196
user_ebe17c78,10,user_cf393213,0.685151
user_ebe17c78,11,user_4e42bf97,0.676123
user_ebe17c78,12,user_b2dd04c8,0.676005
user_ebe17c78,13,user_6fbf6191,0.675713
user_ebe17c78,14,user_0bd8ba7c,0.674566
user_ebe17c78,15,user_b429ec64,0.671426
user_ec574395,1,user_6bf0e007,0.808530
user_ec574395,2,user_94f185bc,0.797327
user_ec574395,3,user_e1730a9c,0.787636
user_ec574395,4,user_2dd5b531,0.783464
user_ec574395,5,user_41d0c897,0.779916
user_ec574395,6,user_d1d16d30,0.765193
user_ec574395,7,user_7b052f32,0.760589
user_ec574395,8,user_e59c000f,0.758405
user_ec574395,9,user_a743aff9,0.757274
user_ec574395,10,user_7924afc9,0.752782
user_ec574395,11,user_e6057285,0.750021
user_ec574395,12,user_89e04335,0.748649
user_ec574395,13,user_03969305,0.747907
user_ec574395,14,user_dc326993,0.747598
user_ec574395,15,user_45926b89,0.745803
user_ecba8131,1,user_96d9cb9a,0.874480
user_ecba8131,2,user_1cfedba8,0.772250
user_ecba8131,3,user_5c82df31,0.769982
user_ecba8131,4,user_6fc85c06,0.766055
user_ecba8131,5,user_84c14a6f,0.764040
user_ecba8131,6,user_91f807b9,0.761748
user_ecba8131,7,user_94f185bc,0.760584
user_ecba8131,8,user_cf393213,0.755369
user_ecba8131,9,user_89e04335,0.754707
user_ecba8131,10,user_e6057285,0.749117
user_ecba8131,11,user_8be3f554,0.744040
user_ecba8131,12,user_f60a09b3,0.743231
user_ecba8131,13,user_e838707b,0.742575
user_ecba8131,14,user_ee8d5ec5,0.741768
user_ecba8131,15,user_f51339f8,0.740322
user_ecc1ca0a,1,user_0669bdf6,0.827265
user_ecc1ca0a,2,user_ecc1ca0a,0.811629
user_ecc1ca0a,3,user_032e5bc8,0.811098
user_ecc1ca0a,4,user_8d22714e,0.808532
user_ecc1ca0a,5,user_e6057285,0.802172
user_ecc1ca0a,6,user_bd05225b,0.796736
user_ecc1ca0a,7,user_5b714afd,0.793497
user_ecc1ca0a,8,user_c5f32c0d,0.790824
user_ecc1ca0a,9,user_82d93459,0.787305
user_ecc1ca0a,10,user_3239132f,0.785513
user_ecc1ca0a,11,user_f60a09b3,0.783567
user_ecc1ca0a,12,user_0898fc4b,0.780124
user_ecc1ca0a,13,user_f27da10a,0.778597
user_ecc1ca0a,14,user_a4a77a7d,0.778236
user_ecc1ca0a,15,user_83afc7b2,0.777310
user_ed1aaed8,1,user_57c1d6c0,0.805968
user_ed1aaed8,2,user_56e6d0cd,0.805800
user_ed1aaed8,3,user_c2f18cf7,0.771064
user_ed1aaed8,4,user_9351238d,0.764528
user_ed1aaed8,5,user_e8e9acac,0.756414
user_ed1aaed8,6,user_67acd9b1,0.734444
user_ed1aaed8,7,user_25b48a9a,0.731571
user_ed1aaed8,8,user_9a5457b0,0.728337
user_ed1aaed8,9,user_c994138f,0.728297
user_ed1aaed8,10,user_b6d05d1d,0.721290
user_ed1aaed8,11,user_ffe2efae,0.716895
user_ed1aaed8,12,user_e409a56d,0.716505
user_ed1aaed8,13,user_02fecea2,0.715542
user_ed1aaed8,14,user_3f2894b5,0.713231
user_ed1aaed8,15,user_b2aba63a,0.713160
user_ee05ee55,1,user_ee05ee55,0.714025
user_ee05ee55,2,user_33b2b77f,0.635159
user_ee05ee55,3,user_fa69a385,0.632574
user_ee05ee55,4,user_8006727d,0.611261
user_ee05ee55,5,user_3ce4c1f8,0.611251
user_ee05ee55,6,user_e8e9acac,0.589256
user_ee05ee55,7,user_5738db35,0.585178
user_ee05ee55,8,user_338e1332,0.577626
user_ee05ee55,9,user_795eb408,0.566151
user_ee05ee55,10,user_ac6e9129,0.564972
user_ee05ee55,11,user_67acd9b1,0.561181
user_ee05ee55,12,user_4b8335bd,0.560957
user_ee05ee55,13,user_fcf93ee8,0.557338
user_ee05ee55,14,user_c1a70ab7,0.553533
user_ee05ee55,15,user_a5e548ce,0.551374
user_ee14f818,1,user_c39d41d7,0.752773
user_ee14f818,2,user_9d65649f,0.750084
user_ee14f818,3,user_c8e749e2,0.741721
user_ee14f818,4,user_723406a0,0.738782
user_ee14f818,5,user_111cfe7d,0.738503
user_ee14f818,6,user_c60d65b5,0.734070
user_ee14f818,7,user_4db0d490,0.733990
user_ee14f818,8,user_657c72ca,0.733511
user_ee14f818,9,user_2c69b83e,0.732839
user_ee14f818,10,user_3121653d,0.732549
user_ee14f818,11,user_d199bef3,0.731898
user_ee14f818,12,user_b4214db6,0.727528
user_ee14f818,13,user_84e93af7,0.726748
user_ee14f818,14,user_73623b4e,0.725423
user_ee14f818,15,user_dbc4828c,0.724023
user_ee8d5ec5,1,user_b350e22b,0.837646
user_ee8d5ec5,2,user_df8dc9bb,0.821348
user_ee8d5ec5,3,user_18892460,0.820747
user_ee8d5ec5,4,user_e6057285,0.819389
user_ee8d5ec5,5,user_ef954c6e,0.811489
user_ee8d5ec5,6,user_7f56f9a5,0.808307
user_ee8d5ec5,7,user_83afc7b2,0.799436
user_ee8d5ec5,8,user_f60a09b3,0.798078
user_ee8d5ec5,9,user_6fc85c06,0.798029
user_ee8d5ec5,10,user_e59c000f,0.791294
user_ee8d5ec5,11,user_e802076d,0.790499
user_ee8d5ec5,12,user_c5f32c0d,0.789843
user_ee8d5ec5,13,user_03969305,0.789130
user_ee8d5ec5,14,user_e5a6abbe,0.786791
user_ee8d5ec5,15,user_5c82df31,0.786203
user_ef954c6e,1,user_0eb2abf1,0.882226
user_ef954c6e,2,user_cdd86523,0.874654
user_ef954c6e,3,user_a57e47b1,0.861028
user_ef954c6e,4,user_40a0bad3,0.840719
user_ef954c6e,5,user_8a760553,0.839333
user_ef954c6e,6,user_dd1d7b22,0.837975
user_ef954c6e,7,user_e5a6abbe,0.830228
user_ef954c6e,8,user_ef954c6e,0.829062
user_ef954c6e,9,user_c06d9b71,0.826307
user_ef954c6e,10,user_88b2faba,0.826080
user_ef954c6e,11,user_69df6330,0.825593
user_ef954c6e,12,user_15179955,0.825518
user_ef954c6e,13,user_c39d41d7,0.821196
user_ef954c6e,14,user_1a2755b3,0.817686
user_ef954c6e,15,user_5881b259,0.817405
user_efcacf59,1,user_efcacf59,0.801536
user_efcacf59,2,user_61f90240,0.776474
user_efcacf59,3,user_2b03934e,0.769321
user_efcacf59,4,user_9ce96cbf,0.766916
user_efcacf59,5,user_b7f60e64,0.757875
user_efcacf59,6,user_3535252b,0.739859
user_efcacf59,7,user_cf393213,0.731037
user_efcacf59,8,user_515ae840,0.729306
user_efcacf59,9,user_8a669dcd,0.715484
user_efcacf59,10,user_a151ddab,0.713164
user_efcacf59,11,user_0eeab432,0.712919
user_efcacf59,12,user_38f4dfac,0.698692
user_efcacf59,13,user_829844fd,0.696295
user_efcacf59,14,user_259776c7,0.692594
user_efcacf59,15,user_d20928cc,0.692203
user_f030b951,1,user_19952166,0.754423
user_f030b951,2,user_66a7ce5a,0.739262
user_f030b951,3,user_c32db875,0.733874
user_f030b951,4,user_f14dc486,0.723753
user_f030b951,5,user_515ae840,0.718429
user_f030b951,6,user_d20928cc,0.718242
user_f030b951,7,user_26565155,0.705903
user_f030b951,8,user_9ce96cbf,0.703831
user_f030b951,9,user_ca6074df,0.685241
user_f030b951,10,user_5d1b0daf,0.682565
user_f030b951,11,user_2b03934e,0.680210
user_f030b951,12,user_8c0c7619,0.679746
user_f030b951,13,user_3535252b,0.673067
user_f030b951,14,user_4bf6a4a0,0.670722
user_f030b951,15,user_6b311f43,0.669646
user_f070eee7,1,user_17054ec7,0.662035
user_f070eee7,2,user_52f895f1,0.659084
user_f070eee7,3,user_f070eee7,0.658139
user_f070eee7,4,user_3bc84c13,0.647882
user_f070eee7,5,user_b0129d9e,0.646085
user_f070eee7,6,user_19641691,0.643959
user_f070eee7,7,user_81a80789,0.640328
user_f070eee7,8,user_c81fae29,0.638922
user_f070eee7,9,user_caaef3ca,0.638672
user_f070eee7,10,user_5c9b579a,0.637974
user_f070eee7,11,user_c7beef01,0.632984
user_f070eee7,12,user_93cdb7a1,0.632558
user_f070eee7,13,user_a346dfc4,0.629689
user_f070eee7,14,user_586752e4,0.624199
user_f070eee7,15,user_7c7220a4,0.618920
user_f0b144fc,1,user_79f04645,0.797819
user_f0b144fc,2,user_29cd4556,0.725196
user_f0b144fc,3,user_a8dc91a3,0.724991
user_f0b144fc,4,user_c4b781ce,0.717780
user_f0b144fc,5,user_183b3783,0.717095
user_f0b144fc,6,user_ec574395,0.713539
user_f0b144fc,7,user_650da71b,0.710432
user_f0b144fc,8,user_94f185bc,0.709155
user_f0b144fc,9,user_03969305,0.706708
user_f0b144fc,10,user_b2dd04c8,0.706482
user_f0b144fc,11,user_9d65649f,0.699518
user_f0b144fc,12,user_111cfe7d,0.697985
user_f0b144fc,13,user_8fe14601,0.693763
user_f0b144fc,14,user_1b89f77a,0.690590
user_f0b144fc,15,user_3f2fbc90,0.689750
user_f0cf195f,1,user_f0cf195f,0.642792
user_f0cf195f,2,user_032e5bc8,0.555800
user_f0cf195f,3,user_3a39cc49,0.552933
user_f0cf195f,4,user_00723699,0.552150
user_f0cf195f,5,user_587b57d5,0.550758
user_f0cf195f,6,user_81a80789,0.532758
user_f0cf195f,7,user_3b90fb53,0.532141
user_f0cf195f,8,user_529e3009,0.531664
user_f0cf195f,9,user_a7f8db34,0.526700
user_f0cf195f,10,user_2cb4b018,0.521789
user_f0cf195f,11,user_737d3148,0.521302
user_f0cf195f,12,user_ef954c6e,0.517845
user_f0cf195f,13,user_e6dd44b0,0.516929
user_f0cf195f,14,user_e8cdb142,0.516917
user_f0cf195f,15,user_8e48a3f8,0.516128
user_f107081e,1,user_f107081e,0.776199
user_f107081e,2,user_c8f82360,0.716125
user_f107081e,3,user_6fbf6191,0.709234
user_f107081e,4,user_2e05a7a0,0.705416
user_f107081e,5,user_9bee2a7c,0.680605
user_f107081e,6,user_8f39f021,0.673914
user_f107081e,7,user_55058479,0.664728
user_f107081e,8,user_a6c2e760,0.658934
user_f107081e,9,user_4f3b6241,0.648018
user_f107081e,10,user_ab86ab82,0.635207
user_f107081e,11,user_caa6a7b6,0.632529
user_f107081e,12,user_6bf0e007,0.628126
user_f107081e,13,user_cf393213,0.627610
user_f107081e,14,user_74d27419,0.619929
user_f107081e,15,user_bd6a40d5,0.619123
user_f27da10a,1,user_02016939,0.898808
user_f27da10a,2,user_70bbda36,0.894546
user_f27da10a,3,user_ed1aaed8,0.865158
user_f27da10a,4,user_fba6bcd4,0.862587
user_f27da10a,5,user_ded778b8,0.860419
user_f27da10a,6,user_0898fc4b,0.856937
user_f27da10a,7,user_c5f32c0d,0.855653
user_f27da10a,8,user_bd05225b,0.855625
user_f27da10a,9,user_f27da10a,0.852795
user_f27da10a,10,user_03969305,0.851266
user_f27da10a,11,user_b16e0cf8,0.851221
user_f27da10a,12,user_586752e4,0.850075
user_f27da10a,13,user_7924afc9,0.843812
user_f27da10a,14,user_c39d41d7,0.840096
user_f27da10a,15,user_5526cbfd,0.839784
user_f3377028,1,user_6fa47d61,0.868077
user_f3377028,2,user_08c32973,0.867893
user_f3377028,3,user_25652863,0.833875
user_f3377028,4,user_bf30f80d,0.832723
user_f3377028,5,user_7de6f343,0.818525
user_f3377028,6,user_ba8b1c05,0.814361
user_f3377028,7,user_f3377028,0.814292
user_f3377028,8,user_795650bb,0.812782
user_f3377028,9,user_421ae417,0.804297
user_f3377028,10,user_2e60c125,0.801383
user_f3377028,11,user_64cd3098,0.799100
user_f3377028,12,user_38fbcf73,0.799047
user_f3377028,13,user_2c2a5c24,0.793819
user_f3377028,14,user_04f39d22,0.793451
user_f3377028,15,user_4ea1ef09,0.793278
user_f368b9da,1,user_b16e0cf8,0.906220
user_f368b9da,2,user_17607ebc,0.862227
user_f368b9da,3,user_5881b259,0.862077
user_f368b9da,4,user_c39d41d7,0.860149
user_f368b9da,5,user_c5f32c0d,0.856765
user_f368b9da,6,user_fba6bcd4,0.856032
user_f368b9da,7,user_636ad58f,0.855674
user_f368b9da,8,user_e5a6abbe,0.851067
user_f368b9da,9,user_15179955,0.846800
user_f368b9da,10,user_1a2755b3,0.843128
user_f368b9da,11,user_2e81a539,0.842903
user_f368b9da,12,user_e802076d,0.841944
user_f368b9da,13,user_f654c33b,0.840450
user_f368b9da,14,user_2c69b83e,0.837484
user_f368b9da,15,user_96013176,0.837167
user_f43d6008,1,user_7924afc9,0.826320
user_f43d6008,2,user_a743aff9,0.815908
user_f43d6008,3,user_b49274ca,0.803412
user_f43d6008,4,user_e1730a9c,0.795782
user_f43d6008,5,user_50e2a836,0.791308
user_f43d6008,6,user_723406a0,0.788037
user_f43d6008,7,user_f27da10a,0.785885
user_f43d6008,8,user_fde2d265,0.781429
user_f43d6008,9,user_69df6330,0.774080
user_f43d6008,10,user_fdc08e26,0.772982
user_f43d6008,11,user_5881b259,0.772487
user_f43d6008,12,user_c06d9b71,0.771534
user_f43d6008,13,user_c39d41d7,0.771448
user_f43d6008,14,user_dbc4828c,0.763543
user_f43d6008,15,user_dc326993,0.762385
user_f4f9490d,1,user_87e5d9b0,0.827466
user_f4f9490d,2,user_8e5e899b,0.817635
user_f4f9490d,3,user_4144252d,0.805287
user_f4f9490d,4,user_233fda02,0.803680
user_f4f9490d,5,user_3b90fb53,0.798964
user_f4f9490d,6,user_29266f60,0.796847
user_f4f9490d,7,user_e8cdb142,0.771390
user_f4f9490d,8,user_858fa00c,0.758240
user_f4f9490d,9,user_5ac1a174,0.755510
user_f4f9490d,10,user_ff39b6cf,0.749594
user_f4f9490d,11,user_a7f8db34,0.744284
user_f4f9490d,12,user_107259c3,0.731644
user_f4f9490d,13,user_226be32f,0.726490
user_f4f9490d,14,user_6a13946a,0.720757
user_f4f9490d,15,user_f4f9490d,0.720665
user_f5138e15,1,user_f5138e15,0.902610
user_f5138e15,2,user_ba085464,0.778538
user_f5138e15,3,user_8f39f021,0.710449
user_f5138e15,4,user_caa6a7b6,0.708279
user_f5138e15,5,user_bd6a40d5,0.700170
user_f5138e15,6,user_ded778b8,0.691545
user_f5138e15,7,user_3ff3188b,0.680918
user_f5138e15,8,user_4f755977,0.671606
user_f5138e15,9,user_c34e791e,0.670934
user_f5138e15,10,user_fa60616d,0.667508
user_f5138e15,11,user_0ff0b922,0.667149
user_f5138e15,12,user_1a2755b3,0.666637
user_f5138e15,13,user_8be3f554,0.663126
user_f5138e15,14,user_1b7f8c56,0.662558
user_f5138e15,15,user_a743aff9,0.659670
user_f52ced02,1,user_2c940ff8,0.697532
user_f52ced02,2,user_3eb49f37,0.690426
user_f52ced02,3,user_6fc85c06,0.684567
user_f52ced02,4,user_906e2423,0.676998
user_f52ced02,5,user_0f006eec,0.665928
user_f52ced02,6,user_e3f9409b,0.665688
user_f52ced02,7,user_b9036662,0.664602
user_f52ced02,8,user_f52ced02,0.661021
user_f52ced02,9,user_858fa00c,0.660743
user_f52ced02,10,user_45d008d3,0.637217
user_f52ced02,11,user_f60a09b3,0.635521
user_f52ced02,12,user_423c81dc,0.633511
user_f52ced02,13,user_55058479,0.632431
user_f52ced02,14,user_6ab8f7d4,0.632285
user_f52ced02,15,user_9ee84e18,0.629415
user_f54058d0,1,user_ed1aaed8,0.880888
user_f54058d0,2,user_f54058d0,0.861258
user_f54058d0,3,user_4bd9303b,0.834973
user_f54058d0,4,user_98f18241,0.827273
user_f54058d0,5,user_43049634,0.814877
user_f54058d0,6,user_e6dd44b0,0.811651
user_f54058d0,7,user_74cfb8ef,0.807048
user_f54058d0,8,user_2e81a539,0.793433
user_f54058d0,9,user_7de6f343,0.785665
user_f54058d0,10,user_5c9b579a,0.784343
user_f54058d0,11,user_fba6bcd4,0.781229
user_f54058d0,12,user_364bb955,0.776217
user_f54058d0,13,user_b4214db6,0.773893
user_f54058d0,14,user_3e284ba5,0.773579
user_f54058d0,15,user_ba085464,0.769136
user_f5e2976e,1,user_f5e2976e,0.884791
user_f5e2976e,2,user_1c7b7780,0.705590
user_f5e2976e,3,user_7bbd1543,0.705507
user_f5e2976e,4,user_21b4fa31,0.683274
user_f5e2976e,5,user_be018f9d,0.672366
user_f5e2976e,6,user_68349053,0.671995
user_f5e2976e,7,user_417702c5,0.669973
user_f5e2976e,8,user_4f755977,0.655605
user_f5e2976e,9,user_421ae417,0.643329
user_f5e2976e,10,user_e51692a6,0.642967
user_f5e2976e,11,user_ba085464,0.632194
user_f5e2976e,12,user_0a0bcaa6,0.629410
user_f5e2976e,13,user_ed1aaed8,0.622605
user_f5e2976e,14,user_dbc4828c,0.621586
user_f5e2976e,15,user_16ac4154,0.621217
user_f5fea76f,1,user_f5fea76f,0.844994
user_f5fea76f,2,user_92fe4471,0.806892
user_f5fea76f,3,user_eda37c14,0.798000
user_f5fea76f,4,user_22adb798,0.792592
user_f5fea76f,5,user_414a6eaf,0.764947
user_f5fea76f,6,user_737d3148,0.754182
user_f5fea76f,7,user_979ee068,0.740270
user_f5fea76f,8,user_9fc3c829,0.711115
user_f5fea76f,9,user_858fa00c,0.705524
user_f5fea76f,10,user_7b4c75ab,0.700603
user_f5fea76f,11,user_4144252d,0.698438
user_f5fea76f,12,user_e8cdb142,0.695101
user_f5fea76f,13,user_3b90fb53,0.682354
user_f5fea76f,14,user_f10e7063,0.676081
user_f5fea76f,15,user_5c9b579a,0.674697
user_f60a09b3,1,user_f60a09b3,0.848366
user_f60a09b3,2,user_6fc85c06,0.832051
user_f60a09b3,3,user_2cb4b018,0.775619
user_f60a09b3,4,user_9571d0d5,0.774102
user_f60a09b3,5,user_bd05225b,0.766888
user_f60a09b3,6,user_63b4be5f,0.765119
user_f60a09b3,7,user_058c1800,0.757418
user_f60a09b3,8,user_f10e7063,0.755590
user_f60a09b3,9,user_df8dc9bb,0.753637
user_f60a09b3,10,user_ebddf9c1,0.751936
user_f60a09b3,11,user_5c82df31,0.750619
user_f60a09b3,12,user_b350e22b,0.742438
user_f60a09b3,13,user_f930e37f,0.741551
user_f60a09b3,14,user_dc326993,0.739484
user_f60a09b3,15,user_acb51eed,0.736757
user_f7538815,1,user_f1649486,0.769898
user_f7538815,2,user_f7538815,0.699747
user_f7538815,3,user_65d73ac1,0.677615
user_f7538815,4,user_66a7ce5a,0.671672
user_f7538815,5,user_56e6d0cd,0.657753
user_f7538815,6,user_378003e3,0.645505
user_f7538815,7,user_582ff5b2,0.636745
user_f7538815,8,user_96c3cc43,0.636282
user_f7538815,9,user_57c1d6c0,0.633852
user_f7538815,10,user_5c9a0ee9,0.633625
user_f7538815,11,user_d5379647,0.628884
user_f7538815,12,user_8be3f554,0.618399
user_f7538815,13,user_2b03934e,0.617484
user_f7538815,14,user_9dda4af9,0.617480
user_f7538815,15,user_cda36a95,0.617145
user_f75c71f0,1,user_5993b36a,0.841820
user_f75c71f0,2,user_f75c71f0,0.830227
user_f75c71f0,3,user_fba6bcd4,0.814063
user_f75c71f0,4,user_a743aff9,0.805432
user_f75c71f0,5,user_a01f16ac,0.803656
user_f75c71f0,6,user_0fefc28e,0.801951
user_f75c71f0,7,user_bd05225b,0.801060
user_f75c71f0,8,user_b337cb0c,0.800149
user_f75c71f0,9,user_5881b259,0.795873
user_f75c71f0,10,user_7a7dda35,0.795639
user_f75c71f0,11,user_1936a7c3,0.794749
user_f75c71f0,12,user_5349c6cf,0.794286
user_f75c71f0,13,user_64d76dfd,0.791953
user_f75c71f0,14,user_b605d5c9,0.791719
user_f75c71f0,15,user_7fd91653,0.790796
user_f7bb8af1,1,user_3b79395c,0.758095
user_f7bb8af1,2,user_a3a4a20a,0.720651
user_f7bb8af1,3,user_b63ea1d4,0.717405
user_f7bb8af1,4,user_67acd9b1,0.709650
user_f7bb8af1,5,user_815b7baf,0.690537
user_f7bb8af1,6,user_1246b252,0.686782
user_f7bb8af1,7,user_7709815a,0.686048
user_f7bb8af1,8,user_e696f3ae,0.684225
user_f7bb8af1,9,user_c34e791e,0.680704
user_f7bb8af1,10,user_e8e9acac,0.666927
user_f7bb8af1,11,user_c50a487d,0.665851
user_f7bb8af1,12,user_259776c7,0.665313
user_f7bb8af1,13,user_2c69b83e,0.662580
user_f7bb8af1,14,user_2b271761,0.662012
user_f7bb8af1,15,user_6c2d672f,0.660482
user_f7fd2885,1,user_2e60c125,0.649690
user_f7fd2885,2,user_08c32973,0.600921
user_f7fd2885,3,user_75905116,0.599850
user_f7fd2885,4,user_83e45cc0,0.589428
user_f7fd2885,5,user_bf30f80d,0.588960
user_f7fd2885,6,user_2efde048,0.585980
user_f7fd2885,7,user_695e56c9,0.585783
user_f7fd2885,8,user_f5e1eee0,0.585338
user_f7fd2885,9,user_6fa47d61,0.581905
user_f7fd2885,10,user_53b85563,0.579767
user_f7fd2885,11,user_85c97ea1,0.574210
user_f7fd2885,12,user_38fbcf73,0.573396
user_f7fd2885,13,user_25652863,0.565368
user_f7fd2885,14,user_58bfeaad,0.564142
user_f7fd2885,15,user_f3377028,0.563408
user_f827c7dd,1,user_906e2423,0.727395
user_f827c7dd,2,user_4d4f73a6,0.683965
user_f827c7dd,3,user_f827c7dd,0.673975
user_f827c7dd,4,user_1dc24686,0.664765
user_f827c7dd,5,user_433bdef0,0.662740
user_f827c7dd,6,user_039d004e,0.658092
user_f827c7dd,7,user_058c1800,0.655618
user_f827c7dd,8,user_91f807b9,0.650333
user_f827c7dd,9,user_6a0b0e92,0.647461
user_f827c7dd,10,user_ff591131,0.646272
user_f827c7dd,11,user_78eff25f,0.646231
user_f827c7dd,12,user_b2dd04c8,0.642227
user_f827c7dd,13,user_39b3eda0,0.640102
user_f827c7dd,14,user_0cc626ee,0.628926
user_f827c7dd,15,user_3f2fbc90,0.626576
user_f8e2246f,1,user_6bb64984,0.866215
user_f8e2246f,2,user_b6b89f00,0.859164
user_f8e2246f,3,user_f8e2246f,0.841577
user_f8e2246f,4,user_6011e674,0.826774
user_f8e2246f,5,user_417702c5,0.824216
user_f8e2246f,6,user_c41de62b,0.823524
user_f8e2246f,7,user_2d74cd4c,0.820764
user_f8e2246f,8,user_8fbb6d9c,0.805683
user_f8e2246f,9,user_99c67f2f,0.803732
user_f8e2246f,10,user_08aa624b,0.801261
user_f8e2246f,11,user_b325310b,0.795579
user_f8e2246f,12,user_71b9b8e0,0.790236
user_f8e2246f,13,user_fb64cb55,0.787554
user_f8e2246f,14,user_25b48a9a,0.777822
user_f8e2246f,15,user_9dda4af9,0.772386
user_f930e37f,1,user_4b139395,0.811899
user_f930e37f,2,user_0cc626ee,0.790176
user_f930e37f,3,user_bd05225b,0.782612
user_f930e37f,4,user_8d22714e,0.781805
user_f930e37f,5,user_f930e37f,0.773442
user_f930e37f,6,user_f60a09b3,0.772539
user_f930e37f,7,user_6fc85c06,0.768092
user_f930e37f,8,user_91f807b9,0.763246
user_f930e37f,9,user_f27da10a,0.756408
user_f930e37f,10,user_226be32f,0.754639
user_f930e37f,11,user_032e5bc8,0.752389
user_f930e37f,12,user_1cfedba8,0.752383
user_f930e37f,13,user_b9036662,0.750747
user_f930e37f,14,user_9351238d,0.747900
user_f930e37f,15,user_c39d41d7,0.746015
user_f959eee4,1,user_f959eee4,0.656195
user_f959eee4,2,user_9f81cfba,0.293297
user_f959eee4,3,user_0dfb7397,0.283855
user_f959eee4,4,user_beca29a3,0.281152
user_f959eee4,5,user_833d8832,0.275191
user_f959eee4,6,user_d461f818,0.269863
user_f959eee4,7,user_ebe17c78,0.266354
user_f959eee4,8,user_636d1da4,0.258857
user_f959eee4,9,user_5e61d6d9,0.253397
user_f959eee4,10,user_83b871b5,0.252212
user_f959eee4,11,user_19622b77,0.252144
user_f959eee4,12,user_8e217d1b,0.251290
user_f959eee4,13,user_f5138e15,0.249055
user_f959eee4,14,user_51779823,0.247035
user_f959eee4,15,user_58892c7c,0.246159
user_fa60616d,1,user_fa60616d,0.776977
user_fa60616d,2,user_2920b35e,0.761750
user_fa60616d,3,user_b4214db6,0.748406
user_fa60616d,4,user_daf37424,0.747624
user_fa60616d,5,user_586752e4,0.747265
user_fa60616d,6,user_a993555f,0.747207
user_fa60616d,7,user_91db6e48,0.746688
user_fa60616d,8,user_70bbda36,0.745910
user_fa60616d,9,user_3971c3e6,0.745304
user_fa60616d,10,user_bd19a016,0.744719
user_fa60616d,11,user_96013176,0.743711
user_fa60616d,12,user_f030b951,0.742207
user_fa60616d,13,user_b16e0cf8,0.738479
user_fa60616d,14,user_03969305,0.737293
user_fa60616d,15,user_c994138f,0.736046
user_fa69a385,1,user_3b79395c,0.850060
user_fa69a385,2,user_1a7d6cd5,0.809513
user_fa69a385,3,user_e8ff8a9a,0.806892
user_fa69a385,4,user_02fecea2,0.798807
user_fa69a385,5,user_c50a487d,0.784148
user_fa69a385,6,user_e8e9acac,0.780933
user_fa69a385,7,user_fcf93ee8,0.768219
user_fa69a385,8,user_8fb63eca,0.763448
user_fa69a385,9,user_94cad3a5,0.755320
user_fa69a385,10,user_586752e4,0.749281
user_fa69a385,11,user_1246b252,0.744467
user_fa69a385,12,user_166a3647,0.741531
user_fa69a385,13,user_0b1b1d1c,0.739162
user_fa69a385,14,user_ea67f9c6,0.737962
user_fa69a385,15,user_4d4f73a6,0.737623
user_fb427339,1,user_900ffd5c,0.856660
user_fb427339,2,user_bb8be7e3,0.798314
user_fb427339,3,user_da51dede,0.787159
user_fb427339,4,user_7a8f7f3e,0.780005
user_fb427339,5,user_166a3647,0.774024
user_fb427339,6,user_3431c049,0.772347
user_fb427339,7,user_3e284ba5,0.770588
user_fb427339,8,user_7b5f54c0,0.765854
user_fb427339,9,user_25798310,0.758377
user_fb427339,10,user_1246b252,0.754348
user_fb427339,11,user_89571ce8,0.750620
user_fb427339,12,user_df8dc9bb,0.748129
user_fb427339,13,user_1a7d6cd5,0.744744
user_fb427339,14,user_03410579,0.742857
user_fb427339,15,user_02fecea2,0.738638
user_fb64cb55,1,user_fb64cb55,0.884705
user_fb64cb55,2,user_aa2fbe83,0.832971
user_fb64cb55,3,user_5881b259,0.814949
user_fb64cb55,4,user_eb0927d1,0.812727
user_fb64cb55,5,user_b4214db6,0.809107
user_fb64cb55,6,user_7de6f343,0.807885
user_fb64cb55,7,user_0898fc4b,0.807698
user_fb64cb55,8,user_1b7f8c56,0.807661
user_fb64cb55,9,user_940c7213,0.806673
user_fb64cb55,10,user_c5f32c0d,0.805557
user_fb64cb55,11,user_a4a77a7d,0.804303
user_fb64cb55,12,user_737dd050,0.803449
user_fb64cb55,13,user_e6057285,0.803158
user_fb64cb55,14,user_5993b36a,0.801107
user_fb64cb55,15,user_afff552a,0.800512
user_fb8f46c8,1,user_67acd9b1,0.796801
user_fb8f46c8,2,user_259776c7,0.767636
user_fb8f46c8,3,user_815b7baf,0.763048
user_fb8f46c8,4,user_3b79395c,0.754076
user_fb8f46c8,5,user_476670f9,0.754007
user_fb8f46c8,6,user_16ac4154,0.750438
user_fb8f46c8,7,user_25b48a9a,0.745320
user_fb8f46c8,8,user_ab86ab82,0.742980
user_fb8f46c8,9,user_fb8f46c8,0.736326
user_fb8f46c8,10,user_a3a4a20a,0.736260
user_fb8f46c8,11,user_9a5457b0,0.735452
user_fb8f46c8,12,user_c34e791e,0.732972
user_fb8f46c8,13,user_e696f3ae,0.727176
user_fb8f46c8,14,user_1df51301,0.725192
user_fb8f46c8,15,user_9351238d,0.724488
user_fbed237d,1,user_0e82fe11,0.826883
user_fbed237d,2,user_ed3091a2,0.812744
user_fbed237d,3,user_5ac1a174,0.793526
user_fbed237d,4,user_d758a0a1,0.787178
user_fbed237d,5,user_0cc626ee,0.780286
user_fbed237d,6,user_8d22714e,0.778564
user_fbed237d,7,user_8e97a154,0.775851
user_fbed237d,8,user_f27da10a,0.772074
user_fbed237d,9,user_26fa9d90,0.769632
user_fbed237d,10,user_17355c30,0.764046
user_fbed237d,11,user_586752e4,0.763398
user_fbed237d,12,user_0669bdf6,0.761076
user_fbed237d,13,user_fbed237d,0.757791
user_fbed237d,14,user_a615a6d1,0.756650
user_fbed237d,15,user_884ffdb2,0.750197
user_fc1cfe0b,1,user_9571d0d5,0.811366
user_fc1cfe0b,2,user_0cc626ee,0.795476
user_fc1cfe0b,3,user_8e97a154,0.790014
user_fc1cfe0b,4,user_fc1cfe0b,0.781433
user_fc1cfe0b,5,user_6fc85c06,0.772520
user_fc1cfe0b,6,user_a4a77a7d,0.770935
user_fc1cfe0b,7,user_e4f8ab0c,0.768740
user_fc1cfe0b,8,user_ab30f0fb,0.768315
user_fc1cfe0b,9,user_5a6f92a6,0.761221
user_fc1cfe0b,10,user_9ee84e18,0.760914
user_fc1cfe0b,11,user_737dd050,0.759152
user_fc1cfe0b,12,user_f4f9490d,0.754151
user_fc1cfe0b,13,user_90e5fee6,0.753205
user_fc1cfe0b,14,user_4b139395,0.751996
user_fc1cfe0b,15,user_f27da10a,0.748508
user_fca58a87,1,user_fb64cb55,0.839216
user_fca58a87,2,user_835666af,0.812110
user_fca58a87,3,user_aa4cc34a,0.786673
user_fca58a87,4,user_165a2706,0.780370
user_fca58a87,5,user_2dc10d2d,0.762399
user_fca58a87,6,user_737dd050,0.755899
user_fca58a87,7,user_903329bb,0.755412
user_fca58a87,8,user_9ee84e18,0.742460
user_fca58a87,9,user_6c2d672f,0.741228
user_fca58a87,10,user_33c6501d,0.738631
user_fca58a87,11,user_bd05225b,0.738086
user_fca58a87,12,user_fca58a87,0.735953
user_fca58a87,13,user_acb51eed,0.726732
user_fca58a87,14,user_90e5fee6,0.724874
user_fca58a87,15,user_858fa00c,0.723674
user_fcf93ee8,1,user_107259c3,0.754608
user_fcf93ee8,2,user_6169d3b8,0.751714
user_fcf93ee8,3,user_fcf93ee8,0.750001
user_fcf93ee8,4,user_ea67f9c6,0.740650
user_fcf93ee8,5,user_17054ec7,0.736577
user_fcf93ee8,6,user_baeb91b3,0.729876
user_fcf93ee8,7,user_166a3647,0.727967
user_fcf93ee8,8,user_9c88ee3d,0.727583
user_fcf93ee8,9,user_f070eee7,0.715939
user_fcf93ee8,10,user_1a7d6cd5,0.715720
user_fcf93ee8,11,user_ded778b8,0.713157
user_fcf93ee8,12,user_586752e4,0.706836
user_fcf93ee8,13,user_02fecea2,0.705985
user_fcf93ee8,14,user_18c333c6,0.705502
user_fcf93ee8,15,user_e2e59795,0.703887
user_fdc08e26,1,user_fdcaaf41,0.833087
user_fdc08e26,2,user_fdc08e26,0.809164
user_fdc08e26,3,user_16ac4154,0.791526
user_fdc08e26,4,user_03969305,0.790839
user_fdc08e26,5,user_7f56f9a5,0.777645
user_fdc08e26,6,user_9d786aa8,0.777338
user_fdc08e26,7,user_df8dc9bb,0.772160
user_fdc08e26,8,user_9a307ebe,0.770755
user_fdc08e26,9,user_1df51301,0.769371
user_fdc08e26,10,user_ded778b8,0.767053
user_fdc08e26,11,user_94cad3a5,0.764201
user_fdc08e26,12,user_f51339f8,0.763999
user_fdc08e26,13,user_63b4be5f,0.762135
user_fdc08e26,14,user_1b7f8c56,0.761063
user_fdc08e26,15,user_89e04335,0.760802
user_fdcaaf41,1,user_107259c3,0.857188
user_fdcaaf41,2,user_f070eee7,0.785614
user_fdcaaf41,3,user_baeb91b3,0.783247
user_fdcaaf41,4,user_1246b252,0.781832
user_fdcaaf41,5,user_7c7220a4,0.776123
user_fdcaaf41,6,user_ea67f9c6,0.774084
user_fdcaaf41,7,user_6169d3b8,0.773522
user_fdcaaf41,8,user_7f623d19,0.765610
user_fdcaaf41,9,user_586752e4,0.764111
user_fdcaaf41,10,user_166a3647,0.762486
user_fdcaaf41,11,user_25798310,0.760504
user_fdcaaf41,12,user_885e8708,0.760112
user_fdcaaf41,13,user_7b5f54c0,0.758084
user_fdcaaf41,14,user_1ae8e7f5,0.752580
user_fdcaaf41,15,user_8e97a154,0.750112
user_fde2d265,1,user_a8dc91a3,0.800877
user_fde2d265,2,user_4f3b6241,0.794547
user_fde2d265,3,user_2e05a7a0,0.784292
user_fde2d265,4,user_d67450a8,0.759489
user_fde2d265,5,user_9bee2a7c,0.756019
user_fde2d265,6,user_e802076d,0.755630
user_fde2d265,7,user_ab86ab82,0.754469
user_fde2d265,8,user_4a57e449,0.751260
user_fde2d265,9,user_fde2d265,0.750757
user_fde2d265,10,user_259776c7,0.750073
user_fde2d265,11,user_94f185bc,0.745865
user_fde2d265,12,user_29cd4556,0.745275
user_fde2d265,13,user_3f2894b5,0.742562
user_fde2d265,14,user_8be3f554,0.739547
user_fde2d265,15,user_cdd86523,0.739287
user_fe922ad0,1,user_c9007141,0.785161
user_fe922ad0,2,user_c204a1dd,0.784159
user_fe922ad0,3,user_0521a7ac,0.757272
user_fe922ad0,4,user_394c25cc,0.744551
user_fe922ad0,5,user_3971c3e6,0.728093
user_fe922ad0,6,user_e6057285,0.714262
user_fe922ad0,7,user_886f7373,0.709189
user_fe922ad0,8,user_a151ddab,0.708066
user_fe922ad0,9,user_3239132f,0.703928
user_fe922ad0,10,user_54c1ebee,0.701784
user_fe922ad0,11,user_5c9b579a,0.698127
user_fe922ad0,12,user_586752e4,0.695716
user_fe922ad0,13,user_96013176,0.690548
user_fe922ad0,14,user_e802076d,0.689691
user_fe922ad0,15,user_ff7631ef,0.688848
user_ff39b6cf,1,user_c59ebe9c,0.564524
user_ff39b6cf,2,user_a5d9fab6,0.560529
user_ff39b6cf,3,user_8e5e899b,0.544777
user_ff39b6cf,4,user_a2f8bfd2,0.528639
user_ff39b6cf,5,user_ff39b6cf,0.512951
user_ff39b6cf,6,user_2c39731d,0.506359
user_ff39b6cf,7,user_3b1da5d9,0.500107
user_ff39b6cf,8,user_78eff25f,0.500102
user_ff39b6cf,9,user_52f895f1,0.496992
user_ff39b6cf,10,user_29266f60,0.495014
user_ff39b6cf,11,user_49b1ac46,0.489544
user_ff39b6cf,12,user_a7f8db34,0.487087
user_ff39b6cf,13,user_587b57d5,0.484613
user_ff39b6cf,14,user_233fda02,0.483591
user_ff39b6cf,15,user_d7fde080,0.482741
user_ff591131,1,user_ff591131,0.821005
user_ff591131,2,user_5c82df31,0.795227
user_ff591131,3,user_f60a09b3,0.767756
user_ff591131,4,user_6fc85c06,0.763751
user_ff591131,5,user_0669bdf6,0.733219
user_ff591131,6,user_226be32f,0.723854
user_ff591131,7,user_82d93459,0.721316
user_ff591131,8,user_524450e9,0.721061
user_ff591131,9,user_1cfedba8,0.716937
user_ff591131,10,user_7fd91653,0.707483
user_ff591131,11,user_0898fc4b,0.702947
user_ff591131,12,user_c5f32c0d,0.700551
user_ff591131,13,user_058c1800,0.699991
user_ff591131,14,user_032e5bc8,0.697421
user_ff591131,15,user_83afc7b2,0.695478
