query_user_id,rank,candidate_user_id,score
user_0168255c,1,user_a01f16ac,0.862669
user_0168255c,2,user_d1d16d30,0.853749
user_0168255c,3,user_f654c33b,0.840343
user_0168255c,4,user_17607ebc,0.837098
user_0168255c,5,user_bf69de98,0.837005
user_0168255c,6,user_b16e0cf8,0.836959
user_0168255c,7,user_636ad58f,0.832060
user_0168255c,8,user_5881b259,0.827694
user_0168255c,9,user_5c09bb3d,0.826487
user_0168255c,10,user_bbe73426,0.820208
user_0168255c,11,user_095ff43e,0.815525
user_0168255c,12,user_43a979d2,0.815139
user_0168255c,13,user_dd1d7b22,0.813403
user_0168255c,14,user_c39d41d7,0.812817
user_0168255c,15,user_02d03e8a,0.810573
user_02016939,1,user_02016939,0.879167
user_02016939,2,user_70bbda36,0.865176
user_02016939,3,user_6deada35,0.862696
user_02016939,4,user_586752e4,0.832362
user_02016939,5,user_e696f3ae,0.830556
user_02016939,6,user_6169d3b8,0.821840
user_02016939,7,user_8713f22a,0.819121
user_02016939,8,user_147d1bbb,0.818883
user_02016939,9,user_7b5f54c0,0.817792
user_02016939,10,user_54c1ebee,0.817771
user_02016939,11,user_25798310,0.815695
user_02016939,12,user_9a307ebe,0.813250
user_02016939,13,user_c5f32c0d,0.811723
user_02016939,14,user_5526cbfd,0.810515
user_02016939,15,user_ed1aaed8,0.809685
user_0285dee3,1,user_d70942c1,0.834367
user_0285dee3,2,user_0669bdf6,0.824240
user_0285dee3,3,user_5349c6cf,0.819490
user_0285dee3,4,user_bd05225b,0.807232
user_0285dee3,5,user_a1b097c2,0.800346
user_0285dee3,6,user_df8dc9bb,0.800059
user_0285dee3,7,user_5ac1a174,0.800044
user_0285dee3,8,user_8d22714e,0.797197
user_0285dee3,9,user_29cd4556,0.796190
user_0285dee3,10,user_5d35f631,0.795949
user_0285dee3,11,user_a75b4d6e,0.795811
user_0285dee3,12,user_7fd91653,0.792993
user_0285dee3,13,user_954805d7,0.790191
user_0285dee3,14,user_50e2a836,0.785259
user_0285dee3,15,user_79f04645,0.783227
user_02d03e8a,1,user_2e05a7a0,0.777081
user_02d03e8a,2,user_41d0c897,0.774080
user_02d03e8a,3,user_6fc85c06,0.769822
user_02d03e8a,4,user_2dd5b531,0.769322
user_02d03e8a,5,user_9bee2a7c,0.767612
user_02d03e8a,6,user_9571d0d5,0.762494
user_02d03e8a,7,user_cf393213,0.761221
user_02d03e8a,8,user_8be3f554,0.758203
user_02d03e8a,9,user_94f185bc,0.758084
user_02d03e8a,10,user_6fbf6191,0.754524
user_02d03e8a,11,user_ee8d5ec5,0.753070
user_02d03e8a,12,user_ab86ab82,0.749987
user_02d03e8a,13,user_96d9cb9a,0.745689
user_02d03e8a,14,user_16ac4154,0.744778
user_02d03e8a,15,user_f930e37f,0.740816
user_02d8a1f8,1,user_5881b259,0.852929
user_02d8a1f8,2,user_1936a7c3,0.826604
user_02d8a1f8,3,user_e6057285,0.825955
user_02d8a1f8,4,user_d1d16d30,0.823337
user_02d8a1f8,5,user_a01f16ac,0.817744
user_02d8a1f8,6,user_18892460,0.814717
user_02d8a1f8,7,user_cb2fe204,0.812483
user_02d8a1f8,8,user_5b714afd,0.811689
user_02d8a1f8,9,user_7b052f32,0.800871
user_02d8a1f8,10,user_bd05225b,0.799097
user_02d8a1f8,11,user_0b64b183,0.797164
user_02d8a1f8,12,user_0898fc4b,0.796311
user_02d8a1f8,13,user_eb0927d1,0.793651
user_02d8a1f8,14,user_dbc4828c,0.793553
user_02d8a1f8,15,user_fba6bcd4,0.793342
user_02fecea2,1,user_0d32f0ed,0.753558
user_02fecea2,2,user_81a80789,0.747768
user_02fecea2,3,user_364bb955,0.741132
user_02fecea2,4,user_1a7d6cd5,0.737859
user_02fecea2,5,user_3431c049,0.733964
user_02fecea2,6,user_02fecea2,0.732145
user_02fecea2,7,user_b0129d9e,0.725265
user_02fecea2,8,user_aabd2642,0.718868
user_02fecea2,9,user_da51dede,0.705711
user_02fecea2,10,user_3b1da5d9,0.699239
user_02fecea2,11,user_cbabbcee,0.695277
user_02fecea2,12,user_166a3647,0.694998
user_02fecea2,13,user_03410579,0.691857
user_02fecea2,14,user_0c578ab5,0.684690
user_02fecea2,15,user_1246b252,0.681517
user_03410579,1,user_03410579,0.885926
user_03410579,2,user_d691d016,0.872804
user_03410579,3,user_02fecea2,0.865926
user_03410579,4,user_3e284ba5,0.865165
user_03410579,5,user_7b5f54c0,0.864983
user_03410579,6,user_54c1ebee,0.858818
user_03410579,7,user_cbabbcee,0.854183
user_03410579,8,user_147d1bbb,0.848032
user_03410579,9,user_70bbda36,0.844880
user_03410579,10,user_1246b252,0.844001
user_03410579,11,user_166a3647,0.839389
user_03410579,12,user_1a7d6cd5,0.837361
user_03410579,13,user_0b1b1d1c,0.835826
user_03410579,14,user_81a80789,0.832370
user_03410579,15,user_c903d3bb,0.832267
user_043ea160,1,user_89e04335,0.766215
user_043ea160,2,user_3049510b,0.758719
user_043ea160,3,user_7f56f9a5,0.757251
user_043ea160,4,user_ef954c6e,0.753281
user_043ea160,5,user_18892460,0.752124
user_043ea160,6,user_83afc7b2,0.748443
user_043ea160,7,user_bf69de98,0.744867
user_043ea160,8,user_394c25cc,0.744415
user_043ea160,9,user_d2c97c8e,0.743638
user_043ea160,10,user_dca78fea,0.738439
user_043ea160,11,user_38dc2894,0.737633
user_043ea160,12,user_043ea160,0.737631
user_043ea160,13,user_7b052f32,0.732436
user_043ea160,14,user_9a307ebe,0.729867
user_043ea160,15,user_1936a7c3,0.729096
user_04d29f9c,1,user_56e6d0cd,0.842964
user_04d29f9c,2,user_4db0d490,0.806882
user_04d29f9c,3,user_57c1d6c0,0.800428
user_04d29f9c,4,user_91db6e48,0.795123
user_04d29f9c,5,user_65d73ac1,0.790246
user_04d29f9c,6,user_c35d6565,0.781707
user_04d29f9c,7,user_c2f18cf7,0.780931
user_04d29f9c,8,user_8be3f554,0.777222
user_04d29f9c,9,user_daf37424,0.777082
user_04d29f9c,10,user_d036c911,0.776773
user_04d29f9c,11,user_b6d05d1d,0.775526
user_04d29f9c,12,user_d5379647,0.773838
user_04d29f9c,13,user_9dda4af9,0.771983
user_04d29f9c,14,user_0eb2abf1,0.768010
user_04d29f9c,15,user_c994138f,0.764640
user_04d8419e,1,user_c7beef01,0.785512
user_04d8419e,2,user_4a57e449,0.775064
user_04d8419e,3,user_ab86ab82,0.764327
user_04d8419e,4,user_a16d1fb6,0.759250
user_04d8419e,5,user_9b6481e4,0.736421
user_04d8419e,6,user_2e05a7a0,0.735967
user_04d8419e,7,user_11e8421f,0.731833
user_04d8419e,8,user_9bee2a7c,0.702732
user_04d8419e,9,user_164fe4b8,0.698793
user_04d8419e,10,user_07ec3726,0.693808
user_04d8419e,11,user_32934d38,0.686487
user_04d8419e,12,user_c8f82360,0.682227
user_04d8419e,13,user_ffe2efae,0.681088
user_04d8419e,14,user_8006727d,0.678966
user_04d8419e,15,user_efb27a8e,0.678040
user_0521a7ac,1,user_8afa3eba,0.650468
user_0521a7ac,2,user_d4b7e22e,0.619741
user_0521a7ac,3,user_49b1ac46,0.617952
user_0521a7ac,4,user_75251485,0.601425
user_0521a7ac,5,user_78eff25f,0.592457
user_0521a7ac,6,user_4d4f73a6,0.585819
user_0521a7ac,7,user_2b03934e,0.584909
user_0521a7ac,8,user_1bcbacb3,0.581811
user_0521a7ac,9,user_9d9fba70,0.577193
user_0521a7ac,10,user_fe922ad0,0.576740
user_0521a7ac,11,user_942ff21e,0.575282
user_0521a7ac,12,user_a5d9fab6,0.572715
user_0521a7ac,13,user_b2dd04c8,0.572121
user_0521a7ac,14,user_c883258f,0.569249
user_0521a7ac,15,user_9b517815,0.567745
user_058c1800,1,user_5881b259,0.893337
user_058c1800,2,user_dbc4828c,0.876333
user_058c1800,3,user_c39d41d7,0.870907
user_058c1800,4,user_723406a0,0.867810
user_058c1800,5,user_fba6bcd4,0.866038
user_058c1800,6,user_f654c33b,0.859164
user_058c1800,7,user_7924afc9,0.856954
user_058c1800,8,user_cb2fe204,0.854403
user_058c1800,9,user_d1d16d30,0.851228
user_058c1800,10,user_a743aff9,0.847131
user_058c1800,11,user_f27da10a,0.846707
user_058c1800,12,user_636ad58f,0.846664
user_058c1800,13,user_d758a0a1,0.845428
user_058c1800,14,user_2e81a539,0.844149
user_058c1800,15,user_dc326993,0.842834
user_0697c470,1,user_e5a6abbe,0.880494
user_0697c470,2,user_c5f32c0d,0.870835
user_0697c470,3,user_032e5bc8,0.863818
user_0697c470,4,user_147d1bbb,0.856851
user_0697c470,5,user_8d22714e,0.856846
user_0697c470,6,user_5c5a0b40,0.856219
user_0697c470,7,user_25798310,0.854675
user_0697c470,8,user_c39d41d7,0.848713
user_0697c470,9,user_38ab51d4,0.845050
user_0697c470,10,user_b16e0cf8,0.843059
user_0697c470,11,user_bd05225b,0.842674
user_0697c470,12,user_858fa00c,0.842395
user_0697c470,13,user_54c1ebee,0.841923
user_0697c470,14,user_83afc7b2,0.841335
user_0697c470,15,user_5881b259,0.840540
user_07cb458d,1,user_aabd2642,0.784894
user_07cb458d,2,user_52d3881c,0.782517
user_07cb458d,3,user_4e54f3d7,0.764740
user_07cb458d,4,user_ef05ad51,0.762855
user_07cb458d,5,user_364bb955,0.759378
user_07cb458d,6,user_da51dede,0.747161
user_07cb458d,7,user_95d648bc,0.743931
user_07cb458d,8,user_920c074a,0.743053
user_07cb458d,9,user_e6dd44b0,0.740764
user_07cb458d,10,user_7b5f54c0,0.733319
user_07cb458d,11,user_ed1aaed8,0.722481
user_07cb458d,12,user_3e284ba5,0.718243
user_07cb458d,13,user_54c1ebee,0.716044
user_07cb458d,14,user_1b7f8c56,0.715040
user_07cb458d,15,user_25798310,0.713740
user_07db2c6a,1,user_3971c3e6,0.721940
user_07db2c6a,2,user_89e04335,0.720228
user_07db2c6a,3,user_10e64e28,0.715130
user_07db2c6a,4,user_daf37424,0.707075
user_07db2c6a,5,user_02016939,0.705544
user_07db2c6a,6,user_e6057285,0.704160
user_07db2c6a,7,user_54c1ebee,0.702334
user_07db2c6a,8,user_9a307ebe,0.702203
user_07db2c6a,9,user_e802076d,0.701678
user_07db2c6a,10,user_a6c5a10c,0.700548
user_07db2c6a,11,user_df8dc9bb,0.700232
user_07db2c6a,12,user_83afc7b2,0.699279
user_07db2c6a,13,user_a151ddab,0.698871
user_07db2c6a,14,user_586752e4,0.698461
user_07db2c6a,15,user_886f7373,0.698102
user_07faa0fc,1,user_07faa0fc,0.793997
user_07faa0fc,2,user_23e46560,0.692081
user_07faa0fc,3,user_58892c7c,0.677194
user_07faa0fc,4,user_2eaaa117,0.624297
user_07faa0fc,5,user_1b2d69c1,0.622949
user_07faa0fc,6,user_74c84045,0.590892
user_07faa0fc,7,user_85c97ea1,0.560863
user_07faa0fc,8,user_e30558fe,0.551732
user_07faa0fc,9,user_74da5a13,0.551119
user_07faa0fc,10,user_903329bb,0.549289
user_07faa0fc,11,user_baa70592,0.545617
user_07faa0fc,12,user_9ee84e18,0.520334
user_07faa0fc,13,user_476670f9,0.507203
user_07faa0fc,14,user_687feee4,0.504059
user_07faa0fc,15,user_233fda02,0.503527
user_08aa624b,1,user_b325310b,0.922432
user_08aa624b,2,user_2d74cd4c,0.908141
user_08aa624b,3,user_b6b89f00,0.862372
user_08aa624b,4,user_ee89e069,0.856829
user_08aa624b,5,user_f8e2246f,0.853324
user_08aa624b,6,user_afff552a,0.833139
user_08aa624b,7,user_6bb64984,0.819684
user_08aa624b,8,user_08aa624b,0.813863
user_08aa624b,9,user_99c67f2f,0.810819
user_08aa624b,10,user_8fbb6d9c,0.804784
user_08aa624b,11,user_aa2fbe83,0.803426
user_08aa624b,12,user_fba6bcd4,0.794008
user_08aa624b,13,user_9e39a95d,0.791843
user_08aa624b,14,user_940c7213,0.786360
user_08aa624b,15,user_d3663143,0.784992
user_08c32973,1,user_2c2a5c24,0.860109
user_08c32973,2,user_04f39d22,0.857465
user_08c32973,3,user_7de6f343,0.834276
user_08c32973,4,user_6fa47d61,0.825097
user_08c32973,5,user_0bc8e727,0.819793
user_08c32973,6,user_bf30f80d,0.818735
user_08c32973,7,user_08c32973,0.817144
user_08c32973,8,user_6d421600,0.803650
user_08c32973,9,user_421ae417,0.799411
user_08c32973,10,user_e409a56d,0.798909
user_08c32973,11,user_f3377028,0.797168
user_08c32973,12,user_2efde048,0.795101
user_08c32973,13,user_1a4bec69,0.794021
user_08c32973,14,user_83e45cc0,0.787046
user_08c32973,15,user_4ea1ef09,0.786500
user_08e9ce6e,1,user_aa19d173,0.820903
user_08e9ce6e,2,user_7de6f343,0.795946
user_08e9ce6e,3,user_5fddc7f1,0.785497
user_08e9ce6e,4,user_74cfb8ef,0.774758
user_08e9ce6e,5,user_c73333a5,0.774518
user_08e9ce6e,6,user_0f0ad720,0.760712
user_08e9ce6e,7,user_ba8b1c05,0.757595
user_08e9ce6e,8,user_687feee4,0.755719
user_08e9ce6e,9,user_372c2b3e,0.755364
user_08e9ce6e,10,user_421ae417,0.752321
user_08e9ce6e,11,user_2c2a5c24,0.749038
user_08e9ce6e,12,user_25652863,0.745772
user_08e9ce6e,13,user_40efa894,0.744696
user_08e9ce6e,14,user_eced69e7,0.744685
user_08e9ce6e,15,user_e6dd44b0,0.743423
user_092e219d,1,user_69df6330,0.869227
user_092e219d,2,user_c39d41d7,0.860759
user_092e219d,3,user_5993b36a,0.847214
user_092e219d,4,user_e8d15537,0.841547
user_092e219d,5,user_636ad58f,0.839165
user_092e219d,6,user_5881b259,0.837017
user_092e219d,7,user_e59c000f,0.832092
user_092e219d,8,user_a743aff9,0.830869
user_092e219d,9,user_f654c33b,0.829847
user_092e219d,10,user_a4a77a7d,0.826386
user_092e219d,11,user_723406a0,0.823030
user_092e219d,12,user_c5f32c0d,0.822634
user_092e219d,13,user_bd05225b,0.822507
user_092e219d,14,user_0898fc4b,0.822448
user_092e219d,15,user_03969305,0.822234
user_0a0bcaa6,1,user_d14b7d7b,0.673861
user_0a0bcaa6,2,user_8c0c7619,0.670033
user_0a0bcaa6,3,user_63b4ae7a,0.635962
user_0a0bcaa6,4,user_8006727d,0.618072
user_0a0bcaa6,5,user_0a3f46b9,0.618058
user_0a0bcaa6,6,user_8f08aa94,0.612437
user_0a0bcaa6,7,user_126670d7,0.600967
user_0a0bcaa6,8,user_2c3eb234,0.588018
user_0a0bcaa6,9,user_938164a5,0.563258
user_0a0bcaa6,10,user_c0392523,0.541299
user_0a0bcaa6,11,user_ab86ab82,0.540146
user_0a0bcaa6,12,user_4bf6a4a0,0.535923
user_0a0bcaa6,13,user_c1a70ab7,0.534585
user_0a0bcaa6,14,user_bbb0205e,0.534245
user_0a0bcaa6,15,user_8be3f554,0.526181
user_0a245f61,1,user_0a245f61,0.834099
user_0a245f61,2,user_8be3f554,0.810044
user_0a245f61,3,user_b4214db6,0.806060
user_0a245f61,4,user_57c1d6c0,0.804624
user_0a245f61,5,user_c2f18cf7,0.803434
user_0a245f61,6,user_5b698646,0.796696
user_0a245f61,7,user_65d73ac1,0.796610
user_0a245f61,8,user_eae91488,0.794765
user_0a245f61,9,user_3121653d,0.794716
user_0a245f61,10,user_b6d05d1d,0.794621
user_0a245f61,11,user_4db0d490,0.793614
user_0a245f61,12,user_91db6e48,0.793091
user_0a245f61,13,user_29cd4556,0.792964
user_0a245f61,14,user_d93b53bd,0.787128
user_0a245f61,15,user_8d968cfb,0.783828
user_0b5c256a,1,user_d1d16d30,0.871867
user_0b5c256a,2,user_c06d9b71,0.871176
user_0b5c256a,3,user_5881b259,0.867713
user_0b5c256a,4,user_f654c33b,0.846852
user_0b5c256a,5,user_c39d41d7,0.840109
user_0b5c256a,6,user_83e30c57,0.834019
user_0b5c256a,7,user_b16e0cf8,0.829952
user_0b5c256a,8,user_45926b89,0.829294
user_0b5c256a,9,user_954805d7,0.827083
user_0b5c256a,10,user_7924afc9,0.826464
user_0b5c256a,11,user_e1730a9c,0.823144
user_0b5c256a,12,user_fde2d265,0.822252
user_0b5c256a,13,user_1a2755b3,0.820229
user_0b5c256a,14,user_e6057285,0.820042
user_0b5c256a,15,user_15179955,0.819725
user_0b64b183,1,user_0898fc4b,0.818467
user_0b64b183,2,user_c5f32c0d,0.806627
user_0b64b183,3,user_e5a6abbe,0.806534
user_0b64b183,4,user_032e5bc8,0.805372
user_0b64b183,5,user_e59c000f,0.804895
user_0b64b183,6,user_bd05225b,0.804097
user_0b64b183,7,user_03969305,0.803014
user_0b64b183,8,user_a4a77a7d,0.799244
user_0b64b183,9,user_e6dd44b0,0.798277
user_0b64b183,10,user_8d22714e,0.797641
user_0b64b183,11,user_147d1bbb,0.796497
user_0b64b183,12,user_5993b36a,0.796252
user_0b64b183,13,user_e6057285,0.791294
user_0b64b183,14,user_166a3647,0.791272
user_0b64b183,15,user_25798310,0.791153
user_0c578ab5,1,user_b1d0760b,0.778192
user_0c578ab5,2,user_66772d98,0.772911
user_0c578ab5,3,user_394c25cc,0.769356
user_0c578ab5,4,user_7f56f9a5,0.768411
user_0c578ab5,5,user_e6057285,0.760400
user_0c578ab5,6,user_a7b901f2,0.755546
user_0c578ab5,7,user_886f7373,0.749884
user_0c578ab5,8,user_54c1ebee,0.746608
user_0c578ab5,9,user_205d25f3,0.746058
user_0c578ab5,10,user_e2e59795,0.740916
user_0c578ab5,11,user_72b93300,0.740169
user_0c578ab5,12,user_d4c7b4c0,0.739513
user_0c578ab5,13,user_0521a7ac,0.738684
user_0c578ab5,14,user_bbe73426,0.737030
user_0c578ab5,15,user_52c9252c,0.733758
user_0c8c48ac,1,user_6058434c,0.705923
user_0c8c48ac,2,user_f5c4370b,0.639593
user_0c8c48ac,3,user_86685a27,0.624256
user_0c8c48ac,4,user_49b1ac46,0.617119
user_0c8c48ac,5,user_e70b6a25,0.612438
user_0c8c48ac,6,user_d5379647,0.611333
user_0c8c48ac,7,user_835666af,0.606213
user_0c8c48ac,8,user_9d9fba70,0.602942
user_0c8c48ac,9,user_378003e3,0.592907
user_0c8c48ac,10,user_d0a0f883,0.581924
user_0c8c48ac,11,user_1232c39b,0.575617
user_0c8c48ac,12,user_66a7ce5a,0.573567
user_0c8c48ac,13,user_a6a094cf,0.568919
user_0c8c48ac,14,user_858fa00c,0.566676
user_0c8c48ac,15,user_ce424e88,0.566233
user_0cc626ee,1,user_bd05225b,0.853741
user_0cc626ee,2,user_25798310,0.851591
user_0cc626ee,3,user_f27da10a,0.849883
user_0cc626ee,4,user_c5f32c0d,0.841474
user_0cc626ee,5,user_636ad58f,0.838366
user_0cc626ee,6,user_c39d41d7,0.837761
user_0cc626ee,7,user_a01f16ac,0.837351
user_0cc626ee,8,user_5b714afd,0.834123
user_0cc626ee,9,user_50e2a836,0.833919
user_0cc626ee,10,user_dbc4828c,0.833692
user_0cc626ee,11,user_5881b259,0.833378
user_0cc626ee,12,user_147d1bbb,0.822452
user_0cc626ee,13,user_405db206,0.816365
user_0cc626ee,14,user_723406a0,0.814531
user_0cc626ee,15,user_e5a6abbe,0.812582
user_0cd29f02,1,user_0cd29f02,0.693219
user_0cd29f02,2,user_efcacf59,0.590813
user_0cd29f02,3,user_dffc0da5,0.590227
user_0cd29f02,4,user_9ce96cbf,0.566113
user_0cd29f02,5,user_3535252b,0.565779
user_0cd29f02,6,user_a8dc91a3,0.564752
user_0cd29f02,7,user_c154e834,0.559817
user_0cd29f02,8,user_e88c308b,0.554867
user_0cd29f02,9,user_98ca16a6,0.548891
user_0cd29f02,10,user_72b93300,0.548715
user_0cd29f02,11,user_515ae840,0.548514
user_0cd29f02,12,user_36d44add,0.543473
user_0cd29f02,13,user_c35d6565,0.539209
user_0cd29f02,14,user_d2bd9832,0.537039
user_0cd29f02,15,user_2c69b83e,0.534646
user_0f0ad720,1,user_6ae9ce92,0.900824
user_0f0ad720,2,user_930dc61d,0.881898
user_0f0ad720,3,user_02016939,0.870539
user_0f0ad720,4,user_d9b8914f,0.853490
user_0f0ad720,5,user_70580e9a,0.820183
user_0f0ad720,6,user_ded778b8,0.810221
user_0f0ad720,7,user_70bbda36,0.800302
user_0f0ad720,8,user_ac6d6bff,0.786721
user_0f0ad720,9,user_1f09455f,0.786001
user_0f0ad720,10,user_be018f9d,0.778882
user_0f0ad720,11,user_7bbd1543,0.778482
user_0f0ad720,12,user_205d25f3,0.778395
user_0f0ad720,13,user_ba085464,0.771712
user_0f0ad720,14,user_fde27362,0.768875
user_0f0ad720,15,user_baeb91b3,0.764652
user_107259c3,1,user_17054ec7,0.734527
user_107259c3,2,user_aa4cc34a,0.715825
user_107259c3,3,user_0128a546,0.698248
user_107259c3,4,user_baeb91b3,0.686598
user_107259c3,5,user_9c88ee3d,0.684474
user_107259c3,6,user_87e5d9b0,0.672306
user_107259c3,7,user_3353b96b,0.669487
user_107259c3,8,user_107259c3,0.668224
user_107259c3,9,user_7c7220a4,0.660065
user_107259c3,10,user_f070eee7,0.649353
user_107259c3,11,user_8e5e899b,0.644378
user_107259c3,12,user_9fe4e0f5,0.637546
user_107259c3,13,user_a411fb06,0.632224
user_107259c3,14,user_233fda02,0.628990
user_107259c3,15,user_ea67f9c6,0.626693
user_10e64e28,1,user_a0f5ae47,0.655305
user_10e64e28,2,user_3535252b,0.638224
user_10e64e28,3,user_c536b01d,0.632726
user_10e64e28,4,user_4e800fa1,0.627096
user_10e64e28,5,user_10e64e28,0.621597
user_10e64e28,6,user_4f8b6987,0.612098
user_10e64e28,7,user_39b3eda0,0.608806
user_10e64e28,8,user_efcacf59,0.608660
user_10e64e28,9,user_a6c5a10c,0.604810
user_10e64e28,10,user_bf69de98,0.600161
user_10e64e28,11,user_d499c752,0.592043
user_10e64e28,12,user_970963fd,0.585112
user_10e64e28,13,user_e88c308b,0.582304
user_10e64e28,14,user_c34f1f4d,0.574893
user_10e64e28,15,user_8be3f554,0.573305
user_111cfe7d,1,user_cf393213,0.822195
user_111cfe7d,2,user_cdd86523,0.779976
user_111cfe7d,3,user_61f90240,0.758637
user_111cfe7d,4,user_9600e8bf,0.758516
user_111cfe7d,5,user_111cfe7d,0.752644
user_111cfe7d,6,user_41d0c897,0.748590
user_111cfe7d,7,user_0eb2abf1,0.747897
user_111cfe7d,8,user_259776c7,0.747267
user_111cfe7d,9,user_6fbf6191,0.745288
user_111cfe7d,10,user_84c14a6f,0.744269
user_111cfe7d,11,user_c4c70447,0.742128
user_111cfe7d,12,user_39939c54,0.735343
user_111cfe7d,13,user_ba4a78fc,0.734754
user_111cfe7d,14,user_6b86248b,0.725249
user_111cfe7d,15,user_a6c2e760,0.725183
user_11e8421f,1,user_3e1f9dc1,0.664078
user_11e8421f,2,user_8d85acb5,0.641002
user_11e8421f,3,user_11e8421f,0.604071
user_11e8421f,4,user_8ac8f24f,0.589605
user_11e8421f,5,user_124651ff,0.589486
user_11e8421f,6,user_0bc8e727,0.588249
user_11e8421f,7,user_f7538815,0.585367
user_11e8421f,8,user_cbabbcee,0.584486
user_11e8421f,9,user_795650bb,0.581897
user_11e8421f,10,user_21b4fa31,0.570490
user_11e8421f,11,user_9c5071dd,0.566849
user_11e8421f,12,user_6c2d672f,0.566533
user_11e8421f,13,user_39f8897b,0.565941
user_11e8421f,14,user_c96b90fe,0.552160
user_11e8421f,15,user_0c578ab5,0.551595
user_1230e05a,1,user_2920b35e,0.818003
user_1230e05a,2,user_d6175d39,0.726533
user_1230e05a,3,user_b6350ec1,0.691256
user_1230e05a,4,user_cc1c8897,0.677982
user_1230e05a,5,user_1ef33a43,0.674590
user_1230e05a,6,user_25652863,0.668780
user_1230e05a,7,user_07cb458d,0.668150
user_1230e05a,8,user_70580e9a,0.667000
user_1230e05a,9,user_6169d3b8,0.664181
user_1230e05a,10,user_fba6bcd4,0.662923
user_1230e05a,11,user_aa31484a,0.655732
user_1230e05a,12,user_8663226a,0.654609
user_1230e05a,13,user_f030b951,0.651138
user_1230e05a,14,user_b16e0cf8,0.650779
user_1230e05a,15,user_b4214db6,0.649779
user_126670d7,1,user_d2bd9832,0.656784
user_126670d7,2,user_18522854,0.646312
user_126670d7,3,user_8e5e899b,0.633007
user_126670d7,4,user_ecc1ca0a,0.626161
user_126670d7,5,user_7d944883,0.624101
user_126670d7,6,user_83b871b5,0.621243
user_126670d7,7,user_49b1ac46,0.620077
user_126670d7,8,user_788a8bb7,0.619674
user_126670d7,9,user_0521a7ac,0.614781
user_126670d7,10,user_737dd050,0.613512
user_126670d7,11,user_9d8095fc,0.613061
user_126670d7,12,user_a2503734,0.612929
user_126670d7,13,user_8285a696,0.611427
user_126670d7,14,user_3239132f,0.611056
user_126670d7,15,user_394c25cc,0.610846
user_1302cb61,1,user_9b6481e4,0.696874
user_1302cb61,2,user_ab8e847b,0.681343
user_1302cb61,3,user_9818dcae,0.672840
user_1302cb61,4,user_942ff21e,0.672803
user_1302cb61,5,user_a411fb06,0.671921
user_1302cb61,6,user_ffe2efae,0.670637
user_1302cb61,7,user_9a5457b0,0.645897
user_1302cb61,8,user_e8e9acac,0.628743
user_1302cb61,9,user_07ec3726,0.626228
user_1302cb61,10,user_4d4f73a6,0.621585
user_1302cb61,11,user_67acd9b1,0.615733
user_1302cb61,12,user_fe922ad0,0.609857
user_1302cb61,13,user_4a57e449,0.607139
user_1302cb61,14,user_3431c049,0.598669
user_1302cb61,15,user_94cad3a5,0.596824
user_13f8ee07,1,user_f930e37f,0.643176
user_13f8ee07,2,user_dc326993,0.637973
user_13f8ee07,3,user_bbcbf015,0.617852
user_13f8ee07,4,user_ebddf9c1,0.616596
user_13f8ee07,5,user_41d0c897,0.614709
user_13f8ee07,6,user_8dd20d7f,0.613336
user_13f8ee07,7,user_1df51301,0.610643
user_13f8ee07,8,user_ee8d5ec5,0.610603
user_13f8ee07,9,user_3ae49e46,0.607305
user_13f8ee07,10,user_5993b36a,0.605367
user_13f8ee07,11,user_cf393213,0.601043
user_13f8ee07,12,user_8be3f554,0.600074
user_13f8ee07,13,user_ab86ab82,0.589234
user_13f8ee07,14,user_a75b16f2,0.585057
user_13f8ee07,15,user_9571d0d5,0.584361
user_13fb2e34,1,user_87e5d9b0,0.853960
user_13fb2e34,2,user_233fda02,0.816776
user_13fb2e34,3,user_8e5e899b,0.787721
user_13fb2e34,4,user_4144252d,0.771418
user_13fb2e34,5,user_f4f9490d,0.767747
user_13fb2e34,6,user_3b90fb53,0.765953
user_13fb2e34,7,user_13fb2e34,0.756961
user_13fb2e34,8,user_29266f60,0.748791
user_13fb2e34,9,user_ff39b6cf,0.738082
user_13fb2e34,10,user_cbabbcee,0.726372
user_13fb2e34,11,user_107259c3,0.714663
user_13fb2e34,12,user_94cad3a5,0.709106
user_13fb2e34,13,user_1a7d6cd5,0.706775
user_13fb2e34,14,user_5ac1a174,0.704068
user_13fb2e34,15,user_ea67f9c6,0.700035
user_147d1bbb,1,user_df8dc9bb,0.851392
user_147d1bbb,2,user_54c1ebee,0.840663
user_147d1bbb,3,user_70bbda36,0.833340
user_147d1bbb,4,user_166a3647,0.827895
user_147d1bbb,5,user_aabd2642,0.825716
user_147d1bbb,6,user_586752e4,0.825500
user_147d1bbb,7,user_81a80789,0.822822
user_147d1bbb,8,user_5a6f92a6,0.821778
user_147d1bbb,9,user_b63ea1d4,0.820783
user_147d1bbb,10,user_147d1bbb,0.817102
user_147d1bbb,11,user_25798310,0.816431
user_147d1bbb,12,user_7b5f54c0,0.815362
user_147d1bbb,13,user_364bb955,0.813551
user_147d1bbb,14,user_b0129d9e,0.812746
user_147d1bbb,15,user_02fecea2,0.809102
user_14a2d3c6,1,user_14a2d3c6,0.794986
user_14a2d3c6,2,user_dac2c359,0.768711
user_14a2d3c6,3,user_5ac1a174,0.731890
user_14a2d3c6,4,user_d758a0a1,0.714922
user_14a2d3c6,5,user_f4f9490d,0.707595
user_14a2d3c6,6,user_84c14a6f,0.706166
user_14a2d3c6,7,user_87e5d9b0,0.699608
user_14a2d3c6,8,user_a57e47b1,0.696808
user_14a2d3c6,9,user_0669bdf6,0.688899
user_14a2d3c6,10,user_fdcaaf41,0.684059
user_14a2d3c6,11,user_cdd86523,0.677920
user_14a2d3c6,12,user_ab30f0fb,0.674125
user_14a2d3c6,13,user_6a13946a,0.669706
user_14a2d3c6,14,user_a4a77a7d,0.669416
user_14a2d3c6,15,user_2e81a539,0.669230
user_159646d5,1,user_5bc74ae7,0.666752
user_159646d5,2,user_032f6993,0.659131
user_159646d5,3,user_74da5a13,0.658311
user_159646d5,4,user_3850eb9e,0.624993
user_159646d5,5,user_b9d253e8,0.616498
user_159646d5,6,user_83b871b5,0.603686
user_159646d5,7,user_82d93459,0.590175
user_159646d5,8,user_00723699,0.589852
user_159646d5,9,user_be06391b,0.584770
user_159646d5,10,user_e7f25600,0.575572
user_159646d5,11,user_372c2b3e,0.562973
user_159646d5,12,user_8ae8c359,0.559552
user_159646d5,13,user_a151ddab,0.558286
user_159646d5,14,user_ff591131,0.553902
user_159646d5,15,user_f7fd2885,0.552842
user_164057cc,1,user_164057cc,0.770276
user_164057cc,2,user_6a0b0e92,0.670223
user_164057cc,3,user_737dd050,0.655824
user_164057cc,4,user_aa2fbe83,0.648924
user_164057cc,5,user_7af2ed90,0.647011
user_164057cc,6,user_b1a5a37e,0.646171
user_164057cc,7,user_00723699,0.646024
user_164057cc,8,user_0b1b1d1c,0.640797
user_164057cc,9,user_0e685b64,0.629477
user_164057cc,10,user_9571d0d5,0.627493
user_164057cc,11,user_e5a6abbe,0.626024
user_164057cc,12,user_fb64cb55,0.624437
user_164057cc,13,user_5993b36a,0.624087
user_164057cc,14,user_02fecea2,0.622645
user_164057cc,15,user_417702c5,0.620582
user_164fe4b8,1,user_9b6481e4,0.718731
user_164fe4b8,2,user_efb27a8e,0.703875
user_164fe4b8,3,user_ffe2efae,0.694006
user_164fe4b8,4,user_c7beef01,0.690250
user_164fe4b8,5,user_a16d1fb6,0.688289
user_164fe4b8,6,user_815b7baf,0.684086
user_164fe4b8,7,user_aaa1e595,0.669531
user_164fe4b8,8,user_94cad3a5,0.661919
user_164fe4b8,9,user_3b79395c,0.661383
user_164fe4b8,10,user_9e328c4e,0.660879
user_164fe4b8,11,user_4f3b6241,0.651216
user_164fe4b8,12,user_9c88ee3d,0.649741
user_164fe4b8,13,user_9a5457b0,0.643745
user_164fe4b8,14,user_67acd9b1,0.636854
user_164fe4b8,15,user_0128a546,0.634913
user_165a2706,1,user_165a2706,0.791082
user_165a2706,2,user_fb64cb55,0.756271
user_165a2706,3,user_835666af,0.753237
user_165a2706,4,user_9ee84e18,0.744078
user_165a2706,5,user_59e8bc2a,0.728438
user_165a2706,6,user_903329bb,0.718082
user_165a2706,7,user_737dd050,0.716458
user_165a2706,8,user_d023a78e,0.704246
user_165a2706,9,user_8e97a154,0.693981
user_165a2706,10,user_5b7d5e00,0.680791
user_165a2706,11,user_6a0b0e92,0.674224
user_165a2706,12,user_f827c7dd,0.673974
user_165a2706,13,user_d10d1f24,0.646807
user_165a2706,14,user_2dc10d2d,0.634927
user_165a2706,15,user_acb51eed,0.632937
user_16b87e34,1,user_0cc626ee,0.856527
user_16b87e34,2,user_0669bdf6,0.855387
user_16b87e34,3,user_f27da10a,0.854804
user_16b87e34,4,user_5ac1a174,0.842962
user_16b87e34,5,user_0e82fe11,0.842839
user_16b87e34,6,user_858fa00c,0.841320
user_16b87e34,7,user_25798310,0.839577
user_16b87e34,8,user_14a2d3c6,0.833203
user_16b87e34,9,user_147d1bbb,0.832094
user_16b87e34,10,user_bd05225b,0.830408
user_16b87e34,11,user_83afc7b2,0.829517
user_16b87e34,12,user_d758a0a1,0.827117
user_16b87e34,13,user_e59c000f,0.825223
user_16b87e34,14,user_88b2faba,0.824981
user_16b87e34,15,user_f10e7063,0.824633
user_17355c30,1,user_858fa00c,0.794609
user_17355c30,2,user_ed3091a2,0.779568
user_17355c30,3,user_0cc626ee,0.771652
user_17355c30,4,user_884ffdb2,0.766857
user_17355c30,5,user_0e82fe11,0.763114
user_17355c30,6,user_e8cdb142,0.761156
user_17355c30,7,user_8d22714e,0.755119
user_17355c30,8,user_0669bdf6,0.753801
user_17355c30,9,user_17355c30,0.751893
user_17355c30,10,user_ecc1ca0a,0.751558
user_17355c30,11,user_6a0b0e92,0.749074
user_17355c30,12,user_5ac1a174,0.746515
user_17355c30,13,user_835666af,0.744016
user_17355c30,14,user_058d9dc1,0.743600
user_17355c30,15,user_032e5bc8,0.734107
user_17607ebc,1,user_d199bef3,0.813684
user_17607ebc,2,user_7aa3746b,0.798842
user_17607ebc,3,user_17607ebc,0.798302
user_17607ebc,4,user_0cee87f3,0.784266
user_17607ebc,5,user_5c09bb3d,0.782707
user_17607ebc,6,user_38ab51d4,0.773631
user_17607ebc,7,user_b16e0cf8,0.769795
user_17607ebc,8,user_aa31484a,0.768454
user_17607ebc,9,user_2373103d,0.766206
user_17607ebc,10,user_a01f16ac,0.764507
user_17607ebc,11,user_df3c19a7,0.758596
user_17607ebc,12,user_6deada35,0.758459
user_17607ebc,13,user_e5a6abbe,0.758285
user_17607ebc,14,user_80dc757f,0.757307
user_17607ebc,15,user_43a979d2,0.756700
user_183b3783,1,user_dae4304f,0.861927
user_183b3783,2,user_c35d6565,0.860074
user_183b3783,3,user_9dda4af9,0.851066
user_183b3783,4,user_9a307ebe,0.842389
user_183b3783,5,user_adab54a0,0.837504
user_183b3783,6,user_c5f32c0d,0.837187
user_183b3783,7,user_daf37424,0.832597
user_183b3783,8,user_a3a4a20a,0.829824
user_183b3783,9,user_b16e0cf8,0.826278
user_183b3783,10,user_3ff3188b,0.822099
user_183b3783,11,user_e696f3ae,0.818053
user_183b3783,12,user_56e6d0cd,0.816932
user_183b3783,13,user_83afc7b2,0.815449
user_183b3783,14,user_e5a6abbe,0.815194
user_183b3783,15,user_b6d05d1d,0.812104
user_18522854,1,user_ee14f818,0.814490
user_18522854,2,user_94f185bc,0.802738
user_18522854,3,user_ef954c6e,0.794840
user_18522854,4,user_ebddf9c1,0.794734
user_18522854,5,user_69df6330,0.794254
user_18522854,6,user_f51339f8,0.793816
user_18522854,7,user_e6057285,0.790454
user_18522854,8,user_6fc85c06,0.788242
user_18522854,9,user_45926b89,0.782265
user_18522854,10,user_394c25cc,0.781717
user_18522854,11,user_e5a6abbe,0.777284
user_18522854,12,user_fdc08e26,0.773207
user_18522854,13,user_5526cbfd,0.770305
user_18522854,14,user_e59c000f,0.769486
user_18522854,15,user_40a0bad3,0.769038
user_18892460,1,user_5c5a0b40,0.774552
user_18892460,2,user_e802076d,0.763069
user_18892460,3,user_bdcc6e7d,0.756439
user_18892460,4,user_83afc7b2,0.753397
user_18892460,5,user_147d1bbb,0.751307
user_18892460,6,user_8d22714e,0.746488
user_18892460,7,user_a01f16ac,0.744288
user_18892460,8,user_7aa3746b,0.738427
user_18892460,9,user_adab54a0,0.737214
user_18892460,10,user_c5f32c0d,0.736501
user_18892460,11,user_e5a6abbe,0.734567
user_18892460,12,user_0cee87f3,0.732626
user_18892460,13,user_df8dc9bb,0.731385
user_18892460,14,user_e59c000f,0.727940
user_18892460,15,user_5c09bb3d,0.726830
user_18c333c6,1,user_3ff3188b,0.857888
user_18c333c6,2,user_c34e791e,0.805822
user_18c333c6,3,user_81c4dae1,0.795570
user_18c333c6,4,user_e696f3ae,0.792722
user_18c333c6,5,user_04f39d22,0.790282
user_18c333c6,6,user_a3a4a20a,0.780520
user_18c333c6,7,user_f030b951,0.776569
user_18c333c6,8,user_2dd5b531,0.775309
user_18c333c6,9,user_98f18241,0.772323
user_18c333c6,10,user_43049634,0.767873
user_18c333c6,11,user_41d0c897,0.765255
user_18c333c6,12,user_ae306850,0.764155
user_18c333c6,13,user_3ff88cf0,0.761682
user_18c333c6,14,user_67acd9b1,0.759782
user_18c333c6,15,user_fdc08e26,0.758639
user_192a215d,1,user_62b122b9,0.852344
user_192a215d,2,user_0bc8e727,0.835689
user_192a215d,3,user_a61b0d31,0.817801
user_192a215d,4,user_fbed237d,0.785298
user_192a215d,5,user_2c2a5c24,0.761259
user_192a215d,6,user_0f0ad720,0.710419
user_192a215d,7,user_43049634,0.706319
user_192a215d,8,user_6fa47d61,0.704483
user_192a215d,9,user_7de6f343,0.703043
user_192a215d,10,user_500badda,0.702313
user_192a215d,11,user_a3a4a20a,0.693996
user_192a215d,12,user_04f39d22,0.693576
user_192a215d,13,user_40efa894,0.693470
user_192a215d,14,user_e6dd44b0,0.693401
user_192a215d,15,user_0898fc4b,0.693055
user_194b92fc,1,user_61f90240,0.635499
user_194b92fc,2,user_39aad1a2,0.635064
user_194b92fc,3,user_d2e42f94,0.623058
user_194b92fc,4,user_18522854,0.617688
user_194b92fc,5,user_fb8f46c8,0.609029
user_194b92fc,6,user_ba4a78fc,0.603262
user_194b92fc,7,user_c4c70447,0.597292
user_194b92fc,8,user_c6f50d12,0.596559
user_194b92fc,9,user_2b03934e,0.588100
user_194b92fc,10,user_ff7631ef,0.587629
user_194b92fc,11,user_a2503734,0.584432
user_194b92fc,12,user_6a98b381,0.581633
user_194b92fc,13,user_a57e47b1,0.578088
user_194b92fc,14,user_8a669dcd,0.577957
user_194b92fc,15,user_b2dd04c8,0.576066
user_19641691,1,user_0d32f0ed,0.753439
user_19641691,2,user_737dd050,0.715474
user_19641691,3,user_1246b252,0.713091
user_19641691,4,user_e2e59795,0.711536
user_19641691,5,user_b0129d9e,0.709916
user_19641691,6,user_107259c3,0.707765
user_19641691,7,user_76638121,0.701364
user_19641691,8,user_4bd9303b,0.701327
user_19641691,9,user_70bbda36,0.695052
user_19641691,10,user_03410579,0.688017
user_19641691,11,user_e696f3ae,0.687810
user_19641691,12,user_2c69b83e,0.687317
user_19641691,13,user_df8dc9bb,0.685800
user_19641691,14,user_36e75535,0.685004
user_19641691,15,user_7b5f54c0,0.684490
user_19952166,1,user_b6d05d1d,0.815050
user_19952166,2,user_c2f18cf7,0.809559
user_19952166,3,user_83e30c57,0.804238
user_19952166,4,user_9dda4af9,0.803889
user_19952166,5,user_45926b89,0.778267
user_19952166,6,user_8f8346ad,0.770722
user_19952166,7,user_183b3783,0.769372
user_19952166,8,user_2dd5b531,0.765426
user_19952166,9,user_c35d6565,0.760633
user_19952166,10,user_54b19b29,0.755467
user_19952166,11,user_adab54a0,0.754432
user_19952166,12,user_0eb2abf1,0.748976
user_19952166,13,user_cf393213,0.747973
user_19952166,14,user_5c5a0b40,0.747459
user_19952166,15,user_e5a6abbe,0.747411
user_1a2755b3,1,user_c35d6565,0.867937
user_1a2755b3,2,user_daf37424,0.854429
user_1a2755b3,3,user_1a2755b3,0.849533
user_1a2755b3,4,user_9dda4af9,0.847267
user_1a2755b3,5,user_bdcc6e7d,0.833592
user_1a2755b3,6,user_57c1d6c0,0.824464
user_1a2755b3,7,user_3ff3188b,0.824458
user_1a2755b3,8,user_adab54a0,0.823891
user_1a2755b3,9,user_0eb2abf1,0.809530
user_1a2755b3,10,user_29cd4556,0.809131
user_1a2755b3,11,user_c34e791e,0.808488
user_1a2755b3,12,user_8be3f554,0.806876
user_1a2755b3,13,user_b6d05d1d,0.804571
user_1a2755b3,14,user_7aa3746b,0.801124
user_1a2755b3,15,user_dae4304f,0.799878
user_1a4bec69,1,user_1a4bec69,0.859497
user_1a4bec69,2,user_a52dd639,0.848298
user_1a4bec69,3,user_7de6f343,0.805811
user_1a4bec69,4,user_421ae417,0.801901
user_1a4bec69,5,user_04f39d22,0.799503
user_1a4bec69,6,user_902af20f,0.797448
user_1a4bec69,7,user_6fa47d61,0.770675
user_1a4bec69,8,user_2c2a5c24,0.766939
user_1a4bec69,9,user_0bc8e727,0.765931
user_1a4bec69,10,user_4ea1ef09,0.761951
user_1a4bec69,11,user_00a2f533,0.760365
user_1a4bec69,12,user_795650bb,0.758226
user_1a4bec69,13,user_74cfb8ef,0.753785
user_1a4bec69,14,user_40efa894,0.752913
user_1a4bec69,15,user_25652863,0.750504
user_1a7d6cd5,1,user_c50a487d,0.823338
user_1a7d6cd5,2,user_1a7d6cd5,0.800274
user_1a7d6cd5,3,user_e8ff8a9a,0.793601
user_1a7d6cd5,4,user_b0129d9e,0.764067
user_1a7d6cd5,5,user_1246b252,0.757049
user_1a7d6cd5,6,user_cd100edd,0.756265
user_1a7d6cd5,7,user_3b79395c,0.751950
user_1a7d6cd5,8,user_c1718b7b,0.746955
user_1a7d6cd5,9,user_8fb63eca,0.744132
user_1a7d6cd5,10,user_93cdb7a1,0.735335
user_1a7d6cd5,11,user_0b1b1d1c,0.735191
user_1a7d6cd5,12,user_5c9b579a,0.734321
user_1a7d6cd5,13,user_03410579,0.733135
user_1a7d6cd5,14,user_02fecea2,0.730909
user_1a7d6cd5,15,user_4144252d,0.730000
user_1b2d69c1,1,user_1b2d69c1,0.873033
user_1b2d69c1,2,user_58892c7c,0.840466
user_1b2d69c1,3,user_74c84045,0.800546
user_1b2d69c1,4,user_07faa0fc,0.770791
user_1b2d69c1,5,user_baa70592,0.750652
user_1b2d69c1,6,user_e30558fe,0.739470
user_1b2d69c1,7,user_e6dd44b0,0.703200
user_1b2d69c1,8,user_23e46560,0.680705
user_1b2d69c1,9,user_3971c3e6,0.664693
user_1b2d69c1,10,user_2920b35e,0.661248
user_1b2d69c1,11,user_85c97ea1,0.660803
user_1b2d69c1,12,user_f030b951,0.653314
user_1b2d69c1,13,user_6169d3b8,0.651338
user_1b2d69c1,14,user_b4214db6,0.650559
user_1b2d69c1,15,user_2eaaa117,0.648786
user_1b7f8c56,1,user_56e6d0cd,0.873042
user_1b7f8c56,2,user_57c1d6c0,0.823745
user_1b7f8c56,3,user_daf37424,0.808915
user_1b7f8c56,4,user_b6d05d1d,0.799918
user_1b7f8c56,5,user_c994138f,0.795291
user_1b7f8c56,6,user_ab86ab82,0.792286
user_1b7f8c56,7,user_8be3f554,0.791635
user_1b7f8c56,8,user_c34e791e,0.786986
user_1b7f8c56,9,user_2e05a7a0,0.780738
user_1b7f8c56,10,user_259776c7,0.777967
user_1b7f8c56,11,user_e8e9acac,0.776584
user_1b7f8c56,12,user_9351238d,0.773809
user_1b7f8c56,13,user_67acd9b1,0.773511
user_1b7f8c56,14,user_c2f18cf7,0.771074
user_1b7f8c56,15,user_3f2894b5,0.768817
user_1b89f77a,1,user_03969305,0.853339
user_1b89f77a,2,user_1df51301,0.851016
user_1b89f77a,3,user_c994138f,0.838531
user_1b89f77a,4,user_e59c000f,0.829101
user_1b89f77a,5,user_e696f3ae,0.827526
user_1b89f77a,6,user_9a307ebe,0.823692
user_1b89f77a,7,user_5526cbfd,0.822736
user_1b89f77a,8,user_9571d0d5,0.820120
user_1b89f77a,9,user_fdc08e26,0.815076
user_1b89f77a,10,user_f930e37f,0.813857
user_1b89f77a,11,user_586752e4,0.813527
user_1b89f77a,12,user_daf37424,0.813406
user_1b89f77a,13,user_dc326993,0.805519
user_1b89f77a,14,user_4f755977,0.797909
user_1b89f77a,15,user_adab54a0,0.797379
user_1d775dd8,1,user_10e64e28,0.693851
user_1d775dd8,2,user_8ae8c359,0.667935
user_1d775dd8,3,user_d691d016,0.667761
user_1d775dd8,4,user_586752e4,0.663272
user_1d775dd8,5,user_b350e22b,0.657912
user_1d775dd8,6,user_3971c3e6,0.654241
user_1d775dd8,7,user_147d1bbb,0.653268
user_1d775dd8,8,user_8dd20d7f,0.652469
user_1d775dd8,9,user_737dd050,0.652180
user_1d775dd8,10,user_5c82df31,0.651762
user_1d775dd8,11,user_38433566,0.650811
user_1d775dd8,12,user_869fcb2b,0.650620
user_1d775dd8,13,user_cce4f9c2,0.649818
user_1d775dd8,14,user_8e97a154,0.647974
user_1d775dd8,15,user_c204a1dd,0.645343
user_1dc24686,1,user_adab54a0,0.870430
user_1dc24686,2,user_f654c33b,0.868466
user_1dc24686,3,user_7aa3746b,0.860408
user_1dc24686,4,user_c35d6565,0.852673
user_1dc24686,5,user_5881b259,0.847634
user_1dc24686,6,user_80dc757f,0.843652
user_1dc24686,7,user_5c5a0b40,0.833299
user_1dc24686,8,user_9dda4af9,0.827591
user_1dc24686,9,user_b16e0cf8,0.827246
user_1dc24686,10,user_daf37424,0.823581
user_1dc24686,11,user_b49274ca,0.821138
user_1dc24686,12,user_b23aa915,0.821113
user_1dc24686,13,user_15179955,0.818677
user_1dc24686,14,user_0cee87f3,0.817658
user_1dc24686,15,user_c39d41d7,0.812923
user_1df51301,1,user_57c1d6c0,0.829348
user_1df51301,2,user_56e6d0cd,0.785420
user_1df51301,3,user_b6d05d1d,0.770798
user_1df51301,4,user_d036c911,0.757003
user_1df51301,5,user_c35d6565,0.741420
user_1df51301,6,user_c2f18cf7,0.727420
user_1df51301,7,user_9dda4af9,0.726464
user_1df51301,8,user_ba463257,0.723313
user_1df51301,9,user_c34e791e,0.721886
user_1df51301,10,user_33b2b77f,0.709752
user_1df51301,11,user_657c72ca,0.709253
user_1df51301,12,user_3ff3188b,0.706044
user_1df51301,13,user_54b19b29,0.703663
user_1df51301,14,user_25b48a9a,0.701717
user_1df51301,15,user_8be3f554,0.697759
user_1e302679,1,user_9c5cd7fa,0.731097
user_1e302679,2,user_543e79f5,0.726224
user_1e302679,3,user_b78601b5,0.721106
user_1e302679,4,user_71b9b8e0,0.715387
user_1e302679,5,user_00723699,0.690976
user_1e302679,6,user_2dc10d2d,0.662443
user_1e302679,7,user_99c67f2f,0.652578
user_1e302679,8,user_2d74cd4c,0.651631
user_1e302679,9,user_acb51eed,0.650663
user_1e302679,10,user_daf53db6,0.650463
user_1e302679,11,user_2f766c23,0.646687
user_1e302679,12,user_6011e674,0.644880
user_1e302679,13,user_4f864d55,0.644653
user_1e302679,14,user_25b48a9a,0.640334
user_1e302679,15,user_f8e2246f,0.638110
user_1f1dc5e0,1,user_1f1dc5e0,0.869380
user_1f1dc5e0,2,user_e6057285,0.808321
user_1f1dc5e0,3,user_eb0927d1,0.799844
user_1f1dc5e0,4,user_1936a7c3,0.793956
user_1f1dc5e0,5,user_5881b259,0.778857
user_1f1dc5e0,6,user_d1d16d30,0.769672
user_1f1dc5e0,7,user_205d25f3,0.757551
user_1f1dc5e0,8,user_3049510b,0.751006
user_1f1dc5e0,9,user_0521a7ac,0.748846
user_1f1dc5e0,10,user_aabd2642,0.746893
user_1f1dc5e0,11,user_f51339f8,0.742014
user_1f1dc5e0,12,user_ef954c6e,0.740097
user_1f1dc5e0,13,user_9c5071dd,0.739485
user_1f1dc5e0,14,user_18892460,0.739310
user_1f1dc5e0,15,user_a743aff9,0.737180
user_1f636ddc,1,user_9571d0d5,0.787012
user_1f636ddc,2,user_df8dc9bb,0.778906
user_1f636ddc,3,user_8e97a154,0.776762
user_1f636ddc,4,user_107259c3,0.776326
user_1f636ddc,5,user_a4893af1,0.772919
user_1f636ddc,6,user_7a8f7f3e,0.771184
user_1f636ddc,7,user_226be32f,0.771179
user_1f636ddc,8,user_737dd050,0.768815
user_1f636ddc,9,user_500badda,0.767230
user_1f636ddc,10,user_e8a7be73,0.763290
user_1f636ddc,11,user_0cc626ee,0.755188
user_1f636ddc,12,user_c5f32c0d,0.755146
user_1f636ddc,13,user_5526cbfd,0.751669
user_1f636ddc,14,user_b350e22b,0.751136
user_1f636ddc,15,user_25798310,0.748380
user_205d25f3,1,user_70bbda36,0.874201
user_205d25f3,2,user_737dd050,0.860126
user_205d25f3,3,user_c994138f,0.851844
user_205d25f3,4,user_586752e4,0.847632
user_205d25f3,5,user_5526cbfd,0.845262
user_205d25f3,6,user_ed1aaed8,0.840939
user_205d25f3,7,user_02016939,0.840446
user_205d25f3,8,user_daf37424,0.839833
user_205d25f3,9,user_54c1ebee,0.838932
user_205d25f3,10,user_147d1bbb,0.838770
user_205d25f3,11,user_26fa9d90,0.828836
user_205d25f3,12,user_e802076d,0.810793
user_205d25f3,13,user_8e97a154,0.808330
user_205d25f3,14,user_d691d016,0.805289
user_205d25f3,15,user_df8dc9bb,0.804243
user_20e741d0,1,user_1246b252,0.829466
user_20e741d0,2,user_1a7d6cd5,0.829402
user_20e741d0,3,user_03410579,0.795721
user_20e741d0,4,user_cbabbcee,0.786426
user_20e741d0,5,user_b63ea1d4,0.783822
user_20e741d0,6,user_81a80789,0.778793
user_20e741d0,7,user_c50a487d,0.777561
user_20e741d0,8,user_02fecea2,0.776243
user_20e741d0,9,user_3b1da5d9,0.771841
user_20e741d0,10,user_13fb2e34,0.767892
user_20e741d0,11,user_8fb63eca,0.763223
user_20e741d0,12,user_6c2d672f,0.751818
user_20e741d0,13,user_70bbda36,0.748291
user_20e741d0,14,user_b0129d9e,0.748172
user_20e741d0,15,user_c903d3bb,0.744532
user_2142b6e1,1,user_2142b6e1,0.719745
user_2142b6e1,2,user_7709815a,0.689621
user_2142b6e1,3,user_2c69b83e,0.658950
user_2142b6e1,4,user_c50a487d,0.650835
user_2142b6e1,5,user_3431c049,0.647379
user_2142b6e1,6,user_9e328c4e,0.645340
user_2142b6e1,7,user_a3a4a20a,0.644067
user_2142b6e1,8,user_815b7baf,0.643223
user_2142b6e1,9,user_dbbf562e,0.642605
user_2142b6e1,10,user_53b85563,0.636593
user_2142b6e1,11,user_9a5457b0,0.635870
user_2142b6e1,12,user_3b79395c,0.635148
user_2142b6e1,13,user_8006727d,0.633463
user_2142b6e1,14,user_9b6481e4,0.633335
user_2142b6e1,15,user_02fecea2,0.632999
user_21b4fa31,1,user_21b4fa31,0.804232
user_21b4fa31,2,user_2920b35e,0.717624
user_21b4fa31,3,user_0c578ab5,0.712451
user_21b4fa31,4,user_9692f077,0.694838
user_21b4fa31,5,user_0f0ad720,0.684343
user_21b4fa31,6,user_fa60616d,0.680820
user_21b4fa31,7,user_b6350ec1,0.678140
user_21b4fa31,8,user_e6dd44b0,0.669941
user_21b4fa31,9,user_6169d3b8,0.665314
user_21b4fa31,10,user_40efa894,0.664836
user_21b4fa31,11,user_3971c3e6,0.660680
user_21b4fa31,12,user_ed1aaed8,0.656692
user_21b4fa31,13,user_7b2d0be1,0.654017
user_21b4fa31,14,user_df3c19a7,0.652599
user_21b4fa31,15,user_bd19a016,0.652238
user_226be32f,1,user_94f4a027,0.642847
user_226be32f,2,user_3666402b,0.585793
user_226be32f,3,user_fa69a385,0.563308
user_226be32f,4,user_52f895f1,0.525408
user_226be32f,5,user_41b20ee4,0.523579
user_226be32f,6,user_938164a5,0.510166
user_226be32f,7,user_ab8e847b,0.509444
user_226be32f,8,user_16b87e34,0.509357
user_226be32f,9,user_c1a70ab7,0.497639
user_226be32f,10,user_0c8c48ac,0.494576
user_226be32f,11,user_823846de,0.493677
user_226be32f,12,user_9ffdf5e5,0.489482
user_226be32f,13,user_49b1ac46,0.483380
user_226be32f,14,user_19622b77,0.479162
user_226be32f,15,user_d14b7d7b,0.479082
user_2373103d,1,user_aa31484a,0.866777
user_2373103d,2,user_43a979d2,0.851022
user_2373103d,3,user_c39d41d7,0.838240
user_2373103d,4,user_17607ebc,0.830618
user_2373103d,5,user_092e219d,0.827581
user_2373103d,6,user_84e93af7,0.819008
user_2373103d,7,user_02d03e8a,0.817425
user_2373103d,8,user_fba6bcd4,0.810206
user_2373103d,9,user_07cb458d,0.810024
user_2373103d,10,user_2373103d,0.808963
user_2373103d,11,user_f654c33b,0.808808
user_2373103d,12,user_68d19df8,0.804588
user_2373103d,13,user_d199bef3,0.804044
user_2373103d,14,user_b6350ec1,0.795266
user_2373103d,15,user_954805d7,0.795195
user_23e46560,1,user_23e46560,0.668283
user_23e46560,2,user_58892c7c,0.606031
user_23e46560,3,user_07faa0fc,0.602833
user_23e46560,4,user_a411fb06,0.584025
user_23e46560,5,user_2eaaa117,0.529247
user_23e46560,6,user_a9ed5193,0.518013
user_23e46560,7,user_9b6481e4,0.495518
user_23e46560,8,user_ffe2efae,0.478715
user_23e46560,9,user_334144b4,0.476744
user_23e46560,10,user_e8e9acac,0.470000
user_23e46560,11,user_efb27a8e,0.462059
user_23e46560,12,user_46bb5302,0.461511
user_23e46560,13,user_470c0785,0.461191
user_23e46560,14,user_d461f818,0.456314
user_23e46560,15,user_1b2d69c1,0.454595
user_245fd42f,1,user_723406a0,0.873143
user_245fd42f,2,user_c39d41d7,0.861740
user_245fd42f,3,user_dbc4828c,0.847728
user_245fd42f,4,user_5881b259,0.842845
user_245fd42f,5,user_3121653d,0.825847
user_245fd42f,6,user_954805d7,0.822256
user_245fd42f,7,user_50e2a836,0.815275
user_245fd42f,8,user_84e93af7,0.808569
user_245fd42f,9,user_c96b90fe,0.806595
user_245fd42f,10,user_73f34c5d,0.805394
user_245fd42f,11,user_b49274ca,0.805249
user_245fd42f,12,user_636ad58f,0.804316
user_245fd42f,13,user_884ffdb2,0.800809
user_245fd42f,14,user_d199bef3,0.799429
user_245fd42f,15,user_d955d7e2,0.798227
user_25652863,1,user_75905116,0.654435
user_25652863,2,user_2efde048,0.644569
user_25652863,3,user_08c32973,0.629428
user_25652863,4,user_6592f2e4,0.623308
user_25652863,5,user_65d73ac1,0.623011
user_25652863,6,user_85c97ea1,0.603344
user_25652863,7,user_6fa47d61,0.597193
user_25652863,8,user_38fbcf73,0.595332
user_25652863,9,user_8be3f554,0.594632
user_25652863,10,user_58bfeaad,0.594035
user_25652863,11,user_53b85563,0.593424
user_25652863,12,user_1a4bec69,0.592122
user_25652863,13,user_f5e1eee0,0.591211
user_25652863,14,user_7c45fa70,0.590295
user_25652863,15,user_72b93300,0.589303
user_25798310,1,user_338e1332,0.625756
user_25798310,2,user_bbb0205e,0.613530
user_25798310,3,user_39939c54,0.610474
user_25798310,4,user_833d8832,0.607554
user_25798310,5,user_efcacf59,0.605260
user_25798310,6,user_8006727d,0.602543
user_25798310,7,user_3535252b,0.596384
user_25798310,8,user_d2bd9832,0.594248
user_25798310,9,user_53b85563,0.591485
user_25798310,10,user_d5379647,0.586628
user_25798310,11,user_ce424e88,0.585463
user_25798310,12,user_67acd9b1,0.581980
user_25798310,13,user_8be3f554,0.581366
user_25798310,14,user_c157ca97,0.580071
user_25798310,15,user_4384dffe,0.578533
user_25b48a9a,1,user_daf37424,0.872013
user_25b48a9a,2,user_03969305,0.864078
user_25b48a9a,3,user_54c1ebee,0.861868
user_25b48a9a,4,user_70bbda36,0.855757
user_25b48a9a,5,user_586752e4,0.854155
user_25b48a9a,6,user_147d1bbb,0.853721
user_25b48a9a,7,user_e802076d,0.851292
user_25b48a9a,8,user_c994138f,0.848227
user_25b48a9a,9,user_96013176,0.847708
user_25b48a9a,10,user_7b5f54c0,0.846292
user_25b48a9a,11,user_2c69b83e,0.843011
user_25b48a9a,12,user_c5f32c0d,0.840955
user_25b48a9a,13,user_e5a6abbe,0.840025
user_25b48a9a,14,user_67acd9b1,0.837064
user_25b48a9a,15,user_ed1aaed8,0.836861
user_26565155,1,user_0eb2abf1,0.858840
user_26565155,2,user_54b19b29,0.853367
user_26565155,3,user_2dd5b531,0.835914
user_26565155,4,user_41d0c897,0.814434
user_26565155,5,user_c34e791e,0.814366
user_26565155,6,user_6fbf6191,0.805411
user_26565155,7,user_259776c7,0.801149
user_26565155,8,user_cf393213,0.798834
user_26565155,9,user_83e30c57,0.792906
user_26565155,10,user_b6d05d1d,0.790461
user_26565155,11,user_8f8346ad,0.786549
user_26565155,12,user_dae4304f,0.784095
user_26565155,13,user_c2f18cf7,0.783829
user_26565155,14,user_c4c70447,0.783297
user_26565155,15,user_ec574395,0.781628
user_26fa9d90,1,user_3b1da5d9,0.871349
user_26fa9d90,2,user_7de6f343,0.842905
user_26fa9d90,3,user_2c69b83e,0.837140
user_26fa9d90,4,user_e409a56d,0.834864
user_26fa9d90,5,user_74cfb8ef,0.830063
user_26fa9d90,6,user_a3a4a20a,0.827007
user_26fa9d90,7,user_81a80789,0.825692
user_26fa9d90,8,user_02fecea2,0.817132
user_26fa9d90,9,user_3431c049,0.812998
user_26fa9d90,10,user_b63ea1d4,0.807538
user_26fa9d90,11,user_acd6ddfb,0.806853
user_26fa9d90,12,user_70bbda36,0.804458
user_26fa9d90,13,user_58bfeaad,0.804221
user_26fa9d90,14,user_9a5457b0,0.800448
user_26fa9d90,15,user_166a3647,0.797685
user_27a3fa64,1,user_bbe73426,0.847890
user_27a3fa64,2,user_970963fd,0.814744
user_27a3fa64,3,user_6d071251,0.811945
user_27a3fa64,4,user_f51339f8,0.793325
user_27a3fa64,5,user_cb2fe204,0.788449
user_27a3fa64,6,user_e6057285,0.784279
user_27a3fa64,7,user_bf69de98,0.777233
user_27a3fa64,8,user_d1d16d30,0.775655
user_27a3fa64,9,user_1f1dc5e0,0.770525
user_27a3fa64,10,user_36d44add,0.767312
user_27a3fa64,11,user_69193575,0.766861
user_27a3fa64,12,user_dc326993,0.766317
user_27a3fa64,13,user_7b052f32,0.761905
user_27a3fa64,14,user_1936a7c3,0.755016
user_27a3fa64,15,user_2e81a539,0.754810
user_2920b35e,1,user_2920b35e,0.891983
user_2920b35e,2,user_b6350ec1,0.866880
user_2920b35e,3,user_d6175d39,0.855560
user_2920b35e,4,user_07cb458d,0.829121
user_2920b35e,5,user_e6dd44b0,0.819599
user_2920b35e,6,user_fba6bcd4,0.816239
user_2920b35e,7,user_f030b951,0.812423
user_2920b35e,8,user_ed1aaed8,0.811811
user_2920b35e,9,user_3ff3188b,0.811537
user_2920b35e,10,user_9dda4af9,0.806066
user_2920b35e,11,user_dd1d7b22,0.804463
user_2920b35e,12,user_73f34c5d,0.799309
user_2920b35e,13,user_cc1c8897,0.798195
user_2920b35e,14,user_70580e9a,0.796794
user_2920b35e,15,user_1ef33a43,0.794730
user_29cd4556,1,user_efb27a8e,0.741810
user_29cd4556,2,user_338e1332,0.732907
user_29cd4556,3,user_16b87e34,0.727490
user_29cd4556,4,user_ab439a92,0.714530
user_29cd4556,5,user_a16d1fb6,0.681356
user_29cd4556,6,user_58bfeaad,0.677326
user_29cd4556,7,user_c994138f,0.660851
user_29cd4556,8,user_88e84020,0.660601
user_29cd4556,9,user_3666402b,0.649984
user_29cd4556,10,user_ffe2efae,0.647069
user_29cd4556,11,user_acd6ddfb,0.646670
user_29cd4556,12,user_9a5457b0,0.644124
user_29cd4556,13,user_f54058d0,0.642925
user_29cd4556,14,user_2f4cc646,0.640366
user_29cd4556,15,user_8713f22a,0.632945
user_2a704b9c,1,user_82879210,0.787843
user_2a704b9c,2,user_b49274ca,0.784039
user_2a704b9c,3,user_d036c911,0.768895
user_2a704b9c,4,user_c2f18cf7,0.765283
user_2a704b9c,5,user_3f798a8b,0.764412
user_2a704b9c,6,user_8663226a,0.759580
user_2a704b9c,7,user_84e93af7,0.755110
user_2a704b9c,8,user_723406a0,0.753306
user_2a704b9c,9,user_4db0d490,0.752390
user_2a704b9c,10,user_8d968cfb,0.743840
user_2a704b9c,11,user_657c72ca,0.743644
user_2a704b9c,12,user_eae91488,0.743330
user_2a704b9c,13,user_f654c33b,0.740430
user_2a704b9c,14,user_d6175d39,0.738003
user_2a704b9c,15,user_9dda4af9,0.737785
user_2a94c885,1,user_d14b7d7b,0.607086
user_2a94c885,2,user_8c0c7619,0.598555
user_2a94c885,3,user_0a3f46b9,0.576090
user_2a94c885,4,user_126670d7,0.571593
user_2a94c885,5,user_63b4ae7a,0.550661
user_2a94c885,6,user_a4aab257,0.538198
user_2a94c885,7,user_c0392523,0.530494
user_2a94c885,8,user_938164a5,0.500630
user_2a94c885,9,user_8006727d,0.479898
user_2a94c885,10,user_4bf6a4a0,0.469627
user_2a94c885,11,user_bbb0205e,0.465048
user_2a94c885,12,user_9ce96cbf,0.464454
user_2a94c885,13,user_2c3eb234,0.461983
user_2a94c885,14,user_c1a70ab7,0.455850
user_2a94c885,15,user_8285a696,0.450595
user_2b271761,1,user_2b271761,0.806825
user_2b271761,2,user_ab5592eb,0.757496
user_2b271761,3,user_954805d7,0.721134
user_2b271761,4,user_7aa3746b,0.698553
user_2b271761,5,user_5881b259,0.691801
user_2b271761,6,user_f654c33b,0.690107
user_2b271761,7,user_fde2d265,0.680746
user_2b271761,8,user_c39d41d7,0.680233
user_2b271761,9,user_723406a0,0.678479
user_2b271761,10,user_50e2a836,0.677376
user_2b271761,11,user_d1d16d30,0.668857
user_2b271761,12,user_b49274ca,0.668214
user_2b271761,13,user_caa6a7b6,0.667866
user_2b271761,14,user_c06d9b71,0.667627
user_2b271761,15,user_5a283043,0.664056
user_2b750e1c,1,user_efac3c1d,0.782345
user_2b750e1c,2,user_1736acbe,0.748201
user_2b750e1c,3,user_19952166,0.746501
user_2b750e1c,4,user_582ff5b2,0.740089
user_2b750e1c,5,user_26565155,0.736839
user_2b750e1c,6,user_66a7ce5a,0.711108
user_2b750e1c,7,user_2b03934e,0.710931
user_2b750e1c,8,user_39939c54,0.700549
user_2b750e1c,9,user_a8dc91a3,0.699881
user_2b750e1c,10,user_96c3cc43,0.699783
user_2b750e1c,11,user_5d1b0daf,0.699403
user_2b750e1c,12,user_6b311f43,0.699373
user_2b750e1c,13,user_126670d7,0.691002
user_2b750e1c,14,user_8be3f554,0.685683
user_2b750e1c,15,user_4ab9d510,0.685466
user_2b79ef0b,1,user_2b79ef0b,0.786190
user_2b79ef0b,2,user_0ff0b922,0.764323
user_2b79ef0b,3,user_b4f295b3,0.740493
user_2b79ef0b,4,user_e64d80ba,0.738965
user_2b79ef0b,5,user_124651ff,0.716059
user_2b79ef0b,6,user_e51692a6,0.712450
user_2b79ef0b,7,user_6c2d672f,0.711821
user_2b79ef0b,8,user_2cb4b018,0.710474
user_2b79ef0b,9,user_a3a4a20a,0.706535
user_2b79ef0b,10,user_ded778b8,0.685400
user_2b79ef0b,11,user_e6dd44b0,0.683635
user_2b79ef0b,12,user_500badda,0.678090
user_2b79ef0b,13,user_ba085464,0.675357
user_2b79ef0b,14,user_7b5f54c0,0.666992
user_2b79ef0b,15,user_3ac315cb,0.663302
user_2c3eb234,1,user_2c3eb234,0.671905
user_2c3eb234,2,user_d14b7d7b,0.644445
user_2c3eb234,3,user_63b4ae7a,0.627574
user_2c3eb234,4,user_11e8421f,0.620777
user_2c3eb234,5,user_8006727d,0.594841
user_2c3eb234,6,user_c1a70ab7,0.562651
user_2c3eb234,7,user_46bb5302,0.537193
user_2c3eb234,8,user_8a3bbeb2,0.533844
user_2c3eb234,9,user_0bd8ba7c,0.524904
user_2c3eb234,10,user_a4aab257,0.511906
user_2c3eb234,11,user_8c0c7619,0.503651
user_2c3eb234,12,user_4a57e449,0.500674
user_2c3eb234,13,user_8f08aa94,0.498984
user_2c3eb234,14,user_4bf6a4a0,0.494418
user_2c3eb234,15,user_ab86ab82,0.492296
user_2c69b83e,1,user_795eb408,0.815431
user_2c69b83e,2,user_126670d7,0.684772
user_2c69b83e,3,user_bbb0205e,0.674241
user_2c69b83e,4,user_0ff0b922,0.670673
user_2c69b83e,5,user_e64d80ba,0.670450
user_2c69b83e,6,user_c34e791e,0.660161
user_2c69b83e,7,user_b4f295b3,0.647517
user_2c69b83e,8,user_8f08aa94,0.645252
user_2c69b83e,9,user_daf53db6,0.637601
user_2c69b83e,10,user_4bf6a4a0,0.628859
user_2c69b83e,11,user_ba4f42bb,0.621944
user_2c69b83e,12,user_46bb5302,0.619356
user_2c69b83e,13,user_33b2b77f,0.619034
user_2c69b83e,14,user_8006727d,0.615412
user_2c69b83e,15,user_67acd9b1,0.600061
user_2c940ff8,1,user_2c940ff8,0.775843
user_2c940ff8,2,user_0f006eec,0.746441
user_2c940ff8,3,user_8be3f554,0.688827
user_2c940ff8,4,user_2b03934e,0.686305
user_2c940ff8,5,user_18522854,0.673459
user_2c940ff8,6,user_65d73ac1,0.673366
user_2c940ff8,7,user_07ec3726,0.661315
user_2c940ff8,8,user_ab86ab82,0.658781
user_2c940ff8,9,user_4a57e449,0.657487
user_2c940ff8,10,user_2e05a7a0,0.656309
user_2c940ff8,11,user_66a7ce5a,0.653988
user_2c940ff8,12,user_6b311f43,0.646618
user_2c940ff8,13,user_858fa00c,0.646528
user_2c940ff8,14,user_5b698646,0.646385
user_2c940ff8,15,user_8006727d,0.643598
user_2d74cd4c,1,user_b325310b,0.924341
user_2d74cd4c,2,user_2d74cd4c,0.912058
user_2d74cd4c,3,user_f8e2246f,0.891524
user_2d74cd4c,4,user_b6b89f00,0.886085
user_2d74cd4c,5,user_8fbb6d9c,0.875737
user_2d74cd4c,6,user_940c7213,0.845214
user_2d74cd4c,7,user_d3663143,0.840270
user_2d74cd4c,8,user_6bb64984,0.839367
user_2d74cd4c,9,user_3ac315cb,0.832503
user_2d74cd4c,10,user_6011e674,0.828938
user_2d74cd4c,11,user_99c67f2f,0.818028
user_2d74cd4c,12,user_9e39a95d,0.816656
user_2d74cd4c,13,user_afff552a,0.813858
user_2d74cd4c,14,user_1b7f8c56,0.813826
user_2d74cd4c,15,user_417702c5,0.812370
user_2dc10d2d,1,user_69df6330,0.877253
user_2dc10d2d,2,user_a743aff9,0.825231
user_2dc10d2d,3,user_1936a7c3,0.822969
user_2dc10d2d,4,user_e8d15537,0.816126
user_2dc10d2d,5,user_6fc85c06,0.814279
user_2dc10d2d,6,user_89e04335,0.797988
user_2dc10d2d,7,user_5993b36a,0.788998
user_2dc10d2d,8,user_8f39f021,0.787719
user_2dc10d2d,9,user_5526cbfd,0.780455
user_2dc10d2d,10,user_e59c000f,0.778817
user_2dc10d2d,11,user_e6057285,0.778812
user_2dc10d2d,12,user_f51339f8,0.778434
user_2dc10d2d,13,user_5c82df31,0.777981
user_2dc10d2d,14,user_7924afc9,0.773652
user_2dc10d2d,15,user_b9036662,0.770894
user_2dd189e3,1,user_1936a7c3,0.865867
user_2dd189e3,2,user_a743aff9,0.844384
user_2dd189e3,3,user_5993b36a,0.841991
user_2dd189e3,4,user_69df6330,0.840585
user_2dd189e3,5,user_5881b259,0.815174
user_2dd189e3,6,user_7924afc9,0.807668
user_2dd189e3,7,user_7b052f32,0.805635
user_2dd189e3,8,user_c39d41d7,0.801905
user_2dd189e3,9,user_c5f32c0d,0.800718
user_2dd189e3,10,user_5c82df31,0.800533
user_2dd189e3,11,user_d1d16d30,0.796623
user_2dd189e3,12,user_0898fc4b,0.795664
user_2dd189e3,13,user_e6057285,0.793815
user_2dd189e3,14,user_e8d15537,0.793608
user_2dd189e3,15,user_bd05225b,0.790600
user_2eaaa117,1,user_8a3bbeb2,0.572646
user_2eaaa117,2,user_683369b1,0.516219
user_2eaaa117,3,user_f44f615a,0.513495
user_2eaaa117,4,user_795eb408,0.509655
user_2eaaa117,5,user_a411fb06,0.507701
user_2eaaa117,6,user_ba4f42bb,0.507504
user_2eaaa117,7,user_fe922ad0,0.503564
user_2eaaa117,8,user_0bd8ba7c,0.501419
user_2eaaa117,9,user_18522854,0.501413
user_2eaaa117,10,user_ffe2efae,0.499520
user_2eaaa117,11,user_4d4f73a6,0.494366
user_2eaaa117,12,user_ab8e847b,0.493728
user_2eaaa117,13,user_8006727d,0.492554
user_2eaaa117,14,user_b2aba63a,0.491072
user_2eaaa117,15,user_07ec3726,0.490575
user_2eb5d860,1,user_41d0c897,0.862615
user_2eb5d860,2,user_2dd5b531,0.856273
user_2eb5d860,3,user_0eb2abf1,0.840912
user_2eb5d860,4,user_45926b89,0.839465
user_2eb5d860,5,user_8f8346ad,0.838970
user_2eb5d860,6,user_94f185bc,0.833921
user_2eb5d860,7,user_c4c70447,0.831048
user_2eb5d860,8,user_fdc08e26,0.826667
user_2eb5d860,9,user_8be3f554,0.825489
user_2eb5d860,10,user_67acd9b1,0.823542
user_2eb5d860,11,user_adab54a0,0.820872
user_2eb5d860,12,user_54b19b29,0.817627
user_2eb5d860,13,user_16ac4154,0.812136
user_2eb5d860,14,user_c34e791e,0.812030
user_2eb5d860,15,user_03969305,0.811383
user_2efde048,1,user_7c3d63ce,0.796896
user_2efde048,2,user_421ae417,0.795974
user_2efde048,3,user_7de6f343,0.795874
user_2efde048,4,user_0bc8e727,0.793393
user_2efde048,5,user_82c86537,0.786005
user_2efde048,6,user_72b93300,0.783274
user_2efde048,7,user_04f39d22,0.779752
user_2efde048,8,user_6fa47d61,0.777515
user_2efde048,9,user_74cfb8ef,0.773011
user_2efde048,10,user_6d421600,0.767802
user_2efde048,11,user_a3a4a20a,0.764295
user_2efde048,12,user_ba8b1c05,0.764241
user_2efde048,13,user_795650bb,0.763554
user_2efde048,14,user_2efde048,0.755037
user_2efde048,15,user_40efa894,0.751531
user_2f1085dd,1,user_107259c3,0.742137
user_2f1085dd,2,user_9c88ee3d,0.736879
user_2f1085dd,3,user_3353b96b,0.735749
user_2f1085dd,4,user_6476648d,0.725665
user_2f1085dd,5,user_76638121,0.723852
user_2f1085dd,6,user_17054ec7,0.721333
user_2f1085dd,7,user_ea67f9c6,0.698875
user_2f1085dd,8,user_0128a546,0.698464
user_2f1085dd,9,user_7f623d19,0.688233
user_2f1085dd,10,user_7c7220a4,0.687366
user_2f1085dd,11,user_a411fb06,0.681186
user_2f1085dd,12,user_efb27a8e,0.681147
user_2f1085dd,13,user_16b87e34,0.680459
user_2f1085dd,14,user_e5f67397,0.679637
user_2f1085dd,15,user_b4f295b3,0.679372
user_2f766c23,1,user_f654c33b,0.775826
user_2f766c23,2,user_41d0c897,0.763601
user_2f766c23,3,user_36d44add,0.760693
user_2f766c23,4,user_adab54a0,0.758891
user_2f766c23,5,user_dae4304f,0.757869
user_2f766c23,6,user_2dd5b531,0.753514
user_2f766c23,7,user_bf69de98,0.743181
user_2f766c23,8,user_a1aa757b,0.740809
user_2f766c23,9,user_b6d05d1d,0.739164
user_2f766c23,10,user_45926b89,0.734585
user_2f766c23,11,user_e1730a9c,0.734496
user_2f766c23,12,user_15179955,0.731904
user_2f766c23,13,user_d1d16d30,0.731870
user_2f766c23,14,user_5881b259,0.728487
user_2f766c23,15,user_6d071251,0.724693
user_3049510b,1,user_858fa00c,0.800304
user_3049510b,2,user_e8cdb142,0.792338
user_3049510b,3,user_5ac1a174,0.767677
user_3049510b,4,user_83afc7b2,0.765851
user_3049510b,5,user_df8dc9bb,0.753099
user_3049510b,6,user_8d22714e,0.746569
user_3049510b,7,user_8e5e899b,0.745564
user_3049510b,8,user_5a6f92a6,0.744475
user_3049510b,9,user_87e5d9b0,0.741040
user_3049510b,10,user_0669bdf6,0.740876
user_3049510b,11,user_107259c3,0.739714
user_3049510b,12,user_a4893af1,0.739515
user_3049510b,13,user_8e97a154,0.733744
user_3049510b,14,user_38433566,0.719726
user_3049510b,15,user_4144252d,0.719683
user_30802254,1,user_ab86ab82,0.831268
user_30802254,2,user_4a57e449,0.828706
user_30802254,3,user_8006727d,0.804218
user_30802254,4,user_9bee2a7c,0.786529
user_30802254,5,user_2e05a7a0,0.766498
user_30802254,6,user_164fe4b8,0.751860
user_30802254,7,user_3f2894b5,0.746462
user_30802254,8,user_259776c7,0.727893
user_30802254,9,user_33b2b77f,0.726586
user_30802254,10,user_55058479,0.721410
user_30802254,11,user_57c1d6c0,0.717714
user_30802254,12,user_c34e791e,0.711467
user_30802254,13,user_46bb5302,0.707986
user_30802254,14,user_67acd9b1,0.704414
user_30802254,15,user_ee8d5ec5,0.703381
user_3121653d,1,user_423c81dc,0.870456
user_3121653d,2,user_eafc973e,0.832328
user_3121653d,3,user_ab30f0fb,0.793298
user_3121653d,4,user_d67450a8,0.775286
user_3121653d,5,user_efa5697b,0.771299
user_3121653d,6,user_e4f8ab0c,0.755553
user_3121653d,7,user_8285a696,0.754966
user_3121653d,8,user_9ee84e18,0.752930
user_3121653d,9,user_3f2fbc90,0.741259
user_3121653d,10,user_29cd4556,0.737556
user_3121653d,11,user_39aad1a2,0.731694
user_3121653d,12,user_c2f18cf7,0.731028
user_3121653d,13,user_6a0b0e92,0.730984
user_3121653d,14,user_884ffdb2,0.730272
user_3121653d,15,user_a4a77a7d,0.725405
user_32934d38,1,user_10e64e28,0.696076
user_32934d38,2,user_cf393213,0.680867
user_32934d38,3,user_18522854,0.680387
user_32934d38,4,user_30802254,0.665913
user_32934d38,5,user_65d73ac1,0.650459
user_32934d38,6,user_a0f5ae47,0.646526
user_32934d38,7,user_89e04335,0.642758
user_32934d38,8,user_79a1811b,0.641978
user_32934d38,9,user_9a307ebe,0.637766
user_32934d38,10,user_32934d38,0.633311
user_32934d38,11,user_5c5a0b40,0.631067
user_32934d38,12,user_b350e22b,0.627117
user_32934d38,13,user_e802076d,0.625436
user_32934d38,14,user_c8f82360,0.623040
user_32934d38,15,user_53325367,0.622577
user_32ae32f9,1,user_126670d7,0.759193
user_32ae32f9,2,user_ab86ab82,0.715964
user_32ae32f9,3,user_efcacf59,0.711797
user_32ae32f9,4,user_4f864d55,0.701672
user_32ae32f9,5,user_a0f5ae47,0.700630
user_32ae32f9,6,user_daf53db6,0.695419
user_32ae32f9,7,user_e838707b,0.690792
user_32ae32f9,8,user_3535252b,0.685828
user_32ae32f9,9,user_8be3f554,0.685073
user_32ae32f9,10,user_649f4327,0.684036
user_32ae32f9,11,user_bbb0205e,0.683130
user_32ae32f9,12,user_338e1332,0.678898
user_32ae32f9,13,user_ee8d5ec5,0.675343
user_32ae32f9,14,user_c8f82360,0.673095
user_32ae32f9,15,user_63b4ae7a,0.661620
user_32f31383,1,user_c35d6565,0.827646
user_32f31383,2,user_dae4304f,0.803027
user_32f31383,3,user_8dd20d7f,0.797415
user_32f31383,4,user_a8dc91a3,0.793799
user_32f31383,5,user_959adfc8,0.789514
user_32f31383,6,user_9dda4af9,0.788677
user_32f31383,7,user_adab54a0,0.784346
user_32f31383,8,user_cf393213,0.780304
user_32f31383,9,user_89e04335,0.778650
user_32f31383,10,user_a151ddab,0.775439
user_32f31383,11,user_e802076d,0.772078
user_32f31383,12,user_8be3f554,0.771629
user_32f31383,13,user_30802254,0.769984
user_32f31383,14,user_5d1b0daf,0.767889
user_32f31383,15,user_e6057285,0.766400
user_3353b96b,1,user_c81fae29,0.792593
user_3353b96b,2,user_17054ec7,0.749090
user_3353b96b,3,user_baeb91b3,0.724549
user_3353b96b,4,user_687feee4,0.694422
user_3353b96b,5,user_5c9b579a,0.684580
user_3353b96b,6,user_5fddc7f1,0.667250
user_3353b96b,7,user_f070eee7,0.662707
user_3353b96b,8,user_ab434739,0.654671
user_3353b96b,9,user_6169d3b8,0.654350
user_3353b96b,10,user_1022be44,0.652527
user_3353b96b,11,user_ee05ee55,0.651349
user_3353b96b,12,user_a5e548ce,0.650768
user_3353b96b,13,user_5738db35,0.650515
user_3353b96b,14,user_ded778b8,0.640378
user_3353b96b,15,user_107259c3,0.636654
user_338e1332,1,user_586752e4,0.830744
user_338e1332,2,user_c994138f,0.827029
user_338e1332,3,user_e696f3ae,0.822163
user_338e1332,4,user_9a307ebe,0.809632
user_338e1332,5,user_b350e22b,0.809073
user_338e1332,6,user_25798310,0.808436
user_338e1332,7,user_c5f32c0d,0.804489
user_338e1332,8,user_daf37424,0.796960
user_338e1332,9,user_147d1bbb,0.793837
user_338e1332,10,user_03969305,0.793523
user_338e1332,11,user_dd6e7bcb,0.793250
user_338e1332,12,user_02fecea2,0.792935
user_338e1332,13,user_54c1ebee,0.790113
user_338e1332,14,user_3e284ba5,0.789866
user_338e1332,15,user_70bbda36,0.789141
user_34b1fb84,1,user_9dda4af9,0.763174
user_34b1fb84,2,user_c35d6565,0.755833
user_34b1fb84,3,user_3535252b,0.746498
user_34b1fb84,4,user_8663226a,0.732158
user_34b1fb84,5,user_8be3f554,0.728307
user_34b1fb84,6,user_5c9a0ee9,0.726598
user_34b1fb84,7,user_e88c308b,0.721356
user_34b1fb84,8,user_d6175d39,0.715939
user_34b1fb84,9,user_0697c470,0.715861
user_34b1fb84,10,user_7a7dda35,0.712686
user_34b1fb84,11,user_833d8832,0.712454
user_34b1fb84,12,user_efcacf59,0.708636
user_34b1fb84,13,user_ca6074df,0.707735
user_34b1fb84,14,user_bf69de98,0.706556
user_34b1fb84,15,user_a151ddab,0.706234
user_364bb955,1,user_b0129d9e,0.849726
user_364bb955,2,user_364bb955,0.842362
user_364bb955,3,user_3b1da5d9,0.826691
user_364bb955,4,user_aabd2642,0.815892
user_364bb955,5,user_7de6f343,0.792064
user_364bb955,6,user_03410579,0.792010
user_364bb955,7,user_1a7d6cd5,0.777466
user_364bb955,8,user_5c9b579a,0.775852
user_364bb955,9,user_74cfb8ef,0.774095
user_364bb955,10,user_93cdb7a1,0.772259
user_364bb955,11,user_500badda,0.768990
user_364bb955,12,user_0d32f0ed,0.765468
user_364bb955,13,user_e2e59795,0.760481
user_364bb955,14,user_02fecea2,0.759975
user_364bb955,15,user_920c074a,0.757445
user_36dd1253,1,user_f51339f8,0.804170
user_36dd1253,2,user_e6057285,0.795715
user_36dd1253,3,user_d1d16d30,0.791353
user_36dd1253,4,user_e802076d,0.780142
user_36dd1253,5,user_fba6bcd4,0.774401
user_36dd1253,6,user_5881b259,0.773958
user_36dd1253,7,user_54c1ebee,0.772395
user_36dd1253,8,user_cbabbcee,0.764505
user_36dd1253,9,user_c06d9b71,0.763243
user_36dd1253,10,user_89e04335,0.762767
user_36dd1253,11,user_7f56f9a5,0.759536
user_36dd1253,12,user_1936a7c3,0.757784
user_36dd1253,13,user_df8dc9bb,0.756723
user_36dd1253,14,user_aabd2642,0.756410
user_36dd1253,15,user_ef954c6e,0.755191
user_372c2b3e,1,user_40efa894,0.896735
user_372c2b3e,2,user_7de6f343,0.860015
user_372c2b3e,3,user_f7fd2885,0.854058
user_372c2b3e,4,user_eced69e7,0.852407
user_372c2b3e,5,user_74cfb8ef,0.851032
user_372c2b3e,6,user_ba8b1c05,0.848164
user_372c2b3e,7,user_4ea1ef09,0.841087
user_372c2b3e,8,user_83e45cc0,0.829114
user_372c2b3e,9,user_25652863,0.825556
user_372c2b3e,10,user_2c2a5c24,0.819498
user_372c2b3e,11,user_372c2b3e,0.810512
user_372c2b3e,12,user_795650bb,0.805898
user_372c2b3e,13,user_f3377028,0.804627
user_372c2b3e,14,user_6fa47d61,0.803596
user_372c2b3e,15,user_64cd3098,0.802033
user_378003e3,1,user_7b5f54c0,0.879805
user_378003e3,2,user_54c1ebee,0.865479
user_378003e3,3,user_25798310,0.864359
user_378003e3,4,user_166a3647,0.857923
user_378003e3,5,user_aabd2642,0.852250
user_378003e3,6,user_476670f9,0.850889
user_378003e3,7,user_81a80789,0.850231
user_378003e3,8,user_b63ea1d4,0.845123
user_378003e3,9,user_70bbda36,0.843753
user_378003e3,10,user_2c69b83e,0.841471
user_378003e3,11,user_6deada35,0.840760
user_378003e3,12,user_147d1bbb,0.838769
user_378003e3,13,user_df8dc9bb,0.833311
user_378003e3,14,user_ed1aaed8,0.829312
user_378003e3,15,user_daf37424,0.826183
user_37be663c,1,user_9b6481e4,0.670992
user_37be663c,2,user_37be663c,0.666307
user_37be663c,3,user_ab8e847b,0.661569
user_37be663c,4,user_aaa1e595,0.631694
user_37be663c,5,user_c7beef01,0.626935
user_37be663c,6,user_a16d1fb6,0.624839
user_37be663c,7,user_c130412b,0.616983
user_37be663c,8,user_ffe2efae,0.616460
user_37be663c,9,user_9e328c4e,0.601300
user_37be663c,10,user_3666402b,0.582231
user_37be663c,11,user_9818dcae,0.575408
user_37be663c,12,user_ab86ab82,0.569559
user_37be663c,13,user_4a57e449,0.567026
user_37be663c,14,user_3431c049,0.562971
user_37be663c,15,user_815b7baf,0.561886
user_38390331,1,user_9bee2a7c,0.716393
user_38390331,2,user_2e05a7a0,0.708222
user_38390331,3,user_c7beef01,0.701389
user_38390331,4,user_4a57e449,0.687198
user_38390331,5,user_9b6481e4,0.682362
user_38390331,6,user_ab86ab82,0.676708
user_38390331,7,user_a16d1fb6,0.670402
user_38390331,8,user_164fe4b8,0.662798
user_38390331,9,user_aaa1e595,0.644714
user_38390331,10,user_4f3b6241,0.633627
user_38390331,11,user_55058479,0.629266
user_38390331,12,user_c8f82360,0.627683
user_38390331,13,user_0128a546,0.618336
user_38390331,14,user_9e328c4e,0.617398
user_38390331,15,user_259776c7,0.615909
user_3850eb9e,1,user_1f1dc5e0,0.756448
user_3850eb9e,2,user_db4c3fb9,0.755729
user_3850eb9e,3,user_3ff88cf0,0.743018
user_3850eb9e,4,user_b563e90b,0.741573
user_3850eb9e,5,user_ae306850,0.736828
user_3850eb9e,6,user_72b93300,0.734857
user_3850eb9e,7,user_84fe1a7a,0.729761
user_3850eb9e,8,user_b14ec02b,0.728479
user_3850eb9e,9,user_ef954c6e,0.727162
user_3850eb9e,10,user_4ea1ef09,0.725097
user_3850eb9e,11,user_43049634,0.720723
user_3850eb9e,12,user_83e45cc0,0.720704
user_3850eb9e,13,user_e6057285,0.719917
user_3850eb9e,14,user_eced69e7,0.719155
user_3850eb9e,15,user_82c86537,0.716598
user_38ab51d4,1,user_bdcc6e7d,0.751954
user_38ab51d4,2,user_73623b4e,0.724258
user_38ab51d4,3,user_aa31484a,0.703805
user_38ab51d4,4,user_c35d6565,0.700710
user_38ab51d4,5,user_2373103d,0.700132
user_38ab51d4,6,user_8663226a,0.697936
user_38ab51d4,7,user_b6350ec1,0.694762
user_38ab51d4,8,user_1b89f77a,0.688727
user_38ab51d4,9,user_adab54a0,0.688437
user_38ab51d4,10,user_b16e0cf8,0.687881
user_38ab51d4,11,user_63110023,0.687572
user_38ab51d4,12,user_5c09bb3d,0.686549
user_38ab51d4,13,user_15179955,0.681160
user_38ab51d4,14,user_02d03e8a,0.681016
user_38ab51d4,15,user_5c5a0b40,0.679733
user_3971c3e6,1,user_1fb646f2,0.500189
user_3971c3e6,2,user_7d6962d9,0.455206
user_3971c3e6,3,user_d54f676e,0.427399
user_3971c3e6,4,user_b45d0d20,0.422612
user_3971c3e6,5,user_d5d4fc6e,0.416049
user_3971c3e6,6,user_aae78e0d,0.398337
user_3971c3e6,7,user_10e64e28,0.392179
user_3971c3e6,8,user_0dfb7397,0.382435
user_3971c3e6,9,user_83b871b5,0.380349
user_3971c3e6,10,user_3850eb9e,0.364812
user_3971c3e6,11,user_2a41ee39,0.363843
user_3971c3e6,12,user_be06391b,0.363741
user_3971c3e6,13,user_00a2f533,0.354948
user_3971c3e6,14,user_192a215d,0.354772
user_3971c3e6,15,user_18522854,0.347696
user_39939c54,1,user_66a7ce5a,0.786505
user_39939c54,2,user_26565155,0.740525
user_39939c54,3,user_3535252b,0.735157
user_39939c54,4,user_582ff5b2,0.722315
user_39939c54,5,user_2b03934e,0.718996
user_39939c54,6,user_19952166,0.711716
user_39939c54,7,user_96c3cc43,0.706785
user_39939c54,8,user_0eeab432,0.703388
user_39939c54,9,user_8c0c7619,0.697053
user_39939c54,10,user_378003e3,0.692355
user_39939c54,11,user_8be3f554,0.687445
user_39939c54,12,user_833d8832,0.687153
user_39939c54,13,user_65d73ac1,0.686943
user_39939c54,14,user_9ce96cbf,0.684641
user_39939c54,15,user_9d9fba70,0.682373
user_39aad1a2,1,user_39aad1a2,0.706624
user_39aad1a2,2,user_687feee4,0.691263
user_39aad1a2,3,user_5fddc7f1,0.681876
user_39aad1a2,4,user_5d35f631,0.673715
user_39aad1a2,5,user_aa19d173,0.668399
user_39aad1a2,6,user_1022be44,0.666810
user_39aad1a2,7,user_c73333a5,0.655848
user_39aad1a2,8,user_a2480011,0.647199
user_39aad1a2,9,user_4144252d,0.642578
user_39aad1a2,10,user_9da8848a,0.641828
user_39aad1a2,11,user_6a13946a,0.634330
user_39aad1a2,12,user_0f0ad720,0.632719
user_39aad1a2,13,user_8e48a3f8,0.632009
user_39aad1a2,14,user_3b90fb53,0.630450
user_39aad1a2,15,user_89197ce5,0.630198
user_39f8897b,1,user_39f8897b,0.808143
user_39f8897b,2,user_98ca16a6,0.578891
user_39f8897b,3,user_a75b16f2,0.555200
user_39f8897b,4,user_3a39cc49,0.539752
user_39f8897b,5,user_7709815a,0.530141
user_39f8897b,6,user_71f7b692,0.523146
user_39f8897b,7,user_dbbf562e,0.522240
user_39f8897b,8,user_f1157204,0.522165
user_39f8897b,9,user_7c8639cd,0.510385
user_39f8897b,10,user_36dd1253,0.502472
user_39f8897b,11,user_fb8f46c8,0.502462
user_39f8897b,12,user_2142b6e1,0.490887
user_39f8897b,13,user_529e3009,0.489574
user_39f8897b,14,user_d8335067,0.489351
user_39f8897b,15,user_dffc0da5,0.483233
user_3a55606c,1,user_b1d0760b,0.694897
user_3a55606c,2,user_d4c7b4c0,0.662871
user_3a55606c,3,user_107259c3,0.653643
user_3a55606c,4,user_5c9b579a,0.648543
user_3a55606c,5,user_586752e4,0.634563
user_3a55606c,6,user_ea67f9c6,0.618766
user_3a55606c,7,user_19641691,0.615268
user_3a55606c,8,user_6169d3b8,0.614296
user_3a55606c,9,user_89197ce5,0.614242
user_3a55606c,10,user_baeb91b3,0.612531
user_3a55606c,11,user_b0129d9e,0.604173
user_3a55606c,12,user_e2e59795,0.602985
user_3a55606c,13,user_737dd050,0.599110
user_3a55606c,14,user_7f623d19,0.595157
user_3a55606c,15,user_9da8848a,0.591667
user_3b1da5d9,1,user_3b1da5d9,0.832291
user_3b1da5d9,2,user_364bb955,0.822081
user_3b1da5d9,3,user_81a80789,0.822019
user_3b1da5d9,4,user_7de6f343,0.821223
user_3b1da5d9,5,user_b0129d9e,0.818120
user_3b1da5d9,6,user_aabd2642,0.815916
user_3b1da5d9,7,user_0c578ab5,0.813800
user_3b1da5d9,8,user_0d32f0ed,0.797289
user_3b1da5d9,9,user_70bbda36,0.793769
user_3b1da5d9,10,user_a7b901f2,0.792618
user_3b1da5d9,11,user_166a3647,0.790668
user_3b1da5d9,12,user_74cfb8ef,0.785333
user_3b1da5d9,13,user_1a7d6cd5,0.783528
user_3b1da5d9,14,user_e2e59795,0.782592
user_3b1da5d9,15,user_df8dc9bb,0.782474
user_3b90fb53,1,user_40a0bad3,0.821147
user_3b90fb53,2,user_ebddf9c1,0.805318
user_3b90fb53,3,user_226be32f,0.800547
user_3b90fb53,4,user_b350e22b,0.793725
user_3b90fb53,5,user_9571d0d5,0.785397
user_3b90fb53,6,user_405db206,0.785167
user_3b90fb53,7,user_6fc85c06,0.783981
user_3b90fb53,8,user_cdd86523,0.777831
user_3b90fb53,9,user_a57e47b1,0.776939
user_3b90fb53,10,user_058c1800,0.773232
user_3b90fb53,11,user_b337cb0c,0.770749
user_3b90fb53,12,user_7924afc9,0.770130
user_3b90fb53,13,user_03969305,0.769044
user_3b90fb53,14,user_c06d9b71,0.766399
user_3b90fb53,15,user_f75c71f0,0.765748
user_3bb7992e,1,user_40efa894,0.880431
user_3bb7992e,2,user_ba8b1c05,0.837202
user_3bb7992e,3,user_74cfb8ef,0.836529
user_3bb7992e,4,user_7de6f343,0.832609
user_3bb7992e,5,user_795650bb,0.825255
user_3bb7992e,6,user_2c2a5c24,0.818870
user_3bb7992e,7,user_64cd3098,0.811304
user_3bb7992e,8,user_7c3d63ce,0.806737
user_3bb7992e,9,user_0f0ad720,0.804208
user_3bb7992e,10,user_421ae417,0.791729
user_3bb7992e,11,user_83e45cc0,0.791409
user_3bb7992e,12,user_25652863,0.790562
user_3bb7992e,13,user_6fa47d61,0.789065
user_3bb7992e,14,user_500badda,0.785168
user_3bb7992e,15,user_4ea1ef09,0.784407
user_3ce4c1f8,1,user_0898fc4b,0.777097
user_3ce4c1f8,2,user_b1a5a37e,0.773197
user_3ce4c1f8,3,user_7de6f343,0.770666
user_3ce4c1f8,4,user_d2c97c8e,0.770232
user_3ce4c1f8,5,user_39aad1a2,0.762542
user_3ce4c1f8,6,user_74cfb8ef,0.759445
user_3ce4c1f8,7,user_500badda,0.756789
user_3ce4c1f8,8,user_aabd2642,0.755193
user_3ce4c1f8,9,user_40efa894,0.752100
user_3ce4c1f8,10,user_58bfeaad,0.747647
user_3ce4c1f8,11,user_e6dd44b0,0.744649
user_3ce4c1f8,12,user_04f39d22,0.743049
user_3ce4c1f8,13,user_421ae417,0.739209
user_3ce4c1f8,14,user_a3a4a20a,0.735627
user_3ce4c1f8,15,user_e9d1886c,0.735520
user_3e284ba5,1,user_0b1b1d1c,0.801855
user_3e284ba5,2,user_1246b252,0.796129
user_3e284ba5,3,user_7b5f54c0,0.794166
user_3e284ba5,4,user_02fecea2,0.790802
user_3e284ba5,5,user_c50a487d,0.768378
user_3e284ba5,6,user_cbabbcee,0.765988
user_3e284ba5,7,user_147d1bbb,0.761282
user_3e284ba5,8,user_03410579,0.754632
user_3e284ba5,9,user_166a3647,0.748285
user_3e284ba5,10,user_a7bfc229,0.745527
user_3e284ba5,11,user_81a80789,0.743578
user_3e284ba5,12,user_70bbda36,0.743281
user_3e284ba5,13,user_b63ea1d4,0.742910
user_3e284ba5,14,user_364bb955,0.742473
user_3e284ba5,15,user_2c69b83e,0.742260
user_3eb49f37,1,user_ab30f0fb,0.809443
user_3eb49f37,2,user_d758a0a1,0.793321
user_3eb49f37,3,user_3eb49f37,0.780266
user_3eb49f37,4,user_efa5697b,0.768509
user_3eb49f37,5,user_858fa00c,0.768392
user_3eb49f37,6,user_dac2c359,0.752380
user_3eb49f37,7,user_f10e7063,0.731555
user_3eb49f37,8,user_5ac1a174,0.731080
user_3eb49f37,9,user_a4a77a7d,0.723146
user_3eb49f37,10,user_0e82fe11,0.720647
user_3eb49f37,11,user_e3f9409b,0.718025
user_3eb49f37,12,user_14a2d3c6,0.717355
user_3eb49f37,13,user_4b139395,0.709822
user_3eb49f37,14,user_0669bdf6,0.707181
user_3eb49f37,15,user_058d9dc1,0.706983
user_3f1d04a6,1,user_74c84045,0.679392
user_3f1d04a6,2,user_21b4fa31,0.672900
user_3f1d04a6,3,user_84fe1a7a,0.660671
user_3f1d04a6,4,user_3e1f9dc1,0.649551
user_3f1d04a6,5,user_e30558fe,0.639961
user_3f1d04a6,6,user_eced69e7,0.608853
user_3f1d04a6,7,user_bd6a40d5,0.605226
user_3f1d04a6,8,user_93cdb7a1,0.599586
user_3f1d04a6,9,user_b14ec02b,0.598293
user_3f1d04a6,10,user_7bbd1543,0.596453
user_3f1d04a6,11,user_0bc8e727,0.596139
user_3f1d04a6,12,user_1f1dc5e0,0.589950
user_3f1d04a6,13,user_acb899e9,0.585844
user_3f1d04a6,14,user_c809e3d2,0.581731
user_3f1d04a6,15,user_82c86537,0.580774
user_3f2894b5,1,user_66a7ce5a,0.776499
user_3f2894b5,2,user_65d73ac1,0.751764
user_3f2894b5,3,user_56e6d0cd,0.716418
user_3f2894b5,4,user_57c1d6c0,0.711945
user_3f2894b5,5,user_85810097,0.708076
user_3f2894b5,6,user_bdcc6e7d,0.703666
user_3f2894b5,7,user_657c72ca,0.692286
user_3f2894b5,8,user_9d9fba70,0.692252
user_3f2894b5,9,user_4db0d490,0.688411
user_3f2894b5,10,user_c35d6565,0.687778
user_3f2894b5,11,user_2b03934e,0.687275
user_3f2894b5,12,user_c994138f,0.686025
user_3f2894b5,13,user_18522854,0.681032
user_3f2894b5,14,user_d93b53bd,0.676058
user_3f2894b5,15,user_9dda4af9,0.673399
user_3f798a8b,1,user_57c1d6c0,0.820602
user_3f798a8b,2,user_417702c5,0.798053
user_3f798a8b,3,user_9dda4af9,0.791221
user_3f798a8b,4,user_c2f18cf7,0.766055
user_3f798a8b,5,user_25b48a9a,0.765577
user_3f798a8b,6,user_c34e791e,0.759058
user_3f798a8b,7,user_b6d05d1d,0.755153
user_3f798a8b,8,user_65d73ac1,0.752029
user_3f798a8b,9,user_e409a56d,0.747686
user_3f798a8b,10,user_54b19b29,0.747023
user_3f798a8b,11,user_259776c7,0.745804
user_3f798a8b,12,user_8be3f554,0.744797
user_3f798a8b,13,user_56e6d0cd,0.741856
user_3f798a8b,14,user_4a57e449,0.741073
user_3f798a8b,15,user_c41de62b,0.739376
user_3ff3188b,1,user_3ff3188b,0.853302
user_3ff3188b,2,user_03969305,0.840933
user_3ff3188b,3,user_fcf93ee8,0.840310
user_3ff3188b,4,user_98f18241,0.839655
user_3ff3188b,5,user_107259c3,0.827951
user_3ff3188b,6,user_70bbda36,0.827900
user_3ff3188b,7,user_9a307ebe,0.823545
user_3ff3188b,8,user_18c333c6,0.821514
user_3ff3188b,9,user_e6dd44b0,0.817903
user_3ff3188b,10,user_dca78fea,0.817338
user_3ff3188b,11,user_2c69b83e,0.808459
user_3ff3188b,12,user_ded778b8,0.806495
user_3ff3188b,13,user_fba6bcd4,0.804044
user_3ff3188b,14,user_02016939,0.800120
user_3ff3188b,15,user_f030b951,0.798795
user_3ff88cf0,1,user_3ff88cf0,0.902721
user_3ff88cf0,2,user_81c4dae1,0.869692
user_3ff88cf0,3,user_ae306850,0.848820
user_3ff88cf0,4,user_c92c8f83,0.827032
user_3ff88cf0,5,user_b14ec02b,0.806910
user_3ff88cf0,6,user_a7145605,0.802540
user_3ff88cf0,7,user_a3a4a20a,0.794940
user_3ff88cf0,8,user_43049634,0.791598
user_3ff88cf0,9,user_04f39d22,0.784470
user_3ff88cf0,10,user_3ff3188b,0.773091
user_3ff88cf0,11,user_3850eb9e,0.770464
user_3ff88cf0,12,user_46bb5302,0.766978
user_3ff88cf0,13,user_74e32d78,0.766420
user_3ff88cf0,14,user_b9d253e8,0.757464
user_3ff88cf0,15,user_476670f9,0.753392
user_40a0bad3,1,user_40a0bad3,0.748845
user_40a0bad3,2,user_f930e37f,0.686758
user_40a0bad3,3,user_f1157204,0.683361
user_40a0bad3,4,user_e802076d,0.679316
user_40a0bad3,5,user_cdd86523,0.677268
user_40a0bad3,6,user_ebddf9c1,0.676218
user_40a0bad3,7,user_2cb4b018,0.674417
user_40a0bad3,8,user_e7ff2beb,0.671365
user_40a0bad3,9,user_a57e47b1,0.664093
user_40a0bad3,10,user_c06d9b71,0.662773
user_40a0bad3,11,user_1a2755b3,0.662344
user_40a0bad3,12,user_a6c2e760,0.653873
user_40a0bad3,13,user_147d1bbb,0.652113
user_40a0bad3,14,user_cbabbcee,0.650890
user_40a0bad3,15,user_a75b16f2,0.648315
user_40efa894,1,user_04f39d22,0.881335
user_40efa894,2,user_f3377028,0.869554
user_40efa894,3,user_08c32973,0.863455
user_40efa894,4,user_7de6f343,0.862315
user_40efa894,5,user_e409a56d,0.859604
user_40efa894,6,user_83e45cc0,0.858255
user_40efa894,7,user_f5e1eee0,0.857461
user_40efa894,8,user_ba8b1c05,0.857099
user_40efa894,9,user_40efa894,0.856580
user_40efa894,10,user_74cfb8ef,0.854968
user_40efa894,11,user_2c2a5c24,0.850298
user_40efa894,12,user_6fa47d61,0.848536
user_40efa894,13,user_421ae417,0.848420
user_40efa894,14,user_81c4dae1,0.841566
user_40efa894,15,user_bf30f80d,0.836636
user_41b20ee4,1,user_b63ea1d4,0.763326
user_41b20ee4,2,user_7b5f54c0,0.733166
user_41b20ee4,3,user_81a80789,0.727838
user_41b20ee4,4,user_58bfeaad,0.725942
user_41b20ee4,5,user_acd6ddfb,0.724191
user_41b20ee4,6,user_76638121,0.722725
user_41b20ee4,7,user_3431c049,0.719399
user_41b20ee4,8,user_aabd2642,0.718606
user_41b20ee4,9,user_ba010eec,0.714780
user_41b20ee4,10,user_ffe2efae,0.713825
user_41b20ee4,11,user_1246b252,0.713294
user_41b20ee4,12,user_8713f22a,0.710432
user_41b20ee4,13,user_b1a5a37e,0.708456
user_41b20ee4,14,user_3b1da5d9,0.707266
user_41b20ee4,15,user_166a3647,0.706085
user_433bdef0,1,user_147d1bbb,0.842638
user_433bdef0,2,user_e5a6abbe,0.838634
user_433bdef0,3,user_7aa3746b,0.822336
user_433bdef0,4,user_e802076d,0.819691
user_433bdef0,5,user_b16e0cf8,0.818179
user_433bdef0,6,user_636ad58f,0.817340
user_433bdef0,7,user_83afc7b2,0.816186
user_433bdef0,8,user_ef954c6e,0.814225
user_433bdef0,9,user_b337cb0c,0.813128
user_433bdef0,10,user_03969305,0.812664
user_433bdef0,11,user_a01f16ac,0.812112
user_433bdef0,12,user_89e04335,0.811300
user_433bdef0,13,user_adab54a0,0.810265
user_433bdef0,14,user_5881b259,0.808967
user_433bdef0,15,user_96013176,0.806385
user_434f3511,1,user_85810097,0.606559
user_434f3511,2,user_75bc9924,0.531676
user_434f3511,3,user_34b1fb84,0.455797
user_434f3511,4,user_a4ae4e77,0.442908
user_434f3511,5,user_bdcc6e7d,0.433610
user_434f3511,6,user_baf68fe9,0.409799
user_434f3511,7,user_5c9a0ee9,0.404660
user_434f3511,8,user_0697c470,0.401269
user_434f3511,9,user_201c8c78,0.393591
user_434f3511,10,user_1b89f77a,0.391254
user_434f3511,11,user_6f1b0197,0.388522
user_434f3511,12,user_c34f1f4d,0.383473
user_434f3511,13,user_63110023,0.382734
user_434f3511,14,user_0cee87f3,0.380814
user_434f3511,15,user_2a41ee39,0.379021
user_44567221,1,user_94cad3a5,0.744757
user_44567221,2,user_3b79395c,0.739655
user_44567221,3,user_7fef9da8,0.714206
user_44567221,4,user_8fb63eca,0.704015
user_44567221,5,user_3353b96b,0.667492
user_44567221,6,user_ffe2efae,0.659432
user_44567221,7,user_6c2d672f,0.659197
user_44567221,8,user_e696f3ae,0.657941
user_44567221,9,user_586752e4,0.644424
user_44567221,10,user_5a6f92a6,0.642596
user_44567221,11,user_96d9cb9a,0.640274
user_44567221,12,user_1a7d6cd5,0.638322
user_44567221,13,user_07ec3726,0.637211
user_44567221,14,user_8dd20d7f,0.635791
user_44567221,15,user_1302cb61,0.635580
user_454733da,1,user_d023a78e,0.694989
user_454733da,2,user_59e8bc2a,0.671980
user_454733da,3,user_903329bb,0.658955
user_454733da,4,user_eafc973e,0.648985
user_454733da,5,user_9b517815,0.642094
user_454733da,6,user_88f46c7b,0.641688
user_454733da,7,user_dc20c886,0.636880
user_454733da,8,user_f827c7dd,0.628419
user_454733da,9,user_5b7d5e00,0.613613
user_454733da,10,user_454733da,0.611419
user_454733da,11,user_9ee84e18,0.610588
user_454733da,12,user_5d7cbf11,0.606239
user_454733da,13,user_835666af,0.604279
user_454733da,14,user_3a55606c,0.602933
user_454733da,15,user_37cd2dc9,0.598824
user_45926b89,1,user_e8d15537,0.852960
user_45926b89,2,user_69df6330,0.837197
user_45926b89,3,user_c60d65b5,0.793515
user_45926b89,4,user_4384dffe,0.773775
user_45926b89,5,user_b9036662,0.761722
user_45926b89,6,user_8f39f021,0.758462
user_45926b89,7,user_dae4304f,0.743230
user_45926b89,8,user_8be3f554,0.740228
user_45926b89,9,user_c4c70447,0.731156
user_45926b89,10,user_56980aa9,0.726003
user_45926b89,11,user_d849ac6e,0.716286
user_45926b89,12,user_a743aff9,0.714312
user_45926b89,13,user_6b311f43,0.712602
user_45926b89,14,user_5993b36a,0.711549
user_45926b89,15,user_a8dc91a3,0.704488
user_45d008d3,1,user_9b517815,0.709675
user_45d008d3,2,user_9ffdf5e5,0.634024
user_45d008d3,3,user_5f4ee256,0.551617
user_45d008d3,4,user_13f8ee07,0.451939
user_45d008d3,5,user_0ef44f54,0.427668
user_45d008d3,6,user_823846de,0.407651
user_45d008d3,7,user_438fb63c,0.403889
user_45d008d3,8,user_37cd2dc9,0.389194
user_45d008d3,9,user_4e42bf97,0.376480
user_45d008d3,10,user_49b1ac46,0.371635
user_45d008d3,11,user_f43d6008,0.367046
user_45d008d3,12,user_e4ab67b6,0.357819
user_45d008d3,13,user_6058434c,0.345406
user_45d008d3,14,user_650da71b,0.344056
user_45d008d3,15,user_e70b6a25,0.343011
user_4607d25d,1,user_67acd9b1,0.683588
user_4607d25d,2,user_daf37424,0.648285
user_4607d25d,3,user_54c1ebee,0.642706
user_4607d25d,4,user_d2bd9832,0.636660
user_4607d25d,5,user_ca6074df,0.630299
user_4607d25d,6,user_df8dc9bb,0.622246
user_4607d25d,7,user_f51339f8,0.621828
user_4607d25d,8,user_ffe2efae,0.621241
user_4607d25d,9,user_8dd20d7f,0.617780
user_4607d25d,10,user_737dd050,0.614828
user_4607d25d,11,user_8285a696,0.613132
user_4607d25d,12,user_07ec3726,0.611068
user_4607d25d,13,user_9351238d,0.607764
user_4607d25d,14,user_b350e22b,0.606817
user_4607d25d,15,user_94cad3a5,0.604382
user_46e2e7ec,1,user_46e2e7ec,0.666492
user_46e2e7ec,2,user_f5138e15,0.633962
user_46e2e7ec,3,user_ba085464,0.559921
user_46e2e7ec,4,user_ab434739,0.528142
user_46e2e7ec,5,user_7b2d0be1,0.523899
user_46e2e7ec,6,user_840e0a93,0.492927
user_46e2e7ec,7,user_d9b8914f,0.484995
user_46e2e7ec,8,user_7c45fa70,0.484770
user_46e2e7ec,9,user_be018f9d,0.469369
user_46e2e7ec,10,user_38fbcf73,0.468621
user_46e2e7ec,11,user_2b79ef0b,0.447004
user_46e2e7ec,12,user_bb8be7e3,0.444434
user_46e2e7ec,13,user_1e3084a6,0.440891
user_46e2e7ec,14,user_25652863,0.437032
user_46e2e7ec,15,user_6ae9ce92,0.436641
user_476670f9,1,user_ae306850,0.866657
user_476670f9,2,user_43049634,0.827395
user_476670f9,3,user_25b48a9a,0.825062
user_476670f9,4,user_02fecea2,0.824180
user_476670f9,5,user_a7145605,0.820401
user_476670f9,6,user_1b7f8c56,0.818441
user_476670f9,7,user_e6dd44b0,0.816227
user_476670f9,8,user_81c4dae1,0.814701
user_476670f9,9,user_3ff88cf0,0.812962
user_476670f9,10,user_a3a4a20a,0.812041
user_476670f9,11,user_2c69b83e,0.809357
user_476670f9,12,user_04f39d22,0.806200
user_476670f9,13,user_476670f9,0.803662
user_476670f9,14,user_54b19b29,0.801300
user_476670f9,15,user_e409a56d,0.800279
user_4aaa8404,1,user_940c7213,0.876281
user_4aaa8404,2,user_fb64cb55,0.842858
user_4aaa8404,3,user_acb51eed,0.824542
user_4aaa8404,4,user_737dd050,0.816176
user_4aaa8404,5,user_f4f9490d,0.813262
user_4aaa8404,6,user_1b7f8c56,0.810094
user_4aaa8404,7,user_9ee84e18,0.809377
user_4aaa8404,8,user_8e97a154,0.808945
user_4aaa8404,9,user_fcf93ee8,0.808533
user_4aaa8404,10,user_02fecea2,0.806131
user_4aaa8404,11,user_165a2706,0.802150
user_4aaa8404,12,user_82d93459,0.802029
user_4aaa8404,13,user_1a7d6cd5,0.800883
user_4aaa8404,14,user_166a3647,0.800574
user_4aaa8404,15,user_586752e4,0.800190
user_4ab9d510,1,user_8d22714e,0.843527
user_4ab9d510,2,user_4b139395,0.838376
user_4ab9d510,3,user_03969305,0.836914
user_4ab9d510,4,user_e59c000f,0.830465
user_4ab9d510,5,user_88b2faba,0.829526
user_4ab9d510,6,user_5881b259,0.828219
user_4ab9d510,7,user_c5f32c0d,0.826313
user_4ab9d510,8,user_e5a6abbe,0.824263
user_4ab9d510,9,user_a4a77a7d,0.816940
user_4ab9d510,10,user_29cd4556,0.816118
user_4ab9d510,11,user_c39d41d7,0.815218
user_4ab9d510,12,user_f27da10a,0.811482
user_4ab9d510,13,user_e802076d,0.808058
user_4ab9d510,14,user_723406a0,0.805647
user_4ab9d510,15,user_df8dc9bb,0.805572
user_4b139395,1,user_9d9fba70,0.759327
user_4b139395,2,user_4d4f73a6,0.758084
user_4b139395,3,user_fe922ad0,0.756468
user_4b139395,4,user_66a7ce5a,0.753390
user_4b139395,5,user_e8e9acac,0.750971
user_4b139395,6,user_65d73ac1,0.746782
user_4b139395,7,user_3f2894b5,0.740739
user_4b139395,8,user_8be3f554,0.716560
user_4b139395,9,user_18522854,0.710222
user_4b139395,10,user_9ee84e18,0.705245
user_4b139395,11,user_a16d1fb6,0.704624
user_4b139395,12,user_d4b7e22e,0.697692
user_4b139395,13,user_2e05a7a0,0.697214
user_4b139395,14,user_c994138f,0.693754
user_4b139395,15,user_164fe4b8,0.693405
user_4b8335bd,1,user_434f3511,0.821428
user_4b8335bd,2,user_c34e791e,0.798089
user_4b8335bd,3,user_a3a4a20a,0.791613
user_4b8335bd,4,user_e696f3ae,0.791141
user_4b8335bd,5,user_9a307ebe,0.777510
user_4b8335bd,6,user_04f39d22,0.775869
user_4b8335bd,7,user_33b2b77f,0.769186
user_4b8335bd,8,user_7c7220a4,0.768229
user_4b8335bd,9,user_e51692a6,0.764109
user_4b8335bd,10,user_67acd9b1,0.758529
user_4b8335bd,11,user_b2aba63a,0.756636
user_4b8335bd,12,user_5fddc7f1,0.751237
user_4b8335bd,13,user_e5f67397,0.749955
user_4b8335bd,14,user_6476648d,0.745850
user_4b8335bd,15,user_3ff3188b,0.736474
user_4bd9303b,1,user_e8a7be73,0.748136
user_4bd9303b,2,user_25798310,0.737176
user_4bd9303b,3,user_79f38f6d,0.735569
user_4bd9303b,4,user_524450e9,0.735268
user_4bd9303b,5,user_8d22714e,0.732536
user_4bd9303b,6,user_81a80789,0.732185
user_4bd9303b,7,user_7b5f54c0,0.729529
user_4bd9303b,8,user_df8dc9bb,0.727195
user_4bd9303b,9,user_166a3647,0.723240
user_4bd9303b,10,user_1cfedba8,0.720185
user_4bd9303b,11,user_885e8708,0.720138
user_4bd9303b,12,user_3b1da5d9,0.717830
user_4bd9303b,13,user_1a7d6cd5,0.716853
user_4bd9303b,14,user_ded778b8,0.716070
user_4bd9303b,15,user_bd47000f,0.714589
user_4cad4295,1,user_94cad3a5,0.836086
user_4cad4295,2,user_b0129d9e,0.833691
user_4cad4295,3,user_03410579,0.830639
user_4cad4295,4,user_fdcaaf41,0.829172
user_4cad4295,5,user_7f56f9a5,0.828418
user_4cad4295,6,user_1a7d6cd5,0.822346
user_4cad4295,7,user_70bbda36,0.821189
user_4cad4295,8,user_16ac4154,0.816524
user_4cad4295,9,user_ded778b8,0.816005
user_4cad4295,10,user_0d32f0ed,0.812688
user_4cad4295,11,user_aabd2642,0.810824
user_4cad4295,12,user_5a6f92a6,0.809256
user_4cad4295,13,user_f51339f8,0.806358
user_4cad4295,14,user_fdc08e26,0.805163
user_4cad4295,15,user_02fecea2,0.798543
user_4d4f73a6,1,user_0521a7ac,0.753809
user_4d4f73a6,2,user_394c25cc,0.710444
user_4d4f73a6,3,user_959adfc8,0.706569
user_4d4f73a6,4,user_30802254,0.703030
user_4d4f73a6,5,user_886f7373,0.701895
user_4d4f73a6,6,user_9600e8bf,0.701286
user_4d4f73a6,7,user_e6057285,0.695221
user_4d4f73a6,8,user_6d071251,0.690430
user_4d4f73a6,9,user_80dc757f,0.688844
user_4d4f73a6,10,user_c204a1dd,0.686765
user_4d4f73a6,11,user_38dc2894,0.682742
user_4d4f73a6,12,user_89e04335,0.676181
user_4d4f73a6,13,user_0a3bcf86,0.670913
user_4d4f73a6,14,user_f930e37f,0.666976
user_4d4f73a6,15,user_eb0927d1,0.666464
user_4e42bf97,1,user_4e42bf97,0.772460
user_4e42bf97,2,user_650da71b,0.742904
user_4e42bf97,3,user_126670d7,0.724665
user_4e42bf97,4,user_a8dc91a3,0.722995
user_4e42bf97,5,user_756e2f00,0.716166
user_4e42bf97,6,user_d14b7d7b,0.713381
user_4e42bf97,7,user_9ce96cbf,0.709951
user_4e42bf97,8,user_69a4dd06,0.707238
user_4e42bf97,9,user_338e1332,0.699847
user_4e42bf97,10,user_a04b2a78,0.696596
user_4e42bf97,11,user_c32db875,0.690802
user_4e42bf97,12,user_ec574395,0.680171
user_4e42bf97,13,user_ab86ab82,0.679430
user_4e42bf97,14,user_a2503734,0.678473
user_4e42bf97,15,user_2e05a7a0,0.677249
user_4e54f3d7,1,user_56e6d0cd,0.772590
user_4e54f3d7,2,user_9ce96cbf,0.769526
user_4e54f3d7,3,user_d036c911,0.752718
user_4e54f3d7,4,user_b6d05d1d,0.749484
user_4e54f3d7,5,user_3535252b,0.740737
user_4e54f3d7,6,user_efac3c1d,0.728398
user_4e54f3d7,7,user_a8dc91a3,0.727795
user_4e54f3d7,8,user_ca6074df,0.720260
user_4e54f3d7,9,user_4ab9d510,0.719294
user_4e54f3d7,10,user_daf37424,0.717219
user_4e54f3d7,11,user_c35d6565,0.710749
user_4e54f3d7,12,user_8c0c7619,0.709115
user_4e54f3d7,13,user_1736acbe,0.705074
user_4e54f3d7,14,user_8be3f554,0.703034
user_4e54f3d7,15,user_9dda4af9,0.700472
user_4f3b6241,1,user_1a7d6cd5,0.822829
user_4f3b6241,2,user_02fecea2,0.812346
user_4f3b6241,3,user_13fb2e34,0.808391
user_4f3b6241,4,user_c50a487d,0.805436
user_4f3b6241,5,user_8fb63eca,0.800372
user_4f3b6241,6,user_b0129d9e,0.790293
user_4f3b6241,7,user_c903d3bb,0.783672
user_4f3b6241,8,user_03410579,0.783371
user_4f3b6241,9,user_09dea596,0.775205
user_4f3b6241,10,user_a7bfc229,0.773867
user_4f3b6241,11,user_81a80789,0.768479
user_4f3b6241,12,user_cbabbcee,0.765649
user_4f3b6241,13,user_500badda,0.755341
user_4f3b6241,14,user_70bbda36,0.754692
user_4f3b6241,15,user_04d29f9c,0.753097
user_4f8b6987,1,user_c35d6565,0.776323
user_4f8b6987,2,user_9dda4af9,0.764904
user_4f8b6987,3,user_a151ddab,0.758061
user_4f8b6987,4,user_d691d016,0.755816
user_4f8b6987,5,user_adab54a0,0.748606
user_4f8b6987,6,user_daf37424,0.746841
user_4f8b6987,7,user_c5f32c0d,0.743808
user_4f8b6987,8,user_9ce96cbf,0.743532
user_4f8b6987,9,user_5c5a0b40,0.742826
user_4f8b6987,10,user_b350e22b,0.741643
user_4f8b6987,11,user_e6057285,0.739557
user_4f8b6987,12,user_e802076d,0.736477
user_4f8b6987,13,user_54c1ebee,0.736386
user_4f8b6987,14,user_8f8346ad,0.735826
user_4f8b6987,15,user_ef954c6e,0.732997
user_500badda,1,user_3971c3e6,0.727109
user_500badda,2,user_a151ddab,0.709476
user_500badda,3,user_96013176,0.695750
user_500badda,4,user_8dd20d7f,0.693053
user_500badda,5,user_5526cbfd,0.691881
user_500badda,6,user_d2c97c8e,0.690852
user_500badda,7,user_e6dd44b0,0.682187
user_500badda,8,user_586752e4,0.676070
user_500badda,9,user_0898fc4b,0.675756
user_500badda,10,user_e5a6abbe,0.675587
user_500badda,11,user_83afc7b2,0.675344
user_500badda,12,user_c204a1dd,0.674674
user_500badda,13,user_201c8c78,0.674482
user_500badda,14,user_6deada35,0.671174
user_500badda,15,user_9a307ebe,0.670740
user_5062c872,1,user_2e60c125,0.667987
user_5062c872,2,user_5062c872,0.632345
user_5062c872,3,user_502a8cea,0.631458
user_5062c872,4,user_bf30f80d,0.631045
user_5062c872,5,user_192a215d,0.615875
user_5062c872,6,user_08c32973,0.587052
user_5062c872,7,user_2efde048,0.586246
user_5062c872,8,user_f5e1eee0,0.577396
user_5062c872,9,user_f3377028,0.577297
user_5062c872,10,user_58bfeaad,0.571771
user_5062c872,11,user_6fa47d61,0.570841
user_5062c872,12,user_64cd3098,0.562015
user_5062c872,13,user_ba8b1c05,0.556949
user_5062c872,14,user_f14dc486,0.554754
user_5062c872,15,user_372c2b3e,0.553243
user_515ae840,1,user_515ae840,0.751240
user_515ae840,2,user_d20928cc,0.716135
user_515ae840,3,user_829844fd,0.704385
user_515ae840,4,user_b7f60e64,0.684699
user_515ae840,5,user_24668d84,0.640661
user_515ae840,6,user_ab5592eb,0.640239
user_515ae840,7,user_0eeab432,0.628788
user_515ae840,8,user_2b03934e,0.624290
user_515ae840,9,user_4bf6a4a0,0.618243
user_515ae840,10,user_efcacf59,0.601923
user_515ae840,11,user_5d1b0daf,0.597044
user_515ae840,12,user_b429ec64,0.589735
user_515ae840,13,user_9ce96cbf,0.584192
user_515ae840,14,user_b2dd04c8,0.583429
user_515ae840,15,user_26565155,0.583184
user_524450e9,1,user_c34e791e,0.857623
user_524450e9,2,user_cf393213,0.835624
user_524450e9,3,user_2dd5b531,0.834083
user_524450e9,4,user_f930e37f,0.831306
user_524450e9,5,user_e6057285,0.822885
user_524450e9,6,user_ab86ab82,0.821187
user_524450e9,7,user_16ac4154,0.819323
user_524450e9,8,user_41d0c897,0.812729
user_524450e9,9,user_1a2755b3,0.812059
user_524450e9,10,user_586752e4,0.809951
user_524450e9,11,user_daf37424,0.807955
user_524450e9,12,user_8be3f554,0.806671
user_524450e9,13,user_a3a4a20a,0.806004
user_524450e9,14,user_ebddf9c1,0.803947
user_524450e9,15,user_1b7f8c56,0.802823
user_529e3009,1,user_529e3009,0.801862
user_529e3009,2,user_7c8639cd,0.649619
user_529e3009,3,user_89f449b4,0.601087
user_529e3009,4,user_869fcb2b,0.594190
user_529e3009,5,user_9991e1d8,0.593057
user_529e3009,6,user_a57a04fa,0.590089
user_529e3009,7,user_d96972e5,0.570662
user_529e3009,8,user_c008345b,0.551820
user_529e3009,9,user_f0cf195f,0.551691
user_529e3009,10,user_cbabbcee,0.545944
user_529e3009,11,user_0b64b183,0.544270
user_529e3009,12,user_c06d9b71,0.543566
user_529e3009,13,user_058d9dc1,0.529113
user_529e3009,14,user_587b57d5,0.525808
user_529e3009,15,user_d8335067,0.523576
user_52d3881c,1,user_bf69de98,0.850567
user_52d3881c,2,user_e5a6abbe,0.848628
user_52d3881c,3,user_3971c3e6,0.836432
user_52d3881c,4,user_9a307ebe,0.828154
user_52d3881c,5,user_ef954c6e,0.826027
user_52d3881c,6,user_e6057285,0.824802
user_52d3881c,7,user_83afc7b2,0.817567
user_52d3881c,8,user_52d3881c,0.814342
user_52d3881c,9,user_1b7f8c56,0.808842
user_52d3881c,10,user_54c1ebee,0.807493
user_52d3881c,11,user_03969305,0.805419
user_52d3881c,12,user_c35d6565,0.804869
user_52d3881c,13,user_7a7dda35,0.803400
user_52d3881c,14,user_c5f32c0d,0.802979
user_52d3881c,15,user_96013176,0.802480
user_53325367,1,user_53325367,0.828631
user_53325367,2,user_7bbd1543,0.752511
user_53325367,3,user_be018f9d,0.721040
user_53325367,4,user_a743aff9,0.720427
user_53325367,5,user_ba085464,0.716291
user_53325367,6,user_21b4fa31,0.703678
user_53325367,7,user_70580e9a,0.692557
user_53325367,8,user_6ae9ce92,0.690920
user_53325367,9,user_3e1f9dc1,0.690468
user_53325367,10,user_fba6bcd4,0.687307
user_53325367,11,user_7924afc9,0.686678
user_53325367,12,user_0bc8e727,0.684556
user_53325367,13,user_84fe1a7a,0.684325
user_53325367,14,user_124651ff,0.678814
user_53325367,15,user_fde27362,0.678491
user_54c1ebee,1,user_ffe2efae,0.775214
user_54c1ebee,2,user_737dd050,0.760135
user_54c1ebee,3,user_ea67f9c6,0.758874
user_54c1ebee,4,user_107259c3,0.758365
user_54c1ebee,5,user_586752e4,0.750959
user_54c1ebee,6,user_7b5f54c0,0.748188
user_54c1ebee,7,user_166a3647,0.746196
user_54c1ebee,8,user_8e97a154,0.745113
user_54c1ebee,9,user_7f623d19,0.743752
user_54c1ebee,10,user_3431c049,0.742463
user_54c1ebee,11,user_daf37424,0.738645
user_54c1ebee,12,user_e696f3ae,0.736117
user_54c1ebee,13,user_26fa9d90,0.733869
user_54c1ebee,14,user_c994138f,0.731472
user_54c1ebee,15,user_70bbda36,0.730659
user_56909460,1,user_e59c000f,0.817561
user_56909460,2,user_6fc85c06,0.805056
user_56909460,3,user_f0cf195f,0.804219
user_56909460,4,user_df8dc9bb,0.799729
user_56909460,5,user_3239132f,0.794508
user_56909460,6,user_88b2faba,0.794032
user_56909460,7,user_e8a7be73,0.793926
user_56909460,8,user_83afc7b2,0.791337
user_56909460,9,user_ff591131,0.788305
user_56909460,10,user_b350e22b,0.786036
user_56909460,11,user_a151ddab,0.782994
user_56909460,12,user_9571d0d5,0.779512
user_56909460,13,user_8d22714e,0.779024
user_56909460,14,user_058c1800,0.776620
user_56909460,15,user_5c82df31,0.774777
user_56980aa9,1,user_126670d7,0.606734
user_56980aa9,2,user_56980aa9,0.599248
user_56980aa9,3,user_ba4a78fc,0.583952
user_56980aa9,4,user_6011e674,0.577682
user_56980aa9,5,user_55058479,0.562880
user_56980aa9,6,user_3a55606c,0.561888
user_56980aa9,7,user_b78601b5,0.560796
user_56980aa9,8,user_9571d0d5,0.560280
user_56980aa9,9,user_0a3f46b9,0.557531
user_56980aa9,10,user_ab86ab82,0.549689
user_56980aa9,11,user_233fda02,0.547911
user_56980aa9,12,user_903329bb,0.547751
user_56980aa9,13,user_ee8d5ec5,0.546122
user_56980aa9,14,user_45d008d3,0.545646
user_56980aa9,15,user_9bee2a7c,0.543882
user_5738db35,1,user_1f1dc5e0,0.805983
user_5738db35,2,user_93cdb7a1,0.796498
user_5738db35,3,user_03410579,0.790009
user_5738db35,4,user_95d648bc,0.784096
user_5738db35,5,user_4144252d,0.776372
user_5738db35,6,user_364bb955,0.775137
user_5738db35,7,user_e9d1886c,0.774894
user_5738db35,8,user_e6057285,0.774722
user_5738db35,9,user_2e81a539,0.772867
user_5738db35,10,user_96013176,0.771852
user_5738db35,11,user_66772d98,0.771541
user_5738db35,12,user_5c9b579a,0.768085
user_5738db35,13,user_500badda,0.766400
user_5738db35,14,user_205d25f3,0.763278
user_5738db35,15,user_3239132f,0.762541
user_582ff5b2,1,user_636ad58f,0.849107
user_582ff5b2,2,user_a743aff9,0.844015
user_582ff5b2,3,user_0a0bcaa6,0.833181
user_582ff5b2,4,user_c39d41d7,0.833149
user_582ff5b2,5,user_5881b259,0.829215
user_582ff5b2,6,user_d1d16d30,0.828320
user_582ff5b2,7,user_69df6330,0.818771
user_582ff5b2,8,user_095ff43e,0.817695
user_582ff5b2,9,user_50e2a836,0.817099
user_582ff5b2,10,user_7924afc9,0.815755
user_582ff5b2,11,user_a01f16ac,0.811792
user_582ff5b2,12,user_dbc4828c,0.809489
user_582ff5b2,13,user_954805d7,0.809209
user_582ff5b2,14,user_fdcaaf41,0.808529
user_582ff5b2,15,user_dd1d7b22,0.806354
user_586752e4,1,user_ed3091a2,0.736279
user_586752e4,2,user_17054ec7,0.693142
user_586752e4,3,user_0128a546,0.693095
user_586752e4,4,user_8e5e899b,0.690196
user_586752e4,5,user_ab434739,0.688447
user_586752e4,6,user_ea67f9c6,0.686106
user_586752e4,7,user_0a3f46b9,0.685353
user_586752e4,8,user_9ee84e18,0.682670
user_586752e4,9,user_107259c3,0.681279
user_586752e4,10,user_226be32f,0.668639
user_586752e4,11,user_0cc626ee,0.667908
user_586752e4,12,user_8713f22a,0.667712
user_586752e4,13,user_586752e4,0.667637
user_586752e4,14,user_858fa00c,0.667370
user_586752e4,15,user_8e97a154,0.667132
user_58892c7c,1,user_1b2d69c1,0.814500
user_58892c7c,2,user_74c84045,0.795883
user_58892c7c,3,user_baa70592,0.746991
user_58892c7c,4,user_e6dd44b0,0.743012
user_58892c7c,5,user_e30558fe,0.729179
user_58892c7c,6,user_dca78fea,0.723839
user_58892c7c,7,user_58892c7c,0.721367
user_58892c7c,8,user_3ff3188b,0.719107
user_58892c7c,9,user_2920b35e,0.718359
user_58892c7c,10,user_f030b951,0.718019
user_58892c7c,11,user_98f18241,0.710587
user_58892c7c,12,user_03969305,0.704599
user_58892c7c,13,user_b6350ec1,0.702460
user_58892c7c,14,user_0c578ab5,0.700017
user_58892c7c,15,user_bd19a016,0.688113
user_58bfeaad,1,user_6fa47d61,0.853727
user_58bfeaad,2,user_7de6f343,0.850253
user_58bfeaad,3,user_e409a56d,0.818762
user_58bfeaad,4,user_40efa894,0.813542
user_58bfeaad,5,user_372c2b3e,0.806259
user_58bfeaad,6,user_74cfb8ef,0.804601
user_58bfeaad,7,user_2c2a5c24,0.802298
user_58bfeaad,8,user_25652863,0.801536
user_58bfeaad,9,user_2efde048,0.800089
user_58bfeaad,10,user_f3377028,0.798407
user_58bfeaad,11,user_421ae417,0.797338
user_58bfeaad,12,user_04f39d22,0.794413
user_58bfeaad,13,user_58bfeaad,0.793458
user_58bfeaad,14,user_7b2d0be1,0.788317
user_58bfeaad,15,user_0bc8e727,0.784483
user_59d9db83,1,user_3239132f,0.871663
user_59d9db83,2,user_a6c5a10c,0.840653
user_59d9db83,3,user_a151ddab,0.839545
user_59d9db83,4,user_e5a6abbe,0.835085
user_59d9db83,5,user_e6057285,0.825428
user_59d9db83,6,user_83afc7b2,0.821580
user_59d9db83,7,user_ef954c6e,0.819457
user_59d9db83,8,user_c5f32c0d,0.818993
user_59d9db83,9,user_f0cf195f,0.815064
user_59d9db83,10,user_54c1ebee,0.807015
user_59d9db83,11,user_df8dc9bb,0.804715
user_59d9db83,12,user_02d8a1f8,0.803394
user_59d9db83,13,user_147d1bbb,0.803293
user_59d9db83,14,user_0898fc4b,0.802691
user_59d9db83,15,user_d96972e5,0.801815
user_5a5bee64,1,user_96c3cc43,0.732833
user_5a5bee64,2,user_66a7ce5a,0.730559
user_5a5bee64,3,user_56e6d0cd,0.727525
user_5a5bee64,4,user_ca6074df,0.725547
user_5a5bee64,5,user_f14dc486,0.710097
user_5a5bee64,6,user_3535252b,0.707887
user_5a5bee64,7,user_26565155,0.701830
user_5a5bee64,8,user_19952166,0.700894
user_5a5bee64,9,user_582ff5b2,0.694280
user_5a5bee64,10,user_d5379647,0.689425
user_5a5bee64,11,user_39939c54,0.688103
user_5a5bee64,12,user_1736acbe,0.685924
user_5a5bee64,13,user_126670d7,0.685523
user_5a5bee64,14,user_8be3f554,0.682694
user_5a5bee64,15,user_bbb0205e,0.680690
user_5a6c91dd,1,user_36e75535,0.731144
user_5a6c91dd,2,user_5a5bee64,0.685821
user_5a6c91dd,3,user_1dc24686,0.656998
user_5a6c91dd,4,user_476670f9,0.651325
user_5a6c91dd,5,user_0e685b64,0.647969
user_5a6c91dd,6,user_372cb75b,0.640965
user_5a6c91dd,7,user_72bed676,0.626003
user_5a6c91dd,8,user_c5f32c0d,0.624490
user_5a6c91dd,9,user_2f4cc646,0.622108
user_5a6c91dd,10,user_96013176,0.614400
user_5a6c91dd,11,user_959adfc8,0.613953
user_5a6c91dd,12,user_900ffd5c,0.613357
user_5a6c91dd,13,user_405db206,0.612627
user_5a6c91dd,14,user_d2bd9832,0.612506
user_5a6c91dd,15,user_2e81a539,0.611439
user_5a6f92a6,1,user_e6057285,0.794900
user_5a6f92a6,2,user_147d1bbb,0.786388
user_5a6f92a6,3,user_dca78fea,0.782767
user_5a6f92a6,4,user_89e04335,0.781464
user_5a6f92a6,5,user_25798310,0.780084
user_5a6f92a6,6,user_7b5f54c0,0.778107
user_5a6f92a6,7,user_7fef9da8,0.776430
user_5a6f92a6,8,user_83a58842,0.773094
user_5a6f92a6,9,user_0b64b183,0.770713
user_5a6f92a6,10,user_aabd2642,0.768246
user_5a6f92a6,11,user_586752e4,0.765318
user_5a6f92a6,12,user_7aa3746b,0.764555
user_5a6f92a6,13,user_e7ff2beb,0.762972
user_5a6f92a6,14,user_166a3647,0.762134
user_5a6f92a6,15,user_fca58a87,0.762046
user_5ac1a174,1,user_823846de,0.642906
user_5ac1a174,2,user_efa5697b,0.597475
user_5ac1a174,3,user_6058434c,0.558394
user_5ac1a174,4,user_7d944883,0.555355
user_5ac1a174,5,user_f3f15c55,0.550977
user_5ac1a174,6,user_d4b7e22e,0.548639
user_5ac1a174,7,user_e70b6a25,0.536269
user_5ac1a174,8,user_49b1ac46,0.511274
user_5ac1a174,9,user_ed3091a2,0.501030
user_5ac1a174,10,user_7322f4ef,0.497978
user_5ac1a174,11,user_3eb49f37,0.493447
user_5ac1a174,12,user_9b517815,0.488398
user_5ac1a174,13,user_d5379647,0.487872
user_5ac1a174,14,user_22b484cb,0.486906
user_5ac1a174,15,user_2c39731d,0.485250
user_5c09bb3d,1,user_a01f16ac,0.746183
user_5c09bb3d,2,user_50e2a836,0.740545
user_5c09bb3d,3,user_4f755977,0.739399
user_5c09bb3d,4,user_3e1f9dc1,0.730935
user_5c09bb3d,5,user_dbc4828c,0.730080
user_5c09bb3d,6,user_c39d41d7,0.722900
user_5c09bb3d,7,user_c008345b,0.722371
user_5c09bb3d,8,user_fdcaaf41,0.719695
user_5c09bb3d,9,user_c06d9b71,0.718810
user_5c09bb3d,10,user_d758a0a1,0.716758
user_5c09bb3d,11,user_0b64b183,0.715713
user_5c09bb3d,12,user_73f34c5d,0.715097
user_5c09bb3d,13,user_43a979d2,0.714074
user_5c09bb3d,14,user_dd1d7b22,0.711445
user_5c09bb3d,15,user_cdd86523,0.710735
user_5c5a0b40,1,user_d67450a8,0.713304
user_5c5a0b40,2,user_f030b951,0.710842
user_5c5a0b40,3,user_98ca16a6,0.710113
user_5c5a0b40,4,user_e6dd44b0,0.706577
user_5c5a0b40,5,user_57c1d6c0,0.705141
user_5c5a0b40,6,user_846d1f36,0.704269
user_5c5a0b40,7,user_8be3f554,0.698896
user_5c5a0b40,8,user_1df51301,0.691320
user_5c5a0b40,9,user_33b2b77f,0.688895
user_5c5a0b40,10,user_ab86ab82,0.685814
user_5c5a0b40,11,user_dd6e7bcb,0.684218
user_5c5a0b40,12,user_058c1800,0.682550
user_5c5a0b40,13,user_cda36a95,0.681691
user_5c5a0b40,14,user_91db6e48,0.681512
user_5c5a0b40,15,user_3121653d,0.681124
user_5c82df31,1,user_9571d0d5,0.852608
user_5c82df31,2,user_e59c000f,0.845092
user_5c82df31,3,user_2dd5b531,0.826275
user_5c82df31,4,user_94f185bc,0.824281
user_5c82df31,5,user_8e97a154,0.822462
user_5c82df31,6,user_df8dc9bb,0.816612
user_5c82df31,7,user_89e04335,0.815872
user_5c82df31,8,user_9a307ebe,0.815808
user_5c82df31,9,user_03969305,0.815250
user_5c82df31,10,user_b350e22b,0.813942
user_5c82df31,11,user_586752e4,0.811569
user_5c82df31,12,user_6fc85c06,0.810540
user_5c82df31,13,user_8dd20d7f,0.806196
user_5c82df31,14,user_69df6330,0.803161
user_5c82df31,15,user_394c25cc,0.801012
user_5d1b0daf,1,user_2373103d,0.840937
user_5d1b0daf,2,user_02d03e8a,0.836545
user_5d1b0daf,3,user_17607ebc,0.829343
user_5d1b0daf,4,user_c35d6565,0.826263
user_5d1b0daf,5,user_43a979d2,0.824243
user_5d1b0daf,6,user_f654c33b,0.819694
user_5d1b0daf,7,user_a8c2208d,0.814403
user_5d1b0daf,8,user_84e93af7,0.809236
user_5d1b0daf,9,user_b49274ca,0.806799
user_5d1b0daf,10,user_c39d41d7,0.804747
user_5d1b0daf,11,user_b16e0cf8,0.802352
user_5d1b0daf,12,user_fba6bcd4,0.802236
user_5d1b0daf,13,user_15179955,0.796357
user_5d1b0daf,14,user_dbc4828c,0.788233
user_5d1b0daf,15,user_07cb458d,0.787741
user_5f4ee256,1,user_8e5e899b,0.745698
user_5f4ee256,2,user_e8cdb142,0.731133
user_5f4ee256,3,user_8afa3eba,0.722364
user_5f4ee256,4,user_ff39b6cf,0.715690
user_5f4ee256,5,user_2c39731d,0.714840
user_5f4ee256,6,user_a5d9fab6,0.707747
user_5f4ee256,7,user_78eff25f,0.705934
user_5f4ee256,8,user_233fda02,0.698745
user_5f4ee256,9,user_dc20c886,0.691246
user_5f4ee256,10,user_858fa00c,0.687411
user_5f4ee256,11,user_07db2c6a,0.683406
user_5f4ee256,12,user_87bbc3b5,0.682627
user_5f4ee256,13,user_d7fde080,0.680795
user_5f4ee256,14,user_903329bb,0.678961
user_5f4ee256,15,user_18227c28,0.672413
user_6169d3b8,1,user_6169d3b8,0.820344
user_6169d3b8,2,user_107259c3,0.744257
user_6169d3b8,3,user_6deada35,0.741796
user_6169d3b8,4,user_7f623d19,0.719738
user_6169d3b8,5,user_8713f22a,0.717494
user_6169d3b8,6,user_586752e4,0.715130
user_6169d3b8,7,user_b4f295b3,0.714651
user_6169d3b8,8,user_ea67f9c6,0.713559
user_6169d3b8,9,user_3353b96b,0.712258
user_6169d3b8,10,user_9ee84e18,0.711633
user_6169d3b8,11,user_9a307ebe,0.709727
user_6169d3b8,12,user_dd6e7bcb,0.688455
user_6169d3b8,13,user_efb27a8e,0.688294
user_6169d3b8,14,user_e696f3ae,0.684664
user_6169d3b8,15,user_0128a546,0.683023
user_61f90240,1,user_586752e4,0.849954
user_61f90240,2,user_c994138f,0.840188
user_61f90240,3,user_70bbda36,0.839034
user_61f90240,4,user_daf37424,0.829985
user_61f90240,5,user_2c69b83e,0.828057
user_61f90240,6,user_b63ea1d4,0.824743
user_61f90240,7,user_54c1ebee,0.824353
user_61f90240,8,user_aabd2642,0.823237
user_61f90240,9,user_ea67f9c6,0.819731
user_61f90240,10,user_6deada35,0.819344
user_61f90240,11,user_9a307ebe,0.817512
user_61f90240,12,user_16ac4154,0.815053
user_61f90240,13,user_fdc08e26,0.814418
user_61f90240,14,user_737dd050,0.813649
user_61f90240,15,user_7f56f9a5,0.811574
user_63110023,1,user_fba6bcd4,0.836219
user_63110023,2,user_c39d41d7,0.831975
user_63110023,3,user_c35d6565,0.818953
user_63110023,4,user_4f755977,0.817027
user_63110023,5,user_dbc4828c,0.815376
user_63110023,6,user_73f34c5d,0.812850
user_63110023,7,user_7924afc9,0.812535
user_63110023,8,user_43a979d2,0.810418
user_63110023,9,user_a743aff9,0.801437
user_63110023,10,user_84e93af7,0.798237
user_63110023,11,user_b49274ca,0.795179
user_63110023,12,user_b16e0cf8,0.793956
user_63110023,13,user_2e81a539,0.793843
user_63110023,14,user_723406a0,0.793447
user_63110023,15,user_bd05225b,0.793076
user_636d1da4,1,user_38433566,0.851101
user_636d1da4,2,user_e6057285,0.818713
user_636d1da4,3,user_83afc7b2,0.812925
user_636d1da4,4,user_a6c5a10c,0.808633
user_636d1da4,5,user_3971c3e6,0.805114
user_636d1da4,6,user_54c1ebee,0.804012
user_636d1da4,7,user_e59c000f,0.800367
user_636d1da4,8,user_3239132f,0.799718
user_636d1da4,9,user_e5a6abbe,0.799277
user_636d1da4,10,user_18892460,0.796621
user_636d1da4,11,user_2e81a539,0.796213
user_636d1da4,12,user_aabd2642,0.795394
user_636d1da4,13,user_df8dc9bb,0.790365
user_636d1da4,14,user_96013176,0.788713
user_636d1da4,15,user_c5f32c0d,0.785171
user_6427334a,1,user_433bdef0,0.817314
user_6427334a,2,user_02d03e8a,0.782177
user_6427334a,3,user_17607ebc,0.771086
user_6427334a,4,user_2373103d,0.766517
user_6427334a,5,user_43a979d2,0.758057
user_6427334a,6,user_0168255c,0.747416
user_6427334a,7,user_8663226a,0.742507
user_6427334a,8,user_39b3eda0,0.740070
user_6427334a,9,user_a8c2208d,0.731420
user_6427334a,10,user_f654c33b,0.718982
user_6427334a,11,user_84e93af7,0.718939
user_6427334a,12,user_bf69de98,0.718866
user_6427334a,13,user_15179955,0.718117
user_6427334a,14,user_c39d41d7,0.717614
user_6427334a,15,user_aa31484a,0.717398
user_6476648d,1,user_3353b96b,0.727095
user_6476648d,2,user_ffe2efae,0.712016
user_6476648d,3,user_9b6481e4,0.708697
user_6476648d,4,user_9c88ee3d,0.703725
user_6476648d,5,user_c7beef01,0.697658
user_6476648d,6,user_7f623d19,0.693817
user_6476648d,7,user_76638121,0.693588
user_6476648d,8,user_fa69a385,0.685990
user_6476648d,9,user_16b87e34,0.685940
user_6476648d,10,user_9a5457b0,0.685492
user_6476648d,11,user_ea67f9c6,0.681676
user_6476648d,12,user_0128a546,0.680489
user_6476648d,13,user_3431c049,0.676868
user_6476648d,14,user_67acd9b1,0.676355
user_6476648d,15,user_52f895f1,0.674875
user_649f4327,1,user_56e6d0cd,0.893573
user_649f4327,2,user_b63ea1d4,0.860685
user_649f4327,3,user_daf37424,0.860451
user_649f4327,4,user_c994138f,0.839711
user_649f4327,5,user_9a307ebe,0.823697
user_649f4327,6,user_ca6074df,0.822996
user_649f4327,7,user_6deada35,0.818273
user_649f4327,8,user_4db0d490,0.817819
user_649f4327,9,user_58bfeaad,0.817179
user_649f4327,10,user_25798310,0.816004
user_649f4327,11,user_57c1d6c0,0.813027
user_649f4327,12,user_9351238d,0.812106
user_649f4327,13,user_2c69b83e,0.811555
user_649f4327,14,user_7b5f54c0,0.809240
user_649f4327,15,user_acd6ddfb,0.809056
user_657c72ca,1,user_c39d41d7,0.827026
user_657c72ca,2,user_0e82fe11,0.804155
user_657c72ca,3,user_fba6bcd4,0.803635
user_657c72ca,4,user_b6350ec1,0.803229
user_657c72ca,5,user_bd05225b,0.802568
user_657c72ca,6,user_73f34c5d,0.799137
user_657c72ca,7,user_50e2a836,0.798582
user_657c72ca,8,user_dd6e7bcb,0.797596
user_657c72ca,9,user_07cb458d,0.789493
user_657c72ca,10,user_d6175d39,0.788987
user_657c72ca,11,user_43a979d2,0.786436
user_657c72ca,12,user_29cd4556,0.783751
user_657c72ca,13,user_dbc4828c,0.782275
user_657c72ca,14,user_c35d6565,0.781124
user_657c72ca,15,user_d758a0a1,0.779564
user_6592f2e4,1,user_6592f2e4,0.687500
user_6592f2e4,2,user_d461f818,0.628687
user_6592f2e4,3,user_0bd8ba7c,0.549256
user_6592f2e4,4,user_8a3bbeb2,0.543036
user_6592f2e4,5,user_470c0785,0.526796
user_6592f2e4,6,user_fb8f46c8,0.505603
user_6592f2e4,7,user_833d8832,0.504964
user_6592f2e4,8,user_8f08aa94,0.503154
user_6592f2e4,9,user_74da5a13,0.498776
user_6592f2e4,10,user_ba4f42bb,0.497933
user_6592f2e4,11,user_683369b1,0.494247
user_6592f2e4,12,user_245fd42f,0.492312
user_6592f2e4,13,user_502a8cea,0.490304
user_6592f2e4,14,user_46bb5302,0.489498
user_6592f2e4,15,user_18522854,0.488018
user_65d73ac1,1,user_c41de62b,0.853427
user_65d73ac1,2,user_c8f82360,0.841812
user_65d73ac1,3,user_25b48a9a,0.834222
user_65d73ac1,4,user_65d73ac1,0.830168
user_65d73ac1,5,user_649f4327,0.822750
user_65d73ac1,6,user_417702c5,0.820235
user_65d73ac1,7,user_6bb64984,0.812455
user_65d73ac1,8,user_c34e791e,0.810205
user_65d73ac1,9,user_3ac315cb,0.807726
user_65d73ac1,10,user_1a2755b3,0.806598
user_65d73ac1,11,user_16ac4154,0.794047
user_65d73ac1,12,user_259776c7,0.792332
user_65d73ac1,13,user_2e05a7a0,0.789621
user_65d73ac1,14,user_b325310b,0.788477
user_65d73ac1,15,user_8be3f554,0.787843
user_68349053,1,user_ed1aaed8,0.761451
user_68349053,2,user_f5e2976e,0.752146
user_68349053,3,user_1c7b7780,0.743191
user_68349053,4,user_3e284ba5,0.733881
user_68349053,5,user_68349053,0.729805
user_68349053,6,user_ba085464,0.705336
user_68349053,7,user_02016939,0.703561
user_68349053,8,user_70bbda36,0.703396
user_68349053,9,user_16ac4154,0.697126
user_68349053,10,user_5526cbfd,0.695070
user_68349053,11,user_e696f3ae,0.691949
user_68349053,12,user_4bd9303b,0.689197
user_68349053,13,user_737dd050,0.681726
user_68349053,14,user_2c69b83e,0.678090
user_68349053,15,user_40efa894,0.675553
user_68d19df8,1,user_56e6d0cd,0.856872
user_68d19df8,2,user_b6d05d1d,0.807181
user_68d19df8,3,user_29cd4556,0.791584
user_68d19df8,4,user_4db0d490,0.780766
user_68d19df8,5,user_d036c911,0.778757
user_68d19df8,6,user_57c1d6c0,0.775837
user_68d19df8,7,user_daf37424,0.766912
user_68d19df8,8,user_d93b53bd,0.764401
user_68d19df8,9,user_9dda4af9,0.758681
user_68d19df8,10,user_8fe14601,0.753369
user_68d19df8,11,user_adab54a0,0.745709
user_68d19df8,12,user_c2f18cf7,0.745636
user_68d19df8,13,user_c35d6565,0.744548
user_68d19df8,14,user_3ff3188b,0.741603
user_68d19df8,15,user_ca6074df,0.740956
user_69193575,1,user_d20928cc,0.696416
user_69193575,2,user_5d1b0daf,0.692435
user_69193575,3,user_b429ec64,0.678649
user_69193575,4,user_4bf6a4a0,0.678586
user_69193575,5,user_b8f24804,0.672224
user_69193575,6,user_8a669dcd,0.669878
user_69193575,7,user_b2dd04c8,0.663310
user_69193575,8,user_6d2cb415,0.657645
user_69193575,9,user_515ae840,0.655597
user_69193575,10,user_74d27419,0.648504
user_69193575,11,user_c32db875,0.647830
user_69193575,12,user_23ecc36a,0.639813
user_69193575,13,user_18522854,0.638904
user_69193575,14,user_4e42bf97,0.638436
user_69193575,15,user_650da71b,0.635554
user_69a4dd06,1,user_259776c7,0.724621
user_69a4dd06,2,user_2b03934e,0.718045
user_69a4dd06,3,user_ab5592eb,0.707056
user_69a4dd06,4,user_3f2894b5,0.697286
user_69a4dd06,5,user_2e05a7a0,0.693753
user_69a4dd06,6,user_fe922ad0,0.691498
user_69a4dd06,7,user_56e6d0cd,0.689668
user_69a4dd06,8,user_164fe4b8,0.686431
user_69a4dd06,9,user_ab86ab82,0.673899
user_69a4dd06,10,user_66a7ce5a,0.662065
user_69a4dd06,11,user_a8dc91a3,0.661730
user_69a4dd06,12,user_4ab9d510,0.659802
user_69a4dd06,13,user_65d73ac1,0.657431
user_69a4dd06,14,user_b6d05d1d,0.656178
user_69a4dd06,15,user_daf37424,0.655086
user_69df6330,1,user_c35d6565,0.816634
user_69df6330,2,user_d036c911,0.809537
user_69df6330,3,user_b6d05d1d,0.807499
user_69df6330,4,user_3535252b,0.802978
user_69df6330,5,user_9dda4af9,0.798491
user_69df6330,6,user_56e6d0cd,0.795615
user_69df6330,7,user_a8dc91a3,0.793728
user_69df6330,8,user_1736acbe,0.793129
user_69df6330,9,user_8be3f554,0.782430
user_69df6330,10,user_2b03934e,0.781961
user_69df6330,11,user_66a7ce5a,0.776480
user_69df6330,12,user_ca6074df,0.772958
user_69df6330,13,user_65d73ac1,0.757644
user_69df6330,14,user_9ce96cbf,0.756881
user_69df6330,15,user_5d1b0daf,0.756527
user_6ab1739a,1,user_1b7f8c56,0.862234
user_6ab1739a,2,user_afff552a,0.842532
user_6ab1739a,3,user_b6b89f00,0.837165
user_6ab1739a,4,user_d3663143,0.834540
user_6ab1739a,5,user_95d648bc,0.830592
user_6ab1739a,6,user_b325310b,0.829242
user_6ab1739a,7,user_f8e2246f,0.827690
user_6ab1739a,8,user_6bb64984,0.827511
user_6ab1739a,9,user_aa2fbe83,0.823281
user_6ab1739a,10,user_ee89e069,0.816697
user_6ab1739a,11,user_940c7213,0.809483
user_6ab1739a,12,user_c008345b,0.808280
user_6ab1739a,13,user_8fbb6d9c,0.807480
user_6ab1739a,14,user_c5f32c0d,0.807168
user_6ab1739a,15,user_fba6bcd4,0.805486
user_6ab8f7d4,1,user_4c8199a7,0.750120
user_6ab8f7d4,2,user_55058479,0.749821
user_6ab8f7d4,3,user_b1c16312,0.705611
user_6ab8f7d4,4,user_91f807b9,0.699825
user_6ab8f7d4,5,user_abde0618,0.696912
user_6ab8f7d4,6,user_6ab8f7d4,0.679262
user_6ab8f7d4,7,user_f930e37f,0.678495
user_6ab8f7d4,8,user_82d93459,0.660019
user_6ab8f7d4,9,user_39aad1a2,0.655795
user_6ab8f7d4,10,user_829844fd,0.655439
user_6ab8f7d4,11,user_f52ced02,0.655174
user_6ab8f7d4,12,user_2e05a7a0,0.653798
user_6ab8f7d4,13,user_6fbf6191,0.648822
user_6ab8f7d4,14,user_45d008d3,0.647257
user_6ab8f7d4,15,user_c4c70447,0.647236
user_6d071251,1,user_394c25cc,0.891781
user_6d071251,2,user_38dc2894,0.859963
user_6d071251,3,user_0521a7ac,0.855129
user_6d071251,4,user_e6057285,0.849172
user_6d071251,5,user_5993b36a,0.847523
user_6d071251,6,user_886f7373,0.842173
user_6d071251,7,user_df8dc9bb,0.838834
user_6d071251,8,user_e802076d,0.838428
user_6d071251,9,user_18892460,0.833509
user_6d071251,10,user_b350e22b,0.827498
user_6d071251,11,user_e59c000f,0.827216
user_6d071251,12,user_ef954c6e,0.826443
user_6d071251,13,user_c5f32c0d,0.825960
user_6d071251,14,user_5c82df31,0.822927
user_6d071251,15,user_89e04335,0.820499
user_6d2cb415,1,user_ab86ab82,0.803088
user_6d2cb415,2,user_ee8d5ec5,0.785381
user_6d2cb415,3,user_57c1d6c0,0.769175
user_6d2cb415,4,user_c35d6565,0.768200
user_6d2cb415,5,user_c34e791e,0.762117
user_6d2cb415,6,user_8be3f554,0.756623
user_6d2cb415,7,user_56e6d0cd,0.752220
user_6d2cb415,8,user_25b48a9a,0.746340
user_6d2cb415,9,user_b6d05d1d,0.743665
user_6d2cb415,10,user_6fbf6191,0.740371
user_6d2cb415,11,user_5159d3a1,0.737290
user_6d2cb415,12,user_2e05a7a0,0.733764
user_6d2cb415,13,user_c994138f,0.733304
user_6d2cb415,14,user_c2f18cf7,0.730790
user_6d2cb415,15,user_259776c7,0.728839
user_6d421600,1,user_0bc8e727,0.859866
user_6d421600,2,user_04f39d22,0.853913
user_6d421600,3,user_82c86537,0.852985
user_6d421600,4,user_6fa47d61,0.848505
user_6d421600,5,user_7de6f343,0.839294
user_6d421600,6,user_74cfb8ef,0.838723
user_6d421600,7,user_6d421600,0.832997
user_6d421600,8,user_a3a4a20a,0.830941
user_6d421600,9,user_f5e1eee0,0.830461
user_6d421600,10,user_bf30f80d,0.818997
user_6d421600,11,user_40efa894,0.815500
user_6d421600,12,user_2efde048,0.812321
user_6d421600,13,user_421ae417,0.811281
user_6d421600,14,user_7c3d63ce,0.808831
user_6d421600,15,user_2c2a5c24,0.806883
user_6f1b0197,1,user_b49274ca,0.885438
user_6f1b0197,2,user_c2f18cf7,0.848469
user_6f1b0197,3,user_4db0d490,0.832209
user_6f1b0197,4,user_d036c911,0.825948
user_6f1b0197,5,user_b6d05d1d,0.816758
user_6f1b0197,6,user_54b19b29,0.810121
user_6f1b0197,7,user_adab54a0,0.803082
user_6f1b0197,8,user_9dda4af9,0.782940
user_6f1b0197,9,user_8fe14601,0.778201
user_6f1b0197,10,user_57c1d6c0,0.774339
user_6f1b0197,11,user_eae91488,0.765791
user_6f1b0197,12,user_84e93af7,0.764650
user_6f1b0197,13,user_d93b53bd,0.763850
user_6f1b0197,14,user_0eb2abf1,0.763084
user_6f1b0197,15,user_f654c33b,0.761164
user_6fa47d61,1,user_08c32973,0.880913
user_6fa47d61,2,user_2efde048,0.840190
user_6fa47d61,3,user_e409a56d,0.828670
user_6fa47d61,4,user_1a4bec69,0.815979
user_6fa47d61,5,user_58bfeaad,0.814279
user_6fa47d61,6,user_2e60c125,0.812046
user_6fa47d61,7,user_4ea1ef09,0.811947
user_6fa47d61,8,user_bf30f80d,0.810139
user_6fa47d61,9,user_6fa47d61,0.805785
user_6fa47d61,10,user_53b85563,0.802256
user_6fa47d61,11,user_04f39d22,0.800736
user_6fa47d61,12,user_7de6f343,0.793629
user_6fa47d61,13,user_25652863,0.782082
user_6fa47d61,14,user_40efa894,0.773354
user_6fa47d61,15,user_64cd3098,0.770850
user_6fc85c06,1,user_56980aa9,0.739529
user_6fc85c06,2,user_3f2fbc90,0.708926
user_6fc85c06,3,user_6fc85c06,0.708066
user_6fc85c06,4,user_906e2423,0.697783
user_6fc85c06,5,user_a2c3ed1f,0.692219
user_6fc85c06,6,user_e4f8ab0c,0.688565
user_6fc85c06,7,user_9ee84e18,0.685629
user_6fc85c06,8,user_f827c7dd,0.667445
user_6fc85c06,9,user_039d004e,0.666117
user_6fc85c06,10,user_3eb49f37,0.663744
user_6fc85c06,11,user_058c1800,0.648860
user_6fc85c06,12,user_438fb63c,0.647478
user_6fc85c06,13,user_0cc626ee,0.641367
user_6fc85c06,14,user_f368b9da,0.639174
user_6fc85c06,15,user_b9036662,0.638666
user_6fccf8b5,1,user_6fccf8b5,0.656608
user_6fccf8b5,2,user_9571d0d5,0.601121
user_6fccf8b5,3,user_67acd9b1,0.592249
user_6fccf8b5,4,user_9a5457b0,0.583484
user_6fccf8b5,5,user_3bc84c13,0.582435
user_6fccf8b5,6,user_ffe2efae,0.577987
user_6fccf8b5,7,user_17355c30,0.569897
user_6fccf8b5,8,user_fe922ad0,0.569335
user_6fccf8b5,9,user_8006727d,0.568935
user_6fccf8b5,10,user_20a01575,0.564403
user_6fccf8b5,11,user_29266f60,0.563599
user_6fccf8b5,12,user_3431c049,0.562583
user_6fccf8b5,13,user_9b6481e4,0.560575
user_6fccf8b5,14,user_02fecea2,0.555705
user_6fccf8b5,15,user_b2aba63a,0.551833
user_723406a0,1,user_e6057285,0.871281
user_723406a0,2,user_5993b36a,0.858470
user_723406a0,3,user_b4214db6,0.855116
user_723406a0,4,user_eb0927d1,0.852750
user_723406a0,5,user_723406a0,0.852322
user_723406a0,6,user_0e82fe11,0.850557
user_723406a0,7,user_1ef33a43,0.846716
user_723406a0,8,user_5881b259,0.843121
user_723406a0,9,user_88b2faba,0.838021
user_723406a0,10,user_c39d41d7,0.829477
user_723406a0,11,user_bd05225b,0.828552
user_723406a0,12,user_2e81a539,0.823350
user_723406a0,13,user_e5a6abbe,0.823309
user_723406a0,14,user_1f1dc5e0,0.821771
user_723406a0,15,user_a57e47b1,0.820233
user_72bed676,1,user_72bed676,0.758644
user_72bed676,2,user_0d32f0ed,0.692563
user_72bed676,3,user_3431c049,0.670537
user_72bed676,4,user_1f636ddc,0.666906
user_72bed676,5,user_83585fc6,0.659601
user_72bed676,6,user_89571ce8,0.656233
user_72bed676,7,user_dbbf562e,0.653889
user_72bed676,8,user_1e3084a6,0.652747
user_72bed676,9,user_7f623d19,0.639880
user_72bed676,10,user_fb427339,0.635398
user_72bed676,11,user_7b5f54c0,0.623804
user_72bed676,12,user_81a80789,0.621097
user_72bed676,13,user_ba010eec,0.621009
user_72bed676,14,user_76638121,0.618225
user_72bed676,15,user_1246b252,0.613415
user_7322f4ef,1,user_d023a78e,0.685261
user_7322f4ef,2,user_59e8bc2a,0.645334
user_7322f4ef,3,user_903329bb,0.638205
user_7322f4ef,4,user_5b7d5e00,0.636161
user_7322f4ef,5,user_ba4a78fc,0.626596
user_7322f4ef,6,user_fb64cb55,0.625720
user_7322f4ef,7,user_9ee84e18,0.625564
user_7322f4ef,8,user_835666af,0.603565
user_7322f4ef,9,user_f3f15c55,0.592531
user_7322f4ef,10,user_2dc10d2d,0.580481
user_7322f4ef,11,user_165a2706,0.577254
user_7322f4ef,12,user_d10d1f24,0.577057
user_7322f4ef,13,user_6f6b71fc,0.569091
user_7322f4ef,14,user_737dd050,0.562986
user_7322f4ef,15,user_3b90fb53,0.562981
user_737d3148,1,user_737d3148,0.729182
user_737d3148,2,user_92fe4471,0.709537
user_737d3148,3,user_eda37c14,0.650204
user_737d3148,4,user_f5fea76f,0.636180
user_737d3148,5,user_414a6eaf,0.636095
user_737d3148,6,user_22adb798,0.618359
user_737d3148,7,user_ab439a92,0.601108
user_737d3148,8,user_979ee068,0.564666
user_737d3148,9,user_f54058d0,0.527398
user_737d3148,10,user_8ae8c359,0.526131
user_737d3148,11,user_16b87e34,0.505597
user_737d3148,12,user_8e92b8c1,0.504097
user_737d3148,13,user_e4f8ab0c,0.503397
user_737d3148,14,user_858fa00c,0.502919
user_737d3148,15,user_96a45b45,0.502353
user_73a4377d,1,user_5881b259,0.824979
user_73a4377d,2,user_d1d16d30,0.819104
user_73a4377d,3,user_2e81a539,0.817581
user_73a4377d,4,user_e6057285,0.816172
user_73a4377d,5,user_14a2d3c6,0.813704
user_73a4377d,6,user_73f34c5d,0.811381
user_73a4377d,7,user_fba6bcd4,0.810996
user_73a4377d,8,user_c39d41d7,0.809963
user_73a4377d,9,user_bbe73426,0.807752
user_73a4377d,10,user_d758a0a1,0.801500
user_73a4377d,11,user_aabd2642,0.800942
user_73a4377d,12,user_cb2fe204,0.797351
user_73a4377d,13,user_7a7dda35,0.793857
user_73a4377d,14,user_a01f16ac,0.793056
user_73a4377d,15,user_5993b36a,0.790327
user_73f34c5d,1,user_e8cdb142,0.884243
user_73f34c5d,2,user_8e5e899b,0.826552
user_73f34c5d,3,user_87e5d9b0,0.819466
user_73f34c5d,4,user_ff39b6cf,0.806534
user_73f34c5d,5,user_903329bb,0.797344
user_73f34c5d,6,user_5ac1a174,0.787663
user_73f34c5d,7,user_4144252d,0.779431
user_73f34c5d,8,user_233fda02,0.779001
user_73f34c5d,9,user_a7f8db34,0.776948
user_73f34c5d,10,user_2c39731d,0.769031
user_73f34c5d,11,user_858fa00c,0.757531
user_73f34c5d,12,user_3b90fb53,0.756735
user_73f34c5d,13,user_d7fde080,0.746575
user_73f34c5d,14,user_07db2c6a,0.738014
user_73f34c5d,15,user_29266f60,0.718921
user_74025dc0,1,user_e6057285,0.882587
user_74025dc0,2,user_e5a6abbe,0.873591
user_74025dc0,3,user_74025dc0,0.859610
user_74025dc0,4,user_54c1ebee,0.852480
user_74025dc0,5,user_a6c5a10c,0.841917
user_74025dc0,6,user_147d1bbb,0.835647
user_74025dc0,7,user_95d648bc,0.832375
user_74025dc0,8,user_5993b36a,0.830298
user_74025dc0,9,user_38433566,0.830214
user_74025dc0,10,user_2e81a539,0.826464
user_74025dc0,11,user_fba6bcd4,0.826138
user_74025dc0,12,user_c5f32c0d,0.825346
user_74025dc0,13,user_3239132f,0.821937
user_74025dc0,14,user_aabd2642,0.821095
user_74025dc0,15,user_83afc7b2,0.821035
user_74cfb8ef,1,user_74cfb8ef,0.871646
user_74cfb8ef,2,user_7de6f343,0.854371
user_74cfb8ef,3,user_b1a5a37e,0.827062
user_74cfb8ef,4,user_04f39d22,0.822284
user_74cfb8ef,5,user_64cd3098,0.812989
user_74cfb8ef,6,user_e2e59795,0.811916
user_74cfb8ef,7,user_3b1da5d9,0.809680
user_74cfb8ef,8,user_3431c049,0.809163
user_74cfb8ef,9,user_ba8b1c05,0.805681
user_74cfb8ef,10,user_9fe4e0f5,0.796171
user_74cfb8ef,11,user_58bfeaad,0.792888
user_74cfb8ef,12,user_a3a4a20a,0.782784
user_74cfb8ef,13,user_9a5457b0,0.781979
user_74cfb8ef,14,user_421ae417,0.781684
user_74cfb8ef,15,user_2c69b83e,0.780408
user_74e32d78,1,user_aa08d5a8,0.771360
user_74e32d78,2,user_8e48a3f8,0.729397
user_74e32d78,3,user_b9d253e8,0.724985
user_74e32d78,4,user_74da5a13,0.713569
user_74e32d78,5,user_cc1c8897,0.695238
user_74e32d78,6,user_3ff88cf0,0.687030
user_74e32d78,7,user_a7145605,0.680148
user_74e32d78,8,user_c92c8f83,0.674573
user_74e32d78,9,user_1022be44,0.669063
user_74e32d78,10,user_3850eb9e,0.662268
user_74e32d78,11,user_74e32d78,0.658251
user_74e32d78,12,user_9c7183c8,0.656465
user_74e32d78,13,user_858fa00c,0.655118
user_74e32d78,14,user_476670f9,0.647173
user_74e32d78,15,user_032f6993,0.643368
user_756e2f00,1,user_8be3f554,0.786892
user_756e2f00,2,user_3535252b,0.784697
user_756e2f00,3,user_b6d05d1d,0.776843
user_756e2f00,4,user_c35d6565,0.776603
user_756e2f00,5,user_56e6d0cd,0.773261
user_756e2f00,6,user_9dda4af9,0.762614
user_756e2f00,7,user_57c1d6c0,0.750617
user_756e2f00,8,user_a8dc91a3,0.750393
user_756e2f00,9,user_126670d7,0.745873
user_756e2f00,10,user_ca6074df,0.731957
user_756e2f00,11,user_9ce96cbf,0.729527
user_756e2f00,12,user_582ff5b2,0.729393
user_756e2f00,13,user_d036c911,0.728175
user_756e2f00,14,user_19952166,0.726792
user_756e2f00,15,user_ab86ab82,0.714390
user_75905116,1,user_40efa894,0.880115
user_75905116,2,user_7de6f343,0.877368
user_75905116,3,user_74cfb8ef,0.877089
user_75905116,4,user_ba8b1c05,0.874008
user_75905116,5,user_d2c97c8e,0.864911
user_75905116,6,user_eced69e7,0.858804
user_75905116,7,user_aabd2642,0.852575
user_75905116,8,user_ba085464,0.849164
user_75905116,9,user_7c3d63ce,0.843042
user_75905116,10,user_98f18241,0.841222
user_75905116,11,user_72b93300,0.840467
user_75905116,12,user_500badda,0.839149
user_75905116,13,user_205d25f3,0.838245
user_75905116,14,user_4ea1ef09,0.838169
user_75905116,15,user_421ae417,0.837037
user_7709815a,1,user_beca29a3,0.607440
user_7709815a,2,user_f3a9f844,0.604821
user_7709815a,3,user_e14b88a8,0.508129
user_7709815a,4,user_043ea160,0.476487
user_7709815a,5,user_7d944883,0.416349
user_7709815a,6,user_92fe4471,0.409924
user_7709815a,7,user_44567221,0.383709
user_7709815a,8,user_833d8832,0.380217
user_7709815a,9,user_f3f15c55,0.378682
user_7709815a,10,user_d5379647,0.371773
user_7709815a,11,user_d4b7e22e,0.366067
user_7709815a,12,user_22adb798,0.364796
user_7709815a,13,user_22b484cb,0.362694
user_7709815a,14,user_ecf8f97f,0.362405
user_7709815a,15,user_efb27a8e,0.361267
user_78eff25f,1,user_858fa00c,0.816620
user_78eff25f,2,user_5ac1a174,0.795992
user_78eff25f,3,user_f10e7063,0.792076
user_78eff25f,4,user_d758a0a1,0.789086
user_78eff25f,5,user_0cc626ee,0.780667
user_78eff25f,6,user_bd05225b,0.773354
user_78eff25f,7,user_9571d0d5,0.764367
user_78eff25f,8,user_0e82fe11,0.762162
user_78eff25f,9,user_f27da10a,0.758410
user_78eff25f,10,user_0ef44f54,0.757724
user_78eff25f,11,user_ed3091a2,0.754667
user_78eff25f,12,user_f827c7dd,0.751275
user_78eff25f,13,user_e3f9409b,0.746558
user_78eff25f,14,user_90e5fee6,0.745698
user_78eff25f,15,user_50e2a836,0.741440
user_7924afc9,1,user_79f04645,0.871389
user_7924afc9,2,user_d70942c1,0.850817
user_7924afc9,3,user_43a979d2,0.847725
user_7924afc9,4,user_fde2d265,0.844605
user_7924afc9,5,user_954805d7,0.837387
user_7924afc9,6,user_29cd4556,0.833606
user_7924afc9,7,user_8fe14601,0.830347
user_7924afc9,8,user_5349c6cf,0.828410
user_7924afc9,9,user_17607ebc,0.824337
user_7924afc9,10,user_c39d41d7,0.821460
user_7924afc9,11,user_7aa3746b,0.821242
user_7924afc9,12,user_dbc4828c,0.814286
user_7924afc9,13,user_9d65649f,0.812395
user_7924afc9,14,user_6bf0e007,0.801118
user_7924afc9,15,user_723406a0,0.799556
user_795eb408,1,user_b4f295b3,0.816253
user_795eb408,2,user_107259c3,0.803051
user_795eb408,3,user_500badda,0.799282
user_795eb408,4,user_e64d80ba,0.788156
user_795eb408,5,user_6169d3b8,0.781765
user_795eb408,6,user_166a3647,0.773705
user_795eb408,7,user_70bbda36,0.769415
user_795eb408,8,user_0ff0b922,0.763346
user_795eb408,9,user_fcf93ee8,0.757811
user_795eb408,10,user_9a307ebe,0.756969
user_795eb408,11,user_3e284ba5,0.755572
user_795eb408,12,user_25798310,0.754854
user_795eb408,13,user_df8dc9bb,0.752851
user_795eb408,14,user_3971c3e6,0.750697
user_795eb408,15,user_02016939,0.750156
user_79f04645,1,user_723406a0,0.890553
user_79f04645,2,user_d955d7e2,0.844318
user_79f04645,3,user_0e82fe11,0.827056
user_79f04645,4,user_5881b259,0.822897
user_79f04645,5,user_8d22714e,0.821530
user_79f04645,6,user_c39d41d7,0.820657
user_79f04645,7,user_d758a0a1,0.815539
user_79f04645,8,user_91f807b9,0.813151
user_79f04645,9,user_dd0bd02d,0.809009
user_79f04645,10,user_884ffdb2,0.805985
user_79f04645,11,user_50e2a836,0.783688
user_79f04645,12,user_29cd4556,0.783325
user_79f04645,13,user_f654c33b,0.783114
user_79f04645,14,user_dbc4828c,0.776142
user_79f04645,15,user_3f2fbc90,0.775191
user_7a8f7f3e,1,user_10e64e28,0.748422
user_7a8f7f3e,2,user_c204a1dd,0.739132
user_7a8f7f3e,3,user_586752e4,0.731288
user_7a8f7f3e,4,user_3971c3e6,0.726954
user_7a8f7f3e,5,user_a151ddab,0.726839
user_7a8f7f3e,6,user_8e97a154,0.723788
user_7a8f7f3e,7,user_900ffd5c,0.722285
user_7a8f7f3e,8,user_0521a7ac,0.721905
user_7a8f7f3e,9,user_96013176,0.721633
user_7a8f7f3e,10,user_3239132f,0.719400
user_7a8f7f3e,11,user_8dd20d7f,0.718329
user_7a8f7f3e,12,user_394c25cc,0.713568
user_7a8f7f3e,13,user_df8dc9bb,0.711287
user_7a8f7f3e,14,user_89e04335,0.705303
user_7a8f7f3e,15,user_54c1ebee,0.703624
user_7b052f32,1,user_1b7f8c56,0.803238
user_7b052f32,2,user_2cb4b018,0.795269
user_7b052f32,3,user_166a3647,0.790171
user_7b052f32,4,user_aabd2642,0.788863
user_7b052f32,5,user_df8dc9bb,0.787379
user_7b052f32,6,user_16ac4154,0.786906
user_7b052f32,7,user_e6057285,0.784261
user_7b052f32,8,user_586752e4,0.782981
user_7b052f32,9,user_b350e22b,0.782866
user_7b052f32,10,user_03410579,0.782347
user_7b052f32,11,user_d691d016,0.779902
user_7b052f32,12,user_70bbda36,0.778824
user_7b052f32,13,user_6fc85c06,0.776296
user_7b052f32,14,user_3ac315cb,0.775724
user_7b052f32,15,user_8dd20d7f,0.774919
user_7b2d0be1,1,user_ecf8f97f,0.866519
user_7b2d0be1,2,user_efb27a8e,0.690385
user_7b2d0be1,3,user_a16d1fb6,0.690375
user_7b2d0be1,4,user_a0517bef,0.658775
user_7b2d0be1,5,user_ab8e847b,0.631083
user_7b2d0be1,6,user_37be663c,0.620411
user_7b2d0be1,7,user_aaa1e595,0.612638
user_7b2d0be1,8,user_88e84020,0.600231
user_7b2d0be1,9,user_a411fb06,0.572314
user_7b2d0be1,10,user_3666402b,0.571728
user_7b2d0be1,11,user_f7bb8af1,0.571033
user_7b2d0be1,12,user_ffe2efae,0.557197
user_7b2d0be1,13,user_338e1332,0.554708
user_7b2d0be1,14,user_c130412b,0.542089
user_7b2d0be1,15,user_19622b77,0.531634
user_7b4c75ab,1,user_7b4c75ab,0.806396
user_7b4c75ab,2,user_f070eee7,0.679272
user_7b4c75ab,3,user_5fddc7f1,0.652355
user_7b4c75ab,4,user_5738db35,0.647026
user_7b4c75ab,5,user_eda37c14,0.637879
user_7b4c75ab,6,user_c81fae29,0.634332
user_7b4c75ab,7,user_414a6eaf,0.633223
user_7b4c75ab,8,user_6169d3b8,0.629372
user_7b4c75ab,9,user_858fa00c,0.628377
user_7b4c75ab,10,user_e14b88a8,0.625280
user_7b4c75ab,11,user_bd47000f,0.611328
user_7b4c75ab,12,user_5c9b579a,0.609275
user_7b4c75ab,13,user_f5fea76f,0.608111
user_7b4c75ab,14,user_f10e7063,0.606258
user_7b4c75ab,15,user_a5e548ce,0.604504
user_7c45fa70,1,user_7c45fa70,0.797175
user_7c45fa70,2,user_1022be44,0.647034
user_7c45fa70,3,user_fcf93ee8,0.623428
user_7c45fa70,4,user_17054ec7,0.619494
user_7c45fa70,5,user_ded778b8,0.610352
user_7c45fa70,6,user_9ee84e18,0.601528
user_7c45fa70,7,user_18c333c6,0.598476
user_7c45fa70,8,user_7c8639cd,0.594162
user_7c45fa70,9,user_0e408c4a,0.593748
user_7c45fa70,10,user_c81fae29,0.592780
user_7c45fa70,11,user_76638121,0.586376
user_7c45fa70,12,user_c73333a5,0.583091
user_7c45fa70,13,user_5fddc7f1,0.582182
user_7c45fa70,14,user_b4f295b3,0.574908
user_7c45fa70,15,user_e5f67397,0.573903
user_7c7220a4,1,user_107259c3,0.770411
user_7c7220a4,2,user_7f623d19,0.746844
user_7c7220a4,3,user_baeb91b3,0.736636
user_7c7220a4,4,user_17054ec7,0.733113
user_7c7220a4,5,user_9fe4e0f5,0.733019
user_7c7220a4,6,user_f070eee7,0.732324
user_7c7220a4,7,user_b4f295b3,0.726642
user_7c7220a4,8,user_7c7220a4,0.726583
user_7c7220a4,9,user_0128a546,0.722044
user_7c7220a4,10,user_9c88ee3d,0.721851
user_7c7220a4,11,user_5c9b579a,0.719228
user_7c7220a4,12,user_aa4cc34a,0.718530
user_7c7220a4,13,user_ea67f9c6,0.717382
user_7c7220a4,14,user_63b4be5f,0.713087
user_7c7220a4,15,user_3353b96b,0.709337
user_7f623d19,1,user_fa69a385,0.658690
user_7f623d19,2,user_16b87e34,0.651912
user_7f623d19,3,user_338e1332,0.649592
user_7f623d19,4,user_2f4cc646,0.605856
user_7f623d19,5,user_ffe2efae,0.597927
user_7f623d19,6,user_3666402b,0.597225
user_7f623d19,7,user_815b7baf,0.585742
user_7f623d19,8,user_d2bd9832,0.578385
user_7f623d19,9,user_a411fb06,0.576157
user_7f623d19,10,user_938164a5,0.574889
user_7f623d19,11,user_737dd050,0.570007
user_7f623d19,12,user_795eb408,0.565472
user_7f623d19,13,user_56e6d0cd,0.565244
user_7f623d19,14,user_476670f9,0.562796
user_7f623d19,15,user_67acd9b1,0.561186
user_7fd91653,1,user_a01f16ac,0.805896
user_7fd91653,2,user_02d8a1f8,0.803527
user_7fd91653,3,user_5b714afd,0.803491
user_7fd91653,4,user_8d22714e,0.800467
user_7fd91653,5,user_d96972e5,0.800459
user_7fd91653,6,user_c5f32c0d,0.799171
user_7fd91653,7,user_83afc7b2,0.796797
user_7fd91653,8,user_df8dc9bb,0.793402
user_7fd91653,9,user_0898fc4b,0.791620
user_7fd91653,10,user_e59c000f,0.791451
user_7fd91653,11,user_a6c5a10c,0.787946
user_7fd91653,12,user_38433566,0.787528
user_7fd91653,13,user_3239132f,0.783635
user_7fd91653,14,user_e802076d,0.780945
user_7fd91653,15,user_5c5a0b40,0.778761
user_7fef9da8,1,user_54c1ebee,0.886402
user_7fef9da8,2,user_7fef9da8,0.879638
user_7fef9da8,3,user_a6c5a10c,0.861529
user_7fef9da8,4,user_e6057285,0.852247
user_7fef9da8,5,user_d691d016,0.844105
user_7fef9da8,6,user_8dd20d7f,0.836822
user_7fef9da8,7,user_394c25cc,0.829324
user_7fef9da8,8,user_df8dc9bb,0.828230
user_7fef9da8,9,user_3239132f,0.817182
user_7fef9da8,10,user_d2bd9832,0.814579
user_7fef9da8,11,user_b350e22b,0.811391
user_7fef9da8,12,user_c5f32c0d,0.810503
user_7fef9da8,13,user_38dc2894,0.807614
user_7fef9da8,14,user_e802076d,0.806644
user_7fef9da8,15,user_18892460,0.806496
user_8006727d,1,user_65d73ac1,0.749612
user_8006727d,2,user_ab5592eb,0.734225
user_8006727d,3,user_8f39f021,0.719180
user_8006727d,4,user_a8dc91a3,0.706411
user_8006727d,5,user_2b03934e,0.705998
user_8006727d,6,user_259776c7,0.697513
user_8006727d,7,user_2e05a7a0,0.695873
user_8006727d,8,user_7aa3746b,0.693437
user_8006727d,9,user_caa6a7b6,0.683924
user_8006727d,10,user_daf37424,0.680735
user_8006727d,11,user_8be3f554,0.677219
user_8006727d,12,user_ab86ab82,0.667090
user_8006727d,13,user_406c399e,0.663759
user_8006727d,14,user_88e84020,0.655755
user_8006727d,15,user_a16d1fb6,0.654692
user_80da26a6,1,user_66772d98,0.738815
user_80da26a6,2,user_886f7373,0.733260
user_80da26a6,3,user_10e64e28,0.721829
user_80da26a6,4,user_54c1ebee,0.715977
user_80da26a6,5,user_c5f32c0d,0.708826
user_80da26a6,6,user_959adfc8,0.707746
user_80da26a6,7,user_d5b21e00,0.706507
user_80da26a6,8,user_96013176,0.703072
user_80da26a6,9,user_e6057285,0.696660
user_80da26a6,10,user_394c25cc,0.691037
user_80da26a6,11,user_0521a7ac,0.689413
user_80da26a6,12,user_bf69de98,0.684796
user_80da26a6,13,user_17607ebc,0.683926
user_80da26a6,14,user_73623b4e,0.683876
user_80da26a6,15,user_a6c5a10c,0.681715
user_80dc757f,1,user_cdd86523,0.883506
user_80dc757f,2,user_2dd5b531,0.864261
user_80dc757f,3,user_fde2d265,0.856084
user_80dc757f,4,user_c06d9b71,0.855217
user_80dc757f,5,user_0eb2abf1,0.850254
user_80dc757f,6,user_cf393213,0.828994
user_80dc757f,7,user_1a2755b3,0.827421
user_80dc757f,8,user_111cfe7d,0.823266
user_80dc757f,9,user_a57e47b1,0.822482
user_80dc757f,10,user_a743aff9,0.821593
user_80dc757f,11,user_b49274ca,0.820022
user_80dc757f,12,user_d1d16d30,0.819814
user_80dc757f,13,user_41d0c897,0.819113
user_80dc757f,14,user_80dc757f,0.816841
user_80dc757f,15,user_7924afc9,0.814170
user_81a80789,1,user_81a80789,0.738952
user_81a80789,2,user_7b5f54c0,0.702831
user_81a80789,3,user_66772d98,0.666965
user_81a80789,4,user_b63ea1d4,0.653547
user_81a80789,5,user_9d8095fc,0.651545
user_81a80789,6,user_0c578ab5,0.645822
user_81a80789,7,user_b0129d9e,0.643843
user_81a80789,8,user_cbabbcee,0.643753
user_81a80789,9,user_364bb955,0.636922
user_81a80789,10,user_1246b252,0.635964
user_81a80789,11,user_54c1ebee,0.632652
user_81a80789,12,user_e7ff2beb,0.630779
user_81a80789,13,user_a7b901f2,0.630340
user_81a80789,14,user_0d32f0ed,0.628258
user_81a80789,15,user_8ac8f24f,0.627627
user_823846de,1,user_f14dc486,0.723717
user_823846de,2,user_49b1ac46,0.713990
user_823846de,3,user_823846de,0.699429
user_823846de,4,user_d20928cc,0.673592
user_823846de,5,user_75251485,0.662587
user_823846de,6,user_9d9fba70,0.662521
user_823846de,7,user_d5379647,0.651412
user_823846de,8,user_515ae840,0.645879
user_823846de,9,user_66a7ce5a,0.637818
user_823846de,10,user_b7f60e64,0.628645
user_823846de,11,user_8c0c7619,0.625433
user_823846de,12,user_829844fd,0.617929
user_823846de,13,user_26565155,0.617355
user_823846de,14,user_a2503734,0.612622
user_823846de,15,user_c32db875,0.597748
user_8285a696,1,user_0bd8ba7c,0.728456
user_8285a696,2,user_63b4ae7a,0.724782
user_8285a696,3,user_2c3eb234,0.720439
user_8285a696,4,user_d14b7d7b,0.708806
user_8285a696,5,user_8c0c7619,0.681079
user_8285a696,6,user_470c0785,0.627994
user_8285a696,7,user_a4aab257,0.627277
user_8285a696,8,user_c1a70ab7,0.624655
user_8285a696,9,user_4bf6a4a0,0.622896
user_8285a696,10,user_f14dc486,0.601996
user_8285a696,11,user_d20928cc,0.601858
user_8285a696,12,user_bbb0205e,0.597666
user_8285a696,13,user_126670d7,0.592797
user_8285a696,14,user_c0392523,0.583654
user_8285a696,15,user_26565155,0.577325
user_82879210,1,user_b6350ec1,0.890266
user_82879210,2,user_fba6bcd4,0.867986
user_82879210,3,user_73f34c5d,0.866526
user_82879210,4,user_dc32d458,0.855866
user_82879210,5,user_b16e0cf8,0.855512
user_82879210,6,user_17607ebc,0.851946
user_82879210,7,user_c39d41d7,0.849180
user_82879210,8,user_d6175d39,0.849148
user_82879210,9,user_1a2755b3,0.845137
user_82879210,10,user_df3c19a7,0.842650
user_82879210,11,user_dbc4828c,0.839554
user_82879210,12,user_43a979d2,0.837697
user_82879210,13,user_a00e0552,0.835097
user_82879210,14,user_095ff43e,0.834504
user_82879210,15,user_636ad58f,0.833340
user_829844fd,1,user_5881b259,0.883557
user_829844fd,2,user_f654c33b,0.878166
user_829844fd,3,user_e6057285,0.869621
user_829844fd,4,user_723406a0,0.857602
user_829844fd,5,user_d1d16d30,0.855384
user_829844fd,6,user_eb0927d1,0.853629
user_829844fd,7,user_2dd5b531,0.844233
user_829844fd,8,user_b49274ca,0.839405
user_829844fd,9,user_adab54a0,0.836165
user_829844fd,10,user_c39d41d7,0.836148
user_829844fd,11,user_69df6330,0.833362
user_829844fd,12,user_a743aff9,0.825492
user_829844fd,13,user_dd1d7b22,0.825148
user_829844fd,14,user_41d0c897,0.824465
user_829844fd,15,user_b4214db6,0.821965
user_82d93459,1,user_bbb0205e,0.591375
user_82d93459,2,user_c0392523,0.584544
user_82d93459,3,user_9ffdf5e5,0.580994
user_82d93459,4,user_daf53db6,0.575589
user_82d93459,5,user_a4aab257,0.570547
user_82d93459,6,user_c1a70ab7,0.517719
user_82d93459,7,user_4bf6a4a0,0.513858
user_82d93459,8,user_d023a78e,0.512539
user_82d93459,9,user_3ce4c1f8,0.511891
user_82d93459,10,user_d14b7d7b,0.509108
user_82d93459,11,user_5b7d5e00,0.507686
user_82d93459,12,user_543e79f5,0.507511
user_82d93459,13,user_903329bb,0.503509
user_82d93459,14,user_f3f15c55,0.501522
user_82d93459,15,user_2c3eb234,0.500345
user_83e45cc0,1,user_83e45cc0,0.825327
user_83e45cc0,2,user_d2c97c8e,0.804075
user_83e45cc0,3,user_74cfb8ef,0.801333
user_83e45cc0,4,user_5fddc7f1,0.798865
user_83e45cc0,5,user_2c2a5c24,0.793471
user_83e45cc0,6,user_7de6f343,0.780068
user_83e45cc0,7,user_f5e1eee0,0.775785
user_83e45cc0,8,user_a615a6d1,0.775124
user_83e45cc0,9,user_687feee4,0.768106
user_83e45cc0,10,user_1fb8e9e5,0.767661
user_83e45cc0,11,user_04f39d22,0.766801
user_83e45cc0,12,user_e5f67397,0.762228
user_83e45cc0,13,user_40efa894,0.760777
user_83e45cc0,14,user_ba8b1c05,0.760018
user_83e45cc0,15,user_bf30f80d,0.755410
user_84703a6e,1,user_cf393213,0.838651
user_84703a6e,2,user_54b19b29,0.810854
user_84703a6e,3,user_6fbf6191,0.800420
user_84703a6e,4,user_2dd5b531,0.796800
user_84703a6e,5,user_41d0c897,0.786603
user_84703a6e,6,user_0eb2abf1,0.784329
user_84703a6e,7,user_cdd86523,0.783510
user_84703a6e,8,user_9bee2a7c,0.782789
user_84703a6e,9,user_f4f9490d,0.770843
user_84703a6e,10,user_e1730a9c,0.769453
user_84703a6e,11,user_0a3bcf86,0.766358
user_84703a6e,12,user_c4c70447,0.761259
user_84703a6e,13,user_45926b89,0.760058
user_84703a6e,14,user_8f39f021,0.759575
user_84703a6e,15,user_111cfe7d,0.756211
user_84c14a6f,1,user_f654c33b,0.881944
user_84c14a6f,2,user_0cee87f3,0.881045
user_84c14a6f,3,user_15179955,0.872595
user_84c14a6f,4,user_dd1d7b22,0.871235
user_84c14a6f,5,user_80dc757f,0.864817
user_84c14a6f,6,user_5881b259,0.861131
user_84c14a6f,7,user_a01f16ac,0.859374
user_84c14a6f,8,user_ef954c6e,0.855540
user_84c14a6f,9,user_b16e0cf8,0.855115
user_84c14a6f,10,user_d1d16d30,0.853680
user_84c14a6f,11,user_adab54a0,0.853560
user_84c14a6f,12,user_b23aa915,0.850182
user_84c14a6f,13,user_bf69de98,0.838686
user_84c14a6f,14,user_36d44add,0.838201
user_84c14a6f,15,user_17607ebc,0.836143
user_84fe1a7a,1,user_c809e3d2,0.438845
user_84fe1a7a,2,user_164fe4b8,0.383884
user_84fe1a7a,3,user_a16d1fb6,0.381927
user_84fe1a7a,4,user_88e84020,0.374553
user_84fe1a7a,5,user_502a8cea,0.374217
user_84fe1a7a,6,user_2efde048,0.373920
user_84fe1a7a,7,user_5062c872,0.372538
user_84fe1a7a,8,user_ee923f9d,0.367470
user_84fe1a7a,9,user_11e8421f,0.366275
user_84fe1a7a,10,user_45d008d3,0.363865
user_84fe1a7a,11,user_c7beef01,0.358549
user_84fe1a7a,12,user_ab86ab82,0.358047
user_84fe1a7a,13,user_9e328c4e,0.357077
user_84fe1a7a,14,user_b78601b5,0.356908
user_84fe1a7a,15,user_2e05a7a0,0.356898
user_85810097,1,user_bdcc6e7d,0.812325
user_85810097,2,user_daf37424,0.785138
user_85810097,3,user_c35d6565,0.784675
user_85810097,4,user_9dda4af9,0.774559
user_85810097,5,user_147d1bbb,0.774020
user_85810097,6,user_e5a6abbe,0.772343
user_85810097,7,user_5c5a0b40,0.758959
user_85810097,8,user_88b2faba,0.755589
user_85810097,9,user_9a307ebe,0.753807
user_85810097,10,user_e6dd44b0,0.753558
user_85810097,11,user_6deada35,0.753411
user_85810097,12,user_adab54a0,0.752713
user_85810097,13,user_c994138f,0.750394
user_85810097,14,user_b16e0cf8,0.750388
user_85810097,15,user_b6350ec1,0.750275
user_8663226a,1,user_8663226a,0.860206
user_8663226a,2,user_3f798a8b,0.824775
user_8663226a,3,user_8fe14601,0.774778
user_8663226a,4,user_9dda4af9,0.769332
user_8663226a,5,user_c35d6565,0.763098
user_8663226a,6,user_d036c911,0.755970
user_8663226a,7,user_657c72ca,0.754980
user_8663226a,8,user_07cb458d,0.753685
user_8663226a,9,user_84e93af7,0.750376
user_8663226a,10,user_b49274ca,0.747816
user_8663226a,11,user_b6d05d1d,0.743772
user_8663226a,12,user_d6175d39,0.741294
user_8663226a,13,user_bdcc6e7d,0.740343
user_8663226a,14,user_2373103d,0.737654
user_8663226a,15,user_092e219d,0.734850
user_86685a27,1,user_86685a27,0.650695
user_86685a27,2,user_17355c30,0.578993
user_86685a27,3,user_a6a094cf,0.574039
user_86685a27,4,user_1bcbacb3,0.553644
user_86685a27,5,user_e70b6a25,0.550586
user_86685a27,6,user_ed3091a2,0.550206
user_86685a27,7,user_f827c7dd,0.523310
user_86685a27,8,user_4d4f73a6,0.520947
user_86685a27,9,user_9ee84e18,0.519708
user_86685a27,10,user_0a3f46b9,0.500454
user_86685a27,11,user_f2f860bd,0.498002
user_86685a27,12,user_f5c4370b,0.497742
user_86685a27,13,user_9ffdf5e5,0.497243
user_86685a27,14,user_d023a78e,0.490971
user_86685a27,15,user_d4b7e22e,0.489561
user_869fcb2b,1,user_2c3eb234,0.649227
user_869fcb2b,2,user_b8f24804,0.643190
user_869fcb2b,3,user_6fbf6191,0.629534
user_869fcb2b,4,user_7c8639cd,0.626467
user_869fcb2b,5,user_9991e1d8,0.595265
user_869fcb2b,6,user_8006727d,0.588134
user_869fcb2b,7,user_d20928cc,0.576392
user_869fcb2b,8,user_6b311f43,0.575585
user_869fcb2b,9,user_c8f82360,0.573179
user_869fcb2b,10,user_1e302679,0.570366
user_869fcb2b,11,user_8a3bbeb2,0.569463
user_869fcb2b,12,user_0bd8ba7c,0.566438
user_869fcb2b,13,user_63b4ae7a,0.549183
user_869fcb2b,14,user_89f449b4,0.546836
user_869fcb2b,15,user_25b48a9a,0.546277
user_8713f22a,1,user_c130412b,0.626028
user_8713f22a,2,user_ab8e847b,0.572273
user_8713f22a,3,user_1eefeb8c,0.542945
user_8713f22a,4,user_ba010eec,0.512384
user_8713f22a,5,user_a16d1fb6,0.491753
user_8713f22a,6,user_fa69a385,0.488053
user_8713f22a,7,user_397cfe20,0.476626
user_8713f22a,8,user_3666402b,0.465478
user_8713f22a,9,user_a2f8bfd2,0.459644
user_8713f22a,10,user_41b20ee4,0.453508
user_8713f22a,11,user_94f4a027,0.447978
user_8713f22a,12,user_bbb0205e,0.433639
user_8713f22a,13,user_c1a70ab7,0.430506
user_8713f22a,14,user_c0392523,0.412920
user_8713f22a,15,user_d14b7d7b,0.406540
user_87e5d9b0,1,user_d5b21e00,0.709728
user_87e5d9b0,2,user_8292753c,0.649649
user_87e5d9b0,3,user_586752e4,0.647400
user_87e5d9b0,4,user_3239132f,0.646996
user_87e5d9b0,5,user_10e64e28,0.644051
user_87e5d9b0,6,user_caaef3ca,0.642630
user_87e5d9b0,7,user_c204a1dd,0.638754
user_87e5d9b0,8,user_96013176,0.636316
user_87e5d9b0,9,user_b1d0760b,0.634312
user_87e5d9b0,10,user_a151ddab,0.634155
user_87e5d9b0,11,user_ecc1ca0a,0.632454
user_87e5d9b0,12,user_66772d98,0.631973
user_87e5d9b0,13,user_8e5e899b,0.627212
user_87e5d9b0,14,user_0521a7ac,0.626200
user_87e5d9b0,15,user_6a0b0e92,0.624624
user_885e8708,1,user_d2bd9832,0.759717
user_885e8708,2,user_daf37424,0.758016
user_885e8708,3,user_54c1ebee,0.752921
user_885e8708,4,user_df8dc9bb,0.750288
user_885e8708,5,user_8dd20d7f,0.743468
user_885e8708,6,user_a6c5a10c,0.736902
user_885e8708,7,user_737dd050,0.736899
user_885e8708,8,user_96013176,0.733914
user_885e8708,9,user_d96972e5,0.731470
user_885e8708,10,user_586752e4,0.731310
user_885e8708,11,user_67acd9b1,0.730329
user_885e8708,12,user_c5f32c0d,0.728334
user_885e8708,13,user_3239132f,0.728080
user_885e8708,14,user_a8dc91a3,0.727143
user_885e8708,15,user_ce424e88,0.726656
user_88f46c7b,1,user_b9036662,0.820002
user_88f46c7b,2,user_423c81dc,0.806490
user_88f46c7b,3,user_56980aa9,0.783294
user_88f46c7b,4,user_91f807b9,0.781933
user_88f46c7b,5,user_88f46c7b,0.770855
user_88f46c7b,6,user_5b698646,0.768653
user_88f46c7b,7,user_f930e37f,0.766212
user_88f46c7b,8,user_9571d0d5,0.766132
user_88f46c7b,9,user_f4f9490d,0.765095
user_88f46c7b,10,user_6fc85c06,0.764059
user_88f46c7b,11,user_b4214db6,0.763066
user_88f46c7b,12,user_cf393213,0.762795
user_88f46c7b,13,user_c4c70447,0.761971
user_88f46c7b,14,user_0a3bcf86,0.761606
user_88f46c7b,15,user_25b48a9a,0.760853
user_89f449b4,1,user_259776c7,0.729627
user_89f449b4,2,user_67acd9b1,0.701867
user_89f449b4,3,user_e7ff2beb,0.679097
user_89f449b4,4,user_cdd86523,0.677052
user_89f449b4,5,user_7c8639cd,0.667544
user_89f449b4,6,user_9a5457b0,0.657029
user_89f449b4,7,user_6fbf6191,0.652075
user_89f449b4,8,user_3f2894b5,0.643957
user_89f449b4,9,user_cf393213,0.640922
user_89f449b4,10,user_8dd20d7f,0.637069
user_89f449b4,11,user_9571d0d5,0.635037
user_89f449b4,12,user_ba4a78fc,0.633153
user_89f449b4,13,user_07ec3726,0.629495
user_89f449b4,14,user_8006727d,0.627858
user_89f449b4,15,user_fb8f46c8,0.618328
user_8a760553,1,user_39939c54,0.783583
user_8a760553,2,user_a6c2e760,0.774581
user_8a760553,3,user_582ff5b2,0.770098
user_8a760553,4,user_5d1b0daf,0.742862
user_8a760553,5,user_d036c911,0.733477
user_8a760553,6,user_1736acbe,0.721390
user_8a760553,7,user_ca6074df,0.719992
user_8a760553,8,user_0eb2abf1,0.713255
user_8a760553,9,user_6b86248b,0.704119
user_8a760553,10,user_8d968cfb,0.703053
user_8a760553,11,user_b6d05d1d,0.701366
user_8a760553,12,user_c2f18cf7,0.695696
user_8a760553,13,user_405db206,0.694473
user_8a760553,14,user_9d65649f,0.692600
user_8a760553,15,user_54b19b29,0.690807
user_8ae8c359,1,user_ed1aaed8,0.739190
user_8ae8c359,2,user_fdcaaf41,0.734110
user_8ae8c359,3,user_a57e47b1,0.716401
user_8ae8c359,4,user_b605d5c9,0.715228
user_8ae8c359,5,user_d758a0a1,0.712648
user_8ae8c359,6,user_f930e37f,0.707702
user_8ae8c359,7,user_43049634,0.707047
user_8ae8c359,8,user_f54058d0,0.703050
user_8ae8c359,9,user_058c1800,0.695652
user_8ae8c359,10,user_1df51301,0.694657
user_8ae8c359,11,user_7f56f9a5,0.692927
user_8ae8c359,12,user_7bbd1543,0.690744
user_8ae8c359,13,user_98f18241,0.689056
user_8ae8c359,14,user_9da8848a,0.687792
user_8ae8c359,15,user_885e8708,0.685442
user_8afa3eba,1,user_f0b144fc,0.701064
user_8afa3eba,2,user_0fefc28e,0.690873
user_8afa3eba,3,user_64d76dfd,0.686130
user_8afa3eba,4,user_fca58a87,0.676793
user_8afa3eba,5,user_b5af9db9,0.673756
user_8afa3eba,6,user_5a283043,0.664721
user_8afa3eba,7,user_a743aff9,0.663476
user_8afa3eba,8,user_7fd91653,0.650020
user_8afa3eba,9,user_f75c71f0,0.647649
user_8afa3eba,10,user_89e04335,0.645998
user_8afa3eba,11,user_87e5d9b0,0.643871
user_8afa3eba,12,user_32f31383,0.643707
user_8afa3eba,13,user_b605d5c9,0.643075
user_8afa3eba,14,user_b337cb0c,0.642745
user_8afa3eba,15,user_d758a0a1,0.639209
user_8c6db6ed,1,user_903329bb,0.676194
user_8c6db6ed,2,user_1bcbacb3,0.649963
user_8c6db6ed,3,user_b78601b5,0.638929
user_8c6db6ed,4,user_6ab1739a,0.631665
user_8c6db6ed,5,user_22b484cb,0.627108
user_8c6db6ed,6,user_00723699,0.622555
user_8c6db6ed,7,user_4f864d55,0.619450
user_8c6db6ed,8,user_fb64cb55,0.616110
user_8c6db6ed,9,user_d023a78e,0.613787
user_8c6db6ed,10,user_acb51eed,0.601889
user_8c6db6ed,11,user_5d7cbf11,0.597009
user_8c6db6ed,12,user_543e79f5,0.591656
user_8c6db6ed,13,user_f827c7dd,0.586290
user_8c6db6ed,14,user_59e8bc2a,0.585288
user_8c6db6ed,15,user_835666af,0.581288
user_8d22714e,1,user_8be3f554,0.840447
user_8d22714e,2,user_91f807b9,0.823208
user_8d22714e,3,user_d955d7e2,0.792397
user_8d22714e,4,user_9351238d,0.786688
user_8d22714e,5,user_c6f50d12,0.782443
user_8d22714e,6,user_8d22714e,0.781611
user_8d22714e,7,user_f930e37f,0.762402
user_8d22714e,8,user_884ffdb2,0.759098
user_8d22714e,9,user_65d73ac1,0.752194
user_8d22714e,10,user_723406a0,0.748186
user_8d22714e,11,user_c994138f,0.740559
user_8d22714e,12,user_29cd4556,0.738525
user_8d22714e,13,user_7d944883,0.738248
user_8d22714e,14,user_91db6e48,0.736401
user_8d22714e,15,user_d849ac6e,0.735228
user_8d85acb5,1,user_8d85acb5,0.868660
user_8d85acb5,2,user_cbabbcee,0.712435
user_8d85acb5,3,user_0a3bcf86,0.711351
user_8d85acb5,4,user_df8dc9bb,0.710346
user_8d85acb5,5,user_f0cf195f,0.698514
user_8d85acb5,6,user_89e04335,0.695504
user_8d85acb5,7,user_5a283043,0.694704
user_8d85acb5,8,user_1b7f8c56,0.692945
user_8d85acb5,9,user_e802076d,0.691435
user_8d85acb5,10,user_5881b259,0.686434
user_8d85acb5,11,user_7fd91653,0.685778
user_8d85acb5,12,user_eb0927d1,0.685709
user_8d85acb5,13,user_0898fc4b,0.685484
user_8d85acb5,14,user_a75b16f2,0.685075
user_8d85acb5,15,user_a3a4a20a,0.681736
user_8d968cfb,1,user_d1d16d30,0.799587
user_8d968cfb,2,user_dc32d458,0.789812
user_8d968cfb,3,user_2e81a539,0.776273
user_8d968cfb,4,user_bbe73426,0.771144
user_8d968cfb,5,user_5881b259,0.769209
user_8d968cfb,6,user_fba6bcd4,0.768974
user_8d968cfb,7,user_73f34c5d,0.768677
user_8d968cfb,8,user_a01f16ac,0.766602
user_8d968cfb,9,user_205d25f3,0.759813
user_8d968cfb,10,user_c39d41d7,0.747764
user_8d968cfb,11,user_95d648bc,0.746676
user_8d968cfb,12,user_095ff43e,0.745679
user_8d968cfb,13,user_e6057285,0.744365
user_8d968cfb,14,user_636ad58f,0.743493
user_8d968cfb,15,user_5349c6cf,0.741757
user_8da30894,1,user_f3f15c55,0.564679
user_8da30894,2,user_d023a78e,0.537756
user_8da30894,3,user_5b7d5e00,0.531653
user_8da30894,4,user_ad15a0a4,0.500654
user_8da30894,5,user_8da30894,0.497638
user_8da30894,6,user_f59d3941,0.487765
user_8da30894,7,user_59e8bc2a,0.481192
user_8da30894,8,user_598cc905,0.477566
user_8da30894,9,user_9b517815,0.469942
user_8da30894,10,user_a5d9fab6,0.451411
user_8da30894,11,user_a6a094cf,0.435586
user_8da30894,12,user_9ffdf5e5,0.433617
user_8da30894,13,user_91321efa,0.433555
user_8da30894,14,user_22b484cb,0.421258
user_8da30894,15,user_dcf52d26,0.420008
user_8dd20d7f,1,user_54b19b29,0.708844
user_8dd20d7f,2,user_f930e37f,0.695715
user_8dd20d7f,3,user_ab86ab82,0.681890
user_8dd20d7f,4,user_259776c7,0.681637
user_8dd20d7f,5,user_ee8d5ec5,0.681254
user_8dd20d7f,6,user_aabd2642,0.679632
user_8dd20d7f,7,user_4f3b6241,0.674760
user_8dd20d7f,8,user_8dd20d7f,0.674199
user_8dd20d7f,9,user_4cad4295,0.673954
user_8dd20d7f,10,user_a75b16f2,0.673346
user_8dd20d7f,11,user_3535252b,0.672382
user_8dd20d7f,12,user_2e05a7a0,0.672091
user_8dd20d7f,13,user_ebddf9c1,0.665432
user_8dd20d7f,14,user_c994138f,0.664784
user_8dd20d7f,15,user_c34e791e,0.663693
user_8e48a3f8,1,user_5c9b579a,0.817677
user_8e48a3f8,2,user_364bb955,0.795073
user_8e48a3f8,3,user_43049634,0.789005
user_8e48a3f8,4,user_aabd2642,0.784686
user_8e48a3f8,5,user_500badda,0.776986
user_8e48a3f8,6,user_29266f60,0.764094
user_8e48a3f8,7,user_1a7d6cd5,0.762891
user_8e48a3f8,8,user_b0129d9e,0.762580
user_8e48a3f8,9,user_fdcaaf41,0.759636
user_8e48a3f8,10,user_da51dede,0.755513
user_8e48a3f8,11,user_3b1da5d9,0.748764
user_8e48a3f8,12,user_920c074a,0.744305
user_8e48a3f8,13,user_74cfb8ef,0.742294
user_8e48a3f8,14,user_885e8708,0.740728
user_8e48a3f8,15,user_fdc08e26,0.740400
user_8e97a154,1,user_885e8708,0.744660
user_8e97a154,2,user_586752e4,0.738377
user_8e97a154,3,user_8713f22a,0.728582
user_8e97a154,4,user_ba010eec,0.721230
user_8e97a154,5,user_107259c3,0.714071
user_8e97a154,6,user_c994138f,0.709970
user_8e97a154,7,user_a16d1fb6,0.706010
user_8e97a154,8,user_c130412b,0.704555
user_8e97a154,9,user_df8dc9bb,0.703187
user_8e97a154,10,user_ea67f9c6,0.701617
user_8e97a154,11,user_737dd050,0.701377
user_8e97a154,12,user_ffe2efae,0.700545
user_8e97a154,13,user_8e97a154,0.700049
user_8e97a154,14,user_7b5f54c0,0.696048
user_8e97a154,15,user_daf37424,0.695320
user_8eac0a68,1,user_8eac0a68,0.711650
user_8eac0a68,2,user_cb8245f7,0.624364
user_8eac0a68,3,user_e5f67397,0.590423
user_8eac0a68,4,user_0e408c4a,0.565643
user_8eac0a68,5,user_8a3bbeb2,0.565245
user_8eac0a68,6,user_2f4cc646,0.560249
user_8eac0a68,7,user_2f1085dd,0.542027
user_8eac0a68,8,user_8713f22a,0.533983
user_8eac0a68,9,user_ac6d6bff,0.531162
user_8eac0a68,10,user_76638121,0.529024
user_8eac0a68,11,user_e88c308b,0.524886
user_8eac0a68,12,user_70bbda36,0.520818
user_8eac0a68,13,user_e9d1886c,0.520725
user_8eac0a68,14,user_e3ea7712,0.514597
user_8eac0a68,15,user_bbb0205e,0.514159
user_8f08aa94,1,user_d20928cc,0.727387
user_8f08aa94,2,user_2c3eb234,0.711528
user_8f08aa94,3,user_0bd8ba7c,0.698796
user_8f08aa94,4,user_8f08aa94,0.680986
user_8f08aa94,5,user_515ae840,0.669451
user_8f08aa94,6,user_f14dc486,0.664582
user_8f08aa94,7,user_4bf6a4a0,0.659416
user_8f08aa94,8,user_8006727d,0.652874
user_8f08aa94,9,user_79a1811b,0.652560
user_8f08aa94,10,user_46bb5302,0.651276
user_8f08aa94,11,user_8a3bbeb2,0.641917
user_8f08aa94,12,user_a9ed5193,0.634237
user_8f08aa94,13,user_470c0785,0.631450
user_8f08aa94,14,user_c8f82360,0.627404
user_8f08aa94,15,user_b1c16312,0.624205
user_8fe14601,1,user_fba6bcd4,0.882354
user_8fe14601,2,user_b6350ec1,0.865410
user_8fe14601,3,user_d6175d39,0.839819
user_8fe14601,4,user_c39d41d7,0.837014
user_8fe14601,5,user_b16e0cf8,0.830862
user_8fe14601,6,user_3f798a8b,0.830310
user_8fe14601,7,user_df3c19a7,0.823819
user_8fe14601,8,user_43a979d2,0.821224
user_8fe14601,9,user_ba463257,0.820173
user_8fe14601,10,user_9dda4af9,0.816945
user_8fe14601,11,user_8663226a,0.812619
user_8fe14601,12,user_e6dd44b0,0.810016
user_8fe14601,13,user_4f755977,0.805096
user_8fe14601,14,user_73f34c5d,0.804259
user_8fe14601,15,user_3ff3188b,0.803930
user_90202189,1,user_259776c7,0.843092
user_90202189,2,user_2dd5b531,0.835636
user_90202189,3,user_cdd86523,0.826473
user_90202189,4,user_54b19b29,0.825165
user_90202189,5,user_fde2d265,0.824303
user_90202189,6,user_0eb2abf1,0.824284
user_90202189,7,user_83e30c57,0.808984
user_90202189,8,user_69df6330,0.803390
user_90202189,9,user_2c69b83e,0.801404
user_90202189,10,user_cf393213,0.799595
user_90202189,11,user_c4c70447,0.799561
user_90202189,12,user_a3a4a20a,0.799013
user_90202189,13,user_29cd4556,0.797746
user_90202189,14,user_03969305,0.797527
user_90202189,15,user_dd1d7b22,0.793346
user_902af20f,1,user_a52dd639,0.920432
user_902af20f,2,user_1a4bec69,0.866465
user_902af20f,3,user_902af20f,0.846766
user_902af20f,4,user_2c2a5c24,0.790893
user_902af20f,5,user_40efa894,0.782159
user_902af20f,6,user_7de6f343,0.780354
user_902af20f,7,user_421ae417,0.770234
user_902af20f,8,user_67fa915e,0.767329
user_902af20f,9,user_e409a56d,0.765524
user_902af20f,10,user_74cfb8ef,0.755016
user_902af20f,11,user_6fa47d61,0.753719
user_902af20f,12,user_25652863,0.742927
user_902af20f,13,user_4ea1ef09,0.739763
user_902af20f,14,user_2efde048,0.739450
user_902af20f,15,user_00a2f533,0.735505
user_903329bb,1,user_903329bb,0.884670
user_903329bb,2,user_87e5d9b0,0.860043
user_903329bb,3,user_8e5e899b,0.859614
user_903329bb,4,user_4144252d,0.846105
user_903329bb,5,user_233fda02,0.836631
user_903329bb,6,user_e8cdb142,0.827476
user_903329bb,7,user_5ac1a174,0.826724
user_903329bb,8,user_aa4cc34a,0.824651
user_903329bb,9,user_fb64cb55,0.810201
user_903329bb,10,user_858fa00c,0.807557
user_903329bb,11,user_0e82fe11,0.806851
user_903329bb,12,user_8e97a154,0.806139
user_903329bb,13,user_3b90fb53,0.800874
user_903329bb,14,user_29266f60,0.794346
user_903329bb,15,user_835666af,0.793633
user_906e2423,1,user_c35d6565,0.717094
user_906e2423,2,user_2b03934e,0.715801
user_906e2423,3,user_65d73ac1,0.714746
user_906e2423,4,user_66a7ce5a,0.712833
user_906e2423,5,user_a8dc91a3,0.707345
user_906e2423,6,user_c34f1f4d,0.701262
user_906e2423,7,user_9dda4af9,0.697046
user_906e2423,8,user_3535252b,0.683435
user_906e2423,9,user_56e6d0cd,0.680176
user_906e2423,10,user_38f4dfac,0.679287
user_906e2423,11,user_406c399e,0.678279
user_906e2423,12,user_bdcc6e7d,0.675375
user_906e2423,13,user_f030b951,0.669458
user_906e2423,14,user_daf37424,0.664133
user_906e2423,15,user_8be3f554,0.663688
user_916503d6,1,user_d3663143,0.901919
user_916503d6,2,user_b325310b,0.870077
user_916503d6,3,user_1b7f8c56,0.864090
user_916503d6,4,user_fba6bcd4,0.860654
user_916503d6,5,user_f8e2246f,0.859481
user_916503d6,6,user_afff552a,0.848727
user_916503d6,7,user_9dda4af9,0.835737
user_916503d6,8,user_95d648bc,0.833340
user_916503d6,9,user_940c7213,0.832806
user_916503d6,10,user_aa2fbe83,0.830592
user_916503d6,11,user_9e39a95d,0.827145
user_916503d6,12,user_c39d41d7,0.823147
user_916503d6,13,user_2d74cd4c,0.820841
user_916503d6,14,user_c008345b,0.820515
user_916503d6,15,user_d1d16d30,0.816602
user_920c074a,1,user_b1c16312,0.713272
user_920c074a,2,user_8f08aa94,0.691114
user_920c074a,3,user_ba4f42bb,0.669945
user_920c074a,4,user_41b20ee4,0.661773
user_920c074a,5,user_bbb0205e,0.653861
user_920c074a,6,user_d20928cc,0.643516
user_920c074a,7,user_c1a70ab7,0.642837
user_920c074a,8,user_55058479,0.630055
user_920c074a,9,user_8a3bbeb2,0.627091
user_920c074a,10,user_d67450a8,0.623237
user_920c074a,11,user_9a5457b0,0.622180
user_920c074a,12,user_8006727d,0.621493
user_920c074a,13,user_2c3eb234,0.621093
user_920c074a,14,user_b429ec64,0.620633
user_920c074a,15,user_4bf6a4a0,0.613158
user_938164a5,1,user_c39d41d7,0.901955
user_938164a5,2,user_5881b259,0.889408
user_938164a5,3,user_2e81a539,0.880007
user_938164a5,4,user_dbc4828c,0.873434
user_938164a5,5,user_7924afc9,0.871643
user_938164a5,6,user_a743aff9,0.867042
user_938164a5,7,user_d1d16d30,0.866891
user_938164a5,8,user_69df6330,0.856382
user_938164a5,9,user_5993b36a,0.854858
user_938164a5,10,user_e6057285,0.851833
user_938164a5,11,user_fba6bcd4,0.851732
user_938164a5,12,user_03969305,0.851646
user_938164a5,13,user_1b7f8c56,0.850290
user_938164a5,14,user_a57e47b1,0.848080
user_938164a5,15,user_e59c000f,0.847369
user_943e4045,1,user_107259c3,0.787777
user_943e4045,2,user_ea67f9c6,0.765398
user_943e4045,3,user_f070eee7,0.743765
user_943e4045,4,user_fcf93ee8,0.739206
user_943e4045,5,user_6169d3b8,0.729409
user_943e4045,6,user_1a7d6cd5,0.726539
user_943e4045,7,user_586752e4,0.719154
user_943e4045,8,user_885e8708,0.715859
user_943e4045,9,user_70bbda36,0.715695
user_943e4045,10,user_8713f22a,0.711729
user_943e4045,11,user_166a3647,0.707034
user_943e4045,12,user_17054ec7,0.703817
user_943e4045,13,user_8e97a154,0.702668
user_943e4045,14,user_b4f295b3,0.702425
user_943e4045,15,user_7a8f7f3e,0.698721
user_954805d7,1,user_b6350ec1,0.865249
user_954805d7,2,user_fba6bcd4,0.859323
user_954805d7,3,user_e6dd44b0,0.857753
user_954805d7,4,user_2920b35e,0.853361
user_954805d7,5,user_ed1aaed8,0.848387
user_954805d7,6,user_3ff3188b,0.844291
user_954805d7,7,user_d6175d39,0.839639
user_954805d7,8,user_2c69b83e,0.834771
user_954805d7,9,user_2f4cc646,0.827676
user_954805d7,10,user_f030b951,0.827601
user_954805d7,11,user_b16e0cf8,0.825010
user_954805d7,12,user_3971c3e6,0.822434
user_954805d7,13,user_7b5f54c0,0.819543
user_954805d7,14,user_40efa894,0.819494
user_954805d7,15,user_b63ea1d4,0.817098
user_959adfc8,1,user_be06391b,0.529569
user_959adfc8,2,user_10e64e28,0.513293
user_959adfc8,3,user_4e800fa1,0.493203
user_959adfc8,4,user_f0b144fc,0.487950
user_959adfc8,5,user_886f7373,0.487295
user_959adfc8,6,user_9c5e4782,0.484309
user_959adfc8,7,user_ff591131,0.484231
user_959adfc8,8,user_959adfc8,0.484012
user_959adfc8,9,user_d5b21e00,0.476700
user_959adfc8,10,user_359d5dee,0.475044
user_959adfc8,11,user_a7c6197a,0.473588
user_959adfc8,12,user_c204a1dd,0.465043
user_959adfc8,13,user_970963fd,0.464000
user_959adfc8,14,user_18522854,0.463321
user_959adfc8,15,user_efcacf59,0.462278
user_95d648bc,1,user_53b85563,0.773309
user_95d648bc,2,user_421ae417,0.764704
user_95d648bc,3,user_74cfb8ef,0.762432
user_95d648bc,4,user_a3a4a20a,0.732937
user_95d648bc,5,user_eced69e7,0.728450
user_95d648bc,6,user_2c2a5c24,0.723964
user_95d648bc,7,user_7de6f343,0.718208
user_95d648bc,8,user_d199bef3,0.716470
user_95d648bc,9,user_ba8b1c05,0.712207
user_95d648bc,10,user_d6175d39,0.709337
user_95d648bc,11,user_25652863,0.705762
user_95d648bc,12,user_04f39d22,0.702156
user_95d648bc,13,user_83e45cc0,0.699421
user_95d648bc,14,user_daf59045,0.698857
user_95d648bc,15,user_1b89f77a,0.698773
user_9600e8bf,1,user_67acd9b1,0.823955
user_9600e8bf,2,user_586752e4,0.792457
user_9600e8bf,3,user_107259c3,0.779487
user_9600e8bf,4,user_d2bd9832,0.773546
user_9600e8bf,5,user_2c69b83e,0.773505
user_9600e8bf,6,user_ea67f9c6,0.767190
user_9600e8bf,7,user_16ac4154,0.765135
user_9600e8bf,8,user_ba4a78fc,0.761801
user_9600e8bf,9,user_476670f9,0.761381
user_9600e8bf,10,user_ffe2efae,0.752565
user_9600e8bf,11,user_3bc84c13,0.750152
user_9600e8bf,12,user_fdc08e26,0.748546
user_9600e8bf,13,user_b63ea1d4,0.747314
user_9600e8bf,14,user_aabd2642,0.744162
user_9600e8bf,15,user_7c7220a4,0.744087
user_96013176,1,user_ab8e847b,0.727240
user_96013176,2,user_c130412b,0.671142
user_96013176,3,user_83585fc6,0.641878
user_96013176,4,user_1eefeb8c,0.632367
user_96013176,5,user_16b87e34,0.606540
user_96013176,6,user_37be663c,0.592818
user_96013176,7,user_ecf8f97f,0.592691
user_96013176,8,user_a2f8bfd2,0.580145
user_96013176,9,user_3666402b,0.574587
user_96013176,10,user_2142b6e1,0.570143
user_96013176,11,user_ffe2efae,0.554051
user_96013176,12,user_fb427339,0.534979
user_96013176,13,user_3431c049,0.530119
user_96013176,14,user_a16d1fb6,0.529228
user_96013176,15,user_41b20ee4,0.529177
user_9692f077,1,user_36d44add,0.822818
user_9692f077,2,user_80dc757f,0.813899
user_9692f077,3,user_d8335067,0.813897
user_9692f077,4,user_fdc08e26,0.810672
user_9692f077,5,user_ef954c6e,0.807014
user_9692f077,6,user_d0c1bf72,0.806692
user_9692f077,7,user_7924afc9,0.799596
user_9692f077,8,user_5526cbfd,0.797412
user_9692f077,9,user_03969305,0.790353
user_9692f077,10,user_c39d41d7,0.788658
user_9692f077,11,user_7f56f9a5,0.788016
user_9692f077,12,user_71f7b692,0.784315
user_9692f077,13,user_c5f32c0d,0.781687
user_9692f077,14,user_e59c000f,0.781422
user_9692f077,15,user_69df6330,0.780899
user_96c3cc43,1,user_79f04645,0.885566
user_96c3cc43,2,user_d70942c1,0.877927
user_96c3cc43,3,user_43a979d2,0.876669
user_96c3cc43,4,user_8fe14601,0.868653
user_96c3cc43,5,user_17607ebc,0.859290
user_96c3cc43,6,user_5349c6cf,0.840044
user_96c3cc43,7,user_954805d7,0.829907
user_96c3cc43,8,user_fde2d265,0.813421
user_96c3cc43,9,user_29cd4556,0.812073
user_96c3cc43,10,user_9d65649f,0.803958
user_96c3cc43,11,user_5881b259,0.797973
user_96c3cc43,12,user_7aa3746b,0.794202
user_96c3cc43,13,user_6bf0e007,0.791477
user_96c3cc43,14,user_a8dc91a3,0.790839
user_96c3cc43,15,user_f654c33b,0.790696
user_96d9cb9a,1,user_8f8346ad,0.800369
user_96d9cb9a,2,user_74d27419,0.747802
user_96d9cb9a,3,user_cf393213,0.736550
user_96d9cb9a,4,user_ec574395,0.734785
user_96d9cb9a,5,user_96d9cb9a,0.726418
user_96d9cb9a,6,user_126670d7,0.720232
user_96d9cb9a,7,user_4c8199a7,0.716234
user_96d9cb9a,8,user_94f185bc,0.716042
user_96d9cb9a,9,user_9ce96cbf,0.714459
user_96d9cb9a,10,user_2dd5b531,0.713825
user_96d9cb9a,11,user_a151ddab,0.710621
user_96d9cb9a,12,user_b350e22b,0.708368
user_96d9cb9a,13,user_91f807b9,0.703675
user_96d9cb9a,14,user_69a4dd06,0.703238
user_96d9cb9a,15,user_a8dc91a3,0.700489
user_97330742,1,user_7b4c75ab,0.823720
user_97330742,2,user_e14b88a8,0.784910
user_97330742,3,user_f5fea76f,0.773478
user_97330742,4,user_eda37c14,0.757779
user_97330742,5,user_979ee068,0.740786
user_97330742,6,user_f10e7063,0.735409
user_97330742,7,user_e59c000f,0.730765
user_97330742,8,user_858fa00c,0.721353
user_97330742,9,user_2e81a539,0.720131
user_97330742,10,user_92fe4471,0.716144
user_97330742,11,user_5c9b579a,0.711788
user_97330742,12,user_96013176,0.706121
user_97330742,13,user_737d3148,0.699941
user_97330742,14,user_bd05225b,0.699257
user_97330742,15,user_d758a0a1,0.697707
user_979ee068,1,user_92fe4471,0.792592
user_979ee068,2,user_f5fea76f,0.759734
user_979ee068,3,user_22adb798,0.755379
user_979ee068,4,user_414a6eaf,0.698775
user_979ee068,5,user_eda37c14,0.690377
user_979ee068,6,user_979ee068,0.670865
user_979ee068,7,user_737d3148,0.670766
user_979ee068,8,user_9d9fba70,0.598852
user_979ee068,9,user_ab439a92,0.596210
user_979ee068,10,user_66a7ce5a,0.596147
user_979ee068,11,user_a328a751,0.595786
user_979ee068,12,user_683369b1,0.584648
user_979ee068,13,user_9fc3c829,0.581524
user_979ee068,14,user_16b87e34,0.573461
user_979ee068,15,user_d5379647,0.568885
user_9818dcae,1,user_9c88ee3d,0.711116
user_9818dcae,2,user_a411fb06,0.658544
user_9818dcae,3,user_9b6481e4,0.657701
user_9818dcae,4,user_3353b96b,0.651190
user_9818dcae,5,user_ffe2efae,0.649455
user_9818dcae,6,user_aaa1e595,0.647411
user_9818dcae,7,user_ab86ab82,0.646835
user_9818dcae,8,user_164fe4b8,0.646687
user_9818dcae,9,user_0128a546,0.645434
user_9818dcae,10,user_a16d1fb6,0.642892
user_9818dcae,11,user_9e328c4e,0.636639
user_9818dcae,12,user_efb27a8e,0.629289
user_9818dcae,13,user_b63ea1d4,0.629253
user_9818dcae,14,user_c7beef01,0.624214
user_9818dcae,15,user_815b7baf,0.617871
user_98a676ce,1,user_5ac1a174,0.871699
user_98a676ce,2,user_d758a0a1,0.855117
user_98a676ce,3,user_14a2d3c6,0.836970
user_98a676ce,4,user_0e82fe11,0.827471
user_98a676ce,5,user_a743aff9,0.816905
user_98a676ce,6,user_87e5d9b0,0.815212
user_98a676ce,7,user_bd05225b,0.813546
user_98a676ce,8,user_5881b259,0.811296
user_98a676ce,9,user_d1d16d30,0.810472
user_98a676ce,10,user_f27da10a,0.805489
user_98a676ce,11,user_a4a77a7d,0.804107
user_98a676ce,12,user_e59c000f,0.796858
user_98a676ce,13,user_fdcaaf41,0.796032
user_98a676ce,14,user_c06d9b71,0.794224
user_98a676ce,15,user_4144252d,0.790977
user_98ca16a6,1,user_7aa3746b,0.879275
user_98ca16a6,2,user_b16e0cf8,0.873840
user_98ca16a6,3,user_5c5a0b40,0.864790
user_98ca16a6,4,user_e802076d,0.855847
user_98ca16a6,5,user_f654c33b,0.845761
user_98ca16a6,6,user_96013176,0.845167
user_98ca16a6,7,user_8d22714e,0.841967
user_98ca16a6,8,user_147d1bbb,0.839552
user_98ca16a6,9,user_b6350ec1,0.839073
user_98ca16a6,10,user_e59c000f,0.838800
user_98ca16a6,11,user_adab54a0,0.838070
user_98ca16a6,12,user_daf37424,0.836791
user_98ca16a6,13,user_a4a77a7d,0.836168
user_98ca16a6,14,user_5881b259,0.833644
user_98ca16a6,15,user_c35d6565,0.830397
user_98f18241,1,user_98f18241,0.870742
user_98f18241,2,user_25b6a98e,0.810271
user_98f18241,3,user_aabd2642,0.771717
user_98f18241,4,user_40efa894,0.767632
user_98f18241,5,user_500badda,0.761809
user_98f18241,6,user_74cfb8ef,0.757245
user_98f18241,7,user_795650bb,0.750665
user_98f18241,8,user_7de6f343,0.748040
user_98f18241,9,user_0c578ab5,0.741460
user_98f18241,10,user_e9d1886c,0.740043
user_98f18241,11,user_940c7213,0.739605
user_98f18241,12,user_2c69b83e,0.738576
user_98f18241,13,user_205d25f3,0.732877
user_98f18241,14,user_43049634,0.732552
user_98f18241,15,user_1b7f8c56,0.731998
user_9991e1d8,1,user_f930e37f,0.726905
user_9991e1d8,2,user_cf393213,0.723180
user_9991e1d8,3,user_2e05a7a0,0.718231
user_9991e1d8,4,user_3f2894b5,0.717755
user_9991e1d8,5,user_e838707b,0.714864
user_9991e1d8,6,user_259776c7,0.714377
user_9991e1d8,7,user_89e04335,0.703639
user_9991e1d8,8,user_4a57e449,0.703514
user_9991e1d8,9,user_8be3f554,0.701671
user_9991e1d8,10,user_07ec3726,0.699707
user_9991e1d8,11,user_67acd9b1,0.698253
user_9991e1d8,12,user_c4c70447,0.695188
user_9991e1d8,13,user_18522854,0.694209
user_9991e1d8,14,user_fe922ad0,0.693807
user_9991e1d8,15,user_b9036662,0.693216
user_99c67f2f,1,user_99c67f2f,0.862797
user_99c67f2f,2,user_2d74cd4c,0.744129
user_99c67f2f,3,user_9c5cd7fa,0.728352
user_99c67f2f,4,user_08aa624b,0.712820
user_99c67f2f,5,user_6011e674,0.699959
user_99c67f2f,6,user_6bb64984,0.695161
user_99c67f2f,7,user_2f766c23,0.690031
user_99c67f2f,8,user_daf53db6,0.687267
user_99c67f2f,9,user_649f4327,0.683034
user_99c67f2f,10,user_b325310b,0.682415
user_99c67f2f,11,user_71b9b8e0,0.679224
user_99c67f2f,12,user_8fbb6d9c,0.677329
user_99c67f2f,13,user_f8e2246f,0.658053
user_99c67f2f,14,user_b6b89f00,0.647248
user_99c67f2f,15,user_582ff5b2,0.638744
user_9a307ebe,1,user_9dda4af9,0.788190
user_9a307ebe,2,user_56e6d0cd,0.783153
user_9a307ebe,3,user_b6d05d1d,0.779170
user_9a307ebe,4,user_9a307ebe,0.766492
user_9a307ebe,5,user_3971c3e6,0.766141
user_9a307ebe,6,user_54c1ebee,0.757426
user_9a307ebe,7,user_8be3f554,0.756220
user_9a307ebe,8,user_daf37424,0.754853
user_9a307ebe,9,user_3535252b,0.754049
user_9a307ebe,10,user_c994138f,0.753051
user_9a307ebe,11,user_c35d6565,0.749135
user_9a307ebe,12,user_dae4304f,0.745893
user_9a307ebe,13,user_ca6074df,0.743972
user_9a307ebe,14,user_d691d016,0.732402
user_9a307ebe,15,user_d036c911,0.729008
user_9a5457b0,1,user_0898fc4b,0.739168
user_9a5457b0,2,user_586752e4,0.735582
user_9a5457b0,3,user_9dda4af9,0.732717
user_9a5457b0,4,user_c39d41d7,0.728261
user_9a5457b0,5,user_e6dd44b0,0.727942
user_9a5457b0,6,user_96013176,0.725960
user_9a5457b0,7,user_e6057285,0.724015
user_9a5457b0,8,user_e5a6abbe,0.721462
user_9a5457b0,9,user_9a307ebe,0.719891
user_9a5457b0,10,user_67acd9b1,0.718710
user_9a5457b0,11,user_3971c3e6,0.717306
user_9a5457b0,12,user_6deada35,0.714281
user_9a5457b0,13,user_7b5f54c0,0.714145
user_9a5457b0,14,user_8be3f554,0.714050
user_9a5457b0,15,user_03969305,0.713597
user_9b517815,1,user_e8cdb142,0.756212
user_9b517815,2,user_835666af,0.737841
user_9b517815,3,user_858fa00c,0.729153
user_9b517815,4,user_058d9dc1,0.717635
user_9b517815,5,user_903329bb,0.717073
user_9b517815,6,user_4144252d,0.712741
user_9b517815,7,user_226be32f,0.710990
user_9b517815,8,user_8e5e899b,0.708973
user_9b517815,9,user_a7f8db34,0.690858
user_9b517815,10,user_8d22714e,0.678428
user_9b517815,11,user_07db2c6a,0.677351
user_9b517815,12,user_3b90fb53,0.674548
user_9b517815,13,user_bd05225b,0.674381
user_9b517815,14,user_a2825b06,0.674330
user_9b517815,15,user_0669bdf6,0.673326
user_9b6481e4,1,user_8c11f026,0.778594
user_9b6481e4,2,user_9b6481e4,0.775540
user_9b6481e4,3,user_c7beef01,0.748935
user_9b6481e4,4,user_9e328c4e,0.737504
user_9b6481e4,5,user_8a3bbeb2,0.690624
user_9b6481e4,6,user_a3a4a20a,0.683522
user_9b6481e4,7,user_3bc84c13,0.680795
user_9b6481e4,8,user_124651ff,0.669010
user_9b6481e4,9,user_763b4ffe,0.668466
user_9b6481e4,10,user_46bb5302,0.666964
user_9b6481e4,11,user_ab86ab82,0.663643
user_9b6481e4,12,user_334144b4,0.662264
user_9b6481e4,13,user_4a57e449,0.661233
user_9b6481e4,14,user_3431c049,0.659148
user_9b6481e4,15,user_9a5457b0,0.656521
user_9bee2a7c,1,user_d2bd9832,0.708079
user_9bee2a7c,2,user_5526cbfd,0.704724
user_9bee2a7c,3,user_8be3f554,0.702818
user_9bee2a7c,4,user_c994138f,0.702051
user_9bee2a7c,5,user_338e1332,0.696888
user_9bee2a7c,6,user_daf37424,0.696223
user_9bee2a7c,7,user_8dd20d7f,0.695966
user_9bee2a7c,8,user_a75b16f2,0.694956
user_9bee2a7c,9,user_b350e22b,0.694088
user_9bee2a7c,10,user_efb27a8e,0.693923
user_9bee2a7c,11,user_ffe2efae,0.691564
user_9bee2a7c,12,user_737dd050,0.689308
user_9bee2a7c,13,user_9571d0d5,0.688392
user_9bee2a7c,14,user_f930e37f,0.687450
user_9bee2a7c,15,user_c154e834,0.685950
user_9c5cd7fa,1,user_daf53db6,0.777055
user_9c5cd7fa,2,user_9dda4af9,0.757066
user_9c5cd7fa,3,user_56e6d0cd,0.745611
user_9c5cd7fa,4,user_6bb64984,0.727830
user_9c5cd7fa,5,user_ca6074df,0.726958
user_9c5cd7fa,6,user_d036c911,0.719873
user_9c5cd7fa,7,user_417702c5,0.716488
user_9c5cd7fa,8,user_9c5cd7fa,0.716235
user_9c5cd7fa,9,user_649f4327,0.716030
user_9c5cd7fa,10,user_f030b951,0.711326
user_9c5cd7fa,11,user_0e685b64,0.709754
user_9c5cd7fa,12,user_25b48a9a,0.708098
user_9c5cd7fa,13,user_b6d05d1d,0.707260
user_9c5cd7fa,14,user_3ff3188b,0.702025
user_9c5cd7fa,15,user_b6b89f00,0.698383
user_9c5e4782,1,user_9c5071dd,0.763519
user_9c5e4782,2,user_e6057285,0.734293
user_9c5e4782,3,user_aabd2642,0.727192
user_9c5e4782,4,user_f51339f8,0.724898
user_9c5e4782,5,user_7b052f32,0.721730
user_9c5e4782,6,user_7f56f9a5,0.716320
user_9c5e4782,7,user_0fefc28e,0.714905
user_9c5e4782,8,user_bbe73426,0.712962
user_9c5e4782,9,user_d1d16d30,0.712904
user_9c5e4782,10,user_5993b36a,0.711258
user_9c5e4782,11,user_1f1dc5e0,0.708582
user_9c5e4782,12,user_a75b16f2,0.706738
user_9c5e4782,13,user_7fd91653,0.703730
user_9c5e4782,14,user_39b3eda0,0.698081
user_9c5e4782,15,user_dc326993,0.696999
user_9c7183c8,1,user_81c4dae1,0.873012
user_9c7183c8,2,user_c34e791e,0.850634
user_9c7183c8,3,user_3ff88cf0,0.839359
user_9c7183c8,4,user_a7145605,0.828313
user_9c7183c8,5,user_ae306850,0.825655
user_9c7183c8,6,user_04f39d22,0.814532
user_9c7183c8,7,user_3ff3188b,0.811403
user_9c7183c8,8,user_46bb5302,0.800926
user_9c7183c8,9,user_2dd5b531,0.800832
user_9c7183c8,10,user_57c1d6c0,0.798995
user_9c7183c8,11,user_b14ec02b,0.795980
user_9c7183c8,12,user_e409a56d,0.795697
user_9c7183c8,13,user_3850eb9e,0.794434
user_9c7183c8,14,user_c92c8f83,0.794123
user_9c7183c8,15,user_b2aba63a,0.792782
user_9ce96cbf,1,user_8f8346ad,0.785398
user_9ce96cbf,2,user_126670d7,0.781431
user_9ce96cbf,3,user_b6d05d1d,0.764419
user_9ce96cbf,4,user_3535252b,0.764276
user_9ce96cbf,5,user_a8dc91a3,0.762369
user_9ce96cbf,6,user_8be3f554,0.759327
user_9ce96cbf,7,user_2e05a7a0,0.744499
user_9ce96cbf,8,user_8c0c7619,0.741600
user_9ce96cbf,9,user_9ce96cbf,0.740740
user_9ce96cbf,10,user_5d1b0daf,0.729999
user_9ce96cbf,11,user_ee8d5ec5,0.714454
user_9ce96cbf,12,user_cf393213,0.714105
user_9ce96cbf,13,user_94f185bc,0.712978
user_9ce96cbf,14,user_f43d6008,0.710619
user_9ce96cbf,15,user_74d27419,0.710525
user_9d8095fc,1,user_7b5f54c0,0.655706
user_9d8095fc,2,user_81a80789,0.652191
user_9d8095fc,3,user_9d8095fc,0.639830
user_9d8095fc,4,user_763b4ffe,0.618588
user_9d8095fc,5,user_3bc84c13,0.608748
user_9d8095fc,6,user_acd6ddfb,0.603724
user_9d8095fc,7,user_e5a6abbe,0.602834
user_9d8095fc,8,user_efb27a8e,0.599183
user_9d8095fc,9,user_daf37424,0.597332
user_9d8095fc,10,user_0d32f0ed,0.596496
user_9d8095fc,11,user_ba010eec,0.593741
user_9d8095fc,12,user_2f4cc646,0.593590
user_9d8095fc,13,user_6deada35,0.587015
user_9d8095fc,14,user_b63ea1d4,0.586580
user_9d8095fc,15,user_3431c049,0.584926
user_9d9fba70,1,user_c5f32c0d,0.769602
user_9d9fba70,2,user_5c5a0b40,0.762510
user_9d9fba70,3,user_e6057285,0.760930
user_9d9fba70,4,user_54c1ebee,0.755387
user_9d9fba70,5,user_c39d41d7,0.753400
user_9d9fba70,6,user_e5a6abbe,0.751539
user_9d9fba70,7,user_83afc7b2,0.747438
user_9d9fba70,8,user_a4a77a7d,0.747158
user_9d9fba70,9,user_ef954c6e,0.745993
user_9d9fba70,10,user_fba6bcd4,0.744892
user_9d9fba70,11,user_5881b259,0.742305
user_9d9fba70,12,user_96013176,0.740207
user_9d9fba70,13,user_8a760553,0.737584
user_9d9fba70,14,user_b16e0cf8,0.736378
user_9d9fba70,15,user_ecc1ca0a,0.735945
user_9dda4af9,1,user_daf53db6,0.769736
user_9dda4af9,2,user_9c5cd7fa,0.737677
user_9dda4af9,3,user_2f766c23,0.731239
user_9dda4af9,4,user_126670d7,0.714078
user_9dda4af9,5,user_bbb0205e,0.712039
user_9dda4af9,6,user_c8f82360,0.708218
user_9dda4af9,7,user_649f4327,0.705066
user_9dda4af9,8,user_470c0785,0.695538
user_9dda4af9,9,user_c0392523,0.679758
user_9dda4af9,10,user_00723699,0.675475
user_9dda4af9,11,user_d20928cc,0.674394
user_9dda4af9,12,user_543e79f5,0.662669
user_9dda4af9,13,user_515ae840,0.661204
user_9dda4af9,14,user_9ce96cbf,0.659430
user_9dda4af9,15,user_4bf6a4a0,0.654576
user_9e328c4e,1,user_9e328c4e,0.729198
user_9e328c4e,2,user_763b4ffe,0.721106
user_9e328c4e,3,user_a16d1fb6,0.682387
user_9e328c4e,4,user_ab8e847b,0.660109
user_9e328c4e,5,user_c7beef01,0.653048
user_9e328c4e,6,user_ab86ab82,0.645834
user_9e328c4e,7,user_164fe4b8,0.638343
user_9e328c4e,8,user_4a57e449,0.622330
user_9e328c4e,9,user_ffe2efae,0.618301
user_9e328c4e,10,user_aaa1e595,0.614305
user_9e328c4e,11,user_2e05a7a0,0.613385
user_9e328c4e,12,user_efb27a8e,0.610453
user_9e328c4e,13,user_88e84020,0.606514
user_9e328c4e,14,user_fe922ad0,0.600589
user_9e328c4e,15,user_18522854,0.583969
user_9e39a95d,1,user_8da30894,0.599806
user_9e39a95d,2,user_d54f676e,0.528373
user_9e39a95d,3,user_ee923f9d,0.396616
user_9e39a95d,4,user_4a40c36a,0.376433
user_9e39a95d,5,user_c81fae29,0.374774
user_9e39a95d,6,user_6a28fa5d,0.358738
user_9e39a95d,7,user_ca130b8f,0.351864
user_9e39a95d,8,user_943e4045,0.349672
user_9e39a95d,9,user_f59d3941,0.345977
user_9e39a95d,10,user_23e46560,0.344370
user_9e39a95d,11,user_91321efa,0.340616
user_9e39a95d,12,user_19641691,0.336325
user_9e39a95d,13,user_04d8419e,0.332454
user_9e39a95d,14,user_caaef3ca,0.326948
user_9e39a95d,15,user_ab434739,0.321498
user_9f81cfba,1,user_9f81cfba,0.754932
user_9f81cfba,2,user_25652863,0.748470
user_9f81cfba,3,user_421ae417,0.720035
user_9f81cfba,4,user_b6350ec1,0.708821
user_9f81cfba,5,user_e409a56d,0.699124
user_9f81cfba,6,user_07cb458d,0.697202
user_9f81cfba,7,user_08c32973,0.691982
user_9f81cfba,8,user_d6175d39,0.691484
user_9f81cfba,9,user_6fa47d61,0.689420
user_9f81cfba,10,user_4ea1ef09,0.687884
user_9f81cfba,11,user_81c4dae1,0.685737
user_9f81cfba,12,user_7de6f343,0.683613
user_9f81cfba,13,user_3ff3188b,0.683298
user_9f81cfba,14,user_04f39d22,0.682950
user_9f81cfba,15,user_2efde048,0.681299
user_9fc3c829,1,user_92fe4471,0.711291
user_9fc3c829,2,user_eda37c14,0.626690
user_9fc3c829,3,user_22adb798,0.621814
user_9fc3c829,4,user_f5fea76f,0.610450
user_9fc3c829,5,user_9fc3c829,0.591256
user_9fc3c829,6,user_414a6eaf,0.564795
user_9fc3c829,7,user_a328a751,0.539654
user_9fc3c829,8,user_737d3148,0.530821
user_9fc3c829,9,user_979ee068,0.506430
user_9fc3c829,10,user_6058434c,0.479144
user_9fc3c829,11,user_683369b1,0.478661
user_9fc3c829,12,user_1022be44,0.476781
user_9fc3c829,13,user_9d9fba70,0.475535
user_9fc3c829,14,user_e7f25600,0.464671
user_9fc3c829,15,user_19622b77,0.459123
user_9ff844ba,1,user_c8f82360,0.714166
user_9ff844ba,2,user_406c399e,0.705942
user_9ff844ba,3,user_ab86ab82,0.701758
user_9ff844ba,4,user_126670d7,0.696410
user_9ff844ba,5,user_b8f24804,0.694657
user_9ff844ba,6,user_d849ac6e,0.685558
user_9ff844ba,7,user_07ec3726,0.684959
user_9ff844ba,8,user_32934d38,0.683132
user_9ff844ba,9,user_ba4a78fc,0.679779
user_9ff844ba,10,user_2e05a7a0,0.677847
user_9ff844ba,11,user_8be3f554,0.676161
user_9ff844ba,12,user_4a57e449,0.675856
user_9ff844ba,13,user_d2bd9832,0.671315
user_9ff844ba,14,user_fb8f46c8,0.668195
user_9ff844ba,15,user_74d27419,0.665830
user_a01f16ac,1,user_25798310,0.783995
user_a01f16ac,2,user_a01f16ac,0.782489
user_a01f16ac,3,user_fca58a87,0.780163
user_a01f16ac,4,user_147d1bbb,0.779543
user_a01f16ac,5,user_0b64b183,0.775681
user_a01f16ac,6,user_81a80789,0.772540
user_a01f16ac,7,user_cbabbcee,0.772117
user_a01f16ac,8,user_8ac8f24f,0.770337
user_a01f16ac,9,user_e7ff2beb,0.768222
user_a01f16ac,10,user_7b5f54c0,0.758477
user_a01f16ac,11,user_bd05225b,0.757195
user_a01f16ac,12,user_df8dc9bb,0.747204
user_a01f16ac,13,user_83afc7b2,0.747097
user_a01f16ac,14,user_aabd2642,0.740668
user_a01f16ac,15,user_364bb955,0.739015
user_a0fa40f1,1,user_10e64e28,0.747627
user_a0fa40f1,2,user_a151ddab,0.746479
user_a0fa40f1,3,user_3239132f,0.705917
user_a0fa40f1,4,user_869fcb2b,0.704914
user_a0fa40f1,5,user_5c5a0b40,0.702761
user_a0fa40f1,6,user_0521a7ac,0.702223
user_a0fa40f1,7,user_886f7373,0.700660
user_a0fa40f1,8,user_959adfc8,0.696776
user_a0fa40f1,9,user_c204a1dd,0.694876
user_a0fa40f1,10,user_54c1ebee,0.693011
user_a0fa40f1,11,user_3971c3e6,0.692022
user_a0fa40f1,12,user_c9007141,0.691967
user_a0fa40f1,13,user_b350e22b,0.690144
user_a0fa40f1,14,user_e6057285,0.680869
user_a0fa40f1,15,user_a6c5a10c,0.679254
user_a151ddab,1,user_39b3eda0,0.733338
user_a151ddab,2,user_bf69de98,0.722193
user_a151ddab,3,user_4f8b6987,0.721685
user_a151ddab,4,user_7a7dda35,0.717575
user_a151ddab,5,user_886f7373,0.713019
user_a151ddab,6,user_e5a6abbe,0.704656
user_a151ddab,7,user_c536b01d,0.694116
user_a151ddab,8,user_ef954c6e,0.692382
user_a151ddab,9,user_2373103d,0.690921
user_a151ddab,10,user_18892460,0.689846
user_a151ddab,11,user_1f1dc5e0,0.689284
user_a151ddab,12,user_17607ebc,0.686352
user_a151ddab,13,user_3971c3e6,0.685884
user_a151ddab,14,user_a01f16ac,0.683839
user_a151ddab,15,user_c204a1dd,0.683166
user_a1b097c2,1,user_c4b781ce,0.795160
user_a1b097c2,2,user_69a4dd06,0.761039
user_a1b097c2,3,user_5d35f631,0.756830
user_a1b097c2,4,user_03969305,0.747409
user_a1b097c2,5,user_79f04645,0.741994
user_a1b097c2,6,user_6a13946a,0.729544
user_a1b097c2,7,user_e59c000f,0.725293
user_a1b097c2,8,user_756e2f00,0.724415
user_a1b097c2,9,user_29cd4556,0.717693
user_a1b097c2,10,user_a75b4d6e,0.711052
user_a1b097c2,11,user_56909460,0.708967
user_a1b097c2,12,user_e802076d,0.708311
user_a1b097c2,13,user_ec574395,0.707838
user_a1b097c2,14,user_df8dc9bb,0.707041
user_a1b097c2,15,user_111cfe7d,0.706583
user_a2825b06,1,user_5c5a0b40,0.851005
user_a2825b06,2,user_e5a6abbe,0.838109
user_a2825b06,3,user_c5f32c0d,0.838106
user_a2825b06,4,user_8d22714e,0.830958
user_a2825b06,5,user_e802076d,0.827139
user_a2825b06,6,user_83afc7b2,0.820087
user_a2825b06,7,user_a4a77a7d,0.808452
user_a2825b06,8,user_8dd20d7f,0.807439
user_a2825b06,9,user_df8dc9bb,0.807136
user_a2825b06,10,user_a151ddab,0.807134
user_a2825b06,11,user_147d1bbb,0.806002
user_a2825b06,12,user_b350e22b,0.804643
user_a2825b06,13,user_25798310,0.802949
user_a2825b06,14,user_b23aa915,0.799854
user_a2825b06,15,user_886f7373,0.799358
user_a2f8bfd2,1,user_a2f8bfd2,0.809681
user_a2f8bfd2,2,user_c59ebe9c,0.762922
user_a2f8bfd2,3,user_c130412b,0.640361
user_a2f8bfd2,4,user_52f895f1,0.639534
user_a2f8bfd2,5,user_ab8e847b,0.623862
user_a2f8bfd2,6,user_a16d1fb6,0.605714
user_a2f8bfd2,7,user_3b1da5d9,0.594811
user_a2f8bfd2,8,user_16b87e34,0.582134
user_a2f8bfd2,9,user_9a5457b0,0.559650
user_a2f8bfd2,10,user_ab439a92,0.547736
user_a2f8bfd2,11,user_4d4f73a6,0.545961
user_a2f8bfd2,12,user_37be663c,0.545387
user_a2f8bfd2,13,user_3431c049,0.537554
user_a2f8bfd2,14,user_efb27a8e,0.536433
user_a2f8bfd2,15,user_942ff21e,0.533996
user_a346dfc4,1,user_a346dfc4,0.668248
user_a346dfc4,2,user_4f3b6241,0.666807
user_a346dfc4,3,user_ab439a92,0.652466
user_a346dfc4,4,user_829844fd,0.624300
user_a346dfc4,5,user_84c14a6f,0.615745
user_a346dfc4,6,user_6c2d672f,0.613910
user_a346dfc4,7,user_8713f22a,0.604664
user_a346dfc4,8,user_a75b16f2,0.602652
user_a346dfc4,9,user_82d93459,0.601739
user_a346dfc4,10,user_5c82df31,0.600930
user_a346dfc4,11,user_fe67197f,0.600410
user_a346dfc4,12,user_caa6a7b6,0.599978
user_a346dfc4,13,user_e931b2cd,0.597546
user_a346dfc4,14,user_14a2d3c6,0.597139
user_a346dfc4,15,user_8292753c,0.592150
user_a4893af1,1,user_81a80789,0.794512
user_a4893af1,2,user_7b5f54c0,0.779524
user_a4893af1,3,user_166a3647,0.776572
user_a4893af1,4,user_8fb63eca,0.776122
user_a4893af1,5,user_25798310,0.773538
user_a4893af1,6,user_2c69b83e,0.772586
user_a4893af1,7,user_03410579,0.768475
user_a4893af1,8,user_1246b252,0.767718
user_a4893af1,9,user_b63ea1d4,0.767692
user_a4893af1,10,user_02fecea2,0.763724
user_a4893af1,11,user_70bbda36,0.763576
user_a4893af1,12,user_b0129d9e,0.762793
user_a4893af1,13,user_cbabbcee,0.760534
user_a4893af1,14,user_147d1bbb,0.759660
user_a4893af1,15,user_364bb955,0.758241
user_a4a77a7d,1,user_0669bdf6,0.868446
user_a4a77a7d,2,user_bd05225b,0.863918
user_a4a77a7d,3,user_0e82fe11,0.853486
user_a4a77a7d,4,user_c39d41d7,0.847057
user_a4a77a7d,5,user_14a2d3c6,0.845628
user_a4a77a7d,6,user_50e2a836,0.845109
user_a4a77a7d,7,user_ab30f0fb,0.844420
user_a4a77a7d,8,user_858fa00c,0.840590
user_a4a77a7d,9,user_dbc4828c,0.840316
user_a4a77a7d,10,user_88b2faba,0.838533
user_a4a77a7d,11,user_a57e47b1,0.834954
user_a4a77a7d,12,user_f27da10a,0.834945
user_a4a77a7d,13,user_cdd86523,0.833612
user_a4a77a7d,14,user_723406a0,0.829915
user_a4a77a7d,15,user_3121653d,0.825813
user_a4aab257,1,user_b350e22b,0.799625
user_a4aab257,2,user_8be3f554,0.795777
user_a4aab257,3,user_91f807b9,0.787864
user_a4aab257,4,user_74d27419,0.780033
user_a4aab257,5,user_29cd4556,0.779675
user_a4aab257,6,user_9571d0d5,0.773366
user_a4aab257,7,user_2e05a7a0,0.772485
user_a4aab257,8,user_a8dc91a3,0.772390
user_a4aab257,9,user_cf393213,0.771082
user_a4aab257,10,user_91db6e48,0.766398
user_a4aab257,11,user_b9036662,0.765223
user_a4aab257,12,user_9ee84e18,0.764467
user_a4aab257,13,user_96d9cb9a,0.761596
user_a4aab257,14,user_b6d05d1d,0.760846
user_a4aab257,15,user_25b48a9a,0.760689
user_a4ae4e77,1,user_e6057285,0.853437
user_a4ae4e77,2,user_b4214db6,0.840363
user_a4ae4e77,3,user_a151ddab,0.836949
user_a4ae4e77,4,user_a4a77a7d,0.831964
user_a4ae4e77,5,user_1ef33a43,0.820426
user_a4ae4e77,6,user_8d22714e,0.818436
user_a4ae4e77,7,user_586752e4,0.816971
user_a4ae4e77,8,user_38433566,0.811144
user_a4ae4e77,9,user_8e97a154,0.810506
user_a4ae4e77,10,user_5881b259,0.809108
user_a4ae4e77,11,user_c5f32c0d,0.808631
user_a4ae4e77,12,user_0669bdf6,0.801595
user_a4ae4e77,13,user_fb64cb55,0.799007
user_a4ae4e77,14,user_96013176,0.798915
user_a4ae4e77,15,user_e59c000f,0.798418
user_a52dd639,1,user_e409a56d,0.736787
user_a52dd639,2,user_b2aba63a,0.695212
user_a52dd639,3,user_9ee84e18,0.694199
user_a52dd639,4,user_9dda4af9,0.675473
user_a52dd639,5,user_e8e9acac,0.673165
user_a52dd639,6,user_372c2b3e,0.672138
user_a52dd639,7,user_a52dd639,0.665869
user_a52dd639,8,user_56e6d0cd,0.664723
user_a52dd639,9,user_1a4bec69,0.663782
user_a52dd639,10,user_58bfeaad,0.655783
user_a52dd639,11,user_ed1aaed8,0.652710
user_a52dd639,12,user_25b48a9a,0.651160
user_a52dd639,13,user_b1a5a37e,0.649533
user_a52dd639,14,user_04f39d22,0.648171
user_a52dd639,15,user_8ae8c359,0.648056
user_a57a04fa,1,user_f51339f8,0.794811
user_a57a04fa,2,user_ebddf9c1,0.741916
user_a57a04fa,3,user_f930e37f,0.738238
user_a57a04fa,4,user_63b4be5f,0.703131
user_a57a04fa,5,user_233fda02,0.700377
user_a57a04fa,6,user_3bc84c13,0.695016
user_a57a04fa,7,user_a743aff9,0.694995
user_a57a04fa,8,user_bd6a40d5,0.694849
user_a57a04fa,9,user_d758a0a1,0.692816
user_a57a04fa,10,user_a57e47b1,0.692543
user_a57a04fa,11,user_5a283043,0.691136
user_a57a04fa,12,user_f4f9490d,0.689307
user_a57a04fa,13,user_f75c71f0,0.689116
user_a57a04fa,14,user_ed3091a2,0.688813
user_a57a04fa,15,user_0e82fe11,0.688659
user_a57e47b1,1,user_c39d41d7,0.890237
user_a57e47b1,2,user_954805d7,0.868680
user_a57e47b1,3,user_fba6bcd4,0.868047
user_a57e47b1,4,user_b49274ca,0.867561
user_a57e47b1,5,user_5881b259,0.865584
user_a57e47b1,6,user_a4a77a7d,0.864119
user_a57e47b1,7,user_c5f32c0d,0.863955
user_a57e47b1,8,user_5c5a0b40,0.857424
user_a57e47b1,9,user_0898fc4b,0.857160
user_a57e47b1,10,user_69df6330,0.853547
user_a57e47b1,11,user_8a760553,0.852382
user_a57e47b1,12,user_9dda4af9,0.849100
user_a57e47b1,13,user_a57e47b1,0.848454
user_a57e47b1,14,user_7aa3746b,0.847623
user_a57e47b1,15,user_7924afc9,0.844618
user_a6a094cf,1,user_a6a094cf,0.605499
user_a6a094cf,2,user_f5c4370b,0.554934
user_a6a094cf,3,user_86685a27,0.530493
user_a6a094cf,4,user_598cc905,0.523319
user_a6a094cf,5,user_9b517815,0.511513
user_a6a094cf,6,user_6058434c,0.504066
user_a6a094cf,7,user_91321efa,0.499437
user_a6a094cf,8,user_f59d3941,0.485661
user_a6a094cf,9,user_9ffdf5e5,0.485417
user_a6a094cf,10,user_e70b6a25,0.465679
user_a6a094cf,11,user_dcf52d26,0.460650
user_a6a094cf,12,user_ca130b8f,0.459495
user_a6a094cf,13,user_78eff25f,0.456516
user_a6a094cf,14,user_1bcbacb3,0.452828
user_a6a094cf,15,user_49b1ac46,0.450647
user_a743aff9,1,user_4384dffe,0.810248
user_a743aff9,2,user_e8d15537,0.798825
user_a743aff9,3,user_c60d65b5,0.773111
user_a743aff9,4,user_69df6330,0.756162
user_a743aff9,5,user_b49274ca,0.752760
user_a743aff9,6,user_6b311f43,0.744385
user_a743aff9,7,user_d036c911,0.740443
user_a743aff9,8,user_84e93af7,0.733212
user_a743aff9,9,user_39939c54,0.729179
user_a743aff9,10,user_4db0d490,0.728326
user_a743aff9,11,user_d93b53bd,0.725969
user_a743aff9,12,user_5d1b0daf,0.713206
user_a743aff9,13,user_8d968cfb,0.709804
user_a743aff9,14,user_582ff5b2,0.709306
user_a743aff9,15,user_56980aa9,0.709043
user_a8dc91a3,1,user_8be3f554,0.801083
user_a8dc91a3,2,user_c4c70447,0.798536
user_a8dc91a3,3,user_cdd86523,0.794815
user_a8dc91a3,4,user_f930e37f,0.793756
user_a8dc91a3,5,user_03969305,0.793041
user_a8dc91a3,6,user_6fc85c06,0.788161
user_a8dc91a3,7,user_c994138f,0.787915
user_a8dc91a3,8,user_a8dc91a3,0.785870
user_a8dc91a3,9,user_e802076d,0.785177
user_a8dc91a3,10,user_65d73ac1,0.778437
user_a8dc91a3,11,user_b350e22b,0.778077
user_a8dc91a3,12,user_29cd4556,0.775785
user_a8dc91a3,13,user_e59c000f,0.774826
user_a8dc91a3,14,user_259776c7,0.774645
user_a8dc91a3,15,user_cf393213,0.770504
user_a973cf8e,1,user_417702c5,0.809987
user_a973cf8e,2,user_65d73ac1,0.803479
user_a973cf8e,3,user_6bb64984,0.790559
user_a973cf8e,4,user_8fbb6d9c,0.769119
user_a973cf8e,5,user_9dda4af9,0.767201
user_a973cf8e,6,user_25b48a9a,0.760863
user_a973cf8e,7,user_74d27419,0.756972
user_a973cf8e,8,user_08aa624b,0.753238
user_a973cf8e,9,user_0eb2abf1,0.747866
user_a973cf8e,10,user_3ac315cb,0.747706
user_a973cf8e,11,user_f8e2246f,0.747337
user_a973cf8e,12,user_fb64cb55,0.746593
user_a973cf8e,13,user_c41de62b,0.745818
user_a973cf8e,14,user_f7538815,0.745654
user_a973cf8e,15,user_b6b89f00,0.744918
user_a9ed5193,1,user_baa70592,0.902315
user_a9ed5193,2,user_1b2d69c1,0.852478
user_a9ed5193,3,user_e30558fe,0.836413
user_a9ed5193,4,user_74c84045,0.814829
user_a9ed5193,5,user_3ff3188b,0.742173
user_a9ed5193,6,user_58892c7c,0.729746
user_a9ed5193,7,user_e6dd44b0,0.720490
user_a9ed5193,8,user_f030b951,0.720333
user_a9ed5193,9,user_e9d1886c,0.709790
user_a9ed5193,10,user_98f18241,0.708618
user_a9ed5193,11,user_81c4dae1,0.702169
user_a9ed5193,12,user_03969305,0.698038
user_a9ed5193,13,user_a3a4a20a,0.697386
user_a9ed5193,14,user_b6350ec1,0.696270
user_a9ed5193,15,user_ed1aaed8,0.692450
user_aa4cc34a,1,user_107259c3,0.811469
user_aa4cc34a,2,user_aa4cc34a,0.808418
user_aa4cc34a,3,user_903329bb,0.796391
user_aa4cc34a,4,user_ea67f9c6,0.782008
user_aa4cc34a,5,user_737dd050,0.777438
user_aa4cc34a,6,user_fb64cb55,0.776161
user_aa4cc34a,7,user_17054ec7,0.771453
user_aa4cc34a,8,user_b4f295b3,0.767741
user_aa4cc34a,9,user_6169d3b8,0.767714
user_aa4cc34a,10,user_8e5e899b,0.766646
user_aa4cc34a,11,user_835666af,0.764426
user_aa4cc34a,12,user_5c9b579a,0.758062
user_aa4cc34a,13,user_f070eee7,0.753097
user_aa4cc34a,14,user_586752e4,0.751967
user_aa4cc34a,15,user_8e97a154,0.750324
user_aaa1e595,1,user_ab8e847b,0.636276
user_aaa1e595,2,user_3f2894b5,0.628428
user_aaa1e595,3,user_fe922ad0,0.625910
user_aaa1e595,4,user_4d4f73a6,0.622888
user_aaa1e595,5,user_164fe4b8,0.622628
user_aaa1e595,6,user_942ff21e,0.610473
user_aaa1e595,7,user_e8e9acac,0.609888
user_aaa1e595,8,user_4a57e449,0.609280
user_aaa1e595,9,user_9a5457b0,0.597426
user_aaa1e595,10,user_a411fb06,0.590466
user_aaa1e595,11,user_ffe2efae,0.586645
user_aaa1e595,12,user_8006727d,0.572788
user_aaa1e595,13,user_9b6481e4,0.572113
user_aaa1e595,14,user_c7beef01,0.571114
user_aaa1e595,15,user_b2aba63a,0.571090
user_ab434739,1,user_ab434739,0.801064
user_ab434739,2,user_5fddc7f1,0.729194
user_ab434739,3,user_6169d3b8,0.710754
user_ab434739,4,user_07db2c6a,0.707293
user_ab434739,5,user_e5f67397,0.700171
user_ab434739,6,user_ba085464,0.699774
user_ab434739,7,user_687feee4,0.693476
user_ab434739,8,user_1022be44,0.688014
user_ab434739,9,user_a5e548ce,0.684344
user_ab434739,10,user_c81fae29,0.679047
user_ab434739,11,user_0e82fe11,0.677333
user_ab434739,12,user_ac6d6bff,0.676929
user_ab434739,13,user_0c578ab5,0.674795
user_ab434739,14,user_baeb91b3,0.674761
user_ab434739,15,user_70bbda36,0.673317
user_ab439a92,1,user_ab439a92,0.796484
user_ab439a92,2,user_f54058d0,0.751807
user_ab439a92,3,user_8e92b8c1,0.747158
user_ab439a92,4,user_8ae8c359,0.711770
user_ab439a92,5,user_ed1aaed8,0.706945
user_ab439a92,6,user_e6dd44b0,0.700906
user_ab439a92,7,user_1246b252,0.694818
user_ab439a92,8,user_0ff0b922,0.692094
user_ab439a92,9,user_147d1bbb,0.688882
user_ab439a92,10,user_c1718b7b,0.687946
user_ab439a92,11,user_5526cbfd,0.684185
user_ab439a92,12,user_3431c049,0.683645
user_ab439a92,13,user_e64d80ba,0.682345
user_ab439a92,14,user_7b5f54c0,0.676861
user_ab439a92,15,user_efb27a8e,0.676404
user_ab5592eb,1,user_d0c1bf72,0.659183
user_ab5592eb,2,user_0eeab432,0.620372
user_ab5592eb,3,user_71f7b692,0.611723
user_ab5592eb,4,user_ab5592eb,0.542528
user_ab5592eb,5,user_b58aa810,0.534219
user_ab5592eb,6,user_d8335067,0.510024
user_ab5592eb,7,user_6b311f43,0.509943
user_ab5592eb,8,user_7ed6349c,0.506925
user_ab5592eb,9,user_2b03934e,0.495330
user_ab5592eb,10,user_caebed72,0.455589
user_ab5592eb,11,user_f107081e,0.427220
user_ab5592eb,12,user_4ab9d510,0.425796
user_ab5592eb,13,user_1b460965,0.425166
user_ab5592eb,14,user_98ca16a6,0.419160
user_ab5592eb,15,user_38f4dfac,0.418258
user_ab8e847b,1,user_83585fc6,0.784812
user_ab8e847b,2,user_c130412b,0.715209
user_ab8e847b,3,user_ffe2efae,0.710414
user_ab8e847b,4,user_3431c049,0.686109
user_ab8e847b,5,user_2142b6e1,0.676680
user_ab8e847b,6,user_fb427339,0.672761
user_ab8e847b,7,user_ab8e847b,0.670584
user_ab8e847b,8,user_ba010eec,0.670503
user_ab8e847b,9,user_72bed676,0.668571
user_ab8e847b,10,user_0d32f0ed,0.656430
user_ab8e847b,11,user_16b87e34,0.653255
user_ab8e847b,12,user_7f623d19,0.647121
user_ab8e847b,13,user_7b5f54c0,0.645834
user_ab8e847b,14,user_efb27a8e,0.641194
user_ab8e847b,15,user_476670f9,0.640698
user_abde0618,1,user_0f0ad720,0.798472
user_abde0618,2,user_aa19d173,0.780272
user_abde0618,3,user_5fddc7f1,0.766997
user_abde0618,4,user_b1a5a37e,0.763668
user_abde0618,5,user_7de6f343,0.761798
user_abde0618,6,user_f7fd2885,0.760652
user_abde0618,7,user_0898fc4b,0.756352
user_abde0618,8,user_abde0618,0.756211
user_abde0618,9,user_74cfb8ef,0.755980
user_abde0618,10,user_e6dd44b0,0.754701
user_abde0618,11,user_f0cf195f,0.738964
user_abde0618,12,user_0c578ab5,0.736829
user_abde0618,13,user_3b1da5d9,0.736066
user_abde0618,14,user_fcf93ee8,0.734595
user_abde0618,15,user_795650bb,0.733615
user_ac6d6bff,1,user_0d32f0ed,0.693510
user_ac6d6bff,2,user_ffe2efae,0.684800
user_ac6d6bff,3,user_3431c049,0.680938
user_ac6d6bff,4,user_7f623d19,0.677766
user_ac6d6bff,5,user_94cad3a5,0.674623
user_ac6d6bff,6,user_7709815a,0.658118
user_ac6d6bff,7,user_9fe4e0f5,0.643443
user_ac6d6bff,8,user_9a5457b0,0.638489
user_ac6d6bff,9,user_9b6481e4,0.638330
user_ac6d6bff,10,user_3353b96b,0.637966
user_ac6d6bff,11,user_e696f3ae,0.637796
user_ac6d6bff,12,user_76638121,0.634176
user_ac6d6bff,13,user_16ac4154,0.632116
user_ac6d6bff,14,user_c130412b,0.631216
user_ac6d6bff,15,user_c7beef01,0.627586
user_ac6e9129,1,user_ac6e9129,0.815296
user_ac6e9129,2,user_1022be44,0.703136
user_ac6e9129,3,user_c81fae29,0.698851
user_ac6e9129,4,user_a5e548ce,0.664592
user_ac6e9129,5,user_07db2c6a,0.650903
user_ac6e9129,6,user_8eac0a68,0.650352
user_ac6e9129,7,user_5fddc7f1,0.638032
user_ac6e9129,8,user_4a40c36a,0.623541
user_ac6e9129,9,user_6a28fa5d,0.617490
user_ac6e9129,10,user_c73333a5,0.612456
user_ac6e9129,11,user_aa19d173,0.603528
user_ac6e9129,12,user_4b8335bd,0.596196
user_ac6e9129,13,user_687feee4,0.592090
user_ac6e9129,14,user_ab434739,0.587514
user_ac6e9129,15,user_6169d3b8,0.580970
user_acb51eed,1,user_afff552a,0.845120
user_acb51eed,2,user_b16e0cf8,0.839027
user_acb51eed,3,user_aa2fbe83,0.827260
user_acb51eed,4,user_b6350ec1,0.826037
user_acb51eed,5,user_9dda4af9,0.823495
user_acb51eed,6,user_adab54a0,0.808226
user_acb51eed,7,user_f654c33b,0.805912
user_acb51eed,8,user_5c5a0b40,0.803917
user_acb51eed,9,user_dd1d7b22,0.799596
user_acb51eed,10,user_2920b35e,0.796910
user_acb51eed,11,user_b23aa915,0.795905
user_acb51eed,12,user_c5f32c0d,0.792452
user_acb51eed,13,user_2a704b9c,0.788983
user_acb51eed,14,user_a4a77a7d,0.788601
user_acb51eed,15,user_6bb64984,0.788369
user_acb899e9,1,user_107259c3,0.847913
user_acb899e9,2,user_500badda,0.829635
user_acb899e9,3,user_d2c97c8e,0.822286
user_acb899e9,4,user_02016939,0.816133
user_acb899e9,5,user_9a307ebe,0.811403
user_acb899e9,6,user_e2e59795,0.798620
user_acb899e9,7,user_df8dc9bb,0.797878
user_acb899e9,8,user_83afc7b2,0.792267
user_acb899e9,9,user_7c7220a4,0.789898
user_acb899e9,10,user_70bbda36,0.787337
user_acb899e9,11,user_26fa9d90,0.787048
user_acb899e9,12,user_e696f3ae,0.776947
user_acb899e9,13,user_5a6f92a6,0.776696
user_acb899e9,14,user_8e97a154,0.776378
user_acb899e9,15,user_7f56f9a5,0.773550
user_acd6ddfb,1,user_1b7f8c56,0.856501
user_acd6ddfb,2,user_95d648bc,0.855127
user_acd6ddfb,3,user_c5f32c0d,0.845627
user_acd6ddfb,4,user_fba6bcd4,0.844542
user_acd6ddfb,5,user_b6350ec1,0.839687
user_acd6ddfb,6,user_9dda4af9,0.838101
user_acd6ddfb,7,user_ed1aaed8,0.836131
user_acd6ddfb,8,user_e6dd44b0,0.834194
user_acd6ddfb,9,user_aabd2642,0.831341
user_acd6ddfb,10,user_03969305,0.829259
user_acd6ddfb,11,user_417702c5,0.826064
user_acd6ddfb,12,user_6deada35,0.819911
user_acd6ddfb,13,user_54c1ebee,0.818611
user_acd6ddfb,14,user_3ac315cb,0.818294
user_acd6ddfb,15,user_3e284ba5,0.817198
user_ad15a0a4,1,user_aa4cc34a,0.880131
user_ad15a0a4,2,user_903329bb,0.837725
user_ad15a0a4,3,user_fb64cb55,0.829169
user_ad15a0a4,4,user_6011e674,0.800069
user_ad15a0a4,5,user_d10d1f24,0.782758
user_ad15a0a4,6,user_835666af,0.746736
user_ad15a0a4,7,user_5d7cbf11,0.737083
user_ad15a0a4,8,user_5b7d5e00,0.730984
user_ad15a0a4,9,user_737dd050,0.720995
user_ad15a0a4,10,user_2dc10d2d,0.719566
user_ad15a0a4,11,user_acb51eed,0.719298
user_ad15a0a4,12,user_940c7213,0.716021
user_ad15a0a4,13,user_59e8bc2a,0.714440
user_ad15a0a4,14,user_33c6501d,0.706477
user_ad15a0a4,15,user_165a2706,0.701296
user_b1c16312,1,user_fdc08e26,0.821780
user_b1c16312,2,user_89e04335,0.820176
user_b1c16312,3,user_9a307ebe,0.814974
user_b1c16312,4,user_9571d0d5,0.810224
user_b1c16312,5,user_3049510b,0.801818
user_b1c16312,6,user_394c25cc,0.799269
user_b1c16312,7,user_e696f3ae,0.796723
user_b1c16312,8,user_dc326993,0.796151
user_b1c16312,9,user_03969305,0.790838
user_b1c16312,10,user_f4f9490d,0.789544
user_b1c16312,11,user_7f56f9a5,0.789338
user_b1c16312,12,user_d2c97c8e,0.788669
user_b1c16312,13,user_2dd5b531,0.787068
user_b1c16312,14,user_e59c000f,0.781855
user_b1c16312,15,user_e6057285,0.781270
user_b23aa915,1,user_8c0c7619,0.741089
user_b23aa915,2,user_63b4ae7a,0.653364
user_b23aa915,3,user_4bf6a4a0,0.649576
user_b23aa915,4,user_3535252b,0.643041
user_b23aa915,5,user_126670d7,0.642114
user_b23aa915,6,user_a0f5ae47,0.639634
user_b23aa915,7,user_19952166,0.635218
user_b23aa915,8,user_d14b7d7b,0.621795
user_b23aa915,9,user_164fe4b8,0.617832
user_b23aa915,10,user_66a7ce5a,0.612482
user_b23aa915,11,user_26565155,0.598977
user_b23aa915,12,user_c0392523,0.593318
user_b23aa915,13,user_3f2894b5,0.575798
user_b23aa915,14,user_1736acbe,0.570898
user_b23aa915,15,user_0bd8ba7c,0.568114
user_b2aba63a,1,user_04f39d22,0.868257
user_b2aba63a,2,user_4ea1ef09,0.851065
user_b2aba63a,3,user_7de6f343,0.850794
user_b2aba63a,4,user_7c3d63ce,0.836538
user_b2aba63a,5,user_82c86537,0.830757
user_b2aba63a,6,user_74cfb8ef,0.823821
user_b2aba63a,7,user_421ae417,0.822425
user_b2aba63a,8,user_83e45cc0,0.818085
user_b2aba63a,9,user_0bc8e727,0.817687
user_b2aba63a,10,user_40efa894,0.808530
user_b2aba63a,11,user_daf59045,0.808119
user_b2aba63a,12,user_a3a4a20a,0.804353
user_b2aba63a,13,user_2c2a5c24,0.801314
user_b2aba63a,14,user_ba8b1c05,0.794997
user_b2aba63a,15,user_98f18241,0.791582
user_b2dd04c8,1,user_82d93459,0.828191
user_b2dd04c8,2,user_e6057285,0.826688
user_b2dd04c8,3,user_586752e4,0.824039
user_b2dd04c8,4,user_e59c000f,0.822171
user_b2dd04c8,5,user_8e97a154,0.819298
user_b2dd04c8,6,user_a151ddab,0.813539
user_b2dd04c8,7,user_6fc85c06,0.812928
user_b2dd04c8,8,user_b350e22b,0.810844
user_b2dd04c8,9,user_9571d0d5,0.809084
user_b2dd04c8,10,user_0a3bcf86,0.802003
user_b2dd04c8,11,user_8d22714e,0.799764
user_b2dd04c8,12,user_5a6f92a6,0.798673
user_b2dd04c8,13,user_5c82df31,0.796172
user_b2dd04c8,14,user_e802076d,0.791286
user_b2dd04c8,15,user_38433566,0.791195
user_b2f3c0d2,1,user_c1aa2063,0.534196
user_b2f3c0d2,2,user_d20928cc,0.473887
user_b2f3c0d2,3,user_24668d84,0.466617
user_b2f3c0d2,4,user_0dfb7397,0.464321
user_b2f3c0d2,5,user_b7f60e64,0.441317
user_b2f3c0d2,6,user_4e42bf97,0.440528
user_b2f3c0d2,7,user_f6c0aefc,0.433824
user_b2f3c0d2,8,user_7d6962d9,0.428447
user_b2f3c0d2,9,user_0eeab432,0.426329
user_b2f3c0d2,10,user_b2dd04c8,0.416730
user_b2f3c0d2,11,user_0285dee3,0.408842
user_b2f3c0d2,12,user_e7f25600,0.407867
user_b2f3c0d2,13,user_49b1ac46,0.404129
user_b2f3c0d2,14,user_abde0618,0.401965
user_b2f3c0d2,15,user_b8f24804,0.400491
user_b325310b,1,user_99c67f2f,0.893678
user_b325310b,2,user_2d74cd4c,0.887784
user_b325310b,3,user_8fbb6d9c,0.866237
user_b325310b,4,user_b325310b,0.863622
user_b325310b,5,user_6011e674,0.843528
user_b325310b,6,user_9e39a95d,0.843414
user_b325310b,7,user_f8e2246f,0.836832
user_b325310b,8,user_b6b89f00,0.835383
user_b325310b,9,user_6bb64984,0.834498
user_b325310b,10,user_d3663143,0.816047
user_b325310b,11,user_08aa624b,0.800142
user_b325310b,12,user_417702c5,0.797619
user_b325310b,13,user_71b9b8e0,0.786369
user_b325310b,14,user_649f4327,0.779501
user_b325310b,15,user_1b7f8c56,0.776375
user_b337cb0c,1,user_8be3f554,0.677225
user_b337cb0c,2,user_9dda4af9,0.676705
user_b337cb0c,3,user_63110023,0.675964
user_b337cb0c,4,user_c35d6565,0.675388
user_b337cb0c,5,user_a151ddab,0.660117
user_b337cb0c,6,user_c204a1dd,0.655482
user_b337cb0c,7,user_a8dc91a3,0.655405
user_b337cb0c,8,user_3971c3e6,0.652919
user_b337cb0c,9,user_dae4304f,0.652331
user_b337cb0c,10,user_e6057285,0.648885
user_b337cb0c,11,user_daf37424,0.646503
user_b337cb0c,12,user_b6d05d1d,0.646315
user_b337cb0c,13,user_89e04335,0.646158
user_b337cb0c,14,user_ef954c6e,0.645175
user_b337cb0c,15,user_adab54a0,0.641264
user_b49274ca,1,user_0cee87f3,0.854414
user_b49274ca,2,user_80dc757f,0.854379
user_b49274ca,3,user_15179955,0.846025
user_b49274ca,4,user_36d44add,0.833029
user_b49274ca,5,user_f654c33b,0.830691
user_b49274ca,6,user_7aa3746b,0.826881
user_b49274ca,7,user_e802076d,0.826784
user_b49274ca,8,user_c35d6565,0.826582
user_b49274ca,9,user_c154e834,0.822974
user_b49274ca,10,user_5c5a0b40,0.818696
user_b49274ca,11,user_b16e0cf8,0.818078
user_b49274ca,12,user_adab54a0,0.813809
user_b49274ca,13,user_b23aa915,0.811047
user_b49274ca,14,user_5881b259,0.808121
user_b49274ca,15,user_daf37424,0.805817
user_b4d7e69a,1,user_67acd9b1,0.810991
user_b4d7e69a,2,user_25b48a9a,0.786860
user_b4d7e69a,3,user_c2f18cf7,0.779986
user_b4d7e69a,4,user_4a57e449,0.778112
user_b4d7e69a,5,user_c34e791e,0.771380
user_b4d7e69a,6,user_57c1d6c0,0.769016
user_b4d7e69a,7,user_04f39d22,0.768555
user_b4d7e69a,8,user_91db6e48,0.767440
user_b4d7e69a,9,user_9351238d,0.764561
user_b4d7e69a,10,user_b6d05d1d,0.762550
user_b4d7e69a,11,user_8be3f554,0.762296
user_b4d7e69a,12,user_16ac4154,0.762187
user_b4d7e69a,13,user_e8e9acac,0.756012
user_b4d7e69a,14,user_02fecea2,0.755766
user_b4d7e69a,15,user_56e6d0cd,0.754821
user_b4f295b3,1,user_3353b96b,0.769458
user_b4f295b3,2,user_9c88ee3d,0.755560
user_b4f295b3,3,user_107259c3,0.732321
user_b4f295b3,4,user_0128a546,0.709897
user_b4f295b3,5,user_7f623d19,0.694812
user_b4f295b3,6,user_7c7220a4,0.692160
user_b4f295b3,7,user_b4f295b3,0.672244
user_b4f295b3,8,user_f070eee7,0.667937
user_b4f295b3,9,user_baeb91b3,0.666907
user_b4f295b3,10,user_ea67f9c6,0.658356
user_b4f295b3,11,user_6476648d,0.657720
user_b4f295b3,12,user_17054ec7,0.644895
user_b4f295b3,13,user_76638121,0.635000
user_b4f295b3,14,user_6169d3b8,0.630944
user_b4f295b3,15,user_e2e59795,0.628789
user_b563e90b,1,user_8e48a3f8,0.771231
user_b563e90b,2,user_74da5a13,0.751342
user_b563e90b,3,user_aa08d5a8,0.746261
user_b563e90b,4,user_b9d253e8,0.741191
user_b563e90b,5,user_c92c8f83,0.712704
user_b563e90b,6,user_a7145605,0.705195
user_b563e90b,7,user_032f6993,0.702905
user_b563e90b,8,user_3ff88cf0,0.702455
user_b563e90b,9,user_3850eb9e,0.698914
user_b563e90b,10,user_cc1c8897,0.683264
user_b563e90b,11,user_3bb7992e,0.676642
user_b563e90b,12,user_b563e90b,0.672266
user_b563e90b,13,user_476670f9,0.672200
user_b563e90b,14,user_9c7183c8,0.670032
user_b563e90b,15,user_166a3647,0.668063
user_b5af9db9,1,user_cda36a95,0.797728
user_b5af9db9,2,user_cdd86523,0.767827
user_b5af9db9,3,user_c39d41d7,0.764765
user_b5af9db9,4,user_417702c5,0.764263
user_b5af9db9,5,user_a8c2208d,0.753770
user_b5af9db9,6,user_8be3f554,0.749445
user_b5af9db9,7,user_16ac4154,0.748481
user_b5af9db9,8,user_a57e47b1,0.741624
user_b5af9db9,9,user_e8d15537,0.741443
user_b5af9db9,10,user_c35d6565,0.738537
user_b5af9db9,11,user_2c69b83e,0.736552
user_b5af9db9,12,user_25b48a9a,0.734676
user_b5af9db9,13,user_723406a0,0.734203
user_b5af9db9,14,user_dbc4828c,0.733965
user_b5af9db9,15,user_0eb2abf1,0.733530
user_b628264a,1,user_d955d7e2,0.802057
user_b628264a,2,user_8d22714e,0.800241
user_b628264a,3,user_91f807b9,0.776291
user_b628264a,4,user_723406a0,0.756800
user_b628264a,5,user_423c81dc,0.744379
user_b628264a,6,user_6a0b0e92,0.727130
user_b628264a,7,user_88f46c7b,0.725298
user_b628264a,8,user_4b139395,0.723190
user_b628264a,9,user_b628264a,0.723106
user_b628264a,10,user_0cc626ee,0.720474
user_b628264a,11,user_ab30f0fb,0.716753
user_b628264a,12,user_0669bdf6,0.714313
user_b628264a,13,user_835666af,0.710103
user_b628264a,14,user_f27da10a,0.709707
user_b628264a,15,user_eafc973e,0.707840
user_b6350ec1,1,user_c39d41d7,0.885071
user_b6350ec1,2,user_b6350ec1,0.863260
user_b6350ec1,3,user_5881b259,0.862574
user_b6350ec1,4,user_b16e0cf8,0.854295
user_b6350ec1,5,user_1ef33a43,0.847631
user_b6350ec1,6,user_df3c19a7,0.842781
user_b6350ec1,7,user_636ad58f,0.832240
user_b6350ec1,8,user_723406a0,0.829786
user_b6350ec1,9,user_96013176,0.829121
user_b6350ec1,10,user_68d19df8,0.827573
user_b6350ec1,11,user_e5a6abbe,0.826819
user_b6350ec1,12,user_d199bef3,0.826524
user_b6350ec1,13,user_d6175d39,0.825123
user_b6350ec1,14,user_954805d7,0.823505
user_b6350ec1,15,user_dbc4828c,0.822512
user_b63ea1d4,1,user_7b5f54c0,0.868677
user_b63ea1d4,2,user_b63ea1d4,0.868271
user_b63ea1d4,3,user_aabd2642,0.865237
user_b63ea1d4,4,user_acd6ddfb,0.851789
user_b63ea1d4,5,user_81a80789,0.843339
user_b63ea1d4,6,user_07cb458d,0.834627
user_b63ea1d4,7,user_d6175d39,0.833756
user_b63ea1d4,8,user_54c1ebee,0.831590
user_b63ea1d4,9,user_2c69b83e,0.831129
user_b63ea1d4,10,user_7a7dda35,0.827217
user_b63ea1d4,11,user_25798310,0.824627
user_b63ea1d4,12,user_e5a6abbe,0.821413
user_b63ea1d4,13,user_364bb955,0.820671
user_b63ea1d4,14,user_2e81a539,0.818136
user_b63ea1d4,15,user_2f4cc646,0.817552
user_b6b89f00,1,user_dbbf562e,0.546732
user_b6b89f00,2,user_8a3bbeb2,0.527850
user_b6b89f00,3,user_ab8e847b,0.493106
user_b6b89f00,4,user_a2f8bfd2,0.484149
user_b6b89f00,5,user_a16d1fb6,0.466296
user_b6b89f00,6,user_52f895f1,0.463144
user_b6b89f00,7,user_c130412b,0.461722
user_b6b89f00,8,user_2142b6e1,0.455669
user_b6b89f00,9,user_37be663c,0.454620
user_b6b89f00,10,user_9b6481e4,0.442724
user_b6b89f00,11,user_8c11f026,0.442554
user_b6b89f00,12,user_1eefeb8c,0.441118
user_b6b89f00,13,user_ecf8f97f,0.438439
user_b6b89f00,14,user_efb27a8e,0.434740
user_b6b89f00,15,user_c7beef01,0.434725
user_b7ba6422,1,user_b7ba6422,0.842533
user_b7ba6422,2,user_b49274ca,0.814651
user_b7ba6422,3,user_4db0d490,0.804793
user_b7ba6422,4,user_fc1cfe0b,0.774182
user_b7ba6422,5,user_cdd86523,0.766180
user_b7ba6422,6,user_0ff0b922,0.748355
user_b7ba6422,7,user_25b48a9a,0.746197
user_b7ba6422,8,user_417702c5,0.745818
user_b7ba6422,9,user_40a0bad3,0.734783
user_b7ba6422,10,user_8be3f554,0.732485
user_b7ba6422,11,user_e8d15537,0.728813
user_b7ba6422,12,user_56980aa9,0.728544
user_b7ba6422,13,user_69df6330,0.728409
user_b7ba6422,14,user_2cb4b018,0.728408
user_b7ba6422,15,user_f75c71f0,0.728126
user_b888c512,1,user_5881b259,0.827679
user_b888c512,2,user_c35d6565,0.822543
user_b888c512,3,user_7aa3746b,0.819234
user_b888c512,4,user_c39d41d7,0.814316
user_b888c512,5,user_0898fc4b,0.808415
user_b888c512,6,user_e6057285,0.807461
user_b888c512,7,user_9dda4af9,0.807137
user_b888c512,8,user_daf37424,0.806070
user_b888c512,9,user_954805d7,0.804656
user_b888c512,10,user_b16e0cf8,0.801733
user_b888c512,11,user_5c5a0b40,0.800309
user_b888c512,12,user_c5f32c0d,0.797807
user_b888c512,13,user_f654c33b,0.794890
user_b888c512,14,user_fba6bcd4,0.794472
user_b888c512,15,user_e5a6abbe,0.785692
user_b8f24804,1,user_5c5a0b40,0.845592
user_b8f24804,2,user_2a704b9c,0.830997
user_b8f24804,3,user_e59c000f,0.829498
user_b8f24804,4,user_83afc7b2,0.825555
user_b8f24804,5,user_b16e0cf8,0.825400
user_b8f24804,6,user_886f7373,0.820417
user_b8f24804,7,user_e802076d,0.818831
user_b8f24804,8,user_869fcb2b,0.816709
user_b8f24804,9,user_a4a77a7d,0.816618
user_b8f24804,10,user_c5f32c0d,0.816516
user_b8f24804,11,user_ef954c6e,0.812655
user_b8f24804,12,user_b23aa915,0.808292
user_b8f24804,13,user_8d22714e,0.807647
user_b8f24804,14,user_0898fc4b,0.802397
user_b8f24804,15,user_adab54a0,0.800372
user_b9036662,1,user_2cb4b018,0.816325
user_b9036662,2,user_5c82df31,0.778593
user_b9036662,3,user_3a39cc49,0.755602
user_b9036662,4,user_f0cf195f,0.754515
user_b9036662,5,user_33c6501d,0.754349
user_b9036662,6,user_c5f32c0d,0.754340
user_b9036662,7,user_acb51eed,0.752895
user_b9036662,8,user_1b7f8c56,0.752185
user_b9036662,9,user_f60a09b3,0.751876
user_b9036662,10,user_0898fc4b,0.751839
user_b9036662,11,user_b350e22b,0.744443
user_b9036662,12,user_7fd91653,0.742589
user_b9036662,13,user_d691d016,0.741061
user_b9036662,14,user_9e39a95d,0.737590
user_b9036662,15,user_4b139395,0.733712
user_ba010eec,1,user_ba010eec,0.818352
user_ba010eec,2,user_efb27a8e,0.757913
user_ba010eec,3,user_c130412b,0.733834
user_ba010eec,4,user_daf37424,0.733034
user_ba010eec,5,user_c994138f,0.731061
user_ba010eec,6,user_56e6d0cd,0.729814
user_ba010eec,7,user_ffe2efae,0.723496
user_ba010eec,8,user_8713f22a,0.722305
user_ba010eec,9,user_a16d1fb6,0.722125
user_ba010eec,10,user_6deada35,0.718401
user_ba010eec,11,user_e696f3ae,0.708745
user_ba010eec,12,user_338e1332,0.705803
user_ba010eec,13,user_2f4cc646,0.705116
user_ba010eec,14,user_16b87e34,0.705028
user_ba010eec,15,user_67acd9b1,0.695333
user_ba463257,1,user_88b2faba,0.852417
user_ba463257,2,user_e802076d,0.847711
user_ba463257,3,user_e5a6abbe,0.839608
user_ba463257,4,user_c5f32c0d,0.836814
user_ba463257,5,user_7fd91653,0.836668
user_ba463257,6,user_5349c6cf,0.836159
user_ba463257,7,user_f0b144fc,0.835403
user_ba463257,8,user_886f7373,0.833301
user_ba463257,9,user_b337cb0c,0.832313
user_ba463257,10,user_03969305,0.825599
user_ba463257,11,user_ef954c6e,0.823140
user_ba463257,12,user_e6057285,0.816989
user_ba463257,13,user_0898fc4b,0.815865
user_ba463257,14,user_147d1bbb,0.813962
user_ba463257,15,user_79f04645,0.813060
user_ba8b1c05,1,user_bbb0205e,0.743632
user_ba8b1c05,2,user_c1a70ab7,0.709838
user_ba8b1c05,3,user_b1a5a37e,0.686260
user_ba8b1c05,4,user_38fbcf73,0.681992
user_ba8b1c05,5,user_64cd3098,0.679112
user_ba8b1c05,6,user_2e60c125,0.677143
user_ba8b1c05,7,user_372c2b3e,0.675557
user_ba8b1c05,8,user_58bfeaad,0.675516
user_ba8b1c05,9,user_5159d3a1,0.670821
user_ba8b1c05,10,user_b1c16312,0.667817
user_ba8b1c05,11,user_0bd8ba7c,0.665649
user_ba8b1c05,12,user_f5e1eee0,0.664833
user_ba8b1c05,13,user_126670d7,0.661835
user_ba8b1c05,14,user_46bb5302,0.661092
user_ba8b1c05,15,user_04f39d22,0.657218
user_baeb91b3,1,user_baeb91b3,0.820645
user_baeb91b3,2,user_107259c3,0.808760
user_baeb91b3,3,user_0d32f0ed,0.807343
user_baeb91b3,4,user_1f636ddc,0.803603
user_baeb91b3,5,user_7f623d19,0.800157
user_baeb91b3,6,user_70bbda36,0.781369
user_baeb91b3,7,user_586752e4,0.781221
user_baeb91b3,8,user_ded778b8,0.779970
user_baeb91b3,9,user_885e8708,0.775730
user_baeb91b3,10,user_5526cbfd,0.773151
user_baeb91b3,11,user_3431c049,0.772722
user_baeb91b3,12,user_e2e59795,0.771113
user_baeb91b3,13,user_e696f3ae,0.765790
user_baeb91b3,14,user_03410579,0.761658
user_baeb91b3,15,user_e64d80ba,0.760729
user_baf68fe9,1,user_baf68fe9,0.860093
user_baf68fe9,2,user_65d73ac1,0.705617
user_baf68fe9,3,user_2b03934e,0.684013
user_baf68fe9,4,user_ab439a92,0.652191
user_baf68fe9,5,user_515ae840,0.650564
user_baf68fe9,6,user_9f81cfba,0.649134
user_baf68fe9,7,user_f030b951,0.647299
user_baf68fe9,8,user_d67450a8,0.646186
user_baf68fe9,9,user_53b85563,0.642526
user_baf68fe9,10,user_66a7ce5a,0.630042
user_baf68fe9,11,user_a16d1fb6,0.628984
user_baf68fe9,12,user_1b460965,0.606425
user_baf68fe9,13,user_8a669dcd,0.606396
user_baf68fe9,14,user_0e408c4a,0.606303
user_baf68fe9,15,user_f14dc486,0.602917
user_bb8be7e3,1,user_f44f615a,0.761482
user_bb8be7e3,2,user_52f895f1,0.726331
user_bb8be7e3,3,user_19622b77,0.723339
user_bb8be7e3,4,user_683369b1,0.689043
user_bb8be7e3,5,user_942ff21e,0.653215
user_bb8be7e3,6,user_37be663c,0.648002
user_bb8be7e3,7,user_41b20ee4,0.645996
user_bb8be7e3,8,user_ab8e847b,0.642229
user_bb8be7e3,9,user_c50a487d,0.610689
user_bb8be7e3,10,user_fa69a385,0.608373
user_bb8be7e3,11,user_ffe2efae,0.605725
user_bb8be7e3,12,user_9a5457b0,0.603107
user_bb8be7e3,13,user_3666402b,0.591327
user_bb8be7e3,14,user_c130412b,0.589981
user_bb8be7e3,15,user_815b7baf,0.588167
user_bbcbf015,1,user_50e2a836,0.793276
user_bbcbf015,2,user_e8cdb142,0.793057
user_bbcbf015,3,user_858fa00c,0.790924
user_bbcbf015,4,user_c39d41d7,0.790919
user_bbcbf015,5,user_bd05225b,0.789137
user_bbcbf015,6,user_ff39b6cf,0.787411
user_bbcbf015,7,user_5ac1a174,0.786301
user_bbcbf015,8,user_87e5d9b0,0.784619
user_bbcbf015,9,user_0e82fe11,0.784530
user_bbcbf015,10,user_a743aff9,0.780675
user_bbcbf015,11,user_b4214db6,0.776318
user_bbcbf015,12,user_954805d7,0.775945
user_bbcbf015,13,user_5881b259,0.773325
user_bbcbf015,14,user_4144252d,0.772411
user_bbcbf015,15,user_0a0bcaa6,0.771207
user_bbe73426,1,user_83e30c57,0.836929
user_bbe73426,2,user_405db206,0.834689
user_bbe73426,3,user_5881b259,0.804634
user_bbe73426,4,user_b337cb0c,0.790978
user_bbe73426,5,user_15179955,0.788634
user_bbe73426,6,user_c06d9b71,0.786115
user_bbe73426,7,user_7924afc9,0.785740
user_bbe73426,8,user_40a0bad3,0.784392
user_bbe73426,9,user_80dc757f,0.776324
user_bbe73426,10,user_69df6330,0.776079
user_bbe73426,11,user_e6057285,0.769211
user_bbe73426,12,user_94f185bc,0.768062
user_bbe73426,13,user_ef954c6e,0.766116
user_bbe73426,14,user_a743aff9,0.764889
user_bbe73426,15,user_fde2d265,0.764594
user_bd19a016,1,user_2dd5b531,0.906713
user_bd19a016,2,user_41d0c897,0.877829
user_bd19a016,3,user_adab54a0,0.861567
user_bd19a016,4,user_ef954c6e,0.842837
user_bd19a016,5,user_0eb2abf1,0.842785
user_bd19a016,6,user_cf393213,0.840499
user_bd19a016,7,user_02016939,0.838105
user_bd19a016,8,user_e802076d,0.837394
user_bd19a016,9,user_69df6330,0.836461
user_bd19a016,10,user_b16e0cf8,0.835747
user_bd19a016,11,user_29cd4556,0.834017
user_bd19a016,12,user_03969305,0.832624
user_bd19a016,13,user_e6057285,0.832153
user_bd19a016,14,user_89e04335,0.832123
user_bd19a016,15,user_b23aa915,0.830510
user_bd47000f,1,user_cbabbcee,0.757130
user_bd47000f,2,user_f0cf195f,0.756550
user_bd47000f,3,user_124651ff,0.741462
user_bd47000f,4,user_4144252d,0.738037
user_bd47000f,5,user_b4214db6,0.731248
user_bd47000f,6,user_ded778b8,0.728541
user_bd47000f,7,user_aabd2642,0.726770
user_bd47000f,8,user_2e81a539,0.725743
user_bd47000f,9,user_1246b252,0.723366
user_bd47000f,10,user_0e82fe11,0.720342
user_bd47000f,11,user_f51339f8,0.719517
user_bd47000f,12,user_b0129d9e,0.718990
user_bd47000f,13,user_7c7220a4,0.718321
user_bd47000f,14,user_c81fae29,0.718123
user_bd47000f,15,user_dbc4828c,0.717162
user_bdcc6e7d,1,user_adab54a0,0.885109
user_bdcc6e7d,2,user_dae4304f,0.855562
user_bdcc6e7d,3,user_bdcc6e7d,0.854024
user_bdcc6e7d,4,user_b6d05d1d,0.838491
user_bdcc6e7d,5,user_daf37424,0.838043
user_bdcc6e7d,6,user_2dd5b531,0.833360
user_bdcc6e7d,7,user_c35d6565,0.828495
user_bdcc6e7d,8,user_c34e791e,0.828191
user_bdcc6e7d,9,user_9dda4af9,0.823603
user_bdcc6e7d,10,user_b16e0cf8,0.821381
user_bdcc6e7d,11,user_e802076d,0.809663
user_bdcc6e7d,12,user_03969305,0.804950
user_bdcc6e7d,13,user_3ff3188b,0.804904
user_bdcc6e7d,14,user_1a2755b3,0.804774
user_bdcc6e7d,15,user_3ac315cb,0.804135
user_be06391b,1,user_a151ddab,0.717658
user_be06391b,2,user_be06391b,0.714223
user_be06391b,3,user_89e04335,0.688580
user_be06391b,4,user_406c399e,0.675865
user_be06391b,5,user_a8dc91a3,0.656383
user_be06391b,6,user_5d1b0daf,0.654450
user_be06391b,7,user_4e800fa1,0.654048
user_be06391b,8,user_a7c6197a,0.651456
user_be06391b,9,user_0521a7ac,0.650899
user_be06391b,10,user_886f7373,0.650299
user_be06391b,11,user_ef954c6e,0.648599
user_be06391b,12,user_9dda4af9,0.647961
user_be06391b,13,user_6b311f43,0.645345
user_be06391b,14,user_a6c5a10c,0.640569
user_be06391b,15,user_394c25cc,0.640137
user_beca29a3,1,user_beca29a3,0.752835
user_beca29a3,2,user_e838707b,0.576961
user_beca29a3,3,user_18892460,0.576949
user_beca29a3,4,user_2cb4b018,0.572092
user_beca29a3,5,user_0cd29f02,0.570256
user_beca29a3,6,user_72b93300,0.569975
user_beca29a3,7,user_3ae49e46,0.544694
user_beca29a3,8,user_ef05ad51,0.540595
user_beca29a3,9,user_f4cc9f3d,0.536330
user_beca29a3,10,user_38dc2894,0.535343
user_beca29a3,11,user_fc1cfe0b,0.531930
user_beca29a3,12,user_e6057285,0.531598
user_beca29a3,13,user_a6c5a10c,0.529800
user_beca29a3,14,user_043ea160,0.529776
user_beca29a3,15,user_6deada35,0.529279
user_bf30f80d,1,user_2efde048,0.838463
user_bf30f80d,2,user_4ea1ef09,0.822113
user_bf30f80d,3,user_08c32973,0.802283
user_bf30f80d,4,user_2c2a5c24,0.789135
user_bf30f80d,5,user_7de6f343,0.786977
user_bf30f80d,6,user_bf30f80d,0.786120
user_bf30f80d,7,user_6fa47d61,0.782203
user_bf30f80d,8,user_04f39d22,0.781490
user_bf30f80d,9,user_f5e1eee0,0.779640
user_bf30f80d,10,user_40efa894,0.778948
user_bf30f80d,11,user_421ae417,0.775683
user_bf30f80d,12,user_81c4dae1,0.771801
user_bf30f80d,13,user_e409a56d,0.771767
user_bf30f80d,14,user_72b93300,0.769670
user_bf30f80d,15,user_25652863,0.765890
user_c008345b,1,user_daf37424,0.896084
user_c008345b,2,user_4db0d490,0.841115
user_c008345b,3,user_67acd9b1,0.840015
user_c008345b,4,user_70bbda36,0.834346
user_c008345b,5,user_c994138f,0.834213
user_c008345b,6,user_1a2755b3,0.828486
user_c008345b,7,user_91db6e48,0.827422
user_c008345b,8,user_56e6d0cd,0.827406
user_c008345b,9,user_e802076d,0.827280
user_c008345b,10,user_586752e4,0.824454
user_c008345b,11,user_adab54a0,0.821826
user_c008345b,12,user_c34e791e,0.821663
user_c008345b,13,user_b63ea1d4,0.821453
user_c008345b,14,user_2c69b83e,0.821396
user_c008345b,15,user_0eb2abf1,0.818693
user_c0392523,1,user_daf53db6,0.758903
user_c0392523,2,user_649f4327,0.746126
user_c0392523,3,user_c41de62b,0.739320
user_c0392523,4,user_6011e674,0.712297
user_c0392523,5,user_25b48a9a,0.705596
user_c0392523,6,user_c8f82360,0.705150
user_c0392523,7,user_194b92fc,0.689013
user_c0392523,8,user_6bb64984,0.674541
user_c0392523,9,user_417702c5,0.673987
user_c0392523,10,user_bbb0205e,0.665386
user_c0392523,11,user_6fbf6191,0.661360
user_c0392523,12,user_99c67f2f,0.649888
user_c0392523,13,user_ab86ab82,0.632513
user_c0392523,14,user_543e79f5,0.632323
user_c0392523,15,user_f8e2246f,0.630540
user_c06d9b71,1,user_c06d9b71,0.898185
user_c06d9b71,2,user_d1d16d30,0.876895
user_c06d9b71,3,user_5881b259,0.876734
user_c06d9b71,4,user_ef954c6e,0.874552
user_c06d9b71,5,user_c39d41d7,0.846534
user_c06d9b71,6,user_7924afc9,0.844130
user_c06d9b71,7,user_636ad58f,0.843003
user_c06d9b71,8,user_f654c33b,0.838666
user_c06d9b71,9,user_fde2d265,0.836026
user_c06d9b71,10,user_b16e0cf8,0.835769
user_c06d9b71,11,user_954805d7,0.833200
user_c06d9b71,12,user_b337cb0c,0.832309
user_c06d9b71,13,user_a01f16ac,0.830839
user_c06d9b71,14,user_c5f32c0d,0.830433
user_c06d9b71,15,user_02d03e8a,0.825961
user_c0eba9f2,1,user_13fb2e34,0.823015
user_c0eba9f2,2,user_c903d3bb,0.813957
user_c0eba9f2,3,user_03410579,0.789249
user_c0eba9f2,4,user_1a7d6cd5,0.785331
user_c0eba9f2,5,user_cbabbcee,0.771961
user_c0eba9f2,6,user_3e284ba5,0.766177
user_c0eba9f2,7,user_500badda,0.760227
user_c0eba9f2,8,user_cd100edd,0.760041
user_c0eba9f2,9,user_09dea596,0.759742
user_c0eba9f2,10,user_6c2d672f,0.754592
user_c0eba9f2,11,user_5c82df31,0.750274
user_c0eba9f2,12,user_4144252d,0.747459
user_c0eba9f2,13,user_fcf93ee8,0.747014
user_c0eba9f2,14,user_c50a487d,0.738872
user_c0eba9f2,15,user_1246b252,0.734913
user_c130412b,1,user_ab8e847b,0.814950
user_c130412b,2,user_c130412b,0.748037
user_c130412b,3,user_a16d1fb6,0.724227
user_c130412b,4,user_885e8708,0.629811
user_c130412b,5,user_ffe2efae,0.623007
user_c130412b,6,user_9b6481e4,0.615892
user_c130412b,7,user_efb27a8e,0.609152
user_c130412b,8,user_c7beef01,0.608879
user_c130412b,9,user_3666402b,0.607974
user_c130412b,10,user_aaa1e595,0.604962
user_c130412b,11,user_a0517bef,0.601652
user_c130412b,12,user_164fe4b8,0.600713
user_c130412b,13,user_ba010eec,0.600079
user_c130412b,14,user_9a5457b0,0.592038
user_c130412b,15,user_8713f22a,0.589148
user_c154e834,1,user_ed1aaed8,0.790061
user_c154e834,2,user_f54058d0,0.778727
user_c154e834,3,user_c994138f,0.774141
user_c154e834,4,user_3f2894b5,0.768316
user_c154e834,5,user_daf37424,0.762373
user_c154e834,6,user_9351238d,0.761202
user_c154e834,7,user_9ee84e18,0.752204
user_c154e834,8,user_3b79395c,0.747620
user_c154e834,9,user_e696f3ae,0.747457
user_c154e834,10,user_e8e9acac,0.743728
user_c154e834,11,user_9a307ebe,0.742395
user_c154e834,12,user_67acd9b1,0.734762
user_c154e834,13,user_a04b2a78,0.733713
user_c154e834,14,user_586752e4,0.733704
user_c154e834,15,user_56e6d0cd,0.733080
user_c157ca97,1,user_52d3881c,0.849417
user_c157ca97,2,user_3971c3e6,0.705297
user_c157ca97,3,user_c157ca97,0.680044
user_c157ca97,4,user_e88c308b,0.676813
user_c157ca97,5,user_aabd2642,0.676099
user_c157ca97,6,user_4e54f3d7,0.675118
user_c157ca97,7,user_ef05ad51,0.666232
user_c157ca97,8,user_e5a6abbe,0.665552
user_c157ca97,9,user_bf69de98,0.661817
user_c157ca97,10,user_ef954c6e,0.653307
user_c157ca97,11,user_043ea160,0.646302
user_c157ca97,12,user_83afc7b2,0.645898
user_c157ca97,13,user_d2c97c8e,0.645750
user_c157ca97,14,user_72b93300,0.645579
user_c157ca97,15,user_a6c5a10c,0.643134
user_c204a1dd,1,user_dc32d458,0.785892
user_c204a1dd,2,user_c204a1dd,0.784840
user_c204a1dd,3,user_89e04335,0.762299
user_c204a1dd,4,user_1f1dc5e0,0.750266
user_c204a1dd,5,user_f930e37f,0.746786
user_c204a1dd,6,user_e6057285,0.746087
user_c204a1dd,7,user_96013176,0.738335
user_c204a1dd,8,user_03969305,0.735829
user_c204a1dd,9,user_2e81a539,0.734273
user_c204a1dd,10,user_3049510b,0.729238
user_c204a1dd,11,user_586752e4,0.728261
user_c204a1dd,12,user_1936a7c3,0.720738
user_c204a1dd,13,user_d1d16d30,0.720381
user_c204a1dd,14,user_ebddf9c1,0.720251
user_c204a1dd,15,user_14a2d3c6,0.719576
user_c2f18cf7,1,user_c5f32c0d,0.895250
user_c2f18cf7,2,user_5c5a0b40,0.888508
user_c2f18cf7,3,user_b16e0cf8,0.887259
user_c2f18cf7,4,user_03969305,0.883240
user_c2f18cf7,5,user_e802076d,0.871825
user_c2f18cf7,6,user_e59c000f,0.869485
user_c2f18cf7,7,user_a4a77a7d,0.864633
user_c2f18cf7,8,user_c39d41d7,0.862733
user_c2f18cf7,9,user_83afc7b2,0.859463
user_c2f18cf7,10,user_e5a6abbe,0.852227
user_c2f18cf7,11,user_54c1ebee,0.852000
user_c2f18cf7,12,user_147d1bbb,0.849516
user_c2f18cf7,13,user_adab54a0,0.848688
user_c2f18cf7,14,user_5881b259,0.847654
user_c2f18cf7,15,user_f27da10a,0.846372
user_c3040c7c,1,user_54c1ebee,0.803921
user_c3040c7c,2,user_8fb63eca,0.789460
user_c3040c7c,3,user_a6c5a10c,0.785252
user_c3040c7c,4,user_3e284ba5,0.776145
user_c3040c7c,5,user_500badda,0.774990
user_c3040c7c,6,user_83afc7b2,0.773468
user_c3040c7c,7,user_25798310,0.769790
user_c3040c7c,8,user_38433566,0.767699
user_c3040c7c,9,user_5c9b579a,0.767534
user_c3040c7c,10,user_df8dc9bb,0.761101
user_c3040c7c,11,user_a4893af1,0.759200
user_c3040c7c,12,user_1246b252,0.758231
user_c3040c7c,13,user_aabd2642,0.756849
user_c3040c7c,14,user_3239132f,0.755012
user_c3040c7c,15,user_e6057285,0.753793
user_c39d41d7,1,user_fdcaaf41,0.891362
user_c39d41d7,2,user_aabd2642,0.864393
user_c39d41d7,3,user_2c69b83e,0.860060
user_c39d41d7,4,user_c39d41d7,0.845682
user_c39d41d7,5,user_dbc4828c,0.842665
user_c39d41d7,6,user_7c7220a4,0.841553
user_c39d41d7,7,user_2e81a539,0.837562
user_c39d41d7,8,user_b63ea1d4,0.832534
user_c39d41d7,9,user_d758a0a1,0.829732
user_c39d41d7,10,user_107259c3,0.827901
user_c39d41d7,11,user_5881b259,0.822932
user_c39d41d7,12,user_bd05225b,0.821573
user_c39d41d7,13,user_03969305,0.821181
user_c39d41d7,14,user_0e82fe11,0.818854
user_c39d41d7,15,user_fdc08e26,0.814562
user_c41de62b,1,user_aa4cc34a,0.695617
user_c41de62b,2,user_6011e674,0.671858
user_c41de62b,3,user_f3f15c55,0.659502
user_c41de62b,4,user_903329bb,0.633156
user_c41de62b,5,user_d10d1f24,0.615610
user_c41de62b,6,user_fb64cb55,0.612875
user_c41de62b,7,user_b78601b5,0.611204
user_c41de62b,8,user_8fbb6d9c,0.598593
user_c41de62b,9,user_5b7d5e00,0.594057
user_c41de62b,10,user_c41de62b,0.591759
user_c41de62b,11,user_6ab1739a,0.578023
user_c41de62b,12,user_59e8bc2a,0.548244
user_c41de62b,13,user_33c6501d,0.545451
user_c41de62b,14,user_2817ec11,0.544232
user_c41de62b,15,user_2dc10d2d,0.541222
user_c4c70447,1,user_fba6bcd4,0.832855
user_c4c70447,2,user_c39d41d7,0.830276
user_c4c70447,3,user_636ad58f,0.828614
user_c4c70447,4,user_d6175d39,0.828243
user_c4c70447,5,user_dbc4828c,0.824374
user_c4c70447,6,user_73f34c5d,0.821112
user_c4c70447,7,user_5881b259,0.819904
user_c4c70447,8,user_954805d7,0.812705
user_c4c70447,9,user_b6350ec1,0.812403
user_c4c70447,10,user_df3c19a7,0.811941
user_c4c70447,11,user_50e2a836,0.802383
user_c4c70447,12,user_07cb458d,0.802307
user_c4c70447,13,user_7aa3746b,0.801760
user_c4c70447,14,user_43a979d2,0.801112
user_c4c70447,15,user_0e82fe11,0.793309
user_c50a487d,1,user_7f56f9a5,0.736115
user_c50a487d,2,user_5c9b579a,0.728449
user_c50a487d,3,user_b0129d9e,0.727906
user_c50a487d,4,user_f930e37f,0.716764
user_c50a487d,5,user_9da8848a,0.716004
user_c50a487d,6,user_364bb955,0.715873
user_c50a487d,7,user_586752e4,0.715864
user_c50a487d,8,user_93cdb7a1,0.711380
user_c50a487d,9,user_1d775dd8,0.711036
user_c50a487d,10,user_66772d98,0.708616
user_c50a487d,11,user_f51339f8,0.707024
user_c50a487d,12,user_59d9db83,0.702467
user_c50a487d,13,user_b1d0760b,0.693870
user_c50a487d,14,user_54c1ebee,0.689506
user_c50a487d,15,user_3bc84c13,0.688734
user_c536b01d,1,user_ef954c6e,0.803733
user_c536b01d,2,user_1b7f8c56,0.803355
user_c536b01d,3,user_83afc7b2,0.803188
user_c536b01d,4,user_3971c3e6,0.789151
user_c536b01d,5,user_e6057285,0.781716
user_c536b01d,6,user_bf69de98,0.781700
user_c536b01d,7,user_aabd2642,0.780957
user_c536b01d,8,user_fba6bcd4,0.780291
user_c536b01d,9,user_95d648bc,0.778544
user_c536b01d,10,user_aa2fbe83,0.776503
user_c536b01d,11,user_9a307ebe,0.775106
user_c536b01d,12,user_e5a6abbe,0.766568
user_c536b01d,13,user_9dda4af9,0.764664
user_c536b01d,14,user_dd1d7b22,0.764007
user_c536b01d,15,user_02016939,0.763089
user_c59ebe9c,1,user_c59ebe9c,0.774615
user_c59ebe9c,2,user_df8dc9bb,0.766038
user_c59ebe9c,3,user_3b1da5d9,0.755086
user_c59ebe9c,4,user_79f38f6d,0.747231
user_c59ebe9c,5,user_9a307ebe,0.740236
user_c59ebe9c,6,user_147d1bbb,0.736977
user_c59ebe9c,7,user_8713f22a,0.736315
user_c59ebe9c,8,user_885e8708,0.732705
user_c59ebe9c,9,user_107259c3,0.727040
user_c59ebe9c,10,user_737dd050,0.725043
user_c59ebe9c,11,user_166a3647,0.724806
user_c59ebe9c,12,user_5526cbfd,0.722622
user_c59ebe9c,13,user_83afc7b2,0.721304
user_c59ebe9c,14,user_b4d7e69a,0.720252
user_c59ebe9c,15,user_e8a7be73,0.716020
user_c5c57a9d,1,user_c5c57a9d,0.725105
user_c5c57a9d,2,user_a4aab257,0.717183
user_c5c57a9d,3,user_126670d7,0.712703
user_c5c57a9d,4,user_55058479,0.683383
user_c5c57a9d,5,user_039d004e,0.682898
user_c5c57a9d,6,user_4bf6a4a0,0.680350
user_c5c57a9d,7,user_d20928cc,0.677242
user_c5c57a9d,8,user_f43d6008,0.656193
user_c5c57a9d,9,user_b429ec64,0.641918
user_c5c57a9d,10,user_906e2423,0.641538
user_c5c57a9d,11,user_650da71b,0.641176
user_c5c57a9d,12,user_b1c16312,0.639005
user_c5c57a9d,13,user_c67f26cc,0.634285
user_c5c57a9d,14,user_6fbf6191,0.633663
user_c5c57a9d,15,user_9ce96cbf,0.632315
user_c5f32c0d,1,user_9dda4af9,0.646900
user_c5f32c0d,2,user_ce424e88,0.646797
user_c5f32c0d,3,user_02d8a1f8,0.646160
user_c5f32c0d,4,user_6a98b381,0.637584
user_c5f32c0d,5,user_7a7dda35,0.636460
user_c5f32c0d,6,user_07cb458d,0.634493
user_c5f32c0d,7,user_cda36a95,0.629908
user_c5f32c0d,8,user_61f90240,0.626974
user_c5f32c0d,9,user_e6dd44b0,0.626821
user_c5f32c0d,10,user_d6175d39,0.623197
user_c5f32c0d,11,user_c35d6565,0.622437
user_c5f32c0d,12,user_38f4dfac,0.622203
user_c5f32c0d,13,user_a2480011,0.622092
user_c5f32c0d,14,user_954805d7,0.621676
user_c5f32c0d,15,user_d955d7e2,0.621312
user_c60d65b5,1,user_69df6330,0.862109
user_c60d65b5,2,user_e8d15537,0.858035
user_c60d65b5,3,user_a743aff9,0.809766
user_c60d65b5,4,user_5993b36a,0.804175
user_c60d65b5,5,user_5a283043,0.787612
user_c60d65b5,6,user_c60d65b5,0.784687
user_c60d65b5,7,user_8f39f021,0.774336
user_c60d65b5,8,user_c39d41d7,0.770117
user_c60d65b5,9,user_eb0927d1,0.765578
user_c60d65b5,10,user_c06d9b71,0.765292
user_c60d65b5,11,user_b49274ca,0.764932
user_c60d65b5,12,user_f654c33b,0.764891
user_c60d65b5,13,user_7924afc9,0.764845
user_c60d65b5,14,user_cdd86523,0.760360
user_c60d65b5,15,user_c96b90fe,0.760148
user_c67f26cc,1,user_2c69b83e,0.766680
user_c67f26cc,2,user_d96972e5,0.760553
user_c67f26cc,3,user_ca6074df,0.753284
user_c67f26cc,4,user_0898fc4b,0.744722
user_c67f26cc,5,user_c35d6565,0.743996
user_c67f26cc,6,user_fba6bcd4,0.743333
user_c67f26cc,7,user_e59c000f,0.741696
user_c67f26cc,8,user_433bdef0,0.738015
user_c67f26cc,9,user_f368b9da,0.737673
user_c67f26cc,10,user_d758a0a1,0.736341
user_c67f26cc,11,user_5881b259,0.736330
user_c67f26cc,12,user_54c1ebee,0.732409
user_c67f26cc,13,user_dbc4828c,0.732060
user_c67f26cc,14,user_7a7dda35,0.729404
user_c67f26cc,15,user_03969305,0.729168
user_c709e252,1,user_16ac4154,0.805658
user_c709e252,2,user_e6057285,0.793920
user_c709e252,3,user_03969305,0.793783
user_c709e252,4,user_0e82fe11,0.792461
user_c709e252,5,user_aabd2642,0.788604
user_c709e252,6,user_5993b36a,0.787345
user_c709e252,7,user_fdc08e26,0.786963
user_c709e252,8,user_95d648bc,0.783652
user_c709e252,9,user_586752e4,0.782090
user_c709e252,10,user_f930e37f,0.781913
user_c709e252,11,user_1b7f8c56,0.781376
user_c709e252,12,user_835666af,0.776992
user_c709e252,13,user_bd05225b,0.776752
user_c709e252,14,user_aa2fbe83,0.772737
user_c709e252,15,user_7f56f9a5,0.771226
user_c809e3d2,1,user_83e45cc0,0.860899
user_c809e3d2,2,user_74cfb8ef,0.840936
user_c809e3d2,3,user_ba8b1c05,0.834119
user_c809e3d2,4,user_2c2a5c24,0.833765
user_c809e3d2,5,user_d2c97c8e,0.826191
user_c809e3d2,6,user_40efa894,0.822665
user_c809e3d2,7,user_4ea1ef09,0.811975
user_c809e3d2,8,user_04f39d22,0.810654
user_c809e3d2,9,user_f5e1eee0,0.800743
user_c809e3d2,10,user_7c3d63ce,0.799722
user_c809e3d2,11,user_421ae417,0.799177
user_c809e3d2,12,user_daf59045,0.796829
user_c809e3d2,13,user_f3377028,0.795548
user_c809e3d2,14,user_82c86537,0.795198
user_c809e3d2,15,user_a3a4a20a,0.793584
user_c81fae29,1,user_d5b21e00,0.674256
user_c81fae29,2,user_caaef3ca,0.653789
user_c81fae29,3,user_1b89f77a,0.590743
user_c81fae29,4,user_d4c7b4c0,0.588328
user_c81fae29,5,user_201c8c78,0.569669
user_c81fae29,6,user_10e64e28,0.556834
user_c81fae29,7,user_3085d204,0.556401
user_c81fae29,8,user_586752e4,0.551392
user_c81fae29,9,user_6deada35,0.550414
user_c81fae29,10,user_66772d98,0.550166
user_c81fae29,11,user_96013176,0.549446
user_c81fae29,12,user_a00e0552,0.547976
user_c81fae29,13,user_74da5a13,0.544385
user_c81fae29,14,user_b1d0760b,0.543313
user_c81fae29,15,user_9d8095fc,0.535157
user_c883258f,1,user_c883258f,0.758194
user_c883258f,2,user_a5d9fab6,0.680693
user_c883258f,3,user_2c39731d,0.672928
user_c883258f,4,user_dc20c886,0.649397
user_c883258f,5,user_d7fde080,0.645825
user_c883258f,6,user_87e5d9b0,0.638734
user_c883258f,7,user_8afa3eba,0.636319
user_c883258f,8,user_22b484cb,0.619020
user_c883258f,9,user_18227c28,0.606865
user_c883258f,10,user_e8cdb142,0.603272
user_c883258f,11,user_8e5e899b,0.599984
user_c883258f,12,user_78eff25f,0.594605
user_c883258f,13,user_ff39b6cf,0.590404
user_c883258f,14,user_5ac1a174,0.583012
user_c883258f,15,user_903329bb,0.576772
user_c8e749e2,1,user_a2503734,0.785425
user_c8e749e2,2,user_829844fd,0.780110
user_c8e749e2,3,user_18522854,0.738006
user_c8e749e2,4,user_d20928cc,0.731465
user_c8e749e2,5,user_b2dd04c8,0.722261
user_c8e749e2,6,user_79a1811b,0.711693
user_c8e749e2,7,user_9ce96cbf,0.703584
user_c8e749e2,8,user_6d2cb415,0.701725
user_c8e749e2,9,user_c6f50d12,0.695491
user_c8e749e2,10,user_75251485,0.687330
user_c8e749e2,11,user_61f90240,0.681392
user_c8e749e2,12,user_f14dc486,0.681379
user_c8e749e2,13,user_5d1b0daf,0.678291
user_c8e749e2,14,user_515ae840,0.677007
user_c8e749e2,15,user_2b03934e,0.672638
user_c903d3bb,1,user_c903d3bb,0.865381
user_c903d3bb,2,user_13fb2e34,0.858680
user_c903d3bb,3,user_09dea596,0.794829
user_c903d3bb,4,user_c50a487d,0.783974
user_c903d3bb,5,user_cbabbcee,0.759756
user_c903d3bb,6,user_02fecea2,0.755208
user_c903d3bb,7,user_cd100edd,0.750728
user_c903d3bb,8,user_1a7d6cd5,0.737982
user_c903d3bb,9,user_03410579,0.732610
user_c903d3bb,10,user_b9b94432,0.730191
user_c903d3bb,11,user_e8ff8a9a,0.730181
user_c903d3bb,12,user_93cdb7a1,0.725506
user_c903d3bb,13,user_364bb955,0.720743
user_c903d3bb,14,user_6c2d672f,0.707722
user_c903d3bb,15,user_66772d98,0.697570
user_c96b90fe,1,user_8ac8f24f,0.793711
user_c96b90fe,2,user_d6175d39,0.788559
user_c96b90fe,3,user_b6350ec1,0.777267
user_c96b90fe,4,user_fba6bcd4,0.776542
user_c96b90fe,5,user_c008345b,0.766988
user_c96b90fe,6,user_8663226a,0.753834
user_c96b90fe,7,user_b16e0cf8,0.751144
user_c96b90fe,8,user_1a2755b3,0.749970
user_c96b90fe,9,user_e802076d,0.745175
user_c96b90fe,10,user_d1d16d30,0.743798
user_c96b90fe,11,user_a01f16ac,0.739490
user_c96b90fe,12,user_cbabbcee,0.736615
user_c96b90fe,13,user_c39d41d7,0.736347
user_c96b90fe,14,user_c96b90fe,0.735272
user_c96b90fe,15,user_3ff3188b,0.733664
user_c994138f,1,user_55058479,0.776812
user_c994138f,2,user_9bee2a7c,0.732811
user_c994138f,3,user_f930e37f,0.720029
user_c994138f,4,user_67acd9b1,0.701486
user_c994138f,5,user_9a5457b0,0.700463
user_c994138f,6,user_69a4dd06,0.700354
user_c994138f,7,user_5159d3a1,0.698259
user_c994138f,8,user_9351238d,0.693071
user_c994138f,9,user_b1c16312,0.692672
user_c994138f,10,user_454733da,0.692029
user_c994138f,11,user_8006727d,0.688942
user_c994138f,12,user_9571d0d5,0.686294
user_c994138f,13,user_8f8346ad,0.683596
user_c994138f,14,user_226be32f,0.680941
user_c994138f,15,user_2e05a7a0,0.680468
user_caa6a7b6,1,user_7b052f32,0.839936
user_caa6a7b6,2,user_500badda,0.838236
user_caa6a7b6,3,user_fdcaaf41,0.834217
user_caa6a7b6,4,user_df8dc9bb,0.832442
user_caa6a7b6,5,user_6fc85c06,0.831918
user_caa6a7b6,6,user_e6057285,0.821320
user_caa6a7b6,7,user_c06d9b71,0.820814
user_caa6a7b6,8,user_89e04335,0.818786
user_caa6a7b6,9,user_7f56f9a5,0.816871
user_caa6a7b6,10,user_f0cf195f,0.816793
user_caa6a7b6,11,user_83afc7b2,0.815217
user_caa6a7b6,12,user_f4f9490d,0.814597
user_caa6a7b6,13,user_d1d16d30,0.813776
user_caa6a7b6,14,user_aabd2642,0.813431
user_caa6a7b6,15,user_f60a09b3,0.813016
user_caebed72,1,user_2d74cd4c,0.826390
user_caebed72,2,user_b325310b,0.814339
user_caebed72,3,user_9dda4af9,0.808252
user_caebed72,4,user_b49274ca,0.805432
user_caebed72,5,user_84e93af7,0.788161
user_caebed72,6,user_08aa624b,0.786227
user_caebed72,7,user_a8c2208d,0.784149
user_caebed72,8,user_ee89e069,0.782665
user_caebed72,9,user_6bb64984,0.781540
user_caebed72,10,user_8663226a,0.780462
user_caebed72,11,user_bdcc6e7d,0.771630
user_caebed72,12,user_417702c5,0.770383
user_caebed72,13,user_4db0d490,0.770320
user_caebed72,14,user_8a760553,0.769385
user_caebed72,15,user_c39d41d7,0.768865
user_cb2fe204,1,user_f60a09b3,0.809507
user_cb2fe204,2,user_165a2706,0.795123
user_cb2fe204,3,user_5c82df31,0.794813
user_cb2fe204,4,user_fca58a87,0.790460
user_cb2fe204,5,user_d758a0a1,0.782707
user_cb2fe204,6,user_bd05225b,0.781389
user_cb2fe204,7,user_6fc85c06,0.779232
user_cb2fe204,8,user_9ee84e18,0.769118
user_cb2fe204,9,user_f51339f8,0.764576
user_cb2fe204,10,user_f4f9490d,0.760980
user_cb2fe204,11,user_058d9dc1,0.758026
user_cb2fe204,12,user_c008345b,0.757729
user_cb2fe204,13,user_5993b36a,0.753440
user_cb2fe204,14,user_84c14a6f,0.750925
user_cb2fe204,15,user_cb2fe204,0.749749
user_cb8245f7,1,user_0e408c4a,0.818591
user_cb8245f7,2,user_02016939,0.781902
user_cb8245f7,3,user_0ff0b922,0.777497
user_cb8245f7,4,user_f030b951,0.772412
user_cb8245f7,5,user_fba6bcd4,0.770503
user_cb8245f7,6,user_70bbda36,0.759999
user_cb8245f7,7,user_6476648d,0.759555
user_cb8245f7,8,user_9a307ebe,0.754890
user_cb8245f7,9,user_81c4dae1,0.753819
user_cb8245f7,10,user_40efa894,0.748540
user_cb8245f7,11,user_3971c3e6,0.744492
user_cb8245f7,12,user_c34e791e,0.744106
user_cb8245f7,13,user_e696f3ae,0.742282
user_cb8245f7,14,user_e802076d,0.739188
user_cb8245f7,15,user_657c72ca,0.737747
user_cdd86523,1,user_dc326993,0.808632
user_cdd86523,2,user_6d071251,0.802999
user_cdd86523,3,user_cdd86523,0.801422
user_cdd86523,4,user_e6057285,0.797129
user_cdd86523,5,user_9600e8bf,0.795174
user_cdd86523,6,user_41d0c897,0.789647
user_cdd86523,7,user_f51339f8,0.789283
user_cdd86523,8,user_89e04335,0.789242
user_cdd86523,9,user_ef954c6e,0.786407
user_cdd86523,10,user_cf393213,0.785225
user_cdd86523,11,user_3ae49e46,0.783867
user_cdd86523,12,user_1b7f8c56,0.781703
user_cdd86523,13,user_2dd5b531,0.779072
user_cdd86523,14,user_ebddf9c1,0.778751
user_cdd86523,15,user_c06d9b71,0.778319
user_cf393213,1,user_e6057285,0.821722
user_cf393213,2,user_cf393213,0.817486
user_cf393213,3,user_8be3f554,0.791300
user_cf393213,4,user_c35d6565,0.790730
user_cf393213,5,user_394c25cc,0.783572
user_cf393213,6,user_9a307ebe,0.782066
user_cf393213,7,user_89e04335,0.781403
user_cf393213,8,user_586752e4,0.770925
user_cf393213,9,user_ee8d5ec5,0.770132
user_cf393213,10,user_b350e22b,0.769830
user_cf393213,11,user_3ae49e46,0.768013
user_cf393213,12,user_38dc2894,0.767536
user_cf393213,13,user_a151ddab,0.767254
user_cf393213,14,user_e838707b,0.763479
user_cf393213,15,user_a6c5a10c,0.763286
user_d023a78e,1,user_fb64cb55,0.879363
user_d023a78e,2,user_835666af,0.837659
user_d023a78e,3,user_737dd050,0.822661
user_d023a78e,4,user_165a2706,0.819559
user_d023a78e,5,user_acb51eed,0.808082
user_d023a78e,6,user_aa4cc34a,0.805324
user_d023a78e,7,user_903329bb,0.797533
user_d023a78e,8,user_8e97a154,0.791556
user_d023a78e,9,user_5993b36a,0.782644
user_d023a78e,10,user_d10d1f24,0.759487
user_d023a78e,11,user_0cc626ee,0.758372
user_d023a78e,12,user_940c7213,0.753251
user_d023a78e,13,user_9ee84e18,0.751346
user_d023a78e,14,user_2dc10d2d,0.748714
user_d023a78e,15,user_33c6501d,0.748068
user_d036c911,1,user_e6dd44b0,0.843339
user_d036c911,2,user_96013176,0.828186
user_d036c911,3,user_a7bfc229,0.822578
user_d036c911,4,user_88b2faba,0.821987
user_d036c911,5,user_7a7dda35,0.819579
user_d036c911,6,user_2c69b83e,0.816823
user_d036c911,7,user_e5a6abbe,0.814737
user_d036c911,8,user_d6175d39,0.814548
user_d036c911,9,user_7b5f54c0,0.812031
user_d036c911,10,user_73f34c5d,0.807655
user_d036c911,11,user_2e81a539,0.806840
user_d036c911,12,user_3971c3e6,0.806767
user_d036c911,13,user_df3c19a7,0.805407
user_d036c911,14,user_fba6bcd4,0.803527
user_d036c911,15,user_2920b35e,0.801784
user_d074356a,1,user_fb8f46c8,0.638011
user_d074356a,2,user_a3a4a20a,0.620009
user_d074356a,3,user_ffe2efae,0.607980
user_d074356a,4,user_07ec3726,0.603941
user_d074356a,5,user_ab86ab82,0.595468
user_d074356a,6,user_a75b16f2,0.592923
user_d074356a,7,user_9c88ee3d,0.591396
user_d074356a,8,user_94cad3a5,0.586020
user_d074356a,9,user_166a3647,0.585895
user_d074356a,10,user_c7beef01,0.583337
user_d074356a,11,user_815b7baf,0.581672
user_d074356a,12,user_4f3b6241,0.578866
user_d074356a,13,user_4a57e449,0.576092
user_d074356a,14,user_7709815a,0.575928
user_d074356a,15,user_3b79395c,0.573768
user_d10d1f24,1,user_b325310b,0.878073
user_d10d1f24,2,user_940c7213,0.852199
user_d10d1f24,3,user_aa2fbe83,0.837162
user_d10d1f24,4,user_00723699,0.834883
user_d10d1f24,5,user_f8e2246f,0.834578
user_d10d1f24,6,user_acb51eed,0.824938
user_d10d1f24,7,user_2cb4b018,0.823867
user_d10d1f24,8,user_95d648bc,0.818351
user_d10d1f24,9,user_b6b89f00,0.817101
user_d10d1f24,10,user_2d74cd4c,0.816804
user_d10d1f24,11,user_d3663143,0.816413
user_d10d1f24,12,user_1b7f8c56,0.816306
user_d10d1f24,13,user_afff552a,0.816131
user_d10d1f24,14,user_aabd2642,0.802829
user_d10d1f24,15,user_71b9b8e0,0.797257
user_d14b7d7b,1,user_d4c7b4c0,0.652110
user_d14b7d7b,2,user_83b871b5,0.649738
user_d14b7d7b,3,user_a7b901f2,0.649569
user_d14b7d7b,4,user_66772d98,0.641073
user_d14b7d7b,5,user_9d8095fc,0.636585
user_d14b7d7b,6,user_72bed676,0.633904
user_d14b7d7b,7,user_e802076d,0.627869
user_d14b7d7b,8,user_caaef3ca,0.624298
user_d14b7d7b,9,user_3bc84c13,0.615079
user_d14b7d7b,10,user_daf37424,0.614720
user_d14b7d7b,11,user_394c25cc,0.613991
user_d14b7d7b,12,user_c994138f,0.611127
user_d14b7d7b,13,user_586752e4,0.608789
user_d14b7d7b,14,user_10e64e28,0.608633
user_d14b7d7b,15,user_d50d7985,0.607344
user_d1d16d30,1,user_9c5071dd,0.855071
user_d1d16d30,2,user_9d786aa8,0.824752
user_d1d16d30,3,user_d1d16d30,0.815416
user_d1d16d30,4,user_bd6a40d5,0.802677
user_d1d16d30,5,user_a8c2208d,0.795502
user_d1d16d30,6,user_f51339f8,0.782330
user_d1d16d30,7,user_caa6a7b6,0.777651
user_d1d16d30,8,user_ebddf9c1,0.771278
user_d1d16d30,9,user_5a283043,0.763083
user_d1d16d30,10,user_c06d9b71,0.743751
user_d1d16d30,11,user_cdd86523,0.742575
user_d1d16d30,12,user_a2480011,0.740614
user_d1d16d30,13,user_a743aff9,0.739008
user_d1d16d30,14,user_1b7f8c56,0.737865
user_d1d16d30,15,user_7924afc9,0.724523
user_d2c97c8e,1,user_64cd3098,0.839701
user_d2c97c8e,2,user_83e45cc0,0.837654
user_d2c97c8e,3,user_daf59045,0.820067
user_d2c97c8e,4,user_04f39d22,0.819462
user_d2c97c8e,5,user_1fb8e9e5,0.813965
user_d2c97c8e,6,user_c34e791e,0.813725
user_d2c97c8e,7,user_82c86537,0.813427
user_d2c97c8e,8,user_74cfb8ef,0.803216
user_d2c97c8e,9,user_f5e1eee0,0.799620
user_d2c97c8e,10,user_7de6f343,0.795065
user_d2c97c8e,11,user_d2c97c8e,0.790158
user_d2c97c8e,12,user_bf30f80d,0.785940
user_d2c97c8e,13,user_f7fd2885,0.784176
user_d2c97c8e,14,user_40efa894,0.783311
user_d2c97c8e,15,user_e696f3ae,0.781580
user_d4b7e22e,1,user_efa5697b,0.832571
user_d4b7e22e,2,user_d4b7e22e,0.734213
user_d4b7e22e,3,user_7d944883,0.732238
user_d4b7e22e,4,user_3eb49f37,0.703017
user_d4b7e22e,5,user_7322f4ef,0.700225
user_d4b7e22e,6,user_dac2c359,0.683640
user_d4b7e22e,7,user_ab30f0fb,0.668366
user_d4b7e22e,8,user_058d9dc1,0.660973
user_d4b7e22e,9,user_e4f8ab0c,0.649484
user_d4b7e22e,10,user_5ac1a174,0.630317
user_d4b7e22e,11,user_ed3091a2,0.624343
user_d4b7e22e,12,user_9ee84e18,0.623233
user_d4b7e22e,13,user_233fda02,0.616816
user_d4b7e22e,14,user_1d775dd8,0.611028
user_d4b7e22e,15,user_3b90fb53,0.608285
user_d50d7985,1,user_0c578ab5,0.788939
user_d50d7985,2,user_1246b252,0.785502
user_d50d7985,3,user_81a80789,0.779814
user_d50d7985,4,user_df8dc9bb,0.778098
user_d50d7985,5,user_7b5f54c0,0.767071
user_d50d7985,6,user_b0129d9e,0.761126
user_d50d7985,7,user_0d32f0ed,0.758180
user_d50d7985,8,user_166a3647,0.757745
user_d50d7985,9,user_03410579,0.753999
user_d50d7985,10,user_cbabbcee,0.750332
user_d50d7985,11,user_70bbda36,0.749748
user_d50d7985,12,user_e7ff2beb,0.745950
user_d50d7985,13,user_8fb63eca,0.745243
user_d50d7985,14,user_25798310,0.742053
user_d50d7985,15,user_aabd2642,0.740542
user_d5d4fc6e,1,user_d0a0f883,0.710809
user_d5d4fc6e,2,user_903329bb,0.706407
user_d5d4fc6e,3,user_ed3091a2,0.698982
user_d5d4fc6e,4,user_d5d4fc6e,0.692415
user_d5d4fc6e,5,user_e7a55eac,0.686174
user_d5d4fc6e,6,user_2c39731d,0.684219
user_d5d4fc6e,7,user_8afa3eba,0.661193
user_d5d4fc6e,8,user_1bcbacb3,0.657337
user_d5d4fc6e,9,user_c60d65b5,0.653429
user_d5d4fc6e,10,user_233fda02,0.653386
user_d5d4fc6e,11,user_18227c28,0.652895
user_d5d4fc6e,12,user_8e5e899b,0.652612
user_d5d4fc6e,13,user_e8cdb142,0.647221
user_d5d4fc6e,14,user_e8d15537,0.645458
user_d5d4fc6e,15,user_22b484cb,0.643658
user_d761140c,1,user_f5fea76f,0.753213
user_d761140c,2,user_92fe4471,0.744485
user_d761140c,3,user_eda37c14,0.742928
user_d761140c,4,user_7b4c75ab,0.716878
user_d761140c,5,user_858fa00c,0.715391
user_d761140c,6,user_414a6eaf,0.712309
user_d761140c,7,user_a8dc91a3,0.699387
user_d761140c,8,user_79f04645,0.696618
user_d761140c,9,user_22adb798,0.692116
user_d761140c,10,user_ce424e88,0.690917
user_d761140c,11,user_737d3148,0.677611
user_d761140c,12,user_01916bd2,0.670459
user_d761140c,13,user_4144252d,0.666030
user_d761140c,14,user_e59c000f,0.664658
user_d761140c,15,user_29cd4556,0.660374
user_d849ac6e,1,user_adab54a0,0.874692
user_d849ac6e,2,user_b49274ca,0.853842
user_d849ac6e,3,user_69df6330,0.848931
user_d849ac6e,4,user_4db0d490,0.842344
user_d849ac6e,5,user_15179955,0.841593
user_d849ac6e,6,user_b6d05d1d,0.832705
user_d849ac6e,7,user_9dda4af9,0.831313
user_d849ac6e,8,user_f654c33b,0.828530
user_d849ac6e,9,user_c35d6565,0.824592
user_d849ac6e,10,user_7924afc9,0.818526
user_d849ac6e,11,user_e8d15537,0.817761
user_d849ac6e,12,user_1a2755b3,0.815132
user_d849ac6e,13,user_c39d41d7,0.813937
user_d849ac6e,14,user_2dd5b531,0.812839
user_d849ac6e,15,user_8fe14601,0.812451
user_d955d7e2,1,user_d955d7e2,0.870784
user_d955d7e2,2,user_8d22714e,0.858461
user_d955d7e2,3,user_723406a0,0.847870
user_d955d7e2,4,user_91f807b9,0.830265
user_d955d7e2,5,user_636ad58f,0.828822
user_d955d7e2,6,user_5881b259,0.821085
user_d955d7e2,7,user_e5a6abbe,0.814049
user_d955d7e2,8,user_c39d41d7,0.810344
user_d955d7e2,9,user_c5f32c0d,0.801450
user_d955d7e2,10,user_88b2faba,0.799032
user_d955d7e2,11,user_dd0bd02d,0.798685
user_d955d7e2,12,user_d199bef3,0.796450
user_d955d7e2,13,user_d70942c1,0.795659
user_d955d7e2,14,user_50e2a836,0.795490
user_d955d7e2,15,user_c96b90fe,0.788101
user_da51dede,1,user_fba6bcd4,0.783676
user_da51dede,2,user_500badda,0.756407
user_da51dede,3,user_02016939,0.752591
user_da51dede,4,user_40efa894,0.748404
user_da51dede,5,user_1b7f8c56,0.737842
user_da51dede,6,user_aa2fbe83,0.734042
user_da51dede,7,user_da51dede,0.733948
user_da51dede,8,user_ef954c6e,0.733721
user_da51dede,9,user_ae306850,0.732981
user_da51dede,10,user_a3a4a20a,0.732888
user_da51dede,11,user_3ff3188b,0.732197
user_da51dede,12,user_e6dd44b0,0.732065
user_da51dede,13,user_81c4dae1,0.730078
user_da51dede,14,user_95d648bc,0.729296
user_da51dede,15,user_f030b951,0.728562
user_dac2c359,1,user_dac2c359,0.804565
user_dac2c359,2,user_efa5697b,0.770520
user_dac2c359,3,user_d758a0a1,0.769874
user_dac2c359,4,user_14a2d3c6,0.757880
user_dac2c359,5,user_a4a77a7d,0.738151
user_dac2c359,6,user_7aa3746b,0.724666
user_dac2c359,7,user_5ac1a174,0.723864
user_dac2c359,8,user_ab30f0fb,0.718367
user_dac2c359,9,user_d6a91e61,0.717866
user_dac2c359,10,user_0669bdf6,0.711332
user_dac2c359,11,user_2b271761,0.709482
user_dac2c359,12,user_0e82fe11,0.705683
user_dac2c359,13,user_5881b259,0.704429
user_dac2c359,14,user_058d9dc1,0.699143
user_dac2c359,15,user_3f2fbc90,0.698284
user_daf37424,1,user_b6d05d1d,0.849903
user_daf37424,2,user_8fe14601,0.825125
user_daf37424,3,user_d93b53bd,0.822573
user_daf37424,4,user_4db0d490,0.820140
user_daf37424,5,user_29cd4556,0.814760
user_daf37424,6,user_c35d6565,0.803863
user_daf37424,7,user_9dda4af9,0.802437
user_daf37424,8,user_c2f18cf7,0.796804
user_daf37424,9,user_bdcc6e7d,0.795856
user_daf37424,10,user_56e6d0cd,0.791116
user_daf37424,11,user_0eb2abf1,0.786762
user_daf37424,12,user_daf37424,0.786528
user_daf37424,13,user_8be3f554,0.785236
user_daf37424,14,user_57c1d6c0,0.784063
user_daf37424,15,user_adab54a0,0.782433
user_db4c3fb9,1,user_b9d253e8,0.779957
user_db4c3fb9,2,user_a7145605,0.732021
user_db4c3fb9,3,user_cc1c8897,0.726620
user_db4c3fb9,4,user_476670f9,0.724349
user_db4c3fb9,5,user_166a3647,0.705944
user_db4c3fb9,6,user_ac6d6bff,0.703067
user_db4c3fb9,7,user_3ff88cf0,0.701783
user_db4c3fb9,8,user_81c4dae1,0.692897
user_db4c3fb9,9,user_c92c8f83,0.689629
user_db4c3fb9,10,user_3850eb9e,0.689436
user_db4c3fb9,11,user_032f6993,0.683186
user_db4c3fb9,12,user_83b871b5,0.682917
user_db4c3fb9,13,user_ae306850,0.681419
user_db4c3fb9,14,user_b14ec02b,0.676886
user_db4c3fb9,15,user_25652863,0.675070
user_dbbf562e,1,user_9a5457b0,0.801086
user_dbbf562e,2,user_9b6481e4,0.775001
user_dbbf562e,3,user_ffe2efae,0.771565
user_dbbf562e,4,user_5159d3a1,0.770824
user_dbbf562e,5,user_67acd9b1,0.768481
user_dbbf562e,6,user_f930e37f,0.749733
user_dbbf562e,7,user_16ac4154,0.748761
user_dbbf562e,8,user_b2aba63a,0.742126
user_dbbf562e,9,user_94cad3a5,0.739979
user_dbbf562e,10,user_9351238d,0.736995
user_dbbf562e,11,user_3bc84c13,0.734742
user_dbbf562e,12,user_55058479,0.731555
user_dbbf562e,13,user_9fe4e0f5,0.721042
user_dbbf562e,14,user_c7beef01,0.720788
user_dbbf562e,15,user_3353b96b,0.720540
user_dc326993,1,user_c35d6565,0.834653
user_dc326993,2,user_adab54a0,0.820503
user_dc326993,3,user_54c1ebee,0.816221
user_dc326993,4,user_394c25cc,0.815090
user_dc326993,5,user_c994138f,0.814036
user_dc326993,6,user_8be3f554,0.813237
user_dc326993,7,user_e6057285,0.811674
user_dc326993,8,user_daf37424,0.806693
user_dc326993,9,user_1a2755b3,0.805351
user_dc326993,10,user_ef954c6e,0.804161
user_dc326993,11,user_9dda4af9,0.802419
user_dc326993,12,user_15179955,0.802353
user_dc326993,13,user_36d44add,0.801136
user_dc326993,14,user_1b7f8c56,0.800640
user_dc326993,15,user_dae4304f,0.798425
user_dc32d458,1,user_c5f32c0d,0.806390
user_dc32d458,2,user_e5a6abbe,0.796979
user_dc32d458,3,user_5b714afd,0.793110
user_dc32d458,4,user_d6175d39,0.786685
user_dc32d458,5,user_954805d7,0.781922
user_dc32d458,6,user_54c1ebee,0.780558
user_dc32d458,7,user_83afc7b2,0.774646
user_dc32d458,8,user_9dda4af9,0.772518
user_dc32d458,9,user_b16e0cf8,0.767936
user_dc32d458,10,user_a6c5a10c,0.765180
user_dc32d458,11,user_c39d41d7,0.764040
user_dc32d458,12,user_636ad58f,0.762142
user_dc32d458,13,user_73623b4e,0.759442
user_dc32d458,14,user_858fa00c,0.758401
user_dc32d458,15,user_3971c3e6,0.757131
user_dca78fea,1,user_dae4304f,0.777359
user_dca78fea,2,user_b16e0cf8,0.747065
user_dca78fea,3,user_4e800fa1,0.743181
user_dca78fea,4,user_a993555f,0.738060
user_dca78fea,5,user_886f7373,0.726868
user_dca78fea,6,user_ca6074df,0.726458
user_dca78fea,7,user_e6057285,0.719769
user_dca78fea,8,user_c204a1dd,0.717829
user_dca78fea,9,user_3971c3e6,0.717623
user_dca78fea,10,user_54c1ebee,0.716101
user_dca78fea,11,user_daf37424,0.715523
user_dca78fea,12,user_1a2755b3,0.714094
user_dca78fea,13,user_c35d6565,0.712167
user_dca78fea,14,user_30802254,0.703481
user_dca78fea,15,user_9a307ebe,0.703110
user_dd0bd02d,1,user_0e82fe11,0.847710
user_dd0bd02d,2,user_723406a0,0.841609
user_dd0bd02d,3,user_8d22714e,0.841502
user_dd0bd02d,4,user_f27da10a,0.819511
user_dd0bd02d,5,user_0cc626ee,0.812847
user_dd0bd02d,6,user_858fa00c,0.805722
user_dd0bd02d,7,user_ed3091a2,0.803454
user_dd0bd02d,8,user_0669bdf6,0.801529
user_dd0bd02d,9,user_5ac1a174,0.794753
user_dd0bd02d,10,user_bd05225b,0.790964
user_dd0bd02d,11,user_d758a0a1,0.787242
user_dd0bd02d,12,user_d955d7e2,0.782855
user_dd0bd02d,13,user_50e2a836,0.781701
user_dd0bd02d,14,user_884ffdb2,0.781492
user_dd0bd02d,15,user_29cd4556,0.779498
user_df8dc9bb,1,user_df8dc9bb,0.881711
user_df8dc9bb,2,user_8d22714e,0.869544
user_df8dc9bb,3,user_83afc7b2,0.844779
user_df8dc9bb,4,user_e8a7be73,0.839490
user_df8dc9bb,5,user_e802076d,0.839409
user_df8dc9bb,6,user_e59c000f,0.836960
user_df8dc9bb,7,user_f0cf195f,0.833392
user_df8dc9bb,8,user_f60a09b3,0.832900
user_df8dc9bb,9,user_0898fc4b,0.830885
user_df8dc9bb,10,user_f27da10a,0.821142
user_df8dc9bb,11,user_a01f16ac,0.817823
user_df8dc9bb,12,user_bd05225b,0.815220
user_df8dc9bb,13,user_147d1bbb,0.814804
user_df8dc9bb,14,user_5c5a0b40,0.814285
user_df8dc9bb,15,user_5b714afd,0.812721
user_dffc0da5,1,user_df8dc9bb,0.851146
user_dffc0da5,2,user_a01f16ac,0.833077
user_dffc0da5,3,user_83afc7b2,0.824176
user_dffc0da5,4,user_89e04335,0.811770
user_dffc0da5,5,user_5a6f92a6,0.809168
user_dffc0da5,6,user_a4893af1,0.808466
user_dffc0da5,7,user_79f38f6d,0.808132
user_dffc0da5,8,user_1936a7c3,0.801999
user_dffc0da5,9,user_f0cf195f,0.800440
user_dffc0da5,10,user_d96972e5,0.798036
user_dffc0da5,11,user_e8a7be73,0.797911
user_dffc0da5,12,user_d1d16d30,0.793456
user_dffc0da5,13,user_7b052f32,0.792242
user_dffc0da5,14,user_7a8f7f3e,0.784719
user_dffc0da5,15,user_c008345b,0.784449
user_e0c65725,1,user_166a3647,0.804538
user_e0c65725,2,user_7b5f54c0,0.794814
user_e0c65725,3,user_8713f22a,0.790194
user_e0c65725,4,user_25798310,0.783543
user_e0c65725,5,user_70bbda36,0.780685
user_e0c65725,6,user_02fecea2,0.779889
user_e0c65725,7,user_81a80789,0.778663
user_e0c65725,8,user_8fb63eca,0.778561
user_e0c65725,9,user_b0129d9e,0.776355
user_e0c65725,10,user_1a7d6cd5,0.775118
user_e0c65725,11,user_5c9b579a,0.774238
user_e0c65725,12,user_03410579,0.769174
user_e0c65725,13,user_1246b252,0.767787
user_e0c65725,14,user_b4d7e69a,0.766087
user_e0c65725,15,user_76638121,0.766082
user_e10c98bb,1,user_8e217d1b,0.499907
user_e10c98bb,2,user_e838707b,0.492244
user_e10c98bb,3,user_72b93300,0.491490
user_e10c98bb,4,user_b8daec75,0.479201
user_e10c98bb,5,user_beca29a3,0.479130
user_e10c98bb,6,user_efcacf59,0.470005
user_e10c98bb,7,user_3ae49e46,0.464989
user_e10c98bb,8,user_636d1da4,0.460811
user_e10c98bb,9,user_6deada35,0.459049
user_e10c98bb,10,user_043ea160,0.451351
user_e10c98bb,11,user_0697c470,0.450575
user_e10c98bb,12,user_3535252b,0.446138
user_e10c98bb,13,user_7a7dda35,0.446038
user_e10c98bb,14,user_d691d016,0.446000
user_e10c98bb,15,user_394c25cc,0.443886
user_e14b88a8,1,user_fa69a385,0.600840
user_e14b88a8,2,user_8c0c7619,0.584208
user_e14b88a8,3,user_683369b1,0.563108
user_e14b88a8,4,user_397cfe20,0.562630
user_e14b88a8,5,user_3666402b,0.561808
user_e14b88a8,6,user_0bd8ba7c,0.553612
user_e14b88a8,7,user_c0392523,0.550215
user_e14b88a8,8,user_19622b77,0.540011
user_e14b88a8,9,user_d14b7d7b,0.533764
user_e14b88a8,10,user_8006727d,0.511213
user_e14b88a8,11,user_815b7baf,0.503551
user_e14b88a8,12,user_2c3eb234,0.496875
user_e14b88a8,13,user_e14b88a8,0.488287
user_e14b88a8,14,user_4e42bf97,0.487537
user_e14b88a8,15,user_92fe4471,0.486178
user_e1730a9c,1,user_4384dffe,0.763665
user_e1730a9c,2,user_f43d6008,0.740398
user_e1730a9c,3,user_5d1b0daf,0.731319
user_e1730a9c,4,user_c32db875,0.706359
user_e1730a9c,5,user_4bf6a4a0,0.697573
user_e1730a9c,6,user_39939c54,0.695765
user_e1730a9c,7,user_6b311f43,0.694244
user_e1730a9c,8,user_19952166,0.677069
user_e1730a9c,9,user_6d2cb415,0.676155
user_e1730a9c,10,user_ca6074df,0.672287
user_e1730a9c,11,user_582ff5b2,0.670273
user_e1730a9c,12,user_092e219d,0.669921
user_e1730a9c,13,user_2f766c23,0.668459
user_e1730a9c,14,user_d20928cc,0.668066
user_e1730a9c,15,user_650da71b,0.662654
user_e409a56d,1,user_56e6d0cd,0.822825
user_e409a56d,2,user_e409a56d,0.820765
user_e409a56d,3,user_c34e791e,0.793781
user_e409a56d,4,user_57c1d6c0,0.778604
user_e409a56d,5,user_2efde048,0.773520
user_e409a56d,6,user_58bfeaad,0.769074
user_e409a56d,7,user_b2aba63a,0.765555
user_e409a56d,8,user_c92c8f83,0.761780
user_e409a56d,9,user_81c4dae1,0.752053
user_e409a56d,10,user_53b85563,0.750268
user_e409a56d,11,user_33b2b77f,0.747479
user_e409a56d,12,user_b6d05d1d,0.746281
user_e409a56d,13,user_164fe4b8,0.745180
user_e409a56d,14,user_1a4bec69,0.744811
user_e409a56d,15,user_a3a4a20a,0.736388
user_e4ab67b6,1,user_8e5e899b,0.660206
user_e4ab67b6,2,user_5ac1a174,0.609674
user_e4ab67b6,3,user_903329bb,0.593214
user_e4ab67b6,4,user_78eff25f,0.592424
user_e4ab67b6,5,user_e8cdb142,0.590188
user_e4ab67b6,6,user_dc20c886,0.581335
user_e4ab67b6,7,user_a5d9fab6,0.579403
user_e4ab67b6,8,user_ed3091a2,0.575932
user_e4ab67b6,9,user_2c39731d,0.570406
user_e4ab67b6,10,user_7d944883,0.567454
user_e4ab67b6,11,user_858fa00c,0.558700
user_e4ab67b6,12,user_87e5d9b0,0.558635
user_e4ab67b6,13,user_835666af,0.558080
user_e4ab67b6,14,user_1bcbacb3,0.551705
user_e4ab67b6,15,user_233fda02,0.551027
user_e4f8ab0c,1,user_a57e47b1,0.856108
user_e4f8ab0c,2,user_03969305,0.839875
user_e4f8ab0c,3,user_058c1800,0.834916
user_e4f8ab0c,4,user_f930e37f,0.820018
user_e4f8ab0c,5,user_cdd86523,0.816188
user_e4f8ab0c,6,user_88b2faba,0.809583
user_e4f8ab0c,7,user_40a0bad3,0.806072
user_e4f8ab0c,8,user_6fc85c06,0.803638
user_e4f8ab0c,9,user_4f755977,0.801750
user_e4f8ab0c,10,user_bd05225b,0.795323
user_e4f8ab0c,11,user_9ee84e18,0.793413
user_e4f8ab0c,12,user_9571d0d5,0.793031
user_e4f8ab0c,13,user_5526cbfd,0.792117
user_e4f8ab0c,14,user_e6dd44b0,0.789117
user_e4f8ab0c,15,user_fba6bcd4,0.782839
user_e51692a6,1,user_9a307ebe,0.744590
user_e51692a6,2,user_3971c3e6,0.743093
user_e51692a6,3,user_70bbda36,0.740455
user_e51692a6,4,user_d2c97c8e,0.739729
user_e51692a6,5,user_fcf93ee8,0.737731
user_e51692a6,6,user_500badda,0.727774
user_e51692a6,7,user_df8dc9bb,0.726959
user_e51692a6,8,user_3e284ba5,0.726251
user_e51692a6,9,user_4bd9303b,0.724678
user_e51692a6,10,user_02016939,0.723583
user_e51692a6,11,user_5a6f92a6,0.721337
user_e51692a6,12,user_03410579,0.720723
user_e51692a6,13,user_586752e4,0.720639
user_e51692a6,14,user_5c9b579a,0.720183
user_e51692a6,15,user_ed1aaed8,0.719935
user_e59c000f,1,user_daf37424,0.723101
user_e59c000f,2,user_3b79395c,0.701005
user_e59c000f,3,user_16b87e34,0.699726
user_e59c000f,4,user_586752e4,0.695551
user_e59c000f,5,user_eda37c14,0.694088
user_e59c000f,6,user_e8e9acac,0.692778
user_e59c000f,7,user_a411fb06,0.692439
user_e59c000f,8,user_3f2894b5,0.688989
user_e59c000f,9,user_3666402b,0.687907
user_e59c000f,10,user_9ee84e18,0.686186
user_e59c000f,11,user_414a6eaf,0.684546
user_e59c000f,12,user_c994138f,0.681910
user_e59c000f,13,user_107259c3,0.680835
user_e59c000f,14,user_ab86ab82,0.677041
user_e59c000f,15,user_92fe4471,0.676155
user_e5f67397,1,user_9c88ee3d,0.660112
user_e5f67397,2,user_3353b96b,0.639910
user_e5f67397,3,user_a411fb06,0.626699
user_e5f67397,4,user_efb27a8e,0.621783
user_e5f67397,5,user_9fe4e0f5,0.602420
user_e5f67397,6,user_0128a546,0.600596
user_e5f67397,7,user_1246b252,0.582029
user_e5f67397,8,user_ffe2efae,0.577308
user_e5f67397,9,user_aa4cc34a,0.576238
user_e5f67397,10,user_c7beef01,0.572028
user_e5f67397,11,user_7709815a,0.567771
user_e5f67397,12,user_94cad3a5,0.567626
user_e5f67397,13,user_7f623d19,0.567451
user_e5f67397,14,user_88e84020,0.562996
user_e5f67397,15,user_1f636ddc,0.558618
user_e64d80ba,1,user_e64d80ba,0.881974
user_e64d80ba,2,user_b4f295b3,0.805811
user_e64d80ba,3,user_0ff0b922,0.766770
user_e64d80ba,4,user_9571d0d5,0.733346
user_e64d80ba,5,user_ded778b8,0.730326
user_e64d80ba,6,user_70bbda36,0.721284
user_e64d80ba,7,user_107259c3,0.720588
user_e64d80ba,8,user_9a307ebe,0.716968
user_e64d80ba,9,user_434f3511,0.715172
user_e64d80ba,10,user_b2aba63a,0.708326
user_e64d80ba,11,user_c34e791e,0.705792
user_e64d80ba,12,user_586752e4,0.705219
user_e64d80ba,13,user_1df51301,0.703054
user_e64d80ba,14,user_8713f22a,0.702486
user_e64d80ba,15,user_d2c97c8e,0.701768
user_e6dd44b0,1,user_aabd2642,0.776504
user_e6dd44b0,2,user_f930e37f,0.764978
user_e6dd44b0,3,user_1ef33a43,0.758848
user_e6dd44b0,4,user_2e81a539,0.757150
user_e6dd44b0,5,user_a3a4a20a,0.756395
user_e6dd44b0,6,user_954805d7,0.753902
user_e6dd44b0,7,user_88b2faba,0.748923
user_e6dd44b0,8,user_efcacf59,0.747381
user_e6dd44b0,9,user_cda36a95,0.742835
user_e6dd44b0,10,user_8be3f554,0.742106
user_e6dd44b0,11,user_96013176,0.742088
user_e6dd44b0,12,user_8d968cfb,0.741863
user_e6dd44b0,13,user_c39d41d7,0.741230
user_e6dd44b0,14,user_e6057285,0.740730
user_e6dd44b0,15,user_183b3783,0.740421
user_e7a55eac,1,user_54c1ebee,0.874367
user_e7a55eac,2,user_c5f32c0d,0.841138
user_e7a55eac,3,user_73623b4e,0.840098
user_e7a55eac,4,user_e5a6abbe,0.839960
user_e7a55eac,5,user_5c5a0b40,0.839242
user_e7a55eac,6,user_b16e0cf8,0.835180
user_e7a55eac,7,user_02d03e8a,0.834376
user_e7a55eac,8,user_d6175d39,0.830823
user_e7a55eac,9,user_e6057285,0.820390
user_e7a55eac,10,user_c35d6565,0.816383
user_e7a55eac,11,user_c994138f,0.816229
user_e7a55eac,12,user_96013176,0.815414
user_e7a55eac,13,user_2373103d,0.814742
user_e7a55eac,14,user_3971c3e6,0.812645
user_e7a55eac,15,user_b6350ec1,0.809857
user_e802076d,1,user_4a57e449,0.759871
user_e802076d,2,user_65d73ac1,0.726241
user_e802076d,3,user_ab86ab82,0.719941
user_e802076d,4,user_406c399e,0.719503
user_e802076d,5,user_8a3bbeb2,0.697103
user_e802076d,6,user_0bd8ba7c,0.690648
user_e802076d,7,user_c7beef01,0.690463
user_e802076d,8,user_8be3f554,0.687141
user_e802076d,9,user_66a7ce5a,0.683004
user_e802076d,10,user_ffe2efae,0.679431
user_e802076d,11,user_32934d38,0.672514
user_e802076d,12,user_07ec3726,0.670207
user_e802076d,13,user_efb27a8e,0.665237
user_e802076d,14,user_a16d1fb6,0.659407
user_e802076d,15,user_daf37424,0.658030
user_e838707b,1,user_205d25f3,0.839149
user_e838707b,2,user_fba6bcd4,0.831089
user_e838707b,3,user_95d648bc,0.825375
user_e838707b,4,user_1b7f8c56,0.818531
user_e838707b,5,user_b325310b,0.817932
user_e838707b,6,user_ef954c6e,0.809549
user_e838707b,7,user_2cb4b018,0.805748
user_e838707b,8,user_aa2fbe83,0.802239
user_e838707b,9,user_1f1dc5e0,0.799507
user_e838707b,10,user_ef05ad51,0.798325
user_e838707b,11,user_e6057285,0.793476
user_e838707b,12,user_aabd2642,0.792597
user_e838707b,13,user_1936a7c3,0.785658
user_e838707b,14,user_72b93300,0.783239
user_e838707b,15,user_bbe73426,0.783213
user_e8613813,1,user_c994138f,0.869692
user_e8613813,2,user_daf37424,0.837054
user_e8613813,3,user_147d1bbb,0.832555
user_e8613813,4,user_586752e4,0.832269
user_e8613813,5,user_ed1aaed8,0.829289
user_e8613813,6,user_54c1ebee,0.827261
user_e8613813,7,user_8dd20d7f,0.824572
user_e8613813,8,user_5526cbfd,0.810733
user_e8613813,9,user_b350e22b,0.807237
user_e8613813,10,user_d691d016,0.804815
user_e8613813,11,user_df8dc9bb,0.804772
user_e8613813,12,user_1df51301,0.802919
user_e8613813,13,user_03969305,0.802130
user_e8613813,14,user_9a307ebe,0.798017
user_e8613813,15,user_f930e37f,0.796195
user_e88c308b,1,user_c34e791e,0.844664
user_e88c308b,2,user_3ff3188b,0.838445
user_e88c308b,3,user_57c1d6c0,0.832131
user_e88c308b,4,user_f030b951,0.820297
user_e88c308b,5,user_e6dd44b0,0.819875
user_e88c308b,6,user_a3a4a20a,0.819531
user_e88c308b,7,user_dd6e7bcb,0.817058
user_e88c308b,8,user_e409a56d,0.811053
user_e88c308b,9,user_e88c308b,0.807925
user_e88c308b,10,user_b6350ec1,0.807220
user_e88c308b,11,user_9a307ebe,0.803792
user_e88c308b,12,user_daf37424,0.803333
user_e88c308b,13,user_3ac315cb,0.802362
user_e88c308b,14,user_04f39d22,0.799758
user_e88c308b,15,user_2c69b83e,0.797893
user_e8a7be73,1,user_df8dc9bb,0.873971
user_e8a7be73,2,user_e8a7be73,0.862032
user_e8a7be73,3,user_83afc7b2,0.850503
user_e8a7be73,4,user_8d22714e,0.833547
user_e8a7be73,5,user_0669bdf6,0.824352
user_e8a7be73,6,user_e59c000f,0.819875
user_e8a7be73,7,user_e802076d,0.819859
user_e8a7be73,8,user_03969305,0.816510
user_e8a7be73,9,user_88b2faba,0.815440
user_e8a7be73,10,user_5349c6cf,0.814031
user_e8a7be73,11,user_0898fc4b,0.813106
user_e8a7be73,12,user_7a8f7f3e,0.812638
user_e8a7be73,13,user_147d1bbb,0.810097
user_e8a7be73,14,user_9a307ebe,0.809590
user_e8a7be73,15,user_6bf0e007,0.809372
user_e8e9acac,1,user_70bbda36,0.856357
user_e8e9acac,2,user_02fecea2,0.854436
user_e8e9acac,3,user_54c1ebee,0.852684
user_e8e9acac,4,user_586752e4,0.845444
user_e8e9acac,5,user_5c9b579a,0.844927
user_e8e9acac,6,user_8fb63eca,0.839501
user_e8e9acac,7,user_25798310,0.839205
user_e8e9acac,8,user_81a80789,0.837442
user_e8e9acac,9,user_5a6f92a6,0.834530
user_e8e9acac,10,user_364bb955,0.833106
user_e8e9acac,11,user_b63ea1d4,0.832772
user_e8e9acac,12,user_147d1bbb,0.831311
user_e8e9acac,13,user_7b5f54c0,0.827635
user_e8e9acac,14,user_166a3647,0.819116
user_e8e9acac,15,user_1a7d6cd5,0.813355
user_e9d1886c,1,user_02016939,0.772647
user_e9d1886c,2,user_dae4304f,0.767973
user_e9d1886c,3,user_fba6bcd4,0.755925
user_e9d1886c,4,user_4e800fa1,0.748220
user_e9d1886c,5,user_1b7f8c56,0.744651
user_e9d1886c,6,user_f030b951,0.743322
user_e9d1886c,7,user_b16e0cf8,0.742736
user_e9d1886c,8,user_a993555f,0.741877
user_e9d1886c,9,user_72b93300,0.740357
user_e9d1886c,10,user_5526cbfd,0.735741
user_e9d1886c,11,user_c34e791e,0.735475
user_e9d1886c,12,user_3971c3e6,0.735462
user_e9d1886c,13,user_e696f3ae,0.734262
user_e9d1886c,14,user_1fb8e9e5,0.733241
user_e9d1886c,15,user_2c69b83e,0.730908
user_ea67f9c6,1,user_8be3f554,0.689717
user_ea67f9c6,2,user_65d73ac1,0.650839
user_ea67f9c6,3,user_a8dc91a3,0.649582
user_ea67f9c6,4,user_338e1332,0.647228
user_ea67f9c6,5,user_daf37424,0.632394
user_ea67f9c6,6,user_ab86ab82,0.632127
user_ea67f9c6,7,user_c994138f,0.631096
user_ea67f9c6,8,user_8292753c,0.628688
user_ea67f9c6,9,user_406c399e,0.627858
user_ea67f9c6,10,user_89e04335,0.627651
user_ea67f9c6,11,user_9dda4af9,0.627249
user_ea67f9c6,12,user_e931b2cd,0.625483
user_ea67f9c6,13,user_18522854,0.624805
user_ea67f9c6,14,user_e6dd44b0,0.620708
user_ea67f9c6,15,user_f0cf195f,0.620438
user_ebe17c78,1,user_fdcaaf41,0.839172
user_ebe17c78,2,user_a3a4a20a,0.837320
user_ebe17c78,3,user_2cb4b018,0.813846
user_ebe17c78,4,user_aabd2642,0.813374
user_ebe17c78,5,user_c06d9b71,0.810337
user_ebe17c78,6,user_1b7f8c56,0.809812
user_ebe17c78,7,user_a57e47b1,0.807820
user_ebe17c78,8,user_d1d16d30,0.804519
user_ebe17c78,9,user_04f39d22,0.803225
user_ebe17c78,10,user_89e04335,0.799724
user_ebe17c78,11,user_cdd86523,0.799313
user_ebe17c78,12,user_e802076d,0.798501
user_ebe17c78,13,user_7924afc9,0.789506
user_ebe17c78,14,user_0bc8e727,0.787981
user_ebe17c78,15,user_e5a6abbe,0.787504
user_ec574395,1,user_a8dc91a3,0.782304
user_ec574395,2,user_650da71b,0.757799
user_ec574395,3,user_756e2f00,0.752924
user_ec574395,4,user_ec574395,0.731159
user_ec574395,5,user_8fe14601,0.708557
user_ec574395,6,user_29cd4556,0.706184
user_ec574395,7,user_79f04645,0.704894
user_ec574395,8,user_8c0c7619,0.686554
user_ec574395,9,user_ab5592eb,0.686375
user_ec574395,10,user_0b5c256a,0.684103
user_ec574395,11,user_5d1b0daf,0.677855
user_ec574395,12,user_69a4dd06,0.671138
user_ec574395,13,user_6bf0e007,0.670619
user_ec574395,14,user_d93b53bd,0.667951
user_ec574395,15,user_0a3f46b9,0.651200
user_ecba8131,1,user_a7c6197a,0.704063
user_ecba8131,2,user_a151ddab,0.690870
user_ecba8131,3,user_83afc7b2,0.690703
user_ecba8131,4,user_63110023,0.690606
user_ecba8131,5,user_0521a7ac,0.675426
user_ecba8131,6,user_e6057285,0.668450
user_ecba8131,7,user_886f7373,0.667933
user_ecba8131,8,user_5c5a0b40,0.667628
user_ecba8131,9,user_b23aa915,0.667610
user_ecba8131,10,user_c5f32c0d,0.664250
user_ecba8131,11,user_b16e0cf8,0.660550
user_ecba8131,12,user_c204a1dd,0.659903
user_ecba8131,13,user_39b3eda0,0.659552
user_ecba8131,14,user_5c09bb3d,0.659286
user_ecba8131,15,user_38dc2894,0.659176
user_ecc1ca0a,1,user_89197ce5,0.673550
user_ecc1ca0a,2,user_970963fd,0.636914
user_ecc1ca0a,3,user_2a94c885,0.606295
user_ecc1ca0a,4,user_d5b21e00,0.601597
user_ecc1ca0a,5,user_5ac1a174,0.600457
user_ecc1ca0a,6,user_9da8848a,0.593640
user_ecc1ca0a,7,user_b5af9db9,0.592202
user_ecc1ca0a,8,user_a6a094cf,0.587323
user_ecc1ca0a,9,user_b1d0760b,0.577336
user_ecc1ca0a,10,user_69193575,0.575367
user_ecc1ca0a,11,user_d758a0a1,0.574036
user_ecc1ca0a,12,user_f0b144fc,0.566905
user_ecc1ca0a,13,user_64d76dfd,0.564668
user_ecc1ca0a,14,user_9c5e4782,0.558773
user_ecc1ca0a,15,user_886f7373,0.552298
user_ed1aaed8,1,user_9351238d,0.823589
user_ed1aaed8,2,user_ffe2efae,0.813090
user_ed1aaed8,3,user_56e6d0cd,0.810731
user_ed1aaed8,4,user_67acd9b1,0.784668
user_ed1aaed8,5,user_e696f3ae,0.769904
user_ed1aaed8,6,user_daf37424,0.767573
user_ed1aaed8,7,user_c994138f,0.760782
user_ed1aaed8,8,user_ed1aaed8,0.760366
user_ed1aaed8,9,user_b2aba63a,0.758460
user_ed1aaed8,10,user_9a5457b0,0.758443
user_ed1aaed8,11,user_f54058d0,0.755713
user_ed1aaed8,12,user_70bbda36,0.755399
user_ed1aaed8,13,user_3431c049,0.751655
user_ed1aaed8,14,user_58bfeaad,0.750807
user_ed1aaed8,15,user_02fecea2,0.749934
user_ee05ee55,1,user_ee05ee55,0.601042
user_ee05ee55,2,user_683369b1,0.590688
user_ee05ee55,3,user_a5e548ce,0.568292
user_ee05ee55,4,user_ab434739,0.564464
user_ee05ee55,5,user_c81fae29,0.547336
user_ee05ee55,6,user_5738db35,0.546219
user_ee05ee55,7,user_ac6e9129,0.546035
user_ee05ee55,8,user_1022be44,0.536934
user_ee05ee55,9,user_8a3bbeb2,0.532499
user_ee05ee55,10,user_19622b77,0.531023
user_ee05ee55,11,user_4b8335bd,0.527482
user_ee05ee55,12,user_07db2c6a,0.522662
user_ee05ee55,13,user_8eac0a68,0.518125
user_ee05ee55,14,user_52f895f1,0.510369
user_ee05ee55,15,user_2f1085dd,0.508899
user_ee14f818,1,user_56e6d0cd,0.784259
user_ee14f818,2,user_d036c911,0.766651
user_ee14f818,3,user_ca6074df,0.712448
user_ee14f818,4,user_b6d05d1d,0.704996
user_ee14f818,5,user_96c3cc43,0.689875
user_ee14f818,6,user_d5379647,0.671875
user_ee14f818,7,user_1736acbe,0.668980
user_ee14f818,8,user_1230e05a,0.668873
user_ee14f818,9,user_b63ea1d4,0.665152
user_ee14f818,10,user_c2f18cf7,0.657925
user_ee14f818,11,user_9dda4af9,0.656696
user_ee14f818,12,user_6476648d,0.655867
user_ee14f818,13,user_4db0d490,0.652958
user_ee14f818,14,user_daf37424,0.652778
user_ee14f818,15,user_378003e3,0.648396
user_ee8d5ec5,1,user_ee8d5ec5,0.733482
user_ee8d5ec5,2,user_dd6e7bcb,0.634086
user_ee8d5ec5,3,user_ca6074df,0.627478
user_ee8d5ec5,4,user_5d1b0daf,0.626845
user_ee8d5ec5,5,user_d2bd9832,0.624115
user_ee8d5ec5,6,user_b350e22b,0.623082
user_ee8d5ec5,7,user_40a0bad3,0.621025
user_ee8d5ec5,8,user_7f56f9a5,0.608442
user_ee8d5ec5,9,user_75bc9924,0.607367
user_ee8d5ec5,10,user_a2480011,0.606885
user_ee8d5ec5,11,user_394c25cc,0.603944
user_ee8d5ec5,12,user_c35d6565,0.598209
user_ee8d5ec5,13,user_88b2faba,0.596534
user_ee8d5ec5,14,user_3ae49e46,0.596146
user_ee8d5ec5,15,user_8be3f554,0.595952
user_ef954c6e,1,user_cf393213,0.814941
user_ef954c6e,2,user_8be3f554,0.781601
user_ef954c6e,3,user_a6c2e760,0.780166
user_ef954c6e,4,user_5d1b0daf,0.779203
user_ef954c6e,5,user_8f8346ad,0.771524
user_ef954c6e,6,user_ca6074df,0.770658
user_ef954c6e,7,user_6fbf6191,0.768286
user_ef954c6e,8,user_0a3bcf86,0.767682
user_ef954c6e,9,user_61f90240,0.763829
user_ef954c6e,10,user_c8f82360,0.761654
user_ef954c6e,11,user_2dd5b531,0.760597
user_ef954c6e,12,user_0eb2abf1,0.759464
user_ef954c6e,13,user_45926b89,0.758065
user_ef954c6e,14,user_6b86248b,0.757701
user_ef954c6e,15,user_9dda4af9,0.757073
user_efcacf59,1,user_efcacf59,0.722675
user_efcacf59,2,user_8c0c7619,0.694177
user_efcacf59,3,user_3535252b,0.682347
user_efcacf59,4,user_9ce96cbf,0.672111
user_efcacf59,5,user_4bf6a4a0,0.655125
user_efcacf59,6,user_26565155,0.651051
user_efcacf59,7,user_126670d7,0.639008
user_efcacf59,8,user_0eeab432,0.630633
user_efcacf59,9,user_0bd8ba7c,0.620056
user_efcacf59,10,user_2b03934e,0.616230
user_efcacf59,11,user_66a7ce5a,0.616216
user_efcacf59,12,user_833d8832,0.611035
user_efcacf59,13,user_f14dc486,0.606899
user_efcacf59,14,user_19952166,0.601660
user_efcacf59,15,user_582ff5b2,0.600651
user_f030b951,1,user_e59c000f,0.871599
user_f030b951,2,user_e802076d,0.865600
user_f030b951,3,user_fba6bcd4,0.865100
user_f030b951,4,user_40a0bad3,0.860281
user_f030b951,5,user_c39d41d7,0.856596
user_f030b951,6,user_03969305,0.855918
user_f030b951,7,user_5881b259,0.851281
user_f030b951,8,user_c35d6565,0.847286
user_f030b951,9,user_7aa3746b,0.845218
user_f030b951,10,user_96013176,0.844942
user_f030b951,11,user_b16e0cf8,0.841486
user_f030b951,12,user_69df6330,0.838647
user_f030b951,13,user_0898fc4b,0.835565
user_f030b951,14,user_adab54a0,0.833657
user_f030b951,15,user_1a2755b3,0.833625
user_f070eee7,1,user_3971c3e6,0.720478
user_f070eee7,2,user_96013176,0.717894
user_f070eee7,3,user_66772d98,0.699885
user_f070eee7,4,user_1b89f77a,0.697832
user_f070eee7,5,user_03969305,0.694892
user_f070eee7,6,user_a993555f,0.688946
user_f070eee7,7,user_6deada35,0.685871
user_f070eee7,8,user_e802076d,0.685516
user_f070eee7,9,user_f070eee7,0.684866
user_f070eee7,10,user_d5b21e00,0.682030
user_f070eee7,11,user_b16e0cf8,0.681121
user_f070eee7,12,user_bd19a016,0.679700
user_f070eee7,13,user_6169d3b8,0.679491
user_f070eee7,14,user_02d03e8a,0.677892
user_f070eee7,15,user_5c9b579a,0.676139
user_f0b144fc,1,user_a8dc91a3,0.800483
user_f0b144fc,2,user_efa5697b,0.783918
user_f0b144fc,3,user_29cd4556,0.770943
user_f0b144fc,4,user_79f04645,0.751131
user_f0b144fc,5,user_d4b7e22e,0.736783
user_f0b144fc,6,user_3f2fbc90,0.734059
user_f0b144fc,7,user_823846de,0.733771
user_f0b144fc,8,user_a4a77a7d,0.733733
user_f0b144fc,9,user_8285a696,0.727695
user_f0b144fc,10,user_756e2f00,0.726698
user_f0b144fc,11,user_e4f8ab0c,0.724212
user_f0b144fc,12,user_3eb49f37,0.710356
user_f0b144fc,13,user_b2dd04c8,0.704194
user_f0b144fc,14,user_6bf0e007,0.701587
user_f0b144fc,15,user_a04b2a78,0.700828
user_f0cf195f,1,user_f0cf195f,0.678608
user_f0cf195f,2,user_3a39cc49,0.630789
user_f0cf195f,3,user_529e3009,0.603637
user_f0cf195f,4,user_cbabbcee,0.590610
user_f0cf195f,5,user_b9d253e8,0.587387
user_f0cf195f,6,user_2dc10d2d,0.556558
user_f0cf195f,7,user_00723699,0.554499
user_f0cf195f,8,user_3239132f,0.541314
user_f0cf195f,9,user_543e79f5,0.539109
user_f0cf195f,10,user_0a3bcf86,0.531284
user_f0cf195f,11,user_f7fd2885,0.528841
user_f0cf195f,12,user_d96972e5,0.525240
user_f0cf195f,13,user_c90ad79a,0.525168
user_f0cf195f,14,user_ce424e88,0.524192
user_f0cf195f,15,user_98ca16a6,0.523209
user_f107081e,1,user_7c8639cd,0.746450
user_f107081e,2,user_c06d9b71,0.736915
user_f107081e,3,user_529e3009,0.710911
user_f107081e,4,user_d8335067,0.698905
user_f107081e,5,user_7b052f32,0.680921
user_f107081e,6,user_7fd91653,0.669520
user_f107081e,7,user_fdcaaf41,0.662530
user_f107081e,8,user_b337cb0c,0.656207
user_f107081e,9,user_b605d5c9,0.656145
user_f107081e,10,user_5a283043,0.650673
user_f107081e,11,user_0b64b183,0.647001
user_f107081e,12,user_7924afc9,0.644378
user_f107081e,13,user_8d85acb5,0.637464
user_f107081e,14,user_a01f16ac,0.635274
user_f107081e,15,user_2cb4b018,0.629713
user_f27da10a,1,user_7de6f343,0.913305
user_f27da10a,2,user_40efa894,0.891940
user_f27da10a,3,user_4ea1ef09,0.884869
user_f27da10a,4,user_74cfb8ef,0.875894
user_f27da10a,5,user_04f39d22,0.867932
user_f27da10a,6,user_83e45cc0,0.859528
user_f27da10a,7,user_ba8b1c05,0.847109
user_f27da10a,8,user_2c2a5c24,0.845465
user_f27da10a,9,user_372c2b3e,0.834201
user_f27da10a,10,user_d2c97c8e,0.832347
user_f27da10a,11,user_1fb8e9e5,0.828768
user_f27da10a,12,user_421ae417,0.825446
user_f27da10a,13,user_7c3d63ce,0.823419
user_f27da10a,14,user_f5e1eee0,0.822807
user_f27da10a,15,user_6fa47d61,0.820190
user_f3377028,1,user_421ae417,0.845797
user_f3377028,2,user_08c32973,0.842330
user_f3377028,3,user_6fa47d61,0.839212
user_f3377028,4,user_ba8b1c05,0.836884
user_f3377028,5,user_795650bb,0.828320
user_f3377028,6,user_25652863,0.819553
user_f3377028,7,user_7de6f343,0.813973
user_f3377028,8,user_7c3d63ce,0.807649
user_f3377028,9,user_4ea1ef09,0.799092
user_f3377028,10,user_2c2a5c24,0.796561
user_f3377028,11,user_74cfb8ef,0.795695
user_f3377028,12,user_f3377028,0.792082
user_f3377028,13,user_04f39d22,0.789934
user_f3377028,14,user_40efa894,0.789396
user_f3377028,15,user_0bc8e727,0.789347
user_f368b9da,1,user_d036c911,0.865503
user_f368b9da,2,user_b6d05d1d,0.841133
user_f368b9da,3,user_c35d6565,0.828224
user_f368b9da,4,user_dae4304f,0.828174
user_f368b9da,5,user_adab54a0,0.818588
user_f368b9da,6,user_56e6d0cd,0.817949
user_f368b9da,7,user_bdcc6e7d,0.817226
user_f368b9da,8,user_8fe14601,0.812142
user_f368b9da,9,user_b16e0cf8,0.809659
user_f368b9da,10,user_3ff3188b,0.802524
user_f368b9da,11,user_ca6074df,0.802225
user_f368b9da,12,user_9dda4af9,0.801812
user_f368b9da,13,user_29cd4556,0.798578
user_f368b9da,14,user_4db0d490,0.788273
user_f368b9da,15,user_15179955,0.786099
user_f43d6008,1,user_7924afc9,0.865408
user_f43d6008,2,user_c39d41d7,0.863782
user_f43d6008,3,user_fba6bcd4,0.854063
user_f43d6008,4,user_5881b259,0.851917
user_f43d6008,5,user_e59c000f,0.846640
user_f43d6008,6,user_a743aff9,0.842453
user_f43d6008,7,user_e6057285,0.839331
user_f43d6008,8,user_03969305,0.838252
user_f43d6008,9,user_bd05225b,0.837292
user_f43d6008,10,user_723406a0,0.835772
user_f43d6008,11,user_f654c33b,0.831345
user_f43d6008,12,user_d1d16d30,0.828616
user_f43d6008,13,user_69df6330,0.827635
user_f43d6008,14,user_b49274ca,0.824846
user_f43d6008,15,user_c06d9b71,0.824474
user_f4f9490d,1,user_87e5d9b0,0.816143
user_f4f9490d,2,user_4144252d,0.779237
user_f4f9490d,3,user_8e5e899b,0.762522
user_f4f9490d,4,user_29266f60,0.751488
user_f4f9490d,5,user_233fda02,0.749743
user_f4f9490d,6,user_3b90fb53,0.745629
user_f4f9490d,7,user_e8cdb142,0.732080
user_f4f9490d,8,user_5ac1a174,0.724122
user_f4f9490d,9,user_ff39b6cf,0.718518
user_f4f9490d,10,user_a7f8db34,0.712292
user_f4f9490d,11,user_166a3647,0.709666
user_f4f9490d,12,user_107259c3,0.695213
user_f4f9490d,13,user_858fa00c,0.693981
user_f4f9490d,14,user_bd05225b,0.689205
user_f4f9490d,15,user_903329bb,0.678019
user_f5138e15,1,user_f5138e15,0.860353
user_f5138e15,2,user_ba085464,0.843386
user_f5138e15,3,user_1e3084a6,0.748444
user_f5138e15,4,user_93cdb7a1,0.728017
user_f5138e15,5,user_930dc61d,0.712550
user_f5138e15,6,user_6ae9ce92,0.710730
user_f5138e15,7,user_124651ff,0.709833
user_f5138e15,8,user_4f755977,0.707299
user_f5138e15,9,user_be018f9d,0.706457
user_f5138e15,10,user_ded778b8,0.703854
user_f5138e15,11,user_7b2d0be1,0.701798
user_f5138e15,12,user_fde27362,0.699157
user_f5138e15,13,user_e6dd44b0,0.697774
user_f5138e15,14,user_fa60616d,0.696525
user_f5138e15,15,user_0ff0b922,0.693059
user_f52ced02,1,user_48669fd6,0.608455
user_f52ced02,2,user_2c940ff8,0.606344
user_f52ced02,3,user_858fa00c,0.570855
user_f52ced02,4,user_d758a0a1,0.558337
user_f52ced02,5,user_6fbf6191,0.551034
user_f52ced02,6,user_906e2423,0.546984
user_f52ced02,7,user_0f006eec,0.540965
user_f52ced02,8,user_e3f9409b,0.539643
user_f52ced02,9,user_f52ced02,0.537846
user_f52ced02,10,user_f10e7063,0.531948
user_f52ced02,11,user_3b90fb53,0.526201
user_f52ced02,12,user_8f39f021,0.523480
user_f52ced02,13,user_5a283043,0.522086
user_f52ced02,14,user_a57e47b1,0.521892
user_f52ced02,15,user_b9036662,0.516680
user_f54058d0,1,user_f54058d0,0.818595
user_f54058d0,2,user_ed1aaed8,0.731799
user_f54058d0,3,user_4bd9303b,0.682274
user_f54058d0,4,user_2f4cc646,0.667119
user_f54058d0,5,user_8e92b8c1,0.665678
user_f54058d0,6,user_7b5f54c0,0.641594
user_f54058d0,7,user_8ae8c359,0.632177
user_f54058d0,8,user_f44f615a,0.627595
user_f54058d0,9,user_d691d016,0.620932
user_f54058d0,10,user_0b1b1d1c,0.620090
user_f54058d0,11,user_3e284ba5,0.617412
user_f54058d0,12,user_ab439a92,0.616778
user_f54058d0,13,user_1246b252,0.611632
user_f54058d0,14,user_9351238d,0.605527
user_f54058d0,15,user_c50a487d,0.602576
user_f5e2976e,1,user_f5e2976e,0.871374
user_f5e2976e,2,user_1c7b7780,0.711066
user_f5e2976e,3,user_417702c5,0.681500
user_f5e2976e,4,user_be018f9d,0.679713
user_f5e2976e,5,user_7bbd1543,0.656165
user_f5e2976e,6,user_68349053,0.646485
user_f5e2976e,7,user_ba085464,0.636344
user_f5e2976e,8,user_16ac4154,0.635156
user_f5e2976e,9,user_3ac315cb,0.633225
user_f5e2976e,10,user_e51692a6,0.633042
user_f5e2976e,11,user_0e408c4a,0.631770
user_f5e2976e,12,user_21b4fa31,0.616897
user_f5e2976e,13,user_2cb4b018,0.614158
user_f5e2976e,14,user_124651ff,0.609451
user_f5e2976e,15,user_e6dd44b0,0.608823
user_f5fea76f,1,user_f5fea76f,0.826889
user_f5fea76f,2,user_eda37c14,0.793562
user_f5fea76f,3,user_92fe4471,0.745412
user_f5fea76f,4,user_22adb798,0.726581
user_f5fea76f,5,user_979ee068,0.671619
user_f5fea76f,6,user_5c9b579a,0.667993
user_f5fea76f,7,user_9fc3c829,0.653440
user_f5fea76f,8,user_737d3148,0.652243
user_f5fea76f,9,user_414a6eaf,0.644881
user_f5fea76f,10,user_f10e7063,0.641220
user_f5fea76f,11,user_7b4c75ab,0.615645
user_f5fea76f,12,user_2e81a539,0.609397
user_f5fea76f,13,user_96a45b45,0.601683
user_f5fea76f,14,user_e14b88a8,0.593393
user_f5fea76f,15,user_4144252d,0.590212
user_f60a09b3,1,user_63b4be5f,0.736488
user_f60a09b3,2,user_1e08d102,0.719749
user_f60a09b3,3,user_f60a09b3,0.718327
user_f60a09b3,4,user_f827c7dd,0.714108
user_f60a09b3,5,user_dc326993,0.697403
user_f60a09b3,6,user_6fc85c06,0.696873
user_f60a09b3,7,user_ab30f0fb,0.681207
user_f60a09b3,8,user_f10e7063,0.671385
user_f60a09b3,9,user_d758a0a1,0.661603
user_f60a09b3,10,user_39aad1a2,0.660520
user_f60a09b3,11,user_2cb4b018,0.656785
user_f60a09b3,12,user_906e2423,0.651409
user_f60a09b3,13,user_f930e37f,0.650777
user_f60a09b3,14,user_cda36a95,0.649288
user_f60a09b3,15,user_e3f9409b,0.649038
user_f7538815,1,user_f7538815,0.838767
user_f7538815,2,user_f1649486,0.653916
user_f7538815,3,user_b6350ec1,0.618642
user_f7538815,4,user_d6175d39,0.610168
user_f7538815,5,user_e6dd44b0,0.599160
user_f7538815,6,user_b1a5a37e,0.596953
user_f7538815,7,user_3ff3188b,0.596730
user_f7538815,8,user_cda36a95,0.593988
user_f7538815,9,user_07cb458d,0.593531
user_f7538815,10,user_a3a4a20a,0.590706
user_f7538815,11,user_7b5f54c0,0.589888
user_f7538815,12,user_25652863,0.576561
user_f7538815,13,user_3431c049,0.575898
user_f7538815,14,user_b63ea1d4,0.572765
user_f7538815,15,user_6fa47d61,0.571246
user_f75c71f0,1,user_394c25cc,0.691743
user_f75c71f0,2,user_a6c5a10c,0.677891
user_f75c71f0,3,user_7a7dda35,0.676247
user_f75c71f0,4,user_3239132f,0.672498
user_f75c71f0,5,user_0521a7ac,0.669502
user_f75c71f0,6,user_83b871b5,0.668715
user_f75c71f0,7,user_a151ddab,0.665614
user_f75c71f0,8,user_72b93300,0.665051
user_f75c71f0,9,user_4e800fa1,0.664958
user_f75c71f0,10,user_886f7373,0.663977
user_f75c71f0,11,user_1f1dc5e0,0.658692
user_f75c71f0,12,user_d499c752,0.654223
user_f75c71f0,13,user_959adfc8,0.651753
user_f75c71f0,14,user_32ae32f9,0.651651
user_f75c71f0,15,user_a7c6197a,0.651429
user_f7bb8af1,1,user_19952166,0.687189
user_f7bb8af1,2,user_3535252b,0.660514
user_f7bb8af1,3,user_582ff5b2,0.645412
user_f7bb8af1,4,user_96c3cc43,0.643629
user_f7bb8af1,5,user_56e6d0cd,0.639426
user_f7bb8af1,6,user_1736acbe,0.638340
user_f7bb8af1,7,user_a9ed2c9e,0.636387
user_f7bb8af1,8,user_d036c911,0.634030
user_f7bb8af1,9,user_833d8832,0.632854
user_f7bb8af1,10,user_378003e3,0.631942
user_f7bb8af1,11,user_126670d7,0.630625
user_f7bb8af1,12,user_66a7ce5a,0.627260
user_f7bb8af1,13,user_39939c54,0.622756
user_f7bb8af1,14,user_ca6074df,0.615242
user_f7bb8af1,15,user_d5379647,0.610576
user_f7fd2885,1,user_4ea1ef09,0.900900
user_f7fd2885,2,user_40efa894,0.872978
user_f7fd2885,3,user_eced69e7,0.863301
user_f7fd2885,4,user_7de6f343,0.850757
user_f7fd2885,5,user_83e45cc0,0.838777
user_f7fd2885,6,user_82c86537,0.823970
user_f7fd2885,7,user_2c2a5c24,0.823469
user_f7fd2885,8,user_74cfb8ef,0.822790
user_f7fd2885,9,user_ba8b1c05,0.808607
user_f7fd2885,10,user_25652863,0.802281
user_f7fd2885,11,user_795650bb,0.800958
user_f7fd2885,12,user_04f39d22,0.799987
user_f7fd2885,13,user_421ae417,0.797945
user_f7fd2885,14,user_0bc8e727,0.795555
user_f7fd2885,15,user_7c3d63ce,0.787339
user_f827c7dd,1,user_2c940ff8,0.783200
user_f827c7dd,2,user_0f006eec,0.725331
user_f827c7dd,3,user_55058479,0.682766
user_f827c7dd,4,user_b1c16312,0.639119
user_f827c7dd,5,user_f827c7dd,0.637117
user_f827c7dd,6,user_9bee2a7c,0.632065
user_f827c7dd,7,user_438fb63c,0.607957
user_f827c7dd,8,user_906e2423,0.606564
user_f827c7dd,9,user_45d008d3,0.600390
user_f827c7dd,10,user_858fa00c,0.600243
user_f827c7dd,11,user_454733da,0.598764
user_f827c7dd,12,user_2e05a7a0,0.596040
user_f827c7dd,13,user_6fbf6191,0.594274
user_f827c7dd,14,user_9ffdf5e5,0.588998
user_f827c7dd,15,user_69a4dd06,0.588479
user_f8e2246f,1,user_57c1d6c0,0.795416
user_f8e2246f,2,user_54b19b29,0.757782
user_f8e2246f,3,user_259776c7,0.755457
user_f8e2246f,4,user_56e6d0cd,0.755308
user_f8e2246f,5,user_c2f18cf7,0.753321
user_f8e2246f,6,user_b6d05d1d,0.737383
user_f8e2246f,7,user_8d968cfb,0.736352
user_f8e2246f,8,user_c4c70447,0.729390
user_f8e2246f,9,user_d93b53bd,0.723286
user_f8e2246f,10,user_25b48a9a,0.722965
user_f8e2246f,11,user_9dda4af9,0.722954
user_f8e2246f,12,user_dd6e7bcb,0.719904
user_f8e2246f,13,user_56980aa9,0.714865
user_f8e2246f,14,user_c41de62b,0.712772
user_f8e2246f,15,user_e8e9acac,0.712338
user_f930e37f,1,user_c34e791e,0.806924
user_f930e37f,2,user_ab86ab82,0.801586
user_f930e37f,3,user_8be3f554,0.779694
user_f930e37f,4,user_b6d05d1d,0.768956
user_f930e37f,5,user_04f39d22,0.764314
user_f930e37f,6,user_dae4304f,0.764014
user_f930e37f,7,user_6fbf6191,0.762197
user_f930e37f,8,user_67acd9b1,0.760214
user_f930e37f,9,user_ee8d5ec5,0.760011
user_f930e37f,10,user_56e6d0cd,0.757423
user_f930e37f,11,user_8006727d,0.744050
user_f930e37f,12,user_a3a4a20a,0.742877
user_f930e37f,13,user_a8dc91a3,0.738502
user_f930e37f,14,user_259776c7,0.737937
user_f930e37f,15,user_41d0c897,0.736917
user_f959eee4,1,user_f959eee4,0.728584
user_f959eee4,2,user_b429ec64,0.496743
user_f959eee4,3,user_f107081e,0.465011
user_f959eee4,4,user_d20928cc,0.461571
user_f959eee4,5,user_515ae840,0.449677
user_f959eee4,6,user_18522854,0.448864
user_f959eee4,7,user_63b4ae7a,0.446565
user_f959eee4,8,user_a6c2e760,0.444909
user_f959eee4,9,user_582ff5b2,0.440662
user_f959eee4,10,user_5d1b0daf,0.435994
user_f959eee4,11,user_1b460965,0.427083
user_f959eee4,12,user_6b311f43,0.426559
user_f959eee4,13,user_51779823,0.422579
user_f959eee4,14,user_b8f24804,0.421539
user_f959eee4,15,user_9f81cfba,0.420531
user_fa60616d,1,user_8be3f554,0.834678
user_fa60616d,2,user_41d0c897,0.834212
user_fa60616d,3,user_8f8346ad,0.828657
user_fa60616d,4,user_cf393213,0.827087
user_fa60616d,5,user_2e05a7a0,0.812731
user_fa60616d,6,user_67acd9b1,0.808296
user_fa60616d,7,user_b6d05d1d,0.800534
user_fa60616d,8,user_c34e791e,0.800280
user_fa60616d,9,user_2dd5b531,0.798615
user_fa60616d,10,user_ab86ab82,0.797376
user_fa60616d,11,user_c4c70447,0.790024
user_fa60616d,12,user_3f2894b5,0.787382
user_fa60616d,13,user_ee8d5ec5,0.786391
user_fa60616d,14,user_0eb2abf1,0.778472
user_fa60616d,15,user_259776c7,0.774725
user_fa69a385,1,user_683369b1,0.663999
user_fa69a385,2,user_f2f860bd,0.642146
user_fa69a385,3,user_19622b77,0.614109
user_fa69a385,4,user_fa69a385,0.577918
user_fa69a385,5,user_8fb63eca,0.535325
user_fa69a385,6,user_a411fb06,0.524750
user_fa69a385,7,user_41b20ee4,0.514490
user_fa69a385,8,user_52f895f1,0.501730
user_fa69a385,9,user_e8ff8a9a,0.497409
user_fa69a385,10,user_da245b56,0.490834
user_fa69a385,11,user_37be663c,0.489516
user_fa69a385,12,user_49b1ac46,0.485050
user_fa69a385,13,user_22adb798,0.483839
user_fa69a385,14,user_ecf8f97f,0.478065
user_fa69a385,15,user_f44f615a,0.476481
user_fb427339,1,user_8006727d,0.695309
user_fb427339,2,user_ffe2efae,0.695261
user_fb427339,3,user_9b6481e4,0.683611
user_fb427339,4,user_900ffd5c,0.683371
user_fb427339,5,user_0bd8ba7c,0.664698
user_fb427339,6,user_338e1332,0.657740
user_fb427339,7,user_63b4ae7a,0.653893
user_fb427339,8,user_fa69a385,0.652362
user_fb427339,9,user_67acd9b1,0.651276
user_fb427339,10,user_bbb0205e,0.648725
user_fb427339,11,user_a16d1fb6,0.646924
user_fb427339,12,user_815b7baf,0.645967
user_fb427339,13,user_ab86ab82,0.644558
user_fb427339,14,user_126670d7,0.644288
user_fb427339,15,user_4a57e449,0.633617
user_fb64cb55,1,user_fb64cb55,0.783356
user_fb64cb55,2,user_586752e4,0.769928
user_fb64cb55,3,user_9ee84e18,0.765741
user_fb64cb55,4,user_c2f18cf7,0.764331
user_fb64cb55,5,user_9dda4af9,0.760972
user_fb64cb55,6,user_737dd050,0.749211
user_fb64cb55,7,user_91db6e48,0.747699
user_fb64cb55,8,user_dd6e7bcb,0.743442
user_fb64cb55,9,user_8d968cfb,0.743028
user_fb64cb55,10,user_a4a77a7d,0.742863
user_fb64cb55,11,user_03969305,0.742649
user_fb64cb55,12,user_5b698646,0.739446
user_fb64cb55,13,user_9571d0d5,0.733339
user_fb64cb55,14,user_02fecea2,0.732412
user_fb64cb55,15,user_423c81dc,0.728656
user_fb8f46c8,1,user_166a3647,0.789805
user_fb8f46c8,2,user_476670f9,0.757322
user_fb8f46c8,3,user_b9d253e8,0.733499
user_fb8f46c8,4,user_372c2b3e,0.731803
user_fb8f46c8,5,user_3bb7992e,0.724923
user_fb8f46c8,6,user_3b1da5d9,0.723879
user_fb8f46c8,7,user_032e5bc8,0.721307
user_fb8f46c8,8,user_226be32f,0.720577
user_fb8f46c8,9,user_500badda,0.720361
user_fb8f46c8,10,user_8e48a3f8,0.719447
user_fb8f46c8,11,user_3850eb9e,0.716176
user_fb8f46c8,12,user_82d93459,0.714271
user_fb8f46c8,13,user_c709e252,0.713463
user_fb8f46c8,14,user_0898fc4b,0.712625
user_fb8f46c8,15,user_bd05225b,0.711597
user_fbed237d,1,user_858fa00c,0.740147
user_fbed237d,2,user_a4a77a7d,0.727089
user_fbed237d,3,user_d96972e5,0.723688
user_fbed237d,4,user_a151ddab,0.721100
user_fbed237d,5,user_96013176,0.717960
user_fbed237d,6,user_ed3091a2,0.717078
user_fbed237d,7,user_89e04335,0.710002
user_fbed237d,8,user_5ac1a174,0.709334
user_fbed237d,9,user_9571d0d5,0.707256
user_fbed237d,10,user_f0cf195f,0.704970
user_fbed237d,11,user_8d22714e,0.704356
user_fbed237d,12,user_df8dc9bb,0.701391
user_fbed237d,13,user_c39d41d7,0.698977
user_fbed237d,14,user_83afc7b2,0.698450
user_fbed237d,15,user_7d944883,0.697933
user_fc1cfe0b,1,user_5c82df31,0.722774
user_fc1cfe0b,2,user_e3f9409b,0.719185
user_fc1cfe0b,3,user_6fc85c06,0.712391
user_fc1cfe0b,4,user_90e5fee6,0.708947
user_fc1cfe0b,5,user_0cc626ee,0.707764
user_fc1cfe0b,6,user_f60a09b3,0.699115
user_fc1cfe0b,7,user_4b139395,0.697869
user_fc1cfe0b,8,user_f27da10a,0.688871
user_fc1cfe0b,9,user_524450e9,0.681605
user_fc1cfe0b,10,user_e8a7be73,0.674036
user_fc1cfe0b,11,user_3e284ba5,0.672375
user_fc1cfe0b,12,user_6ab8f7d4,0.668917
user_fc1cfe0b,13,user_bd05225b,0.668271
user_fc1cfe0b,14,user_ded778b8,0.667614
user_fc1cfe0b,15,user_6a13946a,0.666120
user_fca58a87,1,user_6a98b381,0.772781
user_fca58a87,2,user_1bcbacb3,0.744663
user_fca58a87,3,user_65d73ac1,0.684102
user_fca58a87,4,user_406c399e,0.652894
user_fca58a87,5,user_75251485,0.651420
user_fca58a87,6,user_a2503734,0.650407
user_fca58a87,7,user_5b698646,0.637153
user_fca58a87,8,user_d849ac6e,0.626667
user_fca58a87,9,user_d67450a8,0.618806
user_fca58a87,10,user_26565155,0.608531
user_fca58a87,11,user_18522854,0.607347
user_fca58a87,12,user_8be3f554,0.606471
user_fca58a87,13,user_ed3091a2,0.606191
user_fca58a87,14,user_ee923f9d,0.605988
user_fca58a87,15,user_ba4a78fc,0.604564
user_fcf93ee8,1,user_107259c3,0.846826
user_fcf93ee8,2,user_ea67f9c6,0.813397
user_fcf93ee8,3,user_6169d3b8,0.800694
user_fcf93ee8,4,user_f070eee7,0.792019
user_fcf93ee8,5,user_fcf93ee8,0.791907
user_fcf93ee8,6,user_5c9b579a,0.789399
user_fcf93ee8,7,user_7c7220a4,0.788820
user_fcf93ee8,8,user_7f623d19,0.782088
user_fcf93ee8,9,user_166a3647,0.781490
user_fcf93ee8,10,user_1a7d6cd5,0.777498
user_fcf93ee8,11,user_b4f295b3,0.775272
user_fcf93ee8,12,user_ded778b8,0.772262
user_fcf93ee8,13,user_4144252d,0.771731
user_fcf93ee8,14,user_586752e4,0.770514
user_fcf93ee8,15,user_e2e59795,0.766082
user_fdc08e26,1,user_1246b252,0.824193
user_fdc08e26,2,user_b63ea1d4,0.788156
user_fdc08e26,3,user_b0129d9e,0.787804
user_fdc08e26,4,user_7f623d19,0.782615
user_fdc08e26,5,user_aabd2642,0.781196
user_fdc08e26,6,user_25798310,0.775750
user_fdc08e26,7,user_166a3647,0.775084
user_fdc08e26,8,user_ea67f9c6,0.774734
user_fdc08e26,9,user_7b5f54c0,0.772600
user_fdc08e26,10,user_0d32f0ed,0.771998
user_fdc08e26,11,user_3431c049,0.769408
user_fdc08e26,12,user_107259c3,0.768210
user_fdc08e26,13,user_586752e4,0.767824
user_fdc08e26,14,user_81a80789,0.763998
user_fdc08e26,15,user_3b1da5d9,0.762735
user_fdcaaf41,1,user_3353b96b,0.751384
user_fdcaaf41,2,user_0128a546,0.743587
user_fdcaaf41,3,user_a411fb06,0.731341
user_fdcaaf41,4,user_9c88ee3d,0.687853
user_fdcaaf41,5,user_aaa1e595,0.671707
user_fdcaaf41,6,user_334144b4,0.658073
user_fdcaaf41,7,user_c7beef01,0.638108
user_fdcaaf41,8,user_a16d1fb6,0.635639
user_fdcaaf41,9,user_efb27a8e,0.634791
user_fdcaaf41,10,user_9e328c4e,0.626858
user_fdcaaf41,11,user_259776c7,0.623407
user_fdcaaf41,12,user_9fe4e0f5,0.618142
user_fdcaaf41,13,user_7709815a,0.614850
user_fdcaaf41,14,user_7f623d19,0.613303
user_fdcaaf41,15,user_17054ec7,0.612710
user_fde2d265,1,user_a8dc91a3,0.796539
user_fde2d265,2,user_2e05a7a0,0.792381
user_fde2d265,3,user_9bee2a7c,0.772693
user_fde2d265,4,user_6fbf6191,0.753863
user_fde2d265,5,user_ec574395,0.749044
user_fde2d265,6,user_ab86ab82,0.747469
user_fde2d265,7,user_650da71b,0.741797
user_fde2d265,8,user_69a4dd06,0.741000
user_fde2d265,9,user_0b5c256a,0.732069
user_fde2d265,10,user_126670d7,0.722542
user_fde2d265,11,user_8f8346ad,0.712044
user_fde2d265,12,user_4a57e449,0.705214
user_fde2d265,13,user_29cd4556,0.705166
user_fde2d265,14,user_380ddd3f,0.704445
user_fde2d265,15,user_c34e791e,0.704244
user_fe922ad0,1,user_e6057285,0.861053
user_fe922ad0,2,user_fdc08e26,0.854426
user_fe922ad0,3,user_dae4304f,0.853351
user_fe922ad0,4,user_89e04335,0.841803
user_fe922ad0,5,user_e59c000f,0.840270
user_fe922ad0,6,user_2dd5b531,0.831723
user_fe922ad0,7,user_54c1ebee,0.827482
user_fe922ad0,8,user_b16e0cf8,0.822393
user_fe922ad0,9,user_9a307ebe,0.821411
user_fe922ad0,10,user_45926b89,0.818509
user_fe922ad0,11,user_5881b259,0.816776
user_fe922ad0,12,user_69df6330,0.816067
user_fe922ad0,13,user_e802076d,0.815952
user_fe922ad0,14,user_ef954c6e,0.814742
user_fe922ad0,15,user_94f185bc,0.812258
user_ff39b6cf,1,user_18522854,0.585998
user_ff39b6cf,2,user_fe922ad0,0.556400
user_ff39b6cf,3,user_66a7ce5a,0.519318
user_ff39b6cf,4,user_49b1ac46,0.507802
user_ff39b6cf,5,user_d2bd9832,0.503261
user_ff39b6cf,6,user_52f895f1,0.500315
user_ff39b6cf,7,user_a411fb06,0.498472
user_ff39b6cf,8,user_6b311f43,0.492562
user_ff39b6cf,9,user_338e1332,0.490539
user_ff39b6cf,10,user_a16d1fb6,0.490422
user_ff39b6cf,11,user_829844fd,0.487824
user_ff39b6cf,12,user_942ff21e,0.487661
user_ff39b6cf,13,user_fe73d731,0.487235
user_ff39b6cf,14,user_788a8bb7,0.485415
user_ff39b6cf,15,user_406c399e,0.485403
user_ff591131,1,user_3239132f,0.825864
user_ff591131,2,user_e6057285,0.819850
user_ff591131,3,user_1936a7c3,0.812124
user_ff591131,4,user_b337cb0c,0.807673
user_ff591131,5,user_ff591131,0.806272
user_ff591131,6,user_0fefc28e,0.805349
user_ff591131,7,user_7b052f32,0.801933
user_ff591131,8,user_f0cf195f,0.801701
user_ff591131,9,user_0898fc4b,0.800980
user_ff591131,10,user_a6c5a10c,0.800007
user_ff591131,11,user_39b3eda0,0.797443
user_ff591131,12,user_c5f32c0d,0.795216
user_ff591131,13,user_7fd91653,0.787913
user_ff591131,14,user_5c82df31,0.784488
user_ff591131,15,user_ebddf9c1,0.783639
