query_user_id,rank,candidate_user_id,score
user_0168255c,1,user_8f8346ad,0.858232
user_0168255c,2,user_adab54a0,0.851512
user_0168255c,3,user_45926b89,0.841422
user_0168255c,4,user_fde2d265,0.839169
user_0168255c,5,user_e1730a9c,0.832244
user_0168255c,6,user_2dd5b531,0.826692
user_0168255c,7,user_15179955,0.824054
user_0168255c,8,user_94f185bc,0.823469
user_0168255c,9,user_02d03e8a,0.822679
user_0168255c,10,user_ec574395,0.817864
user_0168255c,11,user_b49274ca,0.817313
user_0168255c,12,user_b23aa915,0.816333
user_0168255c,13,user_111cfe7d,0.816013
user_0168255c,14,user_7924afc9,0.814842
user_0168255c,15,user_80dc757f,0.813405
user_02016939,1,user_02016939,0.720506
user_02016939,2,user_2f4cc646,0.700889
user_02016939,3,user_7b5f54c0,0.693541
user_02016939,4,user_ed1aaed8,0.690369
user_02016939,5,user_ac6d6bff,0.687383
user_02016939,6,user_3e284ba5,0.685754
user_02016939,7,user_da51dede,0.673541
user_02016939,8,user_ef05ad51,0.671151
user_02016939,9,user_07cb458d,0.668330
user_02016939,10,user_70bbda36,0.664798
user_02016939,11,user_e0c65725,0.661384
user_02016939,12,user_25652863,0.660809
user_02016939,13,user_fba6bcd4,0.659387
user_02016939,14,user_25798310,0.659122
user_02016939,15,user_aabd2642,0.654644
user_0285dee3,1,user_1cbb30b1,0.709883
user_0285dee3,2,user_f0b144fc,0.673606
user_0285dee3,3,user_0285dee3,0.658968
user_0285dee3,4,user_a8dc91a3,0.657785
user_0285dee3,5,user_94f185bc,0.657446
user_0285dee3,6,user_f51339f8,0.642567
user_0285dee3,7,user_0521a7ac,0.640447
user_0285dee3,8,user_5881b259,0.634821
user_0285dee3,9,user_56909460,0.632635
user_0285dee3,10,user_9600e8bf,0.632257
user_0285dee3,11,user_380ddd3f,0.630379
user_0285dee3,12,user_02d03e8a,0.630130
user_0285dee3,13,user_e802076d,0.630096
user_0285dee3,14,user_5349c6cf,0.628458
user_0285dee3,15,user_30802254,0.626184
user_02d03e8a,1,user_96d9cb9a,0.774804
user_02d03e8a,2,user_6fc85c06,0.762814
user_02d03e8a,3,user_2cb4b018,0.744982
user_02d03e8a,4,user_7c8639cd,0.739610
user_02d03e8a,5,user_ee8d5ec5,0.738833
user_02d03e8a,6,user_07ec3726,0.737751
user_02d03e8a,7,user_f51339f8,0.727878
user_02d03e8a,8,user_caa6a7b6,0.726967
user_02d03e8a,9,user_f930e37f,0.725985
user_02d03e8a,10,user_2e05a7a0,0.725751
user_02d03e8a,11,user_6fbf6191,0.718070
user_02d03e8a,12,user_1b7f8c56,0.718052
user_02d03e8a,13,user_cdd86523,0.717029
user_02d03e8a,14,user_c8f82360,0.713275
user_02d03e8a,15,user_c06d9b71,0.712557
user_02d8a1f8,1,user_afff552a,0.773485
user_02d8a1f8,2,user_53325367,0.708663
user_02d8a1f8,3,user_30802254,0.707991
user_02d8a1f8,4,user_aa2fbe83,0.690860
user_02d8a1f8,5,user_5c09bb3d,0.682898
user_02d8a1f8,6,user_b325310b,0.681593
user_02d8a1f8,7,user_869fcb2b,0.679243
user_02d8a1f8,8,user_a151ddab,0.678543
user_02d8a1f8,9,user_1cbb30b1,0.676755
user_02d8a1f8,10,user_b16e0cf8,0.676201
user_02d8a1f8,11,user_886f7373,0.674341
user_02d8a1f8,12,user_aa31484a,0.673791
user_02d8a1f8,13,user_b23aa915,0.672456
user_02d8a1f8,14,user_02d03e8a,0.671596
user_02d8a1f8,15,user_89e04335,0.671367
user_02fecea2,1,user_2cb4b018,0.808514
user_02fecea2,2,user_95d648bc,0.788548
user_02fecea2,3,user_940c7213,0.777771
user_02fecea2,4,user_ef05ad51,0.773115
user_02fecea2,5,user_1b7f8c56,0.770181
user_02fecea2,6,user_aa2fbe83,0.758063
user_02fecea2,7,user_9e39a95d,0.756572
user_02fecea2,8,user_8ac8f24f,0.751467
user_02fecea2,9,user_02fecea2,0.751109
user_02fecea2,10,user_364bb955,0.750007
user_02fecea2,11,user_aabd2642,0.748186
user_02fecea2,12,user_500badda,0.737329
user_02fecea2,13,user_d3663143,0.733602
user_02fecea2,14,user_afff552a,0.728924
user_02fecea2,15,user_b325310b,0.727944
user_03410579,1,user_683369b1,0.825887
user_03410579,2,user_19622b77,0.797377
user_03410579,3,user_fa69a385,0.709208
user_03410579,4,user_52f895f1,0.702385
user_03410579,5,user_0bd8ba7c,0.680933
user_03410579,6,user_c50a487d,0.674054
user_03410579,7,user_41b20ee4,0.668177
user_03410579,8,user_f14dc486,0.668076
user_03410579,9,user_66a7ce5a,0.667588
user_03410579,10,user_2142b6e1,0.666969
user_03410579,11,user_d2bd9832,0.663576
user_03410579,12,user_c903d3bb,0.661717
user_03410579,13,user_18522854,0.644945
user_03410579,14,user_815b7baf,0.644311
user_03410579,15,user_8006727d,0.642727
user_043ea160,1,user_ab86ab82,0.654874
user_043ea160,2,user_164fe4b8,0.629826
user_043ea160,3,user_c7beef01,0.628946
user_043ea160,4,user_4a57e449,0.627709
user_043ea160,5,user_ee923f9d,0.616665
user_043ea160,6,user_fe922ad0,0.610993
user_043ea160,7,user_338e1332,0.590781
user_043ea160,8,user_8006727d,0.589927
user_043ea160,9,user_32934d38,0.589449
user_043ea160,10,user_a16d1fb6,0.588274
user_043ea160,11,user_2e05a7a0,0.582799
user_043ea160,12,user_c8f82360,0.580574
user_043ea160,13,user_ffe2efae,0.579030
user_043ea160,14,user_07ec3726,0.572527
user_043ea160,15,user_c809e3d2,0.565911
user_04d29f9c,1,user_8006727d,0.833261
user_04d29f9c,2,user_cf393213,0.780931
user_04d29f9c,3,user_67acd9b1,0.777360
user_04d29f9c,4,user_6fbf6191,0.765732
user_04d29f9c,5,user_cbabbcee,0.749190
user_04d29f9c,6,user_46bb5302,0.742245
user_04d29f9c,7,user_25b48a9a,0.738818
user_04d29f9c,8,user_3b79395c,0.735268
user_04d29f9c,9,user_04d29f9c,0.724994
user_04d29f9c,10,user_9a5457b0,0.723113
user_04d29f9c,11,user_2c69b83e,0.723105
user_04d29f9c,12,user_b9b94432,0.722855
user_04d29f9c,13,user_02fecea2,0.717892
user_04d29f9c,14,user_a6c2e760,0.717477
user_04d29f9c,15,user_c50a487d,0.715039
user_04d8419e,1,user_c7beef01,0.818577
user_04d8419e,2,user_07ec3726,0.783421
user_04d8419e,3,user_9b6481e4,0.778287
user_04d8419e,4,user_2e05a7a0,0.755513
user_04d8419e,5,user_4a57e449,0.749996
user_04d8419e,6,user_a16d1fb6,0.748089
user_04d8419e,7,user_406c399e,0.739952
user_04d8419e,8,user_ab86ab82,0.729856
user_04d8419e,9,user_ffe2efae,0.725732
user_04d8419e,10,user_32934d38,0.725426
user_04d8419e,11,user_efb27a8e,0.719964
user_04d8419e,12,user_65d73ac1,0.719658
user_04d8419e,13,user_e7ff2beb,0.713816
user_04d8419e,14,user_3bc84c13,0.713413
user_04d8419e,15,user_94cad3a5,0.711820
user_0521a7ac,1,user_30802254,0.704609
user_0521a7ac,2,user_d849ac6e,0.702064
user_0521a7ac,3,user_38dc2894,0.668558
user_0521a7ac,4,user_0a3bcf86,0.667657
user_0521a7ac,5,user_cf393213,0.665324
user_0521a7ac,6,user_406c399e,0.660238
user_0521a7ac,7,user_94f185bc,0.657952
user_0521a7ac,8,user_74d27419,0.655134
user_0521a7ac,9,user_f930e37f,0.652952
user_0521a7ac,10,user_89e04335,0.652597
user_0521a7ac,11,user_69df6330,0.652000
user_0521a7ac,12,user_394c25cc,0.651964
user_0521a7ac,13,user_111cfe7d,0.648310
user_0521a7ac,14,user_91f807b9,0.647924
user_0521a7ac,15,user_8a760553,0.641946
user_058c1800,1,user_5881b259,0.859796
user_058c1800,2,user_7924afc9,0.858026
user_058c1800,3,user_fba6bcd4,0.849765
user_058c1800,4,user_1936a7c3,0.846420
user_058c1800,5,user_e6057285,0.846191
user_058c1800,6,user_2e81a539,0.840924
user_058c1800,7,user_c06d9b71,0.840398
user_058c1800,8,user_c39d41d7,0.837068
user_058c1800,9,user_a743aff9,0.836419
user_058c1800,10,user_e59c000f,0.833687
user_058c1800,11,user_bbe73426,0.832871
user_058c1800,12,user_7b052f32,0.830531
user_058c1800,13,user_7f56f9a5,0.825180
user_058c1800,14,user_6d071251,0.823483
user_058c1800,15,user_ebddf9c1,0.820479
user_0697c470,1,user_0cc626ee,0.851811
user_0697c470,2,user_aa2fbe83,0.851051
user_0697c470,3,user_c008345b,0.836678
user_0697c470,4,user_69df6330,0.833607
user_0697c470,5,user_c5f32c0d,0.831724
user_0697c470,6,user_f27da10a,0.829909
user_0697c470,7,user_0a0bcaa6,0.828619
user_0697c470,8,user_5993b36a,0.825074
user_0697c470,9,user_bd05225b,0.822786
user_0697c470,10,user_03969305,0.821963
user_0697c470,11,user_5881b259,0.820686
user_0697c470,12,user_ef954c6e,0.818576
user_0697c470,13,user_e59c000f,0.815765
user_0697c470,14,user_1b7f8c56,0.815589
user_0697c470,15,user_4b139395,0.815206
user_07cb458d,1,user_2f4cc646,0.784213
user_07cb458d,2,user_1246b252,0.783172
user_07cb458d,3,user_7b5f54c0,0.761981
user_07cb458d,4,user_3431c049,0.759958
user_07cb458d,5,user_81a80789,0.758770
user_07cb458d,6,user_b63ea1d4,0.758687
user_07cb458d,7,user_3b1da5d9,0.753918
user_07cb458d,8,user_3e284ba5,0.747375
user_07cb458d,9,user_0b1b1d1c,0.743785
user_07cb458d,10,user_25798310,0.743341
user_07cb458d,11,user_e6dd44b0,0.740710
user_07cb458d,12,user_ab439a92,0.740006
user_07cb458d,13,user_acd6ddfb,0.739074
user_07cb458d,14,user_58bfeaad,0.735641
user_07cb458d,15,user_8e92b8c1,0.730431
user_07db2c6a,1,user_e8cdb142,0.802404
user_07db2c6a,2,user_4144252d,0.786044
user_07db2c6a,3,user_903329bb,0.771724
user_07db2c6a,4,user_bd05225b,0.762242
user_07db2c6a,5,user_858fa00c,0.760491
user_07db2c6a,6,user_5ac1a174,0.755832
user_07db2c6a,7,user_8e5e899b,0.753614
user_07db2c6a,8,user_87e5d9b0,0.752680
user_07db2c6a,9,user_835666af,0.751793
user_07db2c6a,10,user_586752e4,0.751687
user_07db2c6a,11,user_aabd2642,0.742614
user_07db2c6a,12,user_00723699,0.738932
user_07db2c6a,13,user_d96972e5,0.736740
user_07db2c6a,14,user_a7f8db34,0.735822
user_07db2c6a,15,user_0e82fe11,0.735713
user_07faa0fc,1,user_07faa0fc,0.809318
user_07faa0fc,2,user_58892c7c,0.772929
user_07faa0fc,3,user_1b2d69c1,0.729102
user_07faa0fc,4,user_74c84045,0.713592
user_07faa0fc,5,user_23e46560,0.710864
user_07faa0fc,6,user_2eaaa117,0.666845
user_07faa0fc,7,user_e30558fe,0.634747
user_07faa0fc,8,user_baa70592,0.631546
user_07faa0fc,9,user_903329bb,0.578564
user_07faa0fc,10,user_fcf93ee8,0.574258
user_07faa0fc,11,user_93cdb7a1,0.573707
user_07faa0fc,12,user_476670f9,0.564306
user_07faa0fc,13,user_166a3647,0.562528
user_07faa0fc,14,user_e5f67397,0.562354
user_07faa0fc,15,user_02fecea2,0.561886
user_08aa624b,1,user_08aa624b,0.862282
user_08aa624b,2,user_6bb64984,0.825817
user_08aa624b,3,user_8fbb6d9c,0.823245
user_08aa624b,4,user_d036c911,0.802733
user_08aa624b,5,user_9dda4af9,0.798554
user_08aa624b,6,user_b6b89f00,0.771610
user_08aa624b,7,user_2d74cd4c,0.759898
user_08aa624b,8,user_417702c5,0.754509
user_08aa624b,9,user_b6d05d1d,0.750349
user_08aa624b,10,user_649f4327,0.747156
user_08aa624b,11,user_f8e2246f,0.742355
user_08aa624b,12,user_daf53db6,0.740373
user_08aa624b,13,user_1c7b7780,0.736084
user_08aa624b,14,user_56e6d0cd,0.734506
user_08aa624b,15,user_6011e674,0.731638
user_08c32973,1,user_421ae417,0.910355
user_08c32973,2,user_04f39d22,0.863959
user_08c32973,3,user_7c3d63ce,0.862146
user_08c32973,4,user_7de6f343,0.859440
user_08c32973,5,user_2c2a5c24,0.843176
user_08c32973,6,user_4ea1ef09,0.840925
user_08c32973,7,user_6fa47d61,0.840060
user_08c32973,8,user_ba8b1c05,0.836863
user_08c32973,9,user_f3377028,0.828900
user_08c32973,10,user_0bc8e727,0.821588
user_08c32973,11,user_08c32973,0.818695
user_08c32973,12,user_74cfb8ef,0.818504
user_08c32973,13,user_6d421600,0.818414
user_08c32973,14,user_795650bb,0.817496
user_08c32973,15,user_40efa894,0.811390
user_08e9ce6e,1,user_1022be44,0.799067
user_08e9ce6e,2,user_8e48a3f8,0.741117
user_08e9ce6e,3,user_e5f67397,0.738615
user_08e9ce6e,4,user_5fddc7f1,0.734625
user_08e9ce6e,5,user_aa19d173,0.724678
user_08e9ce6e,6,user_25652863,0.724159
user_08e9ce6e,7,user_58bfeaad,0.723049
user_08e9ce6e,8,user_ab434739,0.722775
user_08e9ce6e,9,user_687feee4,0.717553
user_08e9ce6e,10,user_07db2c6a,0.715469
user_08e9ce6e,11,user_7de6f343,0.710099
user_08e9ce6e,12,user_166a3647,0.707434
user_08e9ce6e,13,user_fbed237d,0.703770
user_08e9ce6e,14,user_8713f22a,0.702448
user_08e9ce6e,15,user_0f0ad720,0.702322
user_092e219d,1,user_c06d9b71,0.882142
user_092e219d,2,user_d1d16d30,0.876756
user_092e219d,3,user_50e2a836,0.873907
user_092e219d,4,user_5881b259,0.872713
user_092e219d,5,user_636ad58f,0.856054
user_092e219d,6,user_ef954c6e,0.855209
user_092e219d,7,user_e6057285,0.843762
user_092e219d,8,user_a01f16ac,0.841344
user_092e219d,9,user_c39d41d7,0.840451
user_092e219d,10,user_1a2755b3,0.839300
user_092e219d,11,user_fba6bcd4,0.836640
user_092e219d,12,user_40a0bad3,0.835706
user_092e219d,13,user_1b7f8c56,0.834815
user_092e219d,14,user_7924afc9,0.834475
user_092e219d,15,user_e5a6abbe,0.833371
user_0a0bcaa6,1,user_67acd9b1,0.821593
user_0a0bcaa6,2,user_858fa00c,0.818125
user_0a0bcaa6,3,user_ea67f9c6,0.808083
user_0a0bcaa6,4,user_586752e4,0.806073
user_0a0bcaa6,5,user_96013176,0.804511
user_0a0bcaa6,6,user_9a307ebe,0.804446
user_0a0bcaa6,7,user_9571d0d5,0.800523
user_0a0bcaa6,8,user_e6dd44b0,0.799837
user_0a0bcaa6,9,user_daf37424,0.798414
user_0a0bcaa6,10,user_9ee84e18,0.798009
user_0a0bcaa6,11,user_03969305,0.797483
user_0a0bcaa6,12,user_8be3f554,0.793377
user_0a0bcaa6,13,user_e59c000f,0.791241
user_0a0bcaa6,14,user_107259c3,0.790198
user_0a0bcaa6,15,user_233fda02,0.789503
user_0a245f61,1,user_0cee87f3,0.839230
user_0a245f61,2,user_7aa3746b,0.834155
user_0a245f61,3,user_adab54a0,0.833409
user_0a245f61,4,user_daf37424,0.830143
user_0a245f61,5,user_36d44add,0.829309
user_0a245f61,6,user_e802076d,0.828198
user_0a245f61,7,user_80dc757f,0.828167
user_0a245f61,8,user_f654c33b,0.827491
user_0a245f61,9,user_b16e0cf8,0.809706
user_0a245f61,10,user_c35d6565,0.809629
user_0a245f61,11,user_5c5a0b40,0.809353
user_0a245f61,12,user_54c1ebee,0.804708
user_0a245f61,13,user_c994138f,0.801663
user_0a245f61,14,user_e59c000f,0.800969
user_0a245f61,15,user_15179955,0.798866
user_0b5c256a,1,user_405db206,0.781483
user_0b5c256a,2,user_723406a0,0.772367
user_0b5c256a,3,user_8d968cfb,0.758389
user_0b5c256a,4,user_954805d7,0.756671
user_0b5c256a,5,user_9d65649f,0.755198
user_0b5c256a,6,user_a6c2e760,0.753877
user_0b5c256a,7,user_39939c54,0.753834
user_0b5c256a,8,user_dbc4828c,0.753190
user_0b5c256a,9,user_582ff5b2,0.752455
user_0b5c256a,10,user_695e56c9,0.751423
user_0b5c256a,11,user_84e93af7,0.745258
user_0b5c256a,12,user_54b19b29,0.742866
user_0b5c256a,13,user_b49274ca,0.742090
user_0b5c256a,14,user_c39d41d7,0.741381
user_0b5c256a,15,user_cda36a95,0.736670
user_0b64b183,1,user_032e5bc8,0.836025
user_0b64b183,2,user_bd05225b,0.832344
user_0b64b183,3,user_aabd2642,0.827602
user_0b64b183,4,user_e5a6abbe,0.816602
user_0b64b183,5,user_88b2faba,0.816524
user_0b64b183,6,user_2e81a539,0.810246
user_0b64b183,7,user_e6dd44b0,0.810155
user_0b64b183,8,user_5993b36a,0.808640
user_0b64b183,9,user_1b7f8c56,0.806441
user_0b64b183,10,user_c5f32c0d,0.802333
user_0b64b183,11,user_405db206,0.802047
user_0b64b183,12,user_b337cb0c,0.801246
user_0b64b183,13,user_2cb4b018,0.800577
user_0b64b183,14,user_95d648bc,0.799512
user_0b64b183,15,user_25798310,0.799295
user_0c578ab5,1,user_e2e59795,0.835621
user_0c578ab5,2,user_63b4be5f,0.779580
user_0c578ab5,3,user_7f56f9a5,0.778780
user_0c578ab5,4,user_107259c3,0.769652
user_0c578ab5,5,user_2e81a539,0.768573
user_0c578ab5,6,user_fdcaaf41,0.765239
user_0c578ab5,7,user_f51339f8,0.762007
user_0c578ab5,8,user_b1d0760b,0.758793
user_0c578ab5,9,user_7c7220a4,0.755817
user_0c578ab5,10,user_aabd2642,0.755160
user_0c578ab5,11,user_586752e4,0.746679
user_0c578ab5,12,user_d758a0a1,0.746610
user_0c578ab5,13,user_a7b901f2,0.746224
user_0c578ab5,14,user_9da8848a,0.744834
user_0c578ab5,15,user_dca78fea,0.744788
user_0c8c48ac,1,user_6169d3b8,0.848752
user_0c8c48ac,2,user_107259c3,0.839542
user_0c8c48ac,3,user_858fa00c,0.796119
user_0c8c48ac,4,user_f070eee7,0.791821
user_0c8c48ac,5,user_586752e4,0.789883
user_0c8c48ac,6,user_5c9b579a,0.784332
user_0c8c48ac,7,user_25798310,0.781500
user_0c8c48ac,8,user_b4f295b3,0.779095
user_0c8c48ac,9,user_bd05225b,0.778565
user_0c8c48ac,10,user_0cc626ee,0.777973
user_0c8c48ac,11,user_0669bdf6,0.777758
user_0c8c48ac,12,user_f27da10a,0.776272
user_0c8c48ac,13,user_032e5bc8,0.773511
user_0c8c48ac,14,user_f10e7063,0.773490
user_0c8c48ac,15,user_83afc7b2,0.770832
user_0cc626ee,1,user_54c1ebee,0.872364
user_0cc626ee,2,user_df8dc9bb,0.868381
user_0cc626ee,3,user_e6057285,0.839060
user_0cc626ee,4,user_3239132f,0.838596
user_0cc626ee,5,user_a6c5a10c,0.838437
user_0cc626ee,6,user_147d1bbb,0.834877
user_0cc626ee,7,user_c5f32c0d,0.831661
user_0cc626ee,8,user_7b5f54c0,0.830977
user_0cc626ee,9,user_96013176,0.825432
user_0cc626ee,10,user_e802076d,0.824137
user_0cc626ee,11,user_83afc7b2,0.823169
user_0cc626ee,12,user_cbabbcee,0.816233
user_0cc626ee,13,user_d691d016,0.813786
user_0cc626ee,14,user_166a3647,0.811460
user_0cc626ee,15,user_70bbda36,0.809173
user_0cd29f02,1,user_72b93300,0.793281
user_0cd29f02,2,user_e6057285,0.791826
user_0cd29f02,3,user_a6c5a10c,0.786733
user_0cd29f02,4,user_fba6bcd4,0.785015
user_0cd29f02,5,user_5993b36a,0.774260
user_0cd29f02,6,user_18892460,0.772882
user_0cd29f02,7,user_7a7dda35,0.767744
user_0cd29f02,8,user_f0b144fc,0.762959
user_0cd29f02,9,user_5c82df31,0.762846
user_0cd29f02,10,user_bd05225b,0.760619
user_0cd29f02,11,user_5526cbfd,0.758606
user_0cd29f02,12,user_39b3eda0,0.758229
user_0cd29f02,13,user_a01f16ac,0.756035
user_0cd29f02,14,user_d691d016,0.752588
user_0cd29f02,15,user_1b7f8c56,0.747951
user_0f0ad720,1,user_8d22714e,0.829260
user_0f0ad720,2,user_5b714afd,0.828088
user_0f0ad720,3,user_0f0ad720,0.819967
user_0f0ad720,4,user_a2825b06,0.819647
user_0f0ad720,5,user_032e5bc8,0.803705
user_0f0ad720,6,user_372c2b3e,0.802562
user_0f0ad720,7,user_58bfeaad,0.801263
user_0f0ad720,8,user_ecba8131,0.800225
user_0f0ad720,9,user_e409a56d,0.797341
user_0f0ad720,10,user_7de6f343,0.797056
user_0f0ad720,11,user_c5f32c0d,0.792584
user_0f0ad720,12,user_bd47000f,0.791948
user_0f0ad720,13,user_25652863,0.788021
user_0f0ad720,14,user_2efde048,0.785376
user_0f0ad720,15,user_0669bdf6,0.781807
user_107259c3,1,user_107259c3,0.796739
user_107259c3,2,user_7c7220a4,0.757662
user_107259c3,3,user_17054ec7,0.756424
user_107259c3,4,user_ea67f9c6,0.752069
user_107259c3,5,user_f070eee7,0.747985
user_107259c3,6,user_07db2c6a,0.740012
user_107259c3,7,user_aa4cc34a,0.738026
user_107259c3,8,user_0128a546,0.736986
user_107259c3,9,user_76638121,0.736677
user_107259c3,10,user_87e5d9b0,0.736662
user_107259c3,11,user_1ae8e7f5,0.735838
user_107259c3,12,user_baeb91b3,0.735174
user_107259c3,13,user_ab434739,0.732307
user_107259c3,14,user_7f623d19,0.730834
user_107259c3,15,user_8e5e899b,0.728922
user_10e64e28,1,user_c157ca97,0.771272
user_10e64e28,2,user_3535252b,0.730739
user_10e64e28,3,user_833d8832,0.682504
user_10e64e28,4,user_338e1332,0.679796
user_10e64e28,5,user_efcacf59,0.666747
user_10e64e28,6,user_e88c308b,0.648643
user_10e64e28,7,user_52d3881c,0.633287
user_10e64e28,8,user_582ff5b2,0.632720
user_10e64e28,9,user_bbb0205e,0.628787
user_10e64e28,10,user_8be3f554,0.608564
user_10e64e28,11,user_a6c5a10c,0.603909
user_10e64e28,12,user_7a7dda35,0.597856
user_10e64e28,13,user_d499c752,0.597116
user_10e64e28,14,user_63b4ae7a,0.593325
user_10e64e28,15,user_5d1b0daf,0.593169
user_111cfe7d,1,user_e802076d,0.886980
user_111cfe7d,2,user_daf37424,0.877837
user_111cfe7d,3,user_29cd4556,0.861363
user_111cfe7d,4,user_8a760553,0.859531
user_111cfe7d,5,user_84c14a6f,0.859193
user_111cfe7d,6,user_96013176,0.858944
user_111cfe7d,7,user_0eb2abf1,0.858345
user_111cfe7d,8,user_c994138f,0.857779
user_111cfe7d,9,user_8be3f554,0.853458
user_111cfe7d,10,user_cdd86523,0.852561
user_111cfe7d,11,user_586752e4,0.852052
user_111cfe7d,12,user_2dd5b531,0.850906
user_111cfe7d,13,user_15179955,0.850789
user_111cfe7d,14,user_406c399e,0.850546
user_111cfe7d,15,user_4db0d490,0.850411
user_11e8421f,1,user_11e8421f,0.675002
user_11e8421f,2,user_2c3eb234,0.650812
user_11e8421f,3,user_8a3bbeb2,0.566462
user_11e8421f,4,user_63b4ae7a,0.528951
user_11e8421f,5,user_0bd8ba7c,0.526414
user_11e8421f,6,user_d14b7d7b,0.525424
user_11e8421f,7,user_8006727d,0.500712
user_11e8421f,8,user_46bb5302,0.482103
user_11e8421f,9,user_8f08aa94,0.479354
user_11e8421f,10,user_8c11f026,0.467007
user_11e8421f,11,user_f1157204,0.455456
user_11e8421f,12,user_c1a70ab7,0.452896
user_11e8421f,13,user_d20928cc,0.449462
user_11e8421f,14,user_a9ed5193,0.428611
user_11e8421f,15,user_515ae840,0.425547
user_1230e05a,1,user_2920b35e,0.847079
user_1230e05a,2,user_f030b951,0.794079
user_1230e05a,3,user_70580e9a,0.769453
user_1230e05a,4,user_1ef33a43,0.769122
user_1230e05a,5,user_fba6bcd4,0.766079
user_1230e05a,6,user_bd19a016,0.760880
user_1230e05a,7,user_3ff3188b,0.758760
user_1230e05a,8,user_72b93300,0.752989
user_1230e05a,9,user_b6350ec1,0.751495
user_1230e05a,10,user_dd1d7b22,0.750827
user_1230e05a,11,user_b4214db6,0.749583
user_1230e05a,12,user_d6175d39,0.743690
user_1230e05a,13,user_1f09455f,0.739292
user_1230e05a,14,user_02016939,0.739224
user_1230e05a,15,user_ed1aaed8,0.738334
user_126670d7,1,user_d2bd9832,0.815310
user_126670d7,2,user_4db0d490,0.804609
user_126670d7,3,user_65d73ac1,0.798718
user_126670d7,4,user_f930e37f,0.796080
user_126670d7,5,user_9571d0d5,0.793498
user_126670d7,6,user_8be3f554,0.790151
user_126670d7,7,user_18522854,0.787385
user_126670d7,8,user_c4c70447,0.785082
user_126670d7,9,user_29cd4556,0.779663
user_126670d7,10,user_9ee84e18,0.778208
user_126670d7,11,user_56980aa9,0.778195
user_126670d7,12,user_ba4a78fc,0.776885
user_126670d7,13,user_2c69b83e,0.774993
user_126670d7,14,user_25b48a9a,0.774407
user_126670d7,15,user_586752e4,0.771414
user_1302cb61,1,user_1a7d6cd5,0.831427
user_1302cb61,2,user_02fecea2,0.820254
user_1302cb61,3,user_b0129d9e,0.820237
user_1302cb61,4,user_81a80789,0.800371
user_1302cb61,5,user_3431c049,0.798877
user_1302cb61,6,user_94cad3a5,0.797136
user_1302cb61,7,user_0d32f0ed,0.789368
user_1302cb61,8,user_8fb63eca,0.788116
user_1302cb61,9,user_9a5457b0,0.779686
user_1302cb61,10,user_166a3647,0.774769
user_1302cb61,11,user_03410579,0.771481
user_1302cb61,12,user_76638121,0.766826
user_1302cb61,13,user_c50a487d,0.764991
user_1302cb61,14,user_364bb955,0.760010
user_1302cb61,15,user_3b79395c,0.755847
user_13f8ee07,1,user_ebddf9c1,0.679505
user_13f8ee07,2,user_bbcbf015,0.670597
user_13f8ee07,3,user_f930e37f,0.666616
user_13f8ee07,4,user_c67f26cc,0.652088
user_13f8ee07,5,user_69df6330,0.645569
user_13f8ee07,6,user_433bdef0,0.642730
user_13f8ee07,7,user_a743aff9,0.641998
user_13f8ee07,8,user_5349c6cf,0.634038
user_13f8ee07,9,user_0a0bcaa6,0.630516
user_13f8ee07,10,user_c39d41d7,0.626319
user_13f8ee07,11,user_a57e47b1,0.620600
user_13f8ee07,12,user_c96b90fe,0.619740
user_13f8ee07,13,user_7924afc9,0.618888
user_13f8ee07,14,user_2e81a539,0.618873
user_13f8ee07,15,user_d758a0a1,0.618014
user_13fb2e34,1,user_13fb2e34,0.854250
user_13fb2e34,2,user_c903d3bb,0.796269
user_13fb2e34,3,user_cbabbcee,0.760356
user_13fb2e34,4,user_4144252d,0.756724
user_13fb2e34,5,user_1a7d6cd5,0.748532
user_13fb2e34,6,user_09dea596,0.742110
user_13fb2e34,7,user_b9b94432,0.723557
user_13fb2e34,8,user_f4f9490d,0.721875
user_13fb2e34,9,user_233fda02,0.717676
user_13fb2e34,10,user_c50a487d,0.716134
user_13fb2e34,11,user_94cad3a5,0.715151
user_13fb2e34,12,user_6c2d672f,0.709734
user_13fb2e34,13,user_fcf93ee8,0.707150
user_13fb2e34,14,user_02fecea2,0.692949
user_13fb2e34,15,user_29266f60,0.690803
user_147d1bbb,1,user_9a5457b0,0.857825
user_147d1bbb,2,user_02fecea2,0.846157
user_147d1bbb,3,user_67acd9b1,0.838124
user_147d1bbb,4,user_b63ea1d4,0.836468
user_147d1bbb,5,user_2c69b83e,0.834482
user_147d1bbb,6,user_1a7d6cd5,0.832333
user_147d1bbb,7,user_e8e9acac,0.826474
user_147d1bbb,8,user_166a3647,0.814740
user_147d1bbb,9,user_3b79395c,0.812899
user_147d1bbb,10,user_9351238d,0.809879
user_147d1bbb,11,user_16ac4154,0.808170
user_147d1bbb,12,user_3431c049,0.807322
user_147d1bbb,13,user_ea67f9c6,0.802439
user_147d1bbb,14,user_fdc08e26,0.800626
user_147d1bbb,15,user_aabd2642,0.800538
user_14a2d3c6,1,user_efa5697b,0.744565
user_14a2d3c6,2,user_dac2c359,0.724131
user_14a2d3c6,3,user_7322f4ef,0.717618
user_14a2d3c6,4,user_3eb49f37,0.694819
user_14a2d3c6,5,user_823846de,0.686384
user_14a2d3c6,6,user_7d944883,0.683387
user_14a2d3c6,7,user_78eff25f,0.680498
user_14a2d3c6,8,user_058d9dc1,0.679071
user_14a2d3c6,9,user_d4b7e22e,0.678839
user_14a2d3c6,10,user_e4f8ab0c,0.665732
user_14a2d3c6,11,user_a5d9fab6,0.649916
user_14a2d3c6,12,user_8285a696,0.639701
user_14a2d3c6,13,user_ab30f0fb,0.636968
user_14a2d3c6,14,user_0669bdf6,0.632992
user_14a2d3c6,15,user_5ac1a174,0.630277
user_159646d5,1,user_3850eb9e,0.677077
user_159646d5,2,user_b45d0d20,0.653290
user_159646d5,3,user_cc1c8897,0.645833
user_159646d5,4,user_b9d253e8,0.645689
user_159646d5,5,user_83b871b5,0.615921
user_159646d5,6,user_3ff88cf0,0.609246
user_159646d5,7,user_a7145605,0.602733
user_159646d5,8,user_db4c3fb9,0.594995
user_159646d5,9,user_032f6993,0.592498
user_159646d5,10,user_7d6962d9,0.582828
user_159646d5,11,user_02d8a1f8,0.569956
user_159646d5,12,user_79a1811b,0.568833
user_159646d5,13,user_b14ec02b,0.563233
user_159646d5,14,user_b563e90b,0.560345
user_159646d5,15,user_74da5a13,0.559458
user_164057cc,1,user_7af2ed90,0.835864
user_164057cc,2,user_940c7213,0.834361
user_164057cc,3,user_cbabbcee,0.797035
user_164057cc,4,user_02fecea2,0.791837
user_164057cc,5,user_1a7d6cd5,0.787229
user_164057cc,6,user_166a3647,0.779972
user_164057cc,7,user_3e284ba5,0.772771
user_164057cc,8,user_a7bfc229,0.770434
user_164057cc,9,user_c903d3bb,0.770428
user_164057cc,10,user_3239132f,0.768899
user_164057cc,11,user_6c2d672f,0.768002
user_164057cc,12,user_a6c5a10c,0.766843
user_164057cc,13,user_500badda,0.761963
user_164057cc,14,user_70bbda36,0.757425
user_164057cc,15,user_032e5bc8,0.755779
user_164fe4b8,1,user_1246b252,0.707161
user_164fe4b8,2,user_0d32f0ed,0.704082
user_164fe4b8,3,user_efb27a8e,0.691018
user_164fe4b8,4,user_ffe2efae,0.688485
user_164fe4b8,5,user_3431c049,0.668291
user_164fe4b8,6,user_72bed676,0.668001
user_164fe4b8,7,user_7b5f54c0,0.667006
user_164fe4b8,8,user_81a80789,0.663881
user_164fe4b8,9,user_76638121,0.663613
user_164fe4b8,10,user_b63ea1d4,0.660906
user_164fe4b8,11,user_ba010eec,0.660752
user_164fe4b8,12,user_476670f9,0.660614
user_164fe4b8,13,user_e7ff2beb,0.657520
user_164fe4b8,14,user_94cad3a5,0.656927
user_164fe4b8,15,user_166a3647,0.651443
user_165a2706,1,user_165a2706,0.863514
user_165a2706,2,user_fb64cb55,0.800313
user_165a2706,3,user_9ee84e18,0.770580
user_165a2706,4,user_835666af,0.766642
user_165a2706,5,user_acb51eed,0.754493
user_165a2706,6,user_0cc626ee,0.741250
user_165a2706,7,user_fca58a87,0.738985
user_165a2706,8,user_903329bb,0.735892
user_165a2706,9,user_33c6501d,0.735598
user_165a2706,10,user_737dd050,0.726043
user_165a2706,11,user_d10d1f24,0.720260
user_165a2706,12,user_8e97a154,0.719533
user_165a2706,13,user_16ac4154,0.712359
user_165a2706,14,user_aa2fbe83,0.709608
user_165a2706,15,user_940c7213,0.707371
user_16b87e34,1,user_fe67197f,0.609179
user_16b87e34,2,user_1cfedba8,0.591268
user_16b87e34,3,user_7fd91653,0.571178
user_16b87e34,4,user_f60a09b3,0.567558
user_16b87e34,5,user_6c2d672f,0.564486
user_16b87e34,6,user_caa6a7b6,0.560268
user_16b87e34,7,user_ff591131,0.551903
user_16b87e34,8,user_45be01a5,0.540744
user_16b87e34,9,user_4f3b6241,0.539182
user_16b87e34,10,user_030cf51a,0.534437
user_16b87e34,11,user_33c6501d,0.533759
user_16b87e34,12,user_529e3009,0.529374
user_16b87e34,13,user_98ca16a6,0.528843
user_16b87e34,14,user_cbabbcee,0.526517
user_16b87e34,15,user_0669bdf6,0.522737
user_17355c30,1,user_f43d6008,0.783787
user_17355c30,2,user_75251485,0.715637
user_17355c30,3,user_d20928cc,0.704432
user_17355c30,4,user_5d1b0daf,0.704096
user_17355c30,5,user_938164a5,0.697806
user_17355c30,6,user_126670d7,0.696223
user_17355c30,7,user_a2503734,0.685247
user_17355c30,8,user_650da71b,0.682396
user_17355c30,9,user_b429ec64,0.673131
user_17355c30,10,user_4384dffe,0.668172
user_17355c30,11,user_18522854,0.666960
user_17355c30,12,user_0a3f46b9,0.665403
user_17355c30,13,user_1232c39b,0.658899
user_17355c30,14,user_4bf6a4a0,0.658434
user_17355c30,15,user_c6f50d12,0.655342
user_17607ebc,1,user_bf69de98,0.881235
user_17607ebc,2,user_15179955,0.876899
user_17607ebc,3,user_b16e0cf8,0.844231
user_17607ebc,4,user_adab54a0,0.843952
user_17607ebc,5,user_f654c33b,0.843866
user_17607ebc,6,user_96013176,0.843655
user_17607ebc,7,user_17607ebc,0.841442
user_17607ebc,8,user_02d03e8a,0.839146
user_17607ebc,9,user_0cee87f3,0.834646
user_17607ebc,10,user_657c72ca,0.829693
user_17607ebc,11,user_b23aa915,0.828130
user_17607ebc,12,user_f030b951,0.825584
user_17607ebc,13,user_8663226a,0.825006
user_17607ebc,14,user_c39d41d7,0.824177
user_17607ebc,15,user_ef954c6e,0.823179
user_183b3783,1,user_2c69b83e,0.851910
user_183b3783,2,user_dae4304f,0.846107
user_183b3783,3,user_ca6074df,0.839466
user_183b3783,4,user_3ff3188b,0.837200
user_183b3783,5,user_c35d6565,0.833574
user_183b3783,6,user_9dda4af9,0.833193
user_183b3783,7,user_54b19b29,0.828716
user_183b3783,8,user_fdc08e26,0.827630
user_183b3783,9,user_b6d05d1d,0.825650
user_183b3783,10,user_c4c70447,0.824427
user_183b3783,11,user_c34e791e,0.822960
user_183b3783,12,user_c5f32c0d,0.820912
user_183b3783,13,user_405db206,0.820483
user_183b3783,14,user_adab54a0,0.820343
user_183b3783,15,user_e696f3ae,0.819741
user_18522854,1,user_18522854,0.745847
user_18522854,2,user_6b311f43,0.725035
user_18522854,3,user_c6f50d12,0.703422
user_18522854,4,user_b2dd04c8,0.701842
user_18522854,5,user_d2bd9832,0.693099
user_18522854,6,user_2eb5d860,0.688181
user_18522854,7,user_f43d6008,0.682089
user_18522854,8,user_126670d7,0.674987
user_18522854,9,user_6d2cb415,0.674593
user_18522854,10,user_51779823,0.667427
user_18522854,11,user_a2503734,0.666344
user_18522854,12,user_b8f24804,0.657880
user_18522854,13,user_e8d15537,0.655887
user_18522854,14,user_4384dffe,0.654980
user_18522854,15,user_c60d65b5,0.654046
user_18892460,1,user_147d1bbb,0.780652
user_18892460,2,user_a01f16ac,0.779698
user_18892460,3,user_e802076d,0.778396
user_18892460,4,user_88b2faba,0.776499
user_18892460,5,user_df8dc9bb,0.760285
user_18892460,6,user_83afc7b2,0.758194
user_18892460,7,user_18892460,0.755729
user_18892460,8,user_e59c000f,0.755058
user_18892460,9,user_886f7373,0.744072
user_18892460,10,user_3239132f,0.743993
user_18892460,11,user_bd05225b,0.739818
user_18892460,12,user_636ad58f,0.739074
user_18892460,13,user_2e81a539,0.737913
user_18892460,14,user_7a8f7f3e,0.737282
user_18892460,15,user_14a2d3c6,0.737213
user_18c333c6,1,user_18c333c6,0.793370
user_18c333c6,2,user_98f18241,0.758238
user_18c333c6,3,user_74e32d78,0.755883
user_18c333c6,4,user_43049634,0.734986
user_18c333c6,5,user_6d421600,0.706602
user_18c333c6,6,user_3ff3188b,0.702715
user_18c333c6,7,user_dca78fea,0.701917
user_18c333c6,8,user_3ff88cf0,0.692753
user_18c333c6,9,user_fcf93ee8,0.690743
user_18c333c6,10,user_b563e90b,0.682513
user_18c333c6,11,user_b2aba63a,0.682205
user_18c333c6,12,user_7c7220a4,0.681552
user_18c333c6,13,user_04f39d22,0.675002
user_18c333c6,14,user_b14ec02b,0.674575
user_18c333c6,15,user_daf59045,0.674506
user_192a215d,1,user_fbed237d,0.836823
user_192a215d,2,user_a61b0d31,0.828387
user_192a215d,3,user_0bc8e727,0.817487
user_192a215d,4,user_62b122b9,0.814045
user_192a215d,5,user_2c2a5c24,0.774175
user_192a215d,6,user_0f0ad720,0.757315
user_192a215d,7,user_6fa47d61,0.745191
user_192a215d,8,user_7de6f343,0.743682
user_192a215d,9,user_bf30f80d,0.741230
user_192a215d,10,user_2efde048,0.739296
user_192a215d,11,user_25652863,0.738541
user_192a215d,12,user_372c2b3e,0.736071
user_192a215d,13,user_40efa894,0.733258
user_192a215d,14,user_58bfeaad,0.724885
user_192a215d,15,user_a3a4a20a,0.720812
user_194b92fc,1,user_daf53db6,0.816035
user_194b92fc,2,user_9c5cd7fa,0.784082
user_194b92fc,3,user_194b92fc,0.775578
user_194b92fc,4,user_6bb64984,0.753342
user_194b92fc,5,user_649f4327,0.742887
user_194b92fc,6,user_c41de62b,0.729285
user_194b92fc,7,user_99c67f2f,0.714692
user_194b92fc,8,user_25b48a9a,0.713269
user_194b92fc,9,user_417702c5,0.710160
user_194b92fc,10,user_08aa624b,0.707598
user_194b92fc,11,user_2dc10d2d,0.702445
user_194b92fc,12,user_6011e674,0.702302
user_194b92fc,13,user_c8f82360,0.694820
user_194b92fc,14,user_f8e2246f,0.693243
user_194b92fc,15,user_8d299d7a,0.674527
user_19641691,1,user_ab434739,0.769056
user_19641691,2,user_1022be44,0.755402
user_19641691,3,user_687feee4,0.737934
user_19641691,4,user_e5f67397,0.726822
user_19641691,5,user_5fddc7f1,0.726165
user_19641691,6,user_a5e548ce,0.725544
user_19641691,7,user_c81fae29,0.719845
user_19641691,8,user_baeb91b3,0.715505
user_19641691,9,user_4a40c36a,0.703452
user_19641691,10,user_07db2c6a,0.698329
user_19641691,11,user_aa19d173,0.687200
user_19641691,12,user_6169d3b8,0.681678
user_19641691,13,user_aa4cc34a,0.678650
user_19641691,14,user_0e82fe11,0.675345
user_19641691,15,user_26fa9d90,0.675113
user_19952166,1,user_9600e8bf,0.819086
user_19952166,2,user_bbe73426,0.818060
user_19952166,3,user_ef954c6e,0.808229
user_19952166,4,user_6d071251,0.805633
user_19952166,5,user_886f7373,0.805384
user_19952166,6,user_e5a6abbe,0.795703
user_19952166,7,user_b337cb0c,0.791316
user_19952166,8,user_4e54f3d7,0.787193
user_19952166,9,user_e6057285,0.784268
user_19952166,10,user_15179955,0.777482
user_19952166,11,user_1f1dc5e0,0.772386
user_19952166,12,user_bf69de98,0.772157
user_19952166,13,user_f0b144fc,0.771516
user_19952166,14,user_394c25cc,0.766835
user_19952166,15,user_80dc757f,0.765929
user_1a2755b3,1,user_1a2755b3,0.904705
user_1a2755b3,2,user_3ac315cb,0.842376
user_1a2755b3,3,user_1b7f8c56,0.835287
user_1a2755b3,4,user_c06d9b71,0.833804
user_1a2755b3,5,user_d1d16d30,0.830572
user_1a2755b3,6,user_3ff3188b,0.819781
user_1a2755b3,7,user_c008345b,0.818404
user_1a2755b3,8,user_fba6bcd4,0.816427
user_1a2755b3,9,user_15179955,0.815696
user_1a2755b3,10,user_0eb2abf1,0.815134
user_1a2755b3,11,user_dbc4828c,0.813306
user_1a2755b3,12,user_c34e791e,0.813090
user_1a2755b3,13,user_e802076d,0.812071
user_1a2755b3,14,user_e1730a9c,0.811279
user_1a2755b3,15,user_c39d41d7,0.809966
user_1a4bec69,1,user_a52dd639,0.896435
user_1a4bec69,2,user_1a4bec69,0.863081
user_1a4bec69,3,user_902af20f,0.790364
user_1a4bec69,4,user_67fa915e,0.785073
user_1a4bec69,5,user_25652863,0.773861
user_1a4bec69,6,user_6fa47d61,0.766374
user_1a4bec69,7,user_2efde048,0.750931
user_1a4bec69,8,user_4ea1ef09,0.750861
user_1a4bec69,9,user_00a2f533,0.745152
user_1a4bec69,10,user_2e60c125,0.743751
user_1a4bec69,11,user_7de6f343,0.743105
user_1a4bec69,12,user_e409a56d,0.738546
user_1a4bec69,13,user_08c32973,0.738333
user_1a4bec69,14,user_2c2a5c24,0.730665
user_1a4bec69,15,user_40efa894,0.730524
user_1a7d6cd5,1,user_3b79395c,0.793455
user_1a7d6cd5,2,user_1246b252,0.779355
user_1a7d6cd5,3,user_ab439a92,0.774525
user_1a7d6cd5,4,user_c50a487d,0.744676
user_1a7d6cd5,5,user_0b1b1d1c,0.741776
user_1a7d6cd5,6,user_1a7d6cd5,0.736287
user_1a7d6cd5,7,user_c1718b7b,0.722854
user_1a7d6cd5,8,user_e8e9acac,0.718975
user_1a7d6cd5,9,user_166a3647,0.714418
user_1a7d6cd5,10,user_ffe2efae,0.713876
user_1a7d6cd5,11,user_c994138f,0.710775
user_1a7d6cd5,12,user_d691d016,0.707655
user_1a7d6cd5,13,user_02fecea2,0.707087
user_1a7d6cd5,14,user_683369b1,0.705181
user_1a7d6cd5,15,user_338e1332,0.704505
user_1b2d69c1,1,user_1b2d69c1,0.846053
user_1b2d69c1,2,user_58892c7c,0.804714
user_1b2d69c1,3,user_74c84045,0.786285
user_1b2d69c1,4,user_e30558fe,0.774697
user_1b2d69c1,5,user_baa70592,0.750915
user_1b2d69c1,6,user_07faa0fc,0.714630
user_1b2d69c1,7,user_a9ed5193,0.642601
user_1b2d69c1,8,user_98f18241,0.637645
user_1b2d69c1,9,user_e6dd44b0,0.636591
user_1b2d69c1,10,user_43049634,0.631126
user_1b2d69c1,11,user_b4214db6,0.629657
user_1b2d69c1,12,user_f030b951,0.625277
user_1b2d69c1,13,user_3ff3188b,0.621760
user_1b2d69c1,14,user_e9d1886c,0.620702
user_1b2d69c1,15,user_1b7f8c56,0.613893
user_1b7f8c56,1,user_1b7f8c56,0.854048
user_1b7f8c56,2,user_aabd2642,0.848907
user_1b7f8c56,3,user_16ac4154,0.840841
user_1b7f8c56,4,user_2c69b83e,0.821998
user_1b7f8c56,5,user_2e81a539,0.813979
user_1b7f8c56,6,user_476670f9,0.812041
user_1b7f8c56,7,user_d3663143,0.810425
user_1b7f8c56,8,user_fe67197f,0.808367
user_1b7f8c56,9,user_b63ea1d4,0.803930
user_1b7f8c56,10,user_3ac315cb,0.800885
user_1b7f8c56,11,user_02fecea2,0.799943
user_1b7f8c56,12,user_107259c3,0.799938
user_1b7f8c56,13,user_fdc08e26,0.797606
user_1b7f8c56,14,user_e2e59795,0.797475
user_1b7f8c56,15,user_7c7220a4,0.797279
user_1b89f77a,1,user_2e81a539,0.815150
user_1b89f77a,2,user_f930e37f,0.810389
user_1b89f77a,3,user_5c9b579a,0.789062
user_1b89f77a,4,user_03969305,0.788750
user_1b89f77a,5,user_aabd2642,0.787860
user_1b89f77a,6,user_fba6bcd4,0.787093
user_1b89f77a,7,user_2c69b83e,0.784052
user_1b89f77a,8,user_96013176,0.781480
user_1b89f77a,9,user_fdc08e26,0.780873
user_1b89f77a,10,user_4db0d490,0.780741
user_1b89f77a,11,user_1b7f8c56,0.779267
user_1b89f77a,12,user_dbc4828c,0.777471
user_1b89f77a,13,user_c39d41d7,0.771894
user_1b89f77a,14,user_c994138f,0.770256
user_1b89f77a,15,user_acd6ddfb,0.769879
user_1d775dd8,1,user_8e97a154,0.828829
user_1d775dd8,2,user_737dd050,0.816757
user_1d775dd8,3,user_c994138f,0.810937
user_1d775dd8,4,user_5a6f92a6,0.805955
user_1d775dd8,5,user_586752e4,0.804215
user_1d775dd8,6,user_df8dc9bb,0.802208
user_1d775dd8,7,user_b350e22b,0.787367
user_1d775dd8,8,user_daf37424,0.782337
user_1d775dd8,9,user_54c1ebee,0.781540
user_1d775dd8,10,user_a151ddab,0.776848
user_1d775dd8,11,user_3239132f,0.776419
user_1d775dd8,12,user_38433566,0.774584
user_1d775dd8,13,user_d691d016,0.768820
user_1d775dd8,14,user_8d22714e,0.766137
user_1d775dd8,15,user_e6057285,0.765697
user_1dc24686,1,user_906e2423,0.858442
user_1dc24686,2,user_433bdef0,0.847481
user_1dc24686,3,user_39b3eda0,0.806273
user_1dc24686,4,user_4b139395,0.794204
user_1dc24686,5,user_6fc85c06,0.784729
user_1dc24686,6,user_3f2fbc90,0.783732
user_1dc24686,7,user_d96972e5,0.781199
user_1dc24686,8,user_7fd91653,0.779603
user_1dc24686,9,user_bd05225b,0.777904
user_1dc24686,10,user_5881b259,0.776847
user_1dc24686,11,user_69df6330,0.773012
user_1dc24686,12,user_c39d41d7,0.772082
user_1dc24686,13,user_cdd86523,0.771488
user_1dc24686,14,user_058c1800,0.771427
user_1dc24686,15,user_e59c000f,0.771089
user_1df51301,1,user_adab54a0,0.894487
user_1df51301,2,user_2dd5b531,0.858473
user_1df51301,3,user_ec574395,0.834036
user_1df51301,4,user_03969305,0.831666
user_1df51301,5,user_e59c000f,0.830421
user_1df51301,6,user_e802076d,0.829438
user_1df51301,7,user_8f8346ad,0.828647
user_1df51301,8,user_5c5a0b40,0.827817
user_1df51301,9,user_f654c33b,0.826096
user_1df51301,10,user_b16e0cf8,0.825936
user_1df51301,11,user_7aa3746b,0.825863
user_1df51301,12,user_8fe14601,0.825463
user_1df51301,13,user_b6d05d1d,0.823144
user_1df51301,14,user_15179955,0.822608
user_1df51301,15,user_29cd4556,0.819372
user_1e302679,1,user_c008345b,0.802565
user_1e302679,2,user_acb51eed,0.768426
user_1e302679,3,user_940c7213,0.765284
user_1e302679,4,user_032e5bc8,0.754594
user_1e302679,5,user_f8e2246f,0.754398
user_1e302679,6,user_afff552a,0.753628
user_1e302679,7,user_2cb4b018,0.748886
user_1e302679,8,user_0898fc4b,0.748765
user_1e302679,9,user_b337cb0c,0.748524
user_1e302679,10,user_1b7f8c56,0.748343
user_1e302679,11,user_02d8a1f8,0.747397
user_1e302679,12,user_fba6bcd4,0.746648
user_1e302679,13,user_33c6501d,0.745734
user_1e302679,14,user_5993b36a,0.744244
user_1e302679,15,user_d3663143,0.743870
user_1f1dc5e0,1,user_1f1dc5e0,0.909338
user_1f1dc5e0,2,user_e6057285,0.832433
user_1f1dc5e0,3,user_eb0927d1,0.800540
user_1f1dc5e0,4,user_a743aff9,0.781199
user_1f1dc5e0,5,user_1936a7c3,0.778660
user_1f1dc5e0,6,user_d1d16d30,0.778604
user_1f1dc5e0,7,user_9c5071dd,0.775790
user_1f1dc5e0,8,user_205d25f3,0.773862
user_1f1dc5e0,9,user_f75c71f0,0.767569
user_1f1dc5e0,10,user_5881b259,0.759742
user_1f1dc5e0,11,user_f51339f8,0.758257
user_1f1dc5e0,12,user_bbe73426,0.757247
user_1f1dc5e0,13,user_cb2fe204,0.755454
user_1f1dc5e0,14,user_aabd2642,0.752814
user_1f1dc5e0,15,user_f4cc9f3d,0.751944
user_1f636ddc,1,user_1f636ddc,0.808987
user_1f636ddc,2,user_107259c3,0.788107
user_1f636ddc,3,user_1ae8e7f5,0.785008
user_1f636ddc,4,user_6169d3b8,0.774218
user_1f636ddc,5,user_8713f22a,0.761372
user_1f636ddc,6,user_226be32f,0.760004
user_1f636ddc,7,user_166a3647,0.756202
user_1f636ddc,8,user_81a80789,0.746756
user_1f636ddc,9,user_70bbda36,0.743112
user_1f636ddc,10,user_ea67f9c6,0.738684
user_1f636ddc,11,user_7f623d19,0.737343
user_1f636ddc,12,user_2f4cc646,0.735479
user_1f636ddc,13,user_89571ce8,0.733860
user_1f636ddc,14,user_25798310,0.729992
user_1f636ddc,15,user_3431c049,0.729934
user_205d25f3,1,user_70bbda36,0.892034
user_205d25f3,2,user_02016939,0.865857
user_205d25f3,3,user_ed1aaed8,0.854935
user_205d25f3,4,user_586752e4,0.847022
user_205d25f3,5,user_5526cbfd,0.845782
user_205d25f3,6,user_ba085464,0.840475
user_205d25f3,7,user_ded778b8,0.819253
user_205d25f3,8,user_2c69b83e,0.811956
user_205d25f3,9,user_e6dd44b0,0.809189
user_205d25f3,10,user_737dd050,0.808221
user_205d25f3,11,user_3e284ba5,0.807025
user_205d25f3,12,user_03969305,0.803933
user_205d25f3,13,user_c994138f,0.803310
user_205d25f3,14,user_7b5f54c0,0.802141
user_205d25f3,15,user_96013176,0.801710
user_20e741d0,1,user_414a6eaf,0.742083
user_20e741d0,2,user_1a7d6cd5,0.719539
user_20e741d0,3,user_cbabbcee,0.697875
user_20e741d0,4,user_81a80789,0.694395
user_20e741d0,5,user_c903d3bb,0.682536
user_20e741d0,6,user_02fecea2,0.679888
user_20e741d0,7,user_13fb2e34,0.677582
user_20e741d0,8,user_22adb798,0.671347
user_20e741d0,9,user_1246b252,0.668653
user_20e741d0,10,user_a7bfc229,0.659856
user_20e741d0,11,user_92fe4471,0.657140
user_20e741d0,12,user_737d3148,0.656253
user_20e741d0,13,user_8fb63eca,0.655285
user_20e741d0,14,user_c50a487d,0.654096
user_20e741d0,15,user_eda37c14,0.653082
user_2142b6e1,1,user_dbbf562e,0.786731
user_2142b6e1,2,user_0d32f0ed,0.753145
user_2142b6e1,3,user_baeb91b3,0.731780
user_2142b6e1,4,user_39f8897b,0.698341
user_2142b6e1,5,user_b0129d9e,0.693273
user_2142b6e1,6,user_ded778b8,0.692566
user_2142b6e1,7,user_3431c049,0.686604
user_2142b6e1,8,user_364bb955,0.686404
user_2142b6e1,9,user_1246b252,0.680664
user_2142b6e1,10,user_03410579,0.676623
user_2142b6e1,11,user_89571ce8,0.674226
user_2142b6e1,12,user_81a80789,0.667818
user_2142b6e1,13,user_2142b6e1,0.664169
user_2142b6e1,14,user_147d1bbb,0.661698
user_2142b6e1,15,user_1a7d6cd5,0.661411
user_21b4fa31,1,user_21b4fa31,0.828647
user_21b4fa31,2,user_9692f077,0.688930
user_21b4fa31,3,user_bd19a016,0.672006
user_21b4fa31,4,user_0c578ab5,0.671653
user_21b4fa31,5,user_2920b35e,0.666138
user_21b4fa31,6,user_fa60616d,0.651038
user_21b4fa31,7,user_93cdb7a1,0.643796
user_21b4fa31,8,user_3e1f9dc1,0.643344
user_21b4fa31,9,user_df3c19a7,0.637576
user_21b4fa31,10,user_b6350ec1,0.635281
user_21b4fa31,11,user_f030b951,0.611594
user_21b4fa31,12,user_c39d41d7,0.609655
user_21b4fa31,13,user_40efa894,0.609217
user_21b4fa31,14,user_74c84045,0.608924
user_21b4fa31,15,user_e6dd44b0,0.608263
user_226be32f,1,user_14a2d3c6,0.788724
user_226be32f,2,user_226be32f,0.788484
user_226be32f,3,user_4144252d,0.788200
user_226be32f,4,user_5ac1a174,0.775571
user_226be32f,5,user_bd05225b,0.767784
user_226be32f,6,user_0669bdf6,0.761220
user_226be32f,7,user_dac2c359,0.759429
user_226be32f,8,user_2e81a539,0.756767
user_226be32f,9,user_df8dc9bb,0.750940
user_226be32f,10,user_885e8708,0.750265
user_226be32f,11,user_a57e47b1,0.748710
user_226be32f,12,user_87e5d9b0,0.748616
user_226be32f,13,user_f60a09b3,0.747259
user_226be32f,14,user_5c82df31,0.746002
user_226be32f,15,user_f4f9490d,0.745827
user_2373103d,1,user_636ad58f,0.832890
user_2373103d,2,user_a7c6197a,0.828989
user_2373103d,3,user_886f7373,0.827833
user_2373103d,4,user_5c5a0b40,0.813010
user_2373103d,5,user_b16e0cf8,0.812151
user_2373103d,6,user_5881b259,0.809926
user_2373103d,7,user_b23aa915,0.809858
user_2373103d,8,user_7aa3746b,0.808538
user_2373103d,9,user_b337cb0c,0.807256
user_2373103d,10,user_e5a6abbe,0.807113
user_2373103d,11,user_2373103d,0.806612
user_2373103d,12,user_e802076d,0.806338
user_2373103d,13,user_17607ebc,0.805849
user_2373103d,14,user_68d19df8,0.805439
user_2373103d,15,user_02d8a1f8,0.802322
user_23e46560,1,user_58892c7c,0.809478
user_23e46560,2,user_23e46560,0.803005
user_23e46560,3,user_07faa0fc,0.799701
user_23e46560,4,user_1b2d69c1,0.686871
user_23e46560,5,user_74c84045,0.652244
user_23e46560,6,user_2eaaa117,0.647025
user_23e46560,7,user_85c97ea1,0.587794
user_23e46560,8,user_baa70592,0.570026
user_23e46560,9,user_e30558fe,0.560890
user_23e46560,10,user_74da5a13,0.554847
user_23e46560,11,user_a9ed5193,0.550011
user_23e46560,12,user_903329bb,0.539047
user_23e46560,13,user_b9d253e8,0.535274
user_23e46560,14,user_1022be44,0.534384
user_23e46560,15,user_aa19d173,0.531365
user_245fd42f,1,user_d955d7e2,0.837571
user_245fd42f,2,user_723406a0,0.822493
user_245fd42f,3,user_91f807b9,0.808309
user_245fd42f,4,user_5881b259,0.754878
user_245fd42f,5,user_8d22714e,0.748025
user_245fd42f,6,user_c39d41d7,0.747088
user_245fd42f,7,user_dd0bd02d,0.743714
user_245fd42f,8,user_dbc4828c,0.740889
user_245fd42f,9,user_0a245f61,0.736006
user_245fd42f,10,user_c6f50d12,0.730967
user_245fd42f,11,user_a743aff9,0.728005
user_245fd42f,12,user_4b139395,0.727796
user_245fd42f,13,user_eae91488,0.726236
user_245fd42f,14,user_54b19b29,0.722251
user_245fd42f,15,user_a57e47b1,0.720240
user_25652863,1,user_08c32973,0.839871
user_25652863,2,user_2efde048,0.835863
user_25652863,3,user_e409a56d,0.829222
user_25652863,4,user_6fa47d61,0.822723
user_25652863,5,user_1a4bec69,0.802723
user_25652863,6,user_53b85563,0.800202
user_25652863,7,user_04f39d22,0.795582
user_25652863,8,user_25652863,0.795390
user_25652863,9,user_f5e1eee0,0.792588
user_25652863,10,user_421ae417,0.792328
user_25652863,11,user_4ea1ef09,0.786018
user_25652863,12,user_f3377028,0.782125
user_25652863,13,user_58bfeaad,0.770834
user_25652863,14,user_2e60c125,0.770473
user_25652863,15,user_81c4dae1,0.770339
user_25798310,1,user_2c69b83e,0.787701
user_25798310,2,user_c4c70447,0.776820
user_25798310,3,user_cf393213,0.766479
user_25798310,4,user_586752e4,0.751726
user_25798310,5,user_54b19b29,0.751683
user_25798310,6,user_1ef33a43,0.750294
user_25798310,7,user_02fecea2,0.747350
user_25798310,8,user_c994138f,0.746209
user_25798310,9,user_1a2755b3,0.744507
user_25798310,10,user_259776c7,0.741228
user_25798310,11,user_cdd86523,0.741157
user_25798310,12,user_a9ed2c9e,0.740777
user_25798310,13,user_aabd2642,0.740110
user_25798310,14,user_b4214db6,0.738735
user_25798310,15,user_dae4304f,0.738559
user_25b48a9a,1,user_b63ea1d4,0.821741
user_25b48a9a,2,user_ffe2efae,0.815841
user_25b48a9a,3,user_16ac4154,0.814122
user_25b48a9a,4,user_9a5457b0,0.811013
user_25b48a9a,5,user_02fecea2,0.803501
user_25b48a9a,6,user_76638121,0.796289
user_25b48a9a,7,user_166a3647,0.784662
user_25b48a9a,8,user_3431c049,0.783913
user_25b48a9a,9,user_2c69b83e,0.780495
user_25b48a9a,10,user_acd6ddfb,0.780079
user_25b48a9a,11,user_67acd9b1,0.778482
user_25b48a9a,12,user_70bbda36,0.770397
user_25b48a9a,13,user_3b1da5d9,0.767825
user_25b48a9a,14,user_737dd050,0.766733
user_25b48a9a,15,user_81a80789,0.766051
user_26565155,1,user_83e30c57,0.816545
user_26565155,2,user_adab54a0,0.796569
user_26565155,3,user_2dd5b531,0.795559
user_26565155,4,user_e5a6abbe,0.781978
user_26565155,5,user_9a307ebe,0.780958
user_26565155,6,user_2c69b83e,0.780572
user_26565155,7,user_c994138f,0.780022
user_26565155,8,user_b350e22b,0.778719
user_26565155,9,user_3121653d,0.778528
user_26565155,10,user_dae4304f,0.775948
user_26565155,11,user_0eb2abf1,0.772462
user_26565155,12,user_daf37424,0.772112
user_26565155,13,user_147d1bbb,0.770401
user_26565155,14,user_8d22714e,0.768291
user_26565155,15,user_dd1d7b22,0.767595
user_26fa9d90,1,user_53b85563,0.815023
user_26fa9d90,2,user_c34e791e,0.809587
user_26fa9d90,3,user_58bfeaad,0.796748
user_26fa9d90,4,user_a3a4a20a,0.793582
user_26fa9d90,5,user_2c69b83e,0.784871
user_26fa9d90,6,user_04f39d22,0.778291
user_26fa9d90,7,user_33b2b77f,0.776346
user_26fa9d90,8,user_b63ea1d4,0.775885
user_26fa9d90,9,user_57c1d6c0,0.772949
user_26fa9d90,10,user_9a5457b0,0.771409
user_26fa9d90,11,user_b2aba63a,0.769067
user_26fa9d90,12,user_e409a56d,0.767376
user_26fa9d90,13,user_67acd9b1,0.760360
user_26fa9d90,14,user_acd6ddfb,0.759129
user_26fa9d90,15,user_56e6d0cd,0.757647
user_27a3fa64,1,user_cb2fe204,0.853110
user_27a3fa64,2,user_bbe73426,0.840217
user_27a3fa64,3,user_72b93300,0.827128
user_27a3fa64,4,user_e6057285,0.824069
user_27a3fa64,5,user_27a3fa64,0.822118
user_27a3fa64,6,user_970963fd,0.817613
user_27a3fa64,7,user_f51339f8,0.816742
user_27a3fa64,8,user_2e81a539,0.816682
user_27a3fa64,9,user_7b052f32,0.815093
user_27a3fa64,10,user_6d071251,0.812300
user_27a3fa64,11,user_394c25cc,0.807252
user_27a3fa64,12,user_d1d16d30,0.797708
user_27a3fa64,13,user_7f56f9a5,0.793347
user_27a3fa64,14,user_5993b36a,0.792744
user_27a3fa64,15,user_bf69de98,0.792692
user_2920b35e,1,user_2920b35e,0.881654
user_2920b35e,2,user_b6350ec1,0.803372
user_2920b35e,3,user_df3c19a7,0.794567
user_2920b35e,4,user_70580e9a,0.793987
user_2920b35e,5,user_fba6bcd4,0.784363
user_2920b35e,6,user_d6175d39,0.781475
user_2920b35e,7,user_f030b951,0.781273
user_2920b35e,8,user_b16e0cf8,0.765051
user_2920b35e,9,user_07cb458d,0.762223
user_2920b35e,10,user_bd19a016,0.762094
user_2920b35e,11,user_5881b259,0.758507
user_2920b35e,12,user_636ad58f,0.756828
user_2920b35e,13,user_2a704b9c,0.750922
user_2920b35e,14,user_cc1c8897,0.749524
user_2920b35e,15,user_17607ebc,0.749451
user_29cd4556,1,user_6058434c,0.677361
user_29cd4556,2,user_e70b6a25,0.587578
user_29cd4556,3,user_16b87e34,0.563512
user_29cd4556,4,user_a2f8bfd2,0.556202
user_29cd4556,5,user_1022be44,0.554307
user_29cd4556,6,user_ed3091a2,0.551574
user_29cd4556,7,user_41b20ee4,0.540499
user_29cd4556,8,user_07db2c6a,0.538289
user_29cd4556,9,user_49b1ac46,0.537544
user_29cd4556,10,user_86685a27,0.517500
user_29cd4556,11,user_37be663c,0.516757
user_29cd4556,12,user_823846de,0.516147
user_29cd4556,13,user_f3f15c55,0.510595
user_29cd4556,14,user_1bcbacb3,0.509234
user_29cd4556,15,user_2c39731d,0.507816
user_2a704b9c,1,user_82879210,0.652319
user_2a704b9c,2,user_3f798a8b,0.643643
user_2a704b9c,3,user_8a760553,0.636551
user_2a704b9c,4,user_a00e0552,0.635947
user_2a704b9c,5,user_183b3783,0.632827
user_2a704b9c,6,user_dc32d458,0.629221
user_2a704b9c,7,user_73623b4e,0.616557
user_2a704b9c,8,user_657c72ca,0.613300
user_2a704b9c,9,user_65d73ac1,0.609873
user_2a704b9c,10,user_96013176,0.609025
user_2a704b9c,11,user_9dda4af9,0.608429
user_2a704b9c,12,user_8292753c,0.603905
user_2a704b9c,13,user_4db0d490,0.603804
user_2a704b9c,14,user_5d1b0daf,0.603792
user_2a704b9c,15,user_8663226a,0.597215
user_2a94c885,1,user_ba4a78fc,0.723928
user_2a94c885,2,user_cf393213,0.718688
user_2a94c885,3,user_c8f82360,0.716646
user_2a94c885,4,user_126670d7,0.709893
user_2a94c885,5,user_2e05a7a0,0.697310
user_2a94c885,6,user_e838707b,0.690535
user_2a94c885,7,user_8f8346ad,0.686068
user_2a94c885,8,user_5159d3a1,0.686001
user_2a94c885,9,user_41d0c897,0.680845
user_2a94c885,10,user_6fbf6191,0.675131
user_2a94c885,11,user_61f90240,0.671235
user_2a94c885,12,user_69a4dd06,0.670571
user_2a94c885,13,user_74d27419,0.666857
user_2a94c885,14,user_c0392523,0.663134
user_2a94c885,15,user_9bee2a7c,0.658507
user_2b271761,1,user_2b271761,0.767512
user_2b271761,2,user_54b19b29,0.736719
user_2b271761,3,user_c41de62b,0.731125
user_2b271761,4,user_fde2d265,0.723927
user_2b271761,5,user_50e2a836,0.717351
user_2b271761,6,user_259776c7,0.715389
user_2b271761,7,user_83e30c57,0.712114
user_2b271761,8,user_6fbf6191,0.711993
user_2b271761,9,user_74d27419,0.708868
user_2b271761,10,user_b49274ca,0.701236
user_2b271761,11,user_d1d16d30,0.692281
user_2b271761,12,user_cdd86523,0.690605
user_2b271761,13,user_ab5592eb,0.688471
user_2b271761,14,user_f107081e,0.683646
user_2b271761,15,user_a6c2e760,0.682306
user_2b750e1c,1,user_a01f16ac,0.863180
user_2b750e1c,2,user_c008345b,0.860339
user_2b750e1c,3,user_c39d41d7,0.849858
user_2b750e1c,4,user_fba6bcd4,0.846982
user_2b750e1c,5,user_dbc4828c,0.845783
user_2b750e1c,6,user_bd05225b,0.844434
user_2b750e1c,7,user_c96b90fe,0.844050
user_2b750e1c,8,user_c5f32c0d,0.823531
user_2b750e1c,9,user_c06d9b71,0.822890
user_2b750e1c,10,user_1b7f8c56,0.822484
user_2b750e1c,11,user_5881b259,0.822113
user_2b750e1c,12,user_88b2faba,0.821078
user_2b750e1c,13,user_e6dd44b0,0.820813
user_2b750e1c,14,user_636ad58f,0.818961
user_2b750e1c,15,user_b6350ec1,0.817921
user_2b79ef0b,1,user_e64d80ba,0.774235
user_2b79ef0b,2,user_c34e791e,0.734670
user_2b79ef0b,3,user_0ff0b922,0.729007
user_2b79ef0b,4,user_b4f295b3,0.726989
user_2b79ef0b,5,user_a3a4a20a,0.717880
user_2b79ef0b,6,user_3ac315cb,0.709647
user_2b79ef0b,7,user_e51692a6,0.705404
user_2b79ef0b,8,user_124651ff,0.702515
user_2b79ef0b,9,user_0bc8e727,0.680839
user_2b79ef0b,10,user_2b79ef0b,0.680177
user_2b79ef0b,11,user_6c2d672f,0.679685
user_2b79ef0b,12,user_6d421600,0.675811
user_2b79ef0b,13,user_16ac4154,0.670135
user_2b79ef0b,14,user_f930e37f,0.669228
user_2b79ef0b,15,user_9a307ebe,0.663957
user_2c3eb234,1,user_e802076d,0.899401
user_2c3eb234,2,user_df8dc9bb,0.852816
user_2c3eb234,3,user_147d1bbb,0.850051
user_2c3eb234,4,user_70bbda36,0.836549
user_2c3eb234,5,user_f0cf195f,0.834512
user_2c3eb234,6,user_daf37424,0.831397
user_2c3eb234,7,user_6fc85c06,0.825724
user_2c3eb234,8,user_e59c000f,0.825370
user_2c3eb234,9,user_03969305,0.825050
user_2c3eb234,10,user_ded778b8,0.824700
user_2c3eb234,11,user_1a2755b3,0.821724
user_2c3eb234,12,user_b350e22b,0.816282
user_2c3eb234,13,user_e6057285,0.815569
user_2c3eb234,14,user_0a3bcf86,0.815432
user_2c3eb234,15,user_9571d0d5,0.813320
user_2c69b83e,1,user_b350e22b,0.841564
user_2c69b83e,2,user_c994138f,0.838756
user_2c69b83e,3,user_9351238d,0.835558
user_2c69b83e,4,user_b4d7e69a,0.832298
user_2c69b83e,5,user_2c69b83e,0.828729
user_2c69b83e,6,user_147d1bbb,0.822503
user_2c69b83e,7,user_5526cbfd,0.820150
user_2c69b83e,8,user_405db206,0.813572
user_2c69b83e,9,user_03969305,0.808865
user_2c69b83e,10,user_fdc08e26,0.806419
user_2c69b83e,11,user_16ac4154,0.806353
user_2c69b83e,12,user_8d22714e,0.806067
user_2c69b83e,13,user_e5a6abbe,0.803628
user_2c69b83e,14,user_df8dc9bb,0.799437
user_2c69b83e,15,user_1df51301,0.798449
user_2c940ff8,1,user_89e04335,0.767161
user_2c940ff8,2,user_cf393213,0.756719
user_2c940ff8,3,user_6fbf6191,0.735407
user_2c940ff8,4,user_6fc85c06,0.726790
user_2c940ff8,5,user_c8f82360,0.726255
user_2c940ff8,6,user_6bf0e007,0.724710
user_2c940ff8,7,user_74d27419,0.723570
user_2c940ff8,8,user_380ddd3f,0.716638
user_2c940ff8,9,user_e1730a9c,0.715099
user_2c940ff8,10,user_906e2423,0.713582
user_2c940ff8,11,user_91f807b9,0.711059
user_2c940ff8,12,user_0f006eec,0.710486
user_2c940ff8,13,user_2c940ff8,0.710227
user_2c940ff8,14,user_fde2d265,0.709295
user_2c940ff8,15,user_2dd5b531,0.706678
user_2d74cd4c,1,user_2d74cd4c,0.859372
user_2d74cd4c,2,user_b6b89f00,0.858752
user_2d74cd4c,3,user_417702c5,0.835468
user_2d74cd4c,4,user_6011e674,0.832013
user_2d74cd4c,5,user_99c67f2f,0.831347
user_2d74cd4c,6,user_6bb64984,0.829813
user_2d74cd4c,7,user_65d73ac1,0.826586
user_2d74cd4c,8,user_b325310b,0.825828
user_2d74cd4c,9,user_8fbb6d9c,0.823978
user_2d74cd4c,10,user_f8e2246f,0.817081
user_2d74cd4c,11,user_c41de62b,0.810514
user_2d74cd4c,12,user_d3663143,0.800609
user_2d74cd4c,13,user_3ac315cb,0.798047
user_2d74cd4c,14,user_08aa624b,0.788306
user_2d74cd4c,15,user_aa2fbe83,0.782432
user_2dc10d2d,1,user_e838707b,0.814562
user_2dc10d2d,2,user_38dc2894,0.805757
user_2dc10d2d,3,user_89e04335,0.797744
user_2dc10d2d,4,user_394c25cc,0.796693
user_2dc10d2d,5,user_7f56f9a5,0.789023
user_2dc10d2d,6,user_1b7f8c56,0.788721
user_2dc10d2d,7,user_2cb4b018,0.786232
user_2dc10d2d,8,user_f75c71f0,0.783487
user_2dc10d2d,9,user_f51339f8,0.781394
user_2dc10d2d,10,user_96d9cb9a,0.778102
user_2dc10d2d,11,user_5c82df31,0.774855
user_2dc10d2d,12,user_6fc85c06,0.767862
user_2dc10d2d,13,user_16ac4154,0.766734
user_2dc10d2d,14,user_acb51eed,0.754943
user_2dc10d2d,15,user_cf393213,0.752308
user_2dd189e3,1,user_d1d16d30,0.830278
user_2dd189e3,2,user_f654c33b,0.820738
user_2dd189e3,3,user_5881b259,0.817319
user_2dd189e3,4,user_a01f16ac,0.816329
user_2dd189e3,5,user_b49274ca,0.815514
user_2dd189e3,6,user_dbc4828c,0.812346
user_2dd189e3,7,user_7924afc9,0.812295
user_2dd189e3,8,user_636ad58f,0.811290
user_2dd189e3,9,user_b605d5c9,0.804909
user_2dd189e3,10,user_c39d41d7,0.802242
user_2dd189e3,11,user_a743aff9,0.802214
user_2dd189e3,12,user_fde2d265,0.795366
user_2dd189e3,13,user_c06d9b71,0.794957
user_2dd189e3,14,user_50e2a836,0.791494
user_2dd189e3,15,user_d70942c1,0.787216
user_2eaaa117,1,user_fde27362,0.799273
user_2eaaa117,2,user_6ae9ce92,0.789421
user_2eaaa117,3,user_7bbd1543,0.780152
user_2eaaa117,4,user_205d25f3,0.754271
user_2eaaa117,5,user_baeb91b3,0.740904
user_2eaaa117,6,user_930dc61d,0.726343
user_2eaaa117,7,user_02016939,0.724664
user_2eaaa117,8,user_124651ff,0.715319
user_2eaaa117,9,user_ba085464,0.714853
user_2eaaa117,10,user_ded778b8,0.698760
user_2eaaa117,11,user_d9b8914f,0.695129
user_2eaaa117,12,user_43049634,0.691416
user_2eaaa117,13,user_be018f9d,0.688453
user_2eaaa117,14,user_93cdb7a1,0.682655
user_2eaaa117,15,user_0bc8e727,0.682567
user_2eb5d860,1,user_d2bd9832,0.800287
user_2eb5d860,2,user_6fc85c06,0.767288
user_2eb5d860,3,user_cf393213,0.765739
user_2eb5d860,4,user_2eb5d860,0.765183
user_2eb5d860,5,user_18522854,0.757867
user_2eb5d860,6,user_f930e37f,0.752281
user_2eb5d860,7,user_74d27419,0.750542
user_2eb5d860,8,user_5526cbfd,0.747867
user_2eb5d860,9,user_394c25cc,0.741805
user_2eb5d860,10,user_b9036662,0.740605
user_2eb5d860,11,user_69df6330,0.740199
user_2eb5d860,12,user_a2503734,0.739028
user_2eb5d860,13,user_96d9cb9a,0.738167
user_2eb5d860,14,user_8dd20d7f,0.737278
user_2eb5d860,15,user_94f185bc,0.737187
user_2efde048,1,user_7de6f343,0.893951
user_2efde048,2,user_2efde048,0.891157
user_2efde048,3,user_82c86537,0.877518
user_2efde048,4,user_6fa47d61,0.865959
user_2efde048,5,user_74cfb8ef,0.865344
user_2efde048,6,user_0bc8e727,0.864615
user_2efde048,7,user_40efa894,0.864543
user_2efde048,8,user_04f39d22,0.861716
user_2efde048,9,user_4ea1ef09,0.859196
user_2efde048,10,user_421ae417,0.852279
user_2efde048,11,user_f5e1eee0,0.851818
user_2efde048,12,user_08c32973,0.848228
user_2efde048,13,user_2c2a5c24,0.847328
user_2efde048,14,user_ba8b1c05,0.844681
user_2efde048,15,user_bf30f80d,0.843775
user_2f1085dd,1,user_107259c3,0.791140
user_2f1085dd,2,user_17054ec7,0.787031
user_2f1085dd,3,user_0128a546,0.754975
user_2f1085dd,4,user_586752e4,0.754240
user_2f1085dd,5,user_1ae8e7f5,0.753046
user_2f1085dd,6,user_baeb91b3,0.743703
user_2f1085dd,7,user_6169d3b8,0.742498
user_2f1085dd,8,user_6476648d,0.729511
user_2f1085dd,9,user_b4f295b3,0.723424
user_2f1085dd,10,user_ea67f9c6,0.720020
user_2f1085dd,11,user_7f623d19,0.719915
user_2f1085dd,12,user_8e5e899b,0.718376
user_2f1085dd,13,user_7c7220a4,0.718322
user_2f1085dd,14,user_efb27a8e,0.716985
user_2f1085dd,15,user_6deada35,0.715913
user_2f766c23,1,user_83e45cc0,0.821393
user_2f766c23,2,user_1b7f8c56,0.820120
user_2f766c23,3,user_aa2fbe83,0.810327
user_2f766c23,4,user_ef954c6e,0.808046
user_2f766c23,5,user_74cfb8ef,0.803002
user_2f766c23,6,user_82c86537,0.796237
user_2f766c23,7,user_04f39d22,0.795396
user_2f766c23,8,user_bf69de98,0.792062
user_2f766c23,9,user_89e04335,0.791114
user_2f766c23,10,user_15179955,0.788342
user_2f766c23,11,user_a3a4a20a,0.787869
user_2f766c23,12,user_1a2755b3,0.786166
user_2f766c23,13,user_bbe73426,0.785965
user_2f766c23,14,user_40efa894,0.783573
user_2f766c23,15,user_fba6bcd4,0.781265
user_3049510b,1,user_83afc7b2,0.807115
user_3049510b,2,user_df8dc9bb,0.796581
user_3049510b,3,user_4144252d,0.787311
user_3049510b,4,user_5a6f92a6,0.784743
user_3049510b,5,user_1936a7c3,0.779694
user_3049510b,6,user_a4893af1,0.778138
user_3049510b,7,user_e8cdb142,0.772695
user_3049510b,8,user_d96972e5,0.770885
user_3049510b,9,user_a01f16ac,0.770029
user_3049510b,10,user_3239132f,0.769677
user_3049510b,11,user_bd05225b,0.767354
user_3049510b,12,user_3049510b,0.766989
user_3049510b,13,user_5ac1a174,0.761865
user_3049510b,14,user_29266f60,0.760144
user_3049510b,15,user_e6057285,0.758212
user_30802254,1,user_8f8346ad,0.886052
user_30802254,2,user_cf393213,0.884332
user_30802254,3,user_2dd5b531,0.875406
user_30802254,4,user_ec574395,0.842778
user_30802254,5,user_111cfe7d,0.834795
user_30802254,6,user_0eb2abf1,0.834184
user_30802254,7,user_c4c70447,0.827764
user_30802254,8,user_cdd86523,0.827182
user_30802254,9,user_41d0c897,0.821975
user_30802254,10,user_54b19b29,0.819157
user_30802254,11,user_74d27419,0.817466
user_30802254,12,user_94f185bc,0.816503
user_30802254,13,user_03969305,0.815303
user_30802254,14,user_c34e791e,0.809333
user_30802254,15,user_5c5a0b40,0.803837
user_3121653d,1,user_b2dd04c8,0.700495
user_3121653d,2,user_884ffdb2,0.679751
user_3121653d,3,user_4d4f73a6,0.674306
user_3121653d,4,user_6a0b0e92,0.664521
user_3121653d,5,user_c4c70447,0.659774
user_3121653d,6,user_f827c7dd,0.656482
user_3121653d,7,user_2b03934e,0.651482
user_3121653d,8,user_23ecc36a,0.651309
user_3121653d,9,user_18522854,0.649485
user_3121653d,10,user_75251485,0.648270
user_3121653d,11,user_66a7ce5a,0.646033
user_3121653d,12,user_8a669dcd,0.644305
user_3121653d,13,user_756e2f00,0.641607
user_3121653d,14,user_3121653d,0.640361
user_3121653d,15,user_0f006eec,0.634423
user_32934d38,1,user_e802076d,0.821338
user_32934d38,2,user_d96972e5,0.812514
user_32934d38,3,user_c35d6565,0.801213
user_32934d38,4,user_83afc7b2,0.796279
user_32934d38,5,user_e59c000f,0.790842
user_32934d38,6,user_02d8a1f8,0.790719
user_32934d38,7,user_886f7373,0.789806
user_32934d38,8,user_df8dc9bb,0.788935
user_32934d38,9,user_0898fc4b,0.788808
user_32934d38,10,user_b350e22b,0.786927
user_32934d38,11,user_5881b259,0.783811
user_32934d38,12,user_2a704b9c,0.781792
user_32934d38,13,user_fba6bcd4,0.779843
user_32934d38,14,user_a7c6197a,0.778541
user_32934d38,15,user_f0cf195f,0.778205
user_32ae32f9,1,user_920c074a,0.815930
user_32ae32f9,2,user_95d648bc,0.805893
user_32ae32f9,3,user_1b7f8c56,0.785686
user_32ae32f9,4,user_2cb4b018,0.780014
user_32ae32f9,5,user_aabd2642,0.769927
user_32ae32f9,6,user_7f56f9a5,0.768454
user_32ae32f9,7,user_d3663143,0.767869
user_32ae32f9,8,user_205d25f3,0.763090
user_32ae32f9,9,user_ef05ad51,0.753320
user_32ae32f9,10,user_9e39a95d,0.743218
user_32ae32f9,11,user_9da8848a,0.743160
user_32ae32f9,12,user_27a3fa64,0.738034
user_32ae32f9,13,user_4f755977,0.734619
user_32ae32f9,14,user_0a0bcaa6,0.734342
user_32ae32f9,15,user_fdcaaf41,0.732874
user_32f31383,1,user_9ce96cbf,0.756638
user_32f31383,2,user_587b57d5,0.735572
user_32f31383,3,user_cf393213,0.734856
user_32f31383,4,user_cdd86523,0.731404
user_32f31383,5,user_b350e22b,0.731122
user_32f31383,6,user_8d22714e,0.730136
user_32f31383,7,user_c4c70447,0.720293
user_32f31383,8,user_02d8a1f8,0.719454
user_32f31383,9,user_38433566,0.717819
user_32f31383,10,user_3239132f,0.717538
user_32f31383,11,user_3121653d,0.717040
user_32f31383,12,user_a2503734,0.716901
user_32f31383,13,user_5c5a0b40,0.716410
user_32f31383,14,user_0669bdf6,0.713036
user_32f31383,15,user_61f90240,0.712631
user_3353b96b,1,user_397cfe20,0.684465
user_3353b96b,2,user_94f4a027,0.679673
user_3353b96b,3,user_c1a70ab7,0.671335
user_3353b96b,4,user_52f895f1,0.667513
user_3353b96b,5,user_fa69a385,0.645517
user_3353b96b,6,user_0bd8ba7c,0.635443
user_3353b96b,7,user_3ce4c1f8,0.603378
user_3353b96b,8,user_3666402b,0.599329
user_3353b96b,9,user_a4aab257,0.595194
user_3353b96b,10,user_bbb0205e,0.590977
user_3353b96b,11,user_17054ec7,0.580951
user_3353b96b,12,user_f14dc486,0.577426
user_3353b96b,13,user_2c3eb234,0.577177
user_3353b96b,14,user_fe922ad0,0.575191
user_3353b96b,15,user_8a3bbeb2,0.569973
user_338e1332,1,user_500badda,0.827354
user_338e1332,2,user_3e284ba5,0.826866
user_338e1332,3,user_b0129d9e,0.805386
user_338e1332,4,user_aabd2642,0.804128
user_338e1332,5,user_03410579,0.802765
user_338e1332,6,user_df8dc9bb,0.795151
user_338e1332,7,user_70bbda36,0.794932
user_338e1332,8,user_e696f3ae,0.788612
user_338e1332,9,user_920c074a,0.788312
user_338e1332,10,user_02016939,0.786837
user_338e1332,11,user_7f56f9a5,0.785270
user_338e1332,12,user_5526cbfd,0.784907
user_338e1332,13,user_7a8f7f3e,0.779970
user_338e1332,14,user_3239132f,0.779826
user_338e1332,15,user_1246b252,0.777422
user_34b1fb84,1,user_b325310b,0.801586
user_34b1fb84,2,user_ef954c6e,0.791277
user_34b1fb84,3,user_1b7f8c56,0.785806
user_34b1fb84,4,user_fba6bcd4,0.784222
user_34b1fb84,5,user_205d25f3,0.784045
user_34b1fb84,6,user_95d648bc,0.780952
user_34b1fb84,7,user_aa2fbe83,0.777186
user_34b1fb84,8,user_e838707b,0.766636
user_34b1fb84,9,user_8663226a,0.762588
user_34b1fb84,10,user_aabd2642,0.762207
user_34b1fb84,11,user_2cb4b018,0.761872
user_34b1fb84,12,user_ef05ad51,0.758787
user_34b1fb84,13,user_bf69de98,0.757428
user_34b1fb84,14,user_72b93300,0.754760
user_34b1fb84,15,user_e5a6abbe,0.751750
user_364bb955,1,user_3e284ba5,0.832150
user_364bb955,2,user_1a7d6cd5,0.829580
user_364bb955,3,user_03410579,0.828398
user_364bb955,4,user_b0129d9e,0.817914
user_364bb955,5,user_1246b252,0.814401
user_364bb955,6,user_166a3647,0.809513
user_364bb955,7,user_7b5f54c0,0.807027
user_364bb955,8,user_364bb955,0.805830
user_364bb955,9,user_500badda,0.805036
user_364bb955,10,user_81a80789,0.796541
user_364bb955,11,user_3b1da5d9,0.793507
user_364bb955,12,user_0b1b1d1c,0.792736
user_364bb955,13,user_d691d016,0.785515
user_364bb955,14,user_02fecea2,0.785067
user_364bb955,15,user_fcf93ee8,0.782117
user_36dd1253,1,user_cbabbcee,0.782106
user_36dd1253,2,user_e802076d,0.780670
user_36dd1253,3,user_54c1ebee,0.780619
user_36dd1253,4,user_147d1bbb,0.778437
user_36dd1253,5,user_36dd1253,0.772874
user_36dd1253,6,user_0b64b183,0.769747
user_36dd1253,7,user_3239132f,0.760175
user_36dd1253,8,user_66772d98,0.753952
user_36dd1253,9,user_a01f16ac,0.752792
user_36dd1253,10,user_83a58842,0.749249
user_36dd1253,11,user_a7b901f2,0.745533
user_36dd1253,12,user_886f7373,0.744737
user_36dd1253,13,user_e6057285,0.742307
user_36dd1253,14,user_df8dc9bb,0.741831
user_36dd1253,15,user_a6c5a10c,0.739569
user_372c2b3e,1,user_ba8b1c05,0.874432
user_372c2b3e,2,user_7de6f343,0.870441
user_372c2b3e,3,user_40efa894,0.866318
user_372c2b3e,4,user_4ea1ef09,0.860666
user_372c2b3e,5,user_74cfb8ef,0.844172
user_372c2b3e,6,user_eced69e7,0.842104
user_372c2b3e,7,user_372c2b3e,0.841435
user_372c2b3e,8,user_795650bb,0.832388
user_372c2b3e,9,user_6fa47d61,0.831595
user_372c2b3e,10,user_f7fd2885,0.825370
user_372c2b3e,11,user_25652863,0.825192
user_372c2b3e,12,user_83e45cc0,0.819831
user_372c2b3e,13,user_7c3d63ce,0.818288
user_372c2b3e,14,user_2efde048,0.813087
user_372c2b3e,15,user_04f39d22,0.810707
user_378003e3,1,user_ae306850,0.868004
user_378003e3,2,user_3ff88cf0,0.853753
user_378003e3,3,user_b14ec02b,0.853426
user_378003e3,4,user_43049634,0.851766
user_378003e3,5,user_a3a4a20a,0.841738
user_378003e3,6,user_db4c3fb9,0.832789
user_378003e3,7,user_476670f9,0.830039
user_378003e3,8,user_81c4dae1,0.829117
user_378003e3,9,user_a7145605,0.814843
user_378003e3,10,user_74cfb8ef,0.814057
user_378003e3,11,user_04f39d22,0.812320
user_378003e3,12,user_aabd2642,0.812256
user_378003e3,13,user_2c69b83e,0.808398
user_378003e3,14,user_9a307ebe,0.807965
user_378003e3,15,user_e2e59795,0.805750
user_37be663c,1,user_a16d1fb6,0.723104
user_37be663c,2,user_aaa1e595,0.713383
user_37be663c,3,user_37be663c,0.710581
user_37be663c,4,user_ab8e847b,0.690652
user_37be663c,5,user_ecf8f97f,0.673390
user_37be663c,6,user_9b6481e4,0.669308
user_37be663c,7,user_efb27a8e,0.668718
user_37be663c,8,user_c7beef01,0.661949
user_37be663c,9,user_9e328c4e,0.654664
user_37be663c,10,user_7709815a,0.648830
user_37be663c,11,user_a0517bef,0.646005
user_37be663c,12,user_ffe2efae,0.640629
user_37be663c,13,user_c130412b,0.619817
user_37be663c,14,user_9c88ee3d,0.612773
user_37be663c,15,user_4a57e449,0.594648
user_38390331,1,user_9bee2a7c,0.824685
user_38390331,2,user_4f3b6241,0.801385
user_38390331,3,user_55058479,0.781537
user_38390331,4,user_ab86ab82,0.763542
user_38390331,5,user_2e05a7a0,0.758664
user_38390331,6,user_b1c16312,0.758593
user_38390331,7,user_c8f82360,0.728615
user_38390331,8,user_6fbf6191,0.719343
user_38390331,9,user_8006727d,0.718786
user_38390331,10,user_259776c7,0.717302
user_38390331,11,user_cf393213,0.711410
user_38390331,12,user_4a57e449,0.710694
user_38390331,13,user_906e2423,0.705356
user_38390331,14,user_c4c70447,0.704210
user_38390331,15,user_a6c2e760,0.702110
user_3850eb9e,1,user_46bb5302,0.777020
user_3850eb9e,2,user_8be3f554,0.775503
user_3850eb9e,3,user_3ff88cf0,0.775061
user_3850eb9e,4,user_b9d253e8,0.772810
user_3850eb9e,5,user_a7145605,0.762499
user_3850eb9e,6,user_81c4dae1,0.761355
user_3850eb9e,7,user_43049634,0.758999
user_3850eb9e,8,user_3850eb9e,0.756896
user_3850eb9e,9,user_b2aba63a,0.743900
user_3850eb9e,10,user_67acd9b1,0.743540
user_3850eb9e,11,user_476670f9,0.743060
user_3850eb9e,12,user_04f39d22,0.735135
user_3850eb9e,13,user_65d73ac1,0.730573
user_3850eb9e,14,user_ffe2efae,0.722650
user_3850eb9e,15,user_3b79395c,0.721790
user_38ab51d4,1,user_5c09bb3d,0.781545
user_38ab51d4,2,user_d199bef3,0.773083
user_38ab51d4,3,user_aa31484a,0.771925
user_38ab51d4,4,user_17607ebc,0.760979
user_38ab51d4,5,user_f654c33b,0.744259
user_38ab51d4,6,user_7aa3746b,0.741444
user_38ab51d4,7,user_095ff43e,0.740255
user_38ab51d4,8,user_df3c19a7,0.726936
user_38ab51d4,9,user_15179955,0.724613
user_38ab51d4,10,user_636ad58f,0.724322
user_38ab51d4,11,user_43a979d2,0.720860
user_38ab51d4,12,user_0cee87f3,0.716964
user_38ab51d4,13,user_02d03e8a,0.713735
user_38ab51d4,14,user_954805d7,0.713605
user_38ab51d4,15,user_dc32d458,0.712058
user_3971c3e6,1,user_a7b901f2,0.802492
user_3971c3e6,2,user_e802076d,0.775157
user_3971c3e6,3,user_3971c3e6,0.769344
user_3971c3e6,4,user_364bb955,0.764932
user_3971c3e6,5,user_54c1ebee,0.764906
user_3971c3e6,6,user_03969305,0.748230
user_3971c3e6,7,user_26fa9d90,0.747495
user_3971c3e6,8,user_147d1bbb,0.745020
user_3971c3e6,9,user_e5a6abbe,0.744507
user_3971c3e6,10,user_5c9b579a,0.743630
user_3971c3e6,11,user_394c25cc,0.743299
user_3971c3e6,12,user_e6057285,0.740351
user_3971c3e6,13,user_372c2b3e,0.740342
user_3971c3e6,14,user_fba6bcd4,0.737711
user_3971c3e6,15,user_96013176,0.734760
user_39939c54,1,user_cb2fe204,0.868155
user_39939c54,2,user_bbe73426,0.854127
user_39939c54,3,user_27a3fa64,0.844499
user_39939c54,4,user_2e81a539,0.838801
user_39939c54,5,user_d1d16d30,0.831361
user_39939c54,6,user_1f1dc5e0,0.827433
user_39939c54,7,user_e6057285,0.819008
user_39939c54,8,user_ebddf9c1,0.818993
user_39939c54,9,user_1936a7c3,0.818246
user_39939c54,10,user_a743aff9,0.814806
user_39939c54,11,user_7b052f32,0.813900
user_39939c54,12,user_205d25f3,0.812542
user_39939c54,13,user_72b93300,0.808832
user_39939c54,14,user_9c5071dd,0.805126
user_39939c54,15,user_7f56f9a5,0.804064
user_39aad1a2,1,user_39aad1a2,0.742784
user_39aad1a2,2,user_d67450a8,0.699649
user_39aad1a2,3,user_423c81dc,0.695817
user_39aad1a2,4,user_cbabbcee,0.687290
user_39aad1a2,5,user_18522854,0.684959
user_39aad1a2,6,user_1dc24686,0.667348
user_39aad1a2,7,user_a2480011,0.666461
user_39aad1a2,8,user_a2503734,0.663115
user_39aad1a2,9,user_aabd2642,0.656928
user_39aad1a2,10,user_ecc1ca0a,0.652349
user_39aad1a2,11,user_56909460,0.652020
user_39aad1a2,12,user_8dd20d7f,0.651817
user_39aad1a2,13,user_d2bd9832,0.650782
user_39aad1a2,14,user_02d8a1f8,0.650586
user_39aad1a2,15,user_a151ddab,0.649242
user_39f8897b,1,user_39f8897b,0.771657
user_39f8897b,2,user_71f7b692,0.530394
user_39f8897b,3,user_529e3009,0.515181
user_39f8897b,4,user_98ca16a6,0.494562
user_39f8897b,5,user_3a39cc49,0.489079
user_39f8897b,6,user_dbbf562e,0.488200
user_39f8897b,7,user_7c8639cd,0.483858
user_39f8897b,8,user_d8335067,0.470156
user_39f8897b,9,user_36dd1253,0.459581
user_39f8897b,10,user_dffc0da5,0.457306
user_39f8897b,11,user_7709815a,0.452323
user_39f8897b,12,user_3431c049,0.441526
user_39f8897b,13,user_d0c1bf72,0.440173
user_39f8897b,14,user_a75b16f2,0.437236
user_39f8897b,15,user_2142b6e1,0.429652
user_3a55606c,1,user_b1d0760b,0.750806
user_3a55606c,2,user_d4c7b4c0,0.702174
user_3a55606c,3,user_89197ce5,0.691861
user_3a55606c,4,user_6deada35,0.680054
user_3a55606c,5,user_d5b21e00,0.676674
user_3a55606c,6,user_5c9b579a,0.676609
user_3a55606c,7,user_107259c3,0.665818
user_3a55606c,8,user_4b139395,0.651863
user_3a55606c,9,user_2e81a539,0.648457
user_3a55606c,10,user_96013176,0.647423
user_3a55606c,11,user_586752e4,0.646716
user_3a55606c,12,user_c67f26cc,0.646417
user_3a55606c,13,user_4144252d,0.646182
user_3a55606c,14,user_8e5e899b,0.634924
user_3a55606c,15,user_1b89f77a,0.634298
user_3b1da5d9,1,user_397cfe20,0.734296
user_3b1da5d9,2,user_52f895f1,0.646420
user_3b1da5d9,3,user_9b6481e4,0.604485
user_3b1da5d9,4,user_8a3bbeb2,0.591222
user_3b1da5d9,5,user_9818dcae,0.590230
user_3b1da5d9,6,user_81a80789,0.580449
user_3b1da5d9,7,user_c1a70ab7,0.572001
user_3b1da5d9,8,user_94f4a027,0.570767
user_3b1da5d9,9,user_0bd8ba7c,0.558498
user_3b1da5d9,10,user_0d32f0ed,0.557379
user_3b1da5d9,11,user_3bc84c13,0.554582
user_3b1da5d9,12,user_c7beef01,0.546211
user_3b1da5d9,13,user_37be663c,0.540215
user_3b1da5d9,14,user_41b20ee4,0.538520
user_3b1da5d9,15,user_bbb0205e,0.531939
user_3b90fb53,1,user_f107081e,0.745815
user_3b90fb53,2,user_2e05a7a0,0.718669
user_3b90fb53,3,user_18522854,0.716793
user_3b90fb53,4,user_b429ec64,0.707710
user_3b90fb53,5,user_ee8d5ec5,0.705467
user_3b90fb53,6,user_5d1b0daf,0.704560
user_3b90fb53,7,user_cf393213,0.698473
user_3b90fb53,8,user_74d27419,0.694067
user_3b90fb53,9,user_a6c2e760,0.691940
user_3b90fb53,10,user_126670d7,0.690885
user_3b90fb53,11,user_9571d0d5,0.687868
user_3b90fb53,12,user_ba4a78fc,0.683077
user_3b90fb53,13,user_67acd9b1,0.682204
user_3b90fb53,14,user_8006727d,0.680425
user_3b90fb53,15,user_0a3f46b9,0.679416
user_3bb7992e,1,user_25652863,0.832117
user_3bb7992e,2,user_40efa894,0.809742
user_3bb7992e,3,user_74cfb8ef,0.788280
user_3bb7992e,4,user_6fa47d61,0.786900
user_3bb7992e,5,user_372c2b3e,0.777796
user_3bb7992e,6,user_3bb7992e,0.771968
user_3bb7992e,7,user_a615a6d1,0.771299
user_3bb7992e,8,user_7de6f343,0.769993
user_3bb7992e,9,user_0f0ad720,0.767070
user_3bb7992e,10,user_e409a56d,0.764972
user_3bb7992e,11,user_a2825b06,0.759541
user_3bb7992e,12,user_bf30f80d,0.758877
user_3bb7992e,13,user_e6dd44b0,0.757937
user_3bb7992e,14,user_166a3647,0.757224
user_3bb7992e,15,user_6169d3b8,0.756378
user_3ce4c1f8,1,user_e9d1886c,0.731641
user_3ce4c1f8,2,user_205d25f3,0.716672
user_3ce4c1f8,3,user_4f755977,0.714185
user_3ce4c1f8,4,user_39aad1a2,0.710694
user_3ce4c1f8,5,user_aabd2642,0.709827
user_3ce4c1f8,6,user_ba085464,0.705358
user_3ce4c1f8,7,user_7bbd1543,0.701677
user_3ce4c1f8,8,user_7c7220a4,0.701421
user_3ce4c1f8,9,user_c50a487d,0.697130
user_3ce4c1f8,10,user_03410579,0.696103
user_3ce4c1f8,11,user_f930e37f,0.692015
user_3ce4c1f8,12,user_43049634,0.684838
user_3ce4c1f8,13,user_6ab8f7d4,0.683917
user_3ce4c1f8,14,user_16ac4154,0.683440
user_3ce4c1f8,15,user_a57e47b1,0.682952
user_3e284ba5,1,user_c994138f,0.817073
user_3e284ba5,2,user_f930e37f,0.812908
user_3e284ba5,3,user_586752e4,0.812231
user_3e284ba5,4,user_3b79395c,0.807823
user_3e284ba5,5,user_96013176,0.802335
user_3e284ba5,6,user_67acd9b1,0.801712
user_3e284ba5,7,user_9a5457b0,0.798914
user_3e284ba5,8,user_65d73ac1,0.798475
user_3e284ba5,9,user_d2bd9832,0.797210
user_3e284ba5,10,user_daf37424,0.796886
user_3e284ba5,11,user_ffe2efae,0.789950
user_3e284ba5,12,user_94cad3a5,0.787571
user_3e284ba5,13,user_9351238d,0.786253
user_3e284ba5,14,user_4db0d490,0.785812
user_3e284ba5,15,user_02fecea2,0.784539
user_3eb49f37,1,user_33f2a818,0.778739
user_3eb49f37,2,user_b45d0d20,0.652401
user_3eb49f37,3,user_80da26a6,0.638538
user_3eb49f37,4,user_7d6962d9,0.634480
user_3eb49f37,5,user_7cb1ae65,0.617923
user_3eb49f37,6,user_2a41ee39,0.595410
user_3eb49f37,7,user_18522854,0.581264
user_3eb49f37,8,user_79a1811b,0.552343
user_3eb49f37,9,user_b2dd04c8,0.547933
user_3eb49f37,10,user_3ce4c1f8,0.546600
user_3eb49f37,11,user_d5d4fc6e,0.541641
user_3eb49f37,12,user_1232c39b,0.541099
user_3eb49f37,13,user_30802254,0.537824
user_3eb49f37,14,user_aae78e0d,0.528078
user_3eb49f37,15,user_829844fd,0.522118
user_3f1d04a6,1,user_33f2a818,0.646569
user_3f1d04a6,2,user_18522854,0.622610
user_3f1d04a6,3,user_1232c39b,0.621532
user_3f1d04a6,4,user_7d6962d9,0.612344
user_3f1d04a6,5,user_d20928cc,0.609432
user_3f1d04a6,6,user_7cb1ae65,0.603644
user_3f1d04a6,7,user_1b460965,0.576052
user_3f1d04a6,8,user_b2dd04c8,0.571577
user_3f1d04a6,9,user_515ae840,0.570376
user_3f1d04a6,10,user_829844fd,0.562790
user_3f1d04a6,11,user_c1aa2063,0.560201
user_3f1d04a6,12,user_a6c2e760,0.556099
user_3f1d04a6,13,user_2f766c23,0.554901
user_3f1d04a6,14,user_91f5e7af,0.544659
user_3f1d04a6,15,user_5d1b0daf,0.544646
user_3f2894b5,1,user_dc32d458,0.848945
user_3f2894b5,2,user_40a0bad3,0.833407
user_3f2894b5,3,user_fba6bcd4,0.827459
user_3f2894b5,4,user_c39d41d7,0.822654
user_3f2894b5,5,user_e59c000f,0.821957
user_3f2894b5,6,user_96013176,0.821916
user_3f2894b5,7,user_03969305,0.820151
user_3f2894b5,8,user_b16e0cf8,0.818905
user_3f2894b5,9,user_636ad58f,0.815517
user_3f2894b5,10,user_5881b259,0.813615
user_3f2894b5,11,user_7924afc9,0.807740
user_3f2894b5,12,user_30802254,0.806671
user_3f2894b5,13,user_a743aff9,0.801277
user_3f2894b5,14,user_bbe73426,0.800228
user_3f2894b5,15,user_e6057285,0.798527
user_3f798a8b,1,user_65d73ac1,0.752309
user_3f798a8b,2,user_f7538815,0.728518
user_3f798a8b,3,user_f1649486,0.718747
user_3f798a8b,4,user_4a57e449,0.716656
user_3f798a8b,5,user_ab86ab82,0.706464
user_3f798a8b,6,user_8be3f554,0.704767
user_3f798a8b,7,user_259776c7,0.674805
user_3f798a8b,8,user_74d27419,0.671399
user_3f798a8b,9,user_406c399e,0.665965
user_3f798a8b,10,user_8006727d,0.662717
user_3f798a8b,11,user_3f2894b5,0.654673
user_3f798a8b,12,user_d67450a8,0.654590
user_3f798a8b,13,user_57c1d6c0,0.652117
user_3f798a8b,14,user_32934d38,0.651842
user_3f798a8b,15,user_daf37424,0.651402
user_3ff3188b,1,user_f14dc486,0.670802
user_3ff3188b,2,user_2c3eb234,0.650908
user_3ff3188b,3,user_0bd8ba7c,0.649694
user_3ff3188b,4,user_470c0785,0.647912
user_3ff3188b,5,user_a9ed5193,0.631307
user_3ff3188b,6,user_d20928cc,0.623223
user_3ff3188b,7,user_46bb5302,0.598749
user_3ff3188b,8,user_8006727d,0.589553
user_3ff3188b,9,user_567057e7,0.588211
user_3ff3188b,10,user_8a3bbeb2,0.583700
user_3ff3188b,11,user_41b20ee4,0.579407
user_3ff3188b,12,user_515ae840,0.578259
user_3ff3188b,13,user_c1a70ab7,0.571575
user_3ff3188b,14,user_63b4ae7a,0.565872
user_3ff3188b,15,user_795eb408,0.557742
user_3ff88cf0,1,user_3ff88cf0,0.853705
user_3ff88cf0,2,user_25b48a9a,0.849821
user_3ff88cf0,3,user_46bb5302,0.847995
user_3ff88cf0,4,user_a7145605,0.834323
user_3ff88cf0,5,user_ae306850,0.814851
user_3ff88cf0,6,user_b14ec02b,0.814759
user_3ff88cf0,7,user_54b19b29,0.802471
user_3ff88cf0,8,user_81c4dae1,0.800330
user_3ff88cf0,9,user_43049634,0.793753
user_3ff88cf0,10,user_c34e791e,0.791157
user_3ff88cf0,11,user_04f39d22,0.790165
user_3ff88cf0,12,user_3850eb9e,0.787143
user_3ff88cf0,13,user_c92c8f83,0.783590
user_3ff88cf0,14,user_b2aba63a,0.781942
user_3ff88cf0,15,user_3ac315cb,0.776480
user_40a0bad3,1,user_40a0bad3,0.869999
user_40a0bad3,2,user_cdd86523,0.867258
user_40a0bad3,3,user_25b48a9a,0.847025
user_40a0bad3,4,user_111cfe7d,0.833444
user_40a0bad3,5,user_b350e22b,0.826286
user_40a0bad3,6,user_cf393213,0.820478
user_40a0bad3,7,user_3121653d,0.815137
user_40a0bad3,8,user_54b19b29,0.813319
user_40a0bad3,9,user_e802076d,0.811565
user_40a0bad3,10,user_1a2755b3,0.808027
user_40a0bad3,11,user_0eb2abf1,0.806903
user_40a0bad3,12,user_4db0d490,0.805930
user_40a0bad3,13,user_2c69b83e,0.804635
user_40a0bad3,14,user_c34e791e,0.804528
user_40a0bad3,15,user_03969305,0.801358
user_40efa894,1,user_38fbcf73,0.833558
user_40efa894,2,user_a3a4a20a,0.831390
user_40efa894,3,user_7de6f343,0.821152
user_40efa894,4,user_421ae417,0.816865
user_40efa894,5,user_2c2a5c24,0.815538
user_40efa894,6,user_04f39d22,0.810766
user_40efa894,7,user_0bc8e727,0.802909
user_40efa894,8,user_6fa47d61,0.802601
user_40efa894,9,user_40efa894,0.797702
user_40efa894,10,user_f5e1eee0,0.792488
user_40efa894,11,user_74cfb8ef,0.792379
user_40efa894,12,user_6d421600,0.788104
user_40efa894,13,user_0898fc4b,0.787827
user_40efa894,14,user_43049634,0.782709
user_40efa894,15,user_bf30f80d,0.778541
user_41b20ee4,1,user_aabd2642,0.869304
user_41b20ee4,2,user_b63ea1d4,0.861760
user_41b20ee4,3,user_7b5f54c0,0.850162
user_41b20ee4,4,user_81a80789,0.832659
user_41b20ee4,5,user_b0129d9e,0.821758
user_41b20ee4,6,user_1246b252,0.817502
user_41b20ee4,7,user_3b1da5d9,0.817115
user_41b20ee4,8,user_920c074a,0.813851
user_41b20ee4,9,user_364bb955,0.809488
user_41b20ee4,10,user_166a3647,0.807621
user_41b20ee4,11,user_2c69b83e,0.807356
user_41b20ee4,12,user_3431c049,0.804098
user_41b20ee4,13,user_25798310,0.803335
user_41b20ee4,14,user_147d1bbb,0.801808
user_41b20ee4,15,user_5c9b579a,0.797634
user_433bdef0,1,user_daf37424,0.727379
user_433bdef0,2,user_e6057285,0.711386
user_433bdef0,3,user_a151ddab,0.709118
user_433bdef0,4,user_9dda4af9,0.708610
user_433bdef0,5,user_c35d6565,0.707843
user_433bdef0,6,user_c5f32c0d,0.707650
user_433bdef0,7,user_f030b951,0.707413
user_433bdef0,8,user_a4a77a7d,0.707334
user_433bdef0,9,user_0898fc4b,0.706990
user_433bdef0,10,user_586752e4,0.706607
user_433bdef0,11,user_e59c000f,0.704084
user_433bdef0,12,user_147d1bbb,0.702946
user_433bdef0,13,user_9a307ebe,0.700856
user_433bdef0,14,user_5881b259,0.695969
user_433bdef0,15,user_54c1ebee,0.695594
user_434f3511,1,user_70bbda36,0.775713
user_434f3511,2,user_ded778b8,0.760587
user_434f3511,3,user_a7b901f2,0.736651
user_434f3511,4,user_5526cbfd,0.734731
user_434f3511,5,user_5c9b579a,0.734027
user_434f3511,6,user_02016939,0.729645
user_434f3511,7,user_93cdb7a1,0.726875
user_434f3511,8,user_147d1bbb,0.723946
user_434f3511,9,user_baeb91b3,0.720691
user_434f3511,10,user_e2e59795,0.716964
user_434f3511,11,user_b0129d9e,0.716641
user_434f3511,12,user_03969305,0.715991
user_434f3511,13,user_6deada35,0.712930
user_434f3511,14,user_364bb955,0.710350
user_434f3511,15,user_ac6d6bff,0.710169
user_44567221,1,user_7fef9da8,0.603055
user_44567221,2,user_8fb63eca,0.525086
user_44567221,3,user_fa69a385,0.515624
user_44567221,4,user_83a58842,0.513129
user_44567221,5,user_94cad3a5,0.498977
user_44567221,6,user_72bed676,0.497281
user_44567221,7,user_f2f860bd,0.492165
user_44567221,8,user_943e4045,0.486968
user_44567221,9,user_ffe2efae,0.484384
user_44567221,10,user_1246b252,0.484361
user_44567221,11,user_d2bd9832,0.477162
user_44567221,12,user_8dd20d7f,0.475761
user_44567221,13,user_8e97a154,0.474675
user_44567221,14,user_3b79395c,0.467031
user_44567221,15,user_07ec3726,0.466611
user_454733da,1,user_d758a0a1,0.745423
user_454733da,2,user_bd05225b,0.719148
user_454733da,3,user_6a0b0e92,0.712658
user_454733da,4,user_ed3091a2,0.710391
user_454733da,5,user_88f46c7b,0.708113
user_454733da,6,user_37cd2dc9,0.708023
user_454733da,7,user_7d944883,0.707750
user_454733da,8,user_5ac1a174,0.707321
user_454733da,9,user_3b90fb53,0.706179
user_454733da,10,user_233fda02,0.702444
user_454733da,11,user_a743aff9,0.701229
user_454733da,12,user_4b139395,0.694438
user_454733da,13,user_ab30f0fb,0.694368
user_454733da,14,user_4144252d,0.694188
user_454733da,15,user_0e82fe11,0.693847
user_45926b89,1,user_fdcaaf41,0.840983
user_45926b89,2,user_c06d9b71,0.839097
user_45926b89,3,user_fde2d265,0.831045
user_45926b89,4,user_f51339f8,0.814522
user_45926b89,5,user_ebddf9c1,0.813583
user_45926b89,6,user_2dd5b531,0.812766
user_45926b89,7,user_9d786aa8,0.808855
user_45926b89,8,user_d1d16d30,0.805676
user_45926b89,9,user_5a283043,0.805357
user_45926b89,10,user_dc326993,0.804520
user_45926b89,11,user_1a2755b3,0.804379
user_45926b89,12,user_f930e37f,0.803502
user_45926b89,13,user_69df6330,0.803078
user_45926b89,14,user_405db206,0.796850
user_45926b89,15,user_e1730a9c,0.794103
user_45d008d3,1,user_c4b781ce,0.707045
user_45d008d3,2,user_0ef44f54,0.704072
user_45d008d3,3,user_6bf0e007,0.687184
user_45d008d3,4,user_6a13946a,0.682681
user_45d008d3,5,user_3a55606c,0.677315
user_45d008d3,6,user_45d008d3,0.676367
user_45d008d3,7,user_29cd4556,0.675638
user_45d008d3,8,user_5d7cbf11,0.661136
user_45d008d3,9,user_bbcbf015,0.659997
user_45d008d3,10,user_5349c6cf,0.650381
user_45d008d3,11,user_f827c7dd,0.648627
user_45d008d3,12,user_4f3b6241,0.648375
user_45d008d3,13,user_17355c30,0.647966
user_45d008d3,14,user_9571d0d5,0.644097
user_45d008d3,15,user_79f04645,0.643381
user_4607d25d,1,user_38dc2894,0.821911
user_4607d25d,2,user_7f56f9a5,0.812787
user_4607d25d,3,user_394c25cc,0.800637
user_4607d25d,4,user_5c82df31,0.792465
user_4607d25d,5,user_89e04335,0.791998
user_4607d25d,6,user_3049510b,0.785935
user_4607d25d,7,user_586752e4,0.782381
user_4607d25d,8,user_d849ac6e,0.779081
user_4607d25d,9,user_66772d98,0.777969
user_4607d25d,10,user_6a13946a,0.776868
user_4607d25d,11,user_886f7373,0.775674
user_4607d25d,12,user_94cad3a5,0.774248
user_4607d25d,13,user_17355c30,0.773690
user_4607d25d,14,user_d758a0a1,0.771934
user_4607d25d,15,user_406c399e,0.765957
user_46e2e7ec,1,user_ba085464,0.809459
user_46e2e7ec,2,user_f5138e15,0.773120
user_46e2e7ec,3,user_ab434739,0.725127
user_46e2e7ec,4,user_25652863,0.701871
user_46e2e7ec,5,user_46e2e7ec,0.693812
user_46e2e7ec,6,user_7b2d0be1,0.692551
user_46e2e7ec,7,user_2b79ef0b,0.666092
user_46e2e7ec,8,user_840e0a93,0.658892
user_46e2e7ec,9,user_d9b8914f,0.646607
user_46e2e7ec,10,user_0ff0b922,0.645433
user_46e2e7ec,11,user_6ae9ce92,0.645277
user_46e2e7ec,12,user_d6175d39,0.632698
user_46e2e7ec,13,user_b4214db6,0.631499
user_46e2e7ec,14,user_ac6d6bff,0.623832
user_46e2e7ec,15,user_40efa894,0.623546
user_476670f9,1,user_43049634,0.841983
user_476670f9,2,user_ae306850,0.833687
user_476670f9,3,user_476670f9,0.829564
user_476670f9,4,user_3ff88cf0,0.818081
user_476670f9,5,user_02fecea2,0.812994
user_476670f9,6,user_e6dd44b0,0.796985
user_476670f9,7,user_e9d1886c,0.796666
user_476670f9,8,user_1b7f8c56,0.793440
user_476670f9,9,user_166a3647,0.793420
user_476670f9,10,user_a3a4a20a,0.792856
user_476670f9,11,user_b14ec02b,0.791890
user_476670f9,12,user_74cfb8ef,0.791288
user_476670f9,13,user_db4c3fb9,0.788726
user_476670f9,14,user_a7145605,0.788047
user_476670f9,15,user_3b1da5d9,0.787781
user_4aaa8404,1,user_b325310b,0.761160
user_4aaa8404,2,user_940c7213,0.759891
user_4aaa8404,3,user_aa2fbe83,0.730526
user_4aaa8404,4,user_1b7f8c56,0.728967
user_4aaa8404,5,user_649f4327,0.713906
user_4aaa8404,6,user_1a2755b3,0.710625
user_4aaa8404,7,user_18522854,0.707641
user_4aaa8404,8,user_afff552a,0.707022
user_4aaa8404,9,user_2c69b83e,0.704107
user_4aaa8404,10,user_2cb4b018,0.698626
user_4aaa8404,11,user_f75c71f0,0.696859
user_4aaa8404,12,user_13fb2e34,0.692055
user_4aaa8404,13,user_e838707b,0.691952
user_4aaa8404,14,user_00723699,0.691439
user_4aaa8404,15,user_09dea596,0.686925
user_4ab9d510,1,user_38f4dfac,0.879008
user_4ab9d510,2,user_7aa3746b,0.811370
user_4ab9d510,3,user_954805d7,0.795985
user_4ab9d510,4,user_c39d41d7,0.794895
user_4ab9d510,5,user_d199bef3,0.790466
user_4ab9d510,6,user_17607ebc,0.789625
user_4ab9d510,7,user_b16e0cf8,0.787719
user_4ab9d510,8,user_884ffdb2,0.777288
user_4ab9d510,9,user_ab5592eb,0.775980
user_4ab9d510,10,user_36d44add,0.772091
user_4ab9d510,11,user_510aaba3,0.770992
user_4ab9d510,12,user_79f04645,0.768885
user_4ab9d510,13,user_a4a77a7d,0.767936
user_4ab9d510,14,user_73623b4e,0.762569
user_4ab9d510,15,user_df3c19a7,0.761714
user_4b139395,1,user_6fc85c06,0.846567
user_4b139395,2,user_a57e47b1,0.841266
user_4b139395,3,user_f930e37f,0.839231
user_4b139395,4,user_ebddf9c1,0.836438
user_4b139395,5,user_1b7f8c56,0.835873
user_4b139395,6,user_03969305,0.835609
user_4b139395,7,user_058c1800,0.832243
user_4b139395,8,user_cdd86523,0.827373
user_4b139395,9,user_9571d0d5,0.823840
user_4b139395,10,user_5993b36a,0.823584
user_4b139395,11,user_2e81a539,0.819642
user_4b139395,12,user_5c82df31,0.819292
user_4b139395,13,user_c39d41d7,0.819010
user_4b139395,14,user_16ac4154,0.818998
user_4b139395,15,user_e59c000f,0.818643
user_4b8335bd,1,user_5fddc7f1,0.799029
user_4b8335bd,2,user_f070eee7,0.785327
user_4b8335bd,3,user_7c7220a4,0.781131
user_4b8335bd,4,user_e5f67397,0.764337
user_4b8335bd,5,user_434f3511,0.751225
user_4b8335bd,6,user_107259c3,0.740639
user_4b8335bd,7,user_ded778b8,0.730051
user_4b8335bd,8,user_bd47000f,0.729725
user_4b8335bd,9,user_9a307ebe,0.729360
user_4b8335bd,10,user_500badda,0.728518
user_4b8335bd,11,user_7de6f343,0.721540
user_4b8335bd,12,user_6169d3b8,0.717182
user_4b8335bd,13,user_f4cc9f3d,0.716199
user_4b8335bd,14,user_74cfb8ef,0.714421
user_4b8335bd,15,user_02016939,0.714185
user_4bd9303b,1,user_815b7baf,0.761019
user_4bd9303b,2,user_94cad3a5,0.751455
user_4bd9303b,3,user_9fe4e0f5,0.724367
user_4bd9303b,4,user_ffe2efae,0.720666
user_4bd9303b,5,user_3bc84c13,0.707632
user_4bd9303b,6,user_586752e4,0.700253
user_4bd9303b,7,user_67acd9b1,0.699807
user_4bd9303b,8,user_7b5f54c0,0.697989
user_4bd9303b,9,user_0d32f0ed,0.684819
user_4bd9303b,10,user_72bed676,0.679877
user_4bd9303b,11,user_e7ff2beb,0.678322
user_4bd9303b,12,user_ded778b8,0.676075
user_4bd9303b,13,user_9a5457b0,0.675973
user_4bd9303b,14,user_c994138f,0.675698
user_4bd9303b,15,user_8fb63eca,0.675140
user_4cad4295,1,user_b63ea1d4,0.764581
user_4cad4295,2,user_52f895f1,0.763018
user_4cad4295,3,user_3bc84c13,0.754077
user_4cad4295,4,user_c7beef01,0.743225
user_4cad4295,5,user_81a80789,0.743083
user_4cad4295,6,user_efb27a8e,0.739453
user_4cad4295,7,user_acd6ddfb,0.736675
user_4cad4295,8,user_ffe2efae,0.729591
user_4cad4295,9,user_02fecea2,0.723684
user_4cad4295,10,user_d2bd9832,0.722420
user_4cad4295,11,user_9a5457b0,0.720556
user_4cad4295,12,user_7b5f54c0,0.718084
user_4cad4295,13,user_9351238d,0.708606
user_4cad4295,14,user_65d73ac1,0.705081
user_4cad4295,15,user_166a3647,0.703533
user_4d4f73a6,1,user_45926b89,0.843275
user_4d4f73a6,2,user_ef954c6e,0.839632
user_4d4f73a6,3,user_cf393213,0.831073
user_4d4f73a6,4,user_2dd5b531,0.829709
user_4d4f73a6,5,user_aa2fbe83,0.822148
user_4d4f73a6,6,user_94f185bc,0.821645
user_4d4f73a6,7,user_fdc08e26,0.821407
user_4d4f73a6,8,user_1b7f8c56,0.820995
user_4d4f73a6,9,user_e1730a9c,0.820898
user_4d4f73a6,10,user_c06d9b71,0.820098
user_4d4f73a6,11,user_89e04335,0.819169
user_4d4f73a6,12,user_5881b259,0.818365
user_4d4f73a6,13,user_7924afc9,0.817985
user_4d4f73a6,14,user_d1d16d30,0.817544
user_4d4f73a6,15,user_e6057285,0.815392
user_4e42bf97,1,user_94f185bc,0.881560
user_4e42bf97,2,user_2dd5b531,0.847019
user_4e42bf97,3,user_cf393213,0.839942
user_4e42bf97,4,user_03969305,0.835929
user_4e42bf97,5,user_6bf0e007,0.835245
user_4e42bf97,6,user_41d0c897,0.834678
user_4e42bf97,7,user_ec574395,0.833044
user_4e42bf97,8,user_fdc08e26,0.827457
user_4e42bf97,9,user_29cd4556,0.819849
user_4e42bf97,10,user_e59c000f,0.812816
user_4e42bf97,11,user_c34e791e,0.812578
user_4e42bf97,12,user_8f8346ad,0.808500
user_4e42bf97,13,user_1df51301,0.808443
user_4e42bf97,14,user_f930e37f,0.808093
user_4e42bf97,15,user_e1730a9c,0.805931
user_4e54f3d7,1,user_8be3f554,0.835799
user_4e54f3d7,2,user_9dda4af9,0.811248
user_4e54f3d7,3,user_c34e791e,0.810731
user_4e54f3d7,4,user_c35d6565,0.809205
user_4e54f3d7,5,user_a8dc91a3,0.806096
user_4e54f3d7,6,user_4db0d490,0.805581
user_4e54f3d7,7,user_ca6074df,0.805521
user_4e54f3d7,8,user_57c1d6c0,0.805473
user_4e54f3d7,9,user_a6c2e760,0.805019
user_4e54f3d7,10,user_3535252b,0.798735
user_4e54f3d7,11,user_5d1b0daf,0.794748
user_4e54f3d7,12,user_65d73ac1,0.791863
user_4e54f3d7,13,user_405db206,0.789905
user_4e54f3d7,14,user_b6d05d1d,0.789835
user_4e54f3d7,15,user_3ff3188b,0.788423
user_4f3b6241,1,user_02fecea2,0.850676
user_4f3b6241,2,user_b63ea1d4,0.836081
user_4f3b6241,3,user_fdcaaf41,0.827706
user_4f3b6241,4,user_8fb63eca,0.817483
user_4f3b6241,5,user_1a7d6cd5,0.817108
user_4f3b6241,6,user_81a80789,0.817091
user_4f3b6241,7,user_aabd2642,0.816029
user_4f3b6241,8,user_7b5f54c0,0.815684
user_4f3b6241,9,user_c50a487d,0.807088
user_4f3b6241,10,user_6c2d672f,0.806953
user_4f3b6241,11,user_b0129d9e,0.806750
user_4f3b6241,12,user_03410579,0.802511
user_4f3b6241,13,user_920c074a,0.800292
user_4f3b6241,14,user_1246b252,0.798839
user_4f3b6241,15,user_cbabbcee,0.792964
user_4f8b6987,1,user_c35d6565,0.848852
user_4f8b6987,2,user_72b93300,0.824207
user_4f8b6987,3,user_8be3f554,0.816757
user_4f8b6987,4,user_a151ddab,0.816604
user_4f8b6987,5,user_d691d016,0.813284
user_4f8b6987,6,user_e6057285,0.811080
user_4f8b6987,7,user_daf37424,0.810415
user_4f8b6987,8,user_84c14a6f,0.808226
user_4f8b6987,9,user_886f7373,0.799753
user_4f8b6987,10,user_9ce96cbf,0.798103
user_4f8b6987,11,user_96013176,0.797426
user_4f8b6987,12,user_e802076d,0.793819
user_4f8b6987,13,user_b350e22b,0.789510
user_4f8b6987,14,user_a6c5a10c,0.788785
user_4f8b6987,15,user_a8dc91a3,0.787053
user_500badda,1,user_2e60c125,0.792659
user_500badda,2,user_bf30f80d,0.739561
user_500badda,3,user_ba8b1c05,0.737627
user_500badda,4,user_64cd3098,0.724878
user_500badda,5,user_6fa47d61,0.720259
user_500badda,6,user_f5e1eee0,0.702745
user_500badda,7,user_58bfeaad,0.701425
user_500badda,8,user_85c97ea1,0.698788
user_500badda,9,user_53b85563,0.696619
user_500badda,10,user_25652863,0.694574
user_500badda,11,user_f3377028,0.693131
user_500badda,12,user_74cfb8ef,0.692711
user_500badda,13,user_2c2a5c24,0.690647
user_500badda,14,user_08c32973,0.689924
user_500badda,15,user_7de6f343,0.687064
user_5062c872,1,user_bf30f80d,0.873675
user_5062c872,2,user_6fa47d61,0.823564
user_5062c872,3,user_2e60c125,0.821104
user_5062c872,4,user_5062c872,0.812647
user_5062c872,5,user_2c2a5c24,0.803398
user_5062c872,6,user_f3377028,0.794678
user_5062c872,7,user_64cd3098,0.793606
user_5062c872,8,user_ba8b1c05,0.791626
user_5062c872,9,user_7de6f343,0.788291
user_5062c872,10,user_4ea1ef09,0.788211
user_5062c872,11,user_f5e1eee0,0.787655
user_5062c872,12,user_7c3d63ce,0.782768
user_5062c872,13,user_40efa894,0.780304
user_5062c872,14,user_2efde048,0.779201
user_5062c872,15,user_372c2b3e,0.769437
user_515ae840,1,user_2b03934e,0.844818
user_515ae840,2,user_9ce96cbf,0.830816
user_515ae840,3,user_ab5592eb,0.792792
user_515ae840,4,user_a8dc91a3,0.783990
user_515ae840,5,user_0eb2abf1,0.780345
user_515ae840,6,user_65d73ac1,0.777585
user_515ae840,7,user_5c5a0b40,0.768579
user_515ae840,8,user_f030b951,0.767009
user_515ae840,9,user_b7f60e64,0.765700
user_515ae840,10,user_1a2755b3,0.765398
user_515ae840,11,user_c35d6565,0.763595
user_515ae840,12,user_daf37424,0.758335
user_515ae840,13,user_7aa3746b,0.758277
user_515ae840,14,user_515ae840,0.758210
user_515ae840,15,user_0a3bcf86,0.755784
user_524450e9,1,user_f51339f8,0.856164
user_524450e9,2,user_94f185bc,0.854918
user_524450e9,3,user_2dd5b531,0.852953
user_524450e9,4,user_41d0c897,0.848252
user_524450e9,5,user_fdc08e26,0.836055
user_524450e9,6,user_e6057285,0.829142
user_524450e9,7,user_e1730a9c,0.819494
user_524450e9,8,user_8f8346ad,0.816954
user_524450e9,9,user_cf393213,0.816939
user_524450e9,10,user_69df6330,0.816657
user_524450e9,11,user_d2bd9832,0.815868
user_524450e9,12,user_e59c000f,0.815841
user_524450e9,13,user_ebddf9c1,0.815562
user_524450e9,14,user_03969305,0.815477
user_524450e9,15,user_16ac4154,0.813602
user_529e3009,1,user_529e3009,0.792187
user_529e3009,2,user_7c8639cd,0.782640
user_529e3009,3,user_d96972e5,0.746637
user_529e3009,4,user_869fcb2b,0.740625
user_529e3009,5,user_f0cf195f,0.723562
user_529e3009,6,user_ded778b8,0.715887
user_529e3009,7,user_5c82df31,0.694307
user_529e3009,8,user_c06d9b71,0.690388
user_529e3009,9,user_cbabbcee,0.689192
user_529e3009,10,user_c008345b,0.688295
user_529e3009,11,user_df8dc9bb,0.685599
user_529e3009,12,user_89e04335,0.679772
user_529e3009,13,user_7b052f32,0.675689
user_529e3009,14,user_124651ff,0.672189
user_529e3009,15,user_6fc85c06,0.671783
user_52d3881c,1,user_52d3881c,0.881054
user_52d3881c,2,user_aabd2642,0.756780
user_52d3881c,3,user_3971c3e6,0.756169
user_52d3881c,4,user_ef05ad51,0.730614
user_52d3881c,5,user_3535252b,0.729726
user_52d3881c,6,user_1b7f8c56,0.723363
user_52d3881c,7,user_7a7dda35,0.723137
user_52d3881c,8,user_9a307ebe,0.717040
user_52d3881c,9,user_e5a6abbe,0.710365
user_52d3881c,10,user_a6c5a10c,0.700888
user_52d3881c,11,user_f4cc9f3d,0.698680
user_52d3881c,12,user_d2c97c8e,0.693681
user_52d3881c,13,user_a3a4a20a,0.693658
user_52d3881c,14,user_bf69de98,0.690715
user_52d3881c,15,user_4e54f3d7,0.690712
user_53325367,1,user_c34e791e,0.784860
user_53325367,2,user_ab86ab82,0.765979
user_53325367,3,user_2e05a7a0,0.758533
user_53325367,4,user_33b2b77f,0.757855
user_53325367,5,user_4a57e449,0.746668
user_53325367,6,user_5159d3a1,0.739925
user_53325367,7,user_9bee2a7c,0.737800
user_53325367,8,user_c8f82360,0.732362
user_53325367,9,user_8f08aa94,0.721479
user_53325367,10,user_04f39d22,0.716450
user_53325367,11,user_8006727d,0.707882
user_53325367,12,user_25b48a9a,0.701663
user_53325367,13,user_6d421600,0.700927
user_53325367,14,user_b2aba63a,0.698016
user_53325367,15,user_16ac4154,0.697858
user_54c1ebee,1,user_ffe2efae,0.706431
user_54c1ebee,2,user_67acd9b1,0.683213
user_54c1ebee,3,user_3431c049,0.672764
user_54c1ebee,4,user_b4f295b3,0.667643
user_54c1ebee,5,user_16ac4154,0.667359
user_54c1ebee,6,user_9c88ee3d,0.663528
user_54c1ebee,7,user_7f623d19,0.659778
user_54c1ebee,8,user_338e1332,0.658268
user_54c1ebee,9,user_76638121,0.654622
user_54c1ebee,10,user_b63ea1d4,0.651619
user_54c1ebee,11,user_815b7baf,0.651472
user_54c1ebee,12,user_9a5457b0,0.648491
user_54c1ebee,13,user_e696f3ae,0.645859
user_54c1ebee,14,user_fdc08e26,0.645549
user_54c1ebee,15,user_3bc84c13,0.645070
user_56909460,1,user_886f7373,0.724402
user_56909460,2,user_869fcb2b,0.699797
user_56909460,3,user_a151ddab,0.698416
user_56909460,4,user_394c25cc,0.694877
user_56909460,5,user_0521a7ac,0.691803
user_56909460,6,user_959adfc8,0.679364
user_56909460,7,user_be06391b,0.667051
user_56909460,8,user_10e64e28,0.665062
user_56909460,9,user_c9007141,0.662254
user_56909460,10,user_5c5a0b40,0.660762
user_56909460,11,user_38dc2894,0.660085
user_56909460,12,user_3239132f,0.657780
user_56909460,13,user_979ee068,0.655757
user_56909460,14,user_159646d5,0.655648
user_56909460,15,user_89e04335,0.651314
user_56980aa9,1,user_69df6330,0.889559
user_56980aa9,2,user_9571d0d5,0.855483
user_56980aa9,3,user_56980aa9,0.850674
user_56980aa9,4,user_e8d15537,0.839909
user_56980aa9,5,user_03969305,0.837856
user_56980aa9,6,user_2dd5b531,0.835414
user_56980aa9,7,user_b9036662,0.833279
user_56980aa9,8,user_3f2fbc90,0.831667
user_56980aa9,9,user_e59c000f,0.830192
user_56980aa9,10,user_94f185bc,0.829783
user_56980aa9,11,user_f930e37f,0.828487
user_56980aa9,12,user_a4a77a7d,0.826440
user_56980aa9,13,user_adab54a0,0.826319
user_56980aa9,14,user_b49274ca,0.825496
user_56980aa9,15,user_0cc626ee,0.822220
user_5738db35,1,user_7b5f54c0,0.777755
user_5738db35,2,user_0b1b1d1c,0.761920
user_5738db35,3,user_3e284ba5,0.756191
user_5738db35,4,user_2f4cc646,0.756183
user_5738db35,5,user_3239132f,0.749103
user_5738db35,6,user_d691d016,0.746727
user_5738db35,7,user_a7bfc229,0.745732
user_5738db35,8,user_a6c5a10c,0.742544
user_5738db35,9,user_1246b252,0.728728
user_5738db35,10,user_81a80789,0.722676
user_5738db35,11,user_fcf93ee8,0.721666
user_5738db35,12,user_e6dd44b0,0.719909
user_5738db35,13,user_1a7d6cd5,0.718803
user_5738db35,14,user_7af2ed90,0.714808
user_5738db35,15,user_166a3647,0.712802
user_582ff5b2,1,user_405db206,0.827949
user_582ff5b2,2,user_15179955,0.814147
user_582ff5b2,3,user_b49274ca,0.809871
user_582ff5b2,4,user_582ff5b2,0.808307
user_582ff5b2,5,user_8e217d1b,0.805271
user_582ff5b2,6,user_c39d41d7,0.804209
user_582ff5b2,7,user_fde2d265,0.801580
user_582ff5b2,8,user_1a2755b3,0.800625
user_582ff5b2,9,user_84e93af7,0.798788
user_582ff5b2,10,user_c35d6565,0.798388
user_582ff5b2,11,user_1b7f8c56,0.794053
user_582ff5b2,12,user_dbc4828c,0.793691
user_582ff5b2,13,user_aabd2642,0.791534
user_582ff5b2,14,user_ba463257,0.791000
user_582ff5b2,15,user_8d968cfb,0.790663
user_586752e4,1,user_3ce4c1f8,0.537420
user_586752e4,2,user_7d6962d9,0.530200
user_586752e4,3,user_c1aa2063,0.517908
user_586752e4,4,user_b45d0d20,0.500858
user_586752e4,5,user_b1c16312,0.494348
user_586752e4,6,user_33f2a818,0.489694
user_586752e4,7,user_7cb1ae65,0.485421
user_586752e4,8,user_0dfb7397,0.479164
user_586752e4,9,user_9f6180c4,0.465235
user_586752e4,10,user_24668d84,0.452180
user_586752e4,11,user_20e741d0,0.442243
user_586752e4,12,user_49b1ac46,0.440190
user_586752e4,13,user_9ffdf5e5,0.433063
user_586752e4,14,user_d20928cc,0.429308
user_586752e4,15,user_79a1811b,0.421521
user_58892c7c,1,user_1b2d69c1,0.703218
user_58892c7c,2,user_74c84045,0.701145
user_58892c7c,3,user_3bc84c13,0.691366
user_58892c7c,4,user_58892c7c,0.661372
user_58892c7c,5,user_e6dd44b0,0.640831
user_58892c7c,6,user_fcf93ee8,0.640096
user_58892c7c,7,user_fefec402,0.638498
user_58892c7c,8,user_124651ff,0.637824
user_58892c7c,9,user_b1a5a37e,0.636295
user_58892c7c,10,user_ea67f9c6,0.635670
user_58892c7c,11,user_2cb4b018,0.634760
user_58892c7c,12,user_dca78fea,0.629291
user_58892c7c,13,user_e30558fe,0.626737
user_58892c7c,14,user_98f18241,0.624965
user_58892c7c,15,user_107259c3,0.624287
user_58bfeaad,1,user_58bfeaad,0.803724
user_58bfeaad,2,user_3431c049,0.756461
user_58bfeaad,3,user_03410579,0.754516
user_58bfeaad,4,user_3e284ba5,0.753370
user_58bfeaad,5,user_166a3647,0.752922
user_58bfeaad,6,user_1f636ddc,0.751563
user_58bfeaad,7,user_7de6f343,0.747608
user_58bfeaad,8,user_226be32f,0.743350
user_58bfeaad,9,user_25798310,0.740181
user_58bfeaad,10,user_0f0ad720,0.740028
user_58bfeaad,11,user_da51dede,0.737912
user_58bfeaad,12,user_900ffd5c,0.736902
user_58bfeaad,13,user_df8dc9bb,0.735132
user_58bfeaad,14,user_e6dd44b0,0.734593
user_58bfeaad,15,user_2f4cc646,0.732830
user_59d9db83,1,user_15179955,0.827477
user_59d9db83,2,user_4db0d490,0.772740
user_59d9db83,3,user_a1aa757b,0.766830
user_59d9db83,4,user_a743aff9,0.766616
user_59d9db83,5,user_636ad58f,0.766580
user_59d9db83,6,user_bbe73426,0.763729
user_59d9db83,7,user_723406a0,0.760767
user_59d9db83,8,user_dd1d7b22,0.760257
user_59d9db83,9,user_6d071251,0.756227
user_59d9db83,10,user_84e93af7,0.755997
user_59d9db83,11,user_dc32d458,0.755060
user_59d9db83,12,user_dbc4828c,0.753609
user_59d9db83,13,user_1a2755b3,0.751131
user_59d9db83,14,user_17607ebc,0.750758
user_59d9db83,15,user_dc326993,0.748789
user_5a5bee64,1,user_d6175d39,0.852204
user_5a5bee64,2,user_07cb458d,0.841621
user_5a5bee64,3,user_fba6bcd4,0.831476
user_5a5bee64,4,user_b6350ec1,0.823856
user_5a5bee64,5,user_c39d41d7,0.822868
user_5a5bee64,6,user_5b714afd,0.822313
user_5a5bee64,7,user_2c69b83e,0.820183
user_5a5bee64,8,user_88b2faba,0.819676
user_5a5bee64,9,user_954805d7,0.814812
user_5a5bee64,10,user_e5a6abbe,0.810116
user_5a5bee64,11,user_bd05225b,0.809600
user_5a5bee64,12,user_7b5f54c0,0.809308
user_5a5bee64,13,user_84e93af7,0.808978
user_5a5bee64,14,user_a7bfc229,0.808715
user_5a5bee64,15,user_aabd2642,0.807336
user_5a6c91dd,1,user_5a5bee64,0.766399
user_5a6c91dd,2,user_2e81a539,0.751030
user_5a6c91dd,3,user_36e75535,0.738618
user_5a6c91dd,4,user_f930e37f,0.738210
user_5a6c91dd,5,user_c994138f,0.737728
user_5a6c91dd,6,user_885e8708,0.726311
user_5a6c91dd,7,user_5c9b579a,0.725881
user_5a6c91dd,8,user_96013176,0.725166
user_5a6c91dd,9,user_1dc24686,0.711866
user_5a6c91dd,10,user_03969305,0.710546
user_5a6c91dd,11,user_586752e4,0.710519
user_5a6c91dd,12,user_405db206,0.709976
user_5a6c91dd,13,user_1246b252,0.709965
user_5a6c91dd,14,user_e7ff2beb,0.709318
user_5a6c91dd,15,user_dbc4828c,0.697961
user_5a6f92a6,1,user_fca58a87,0.635825
user_5a6f92a6,2,user_9c5071dd,0.601368
user_5a6f92a6,3,user_4f8b6987,0.599284
user_5a6f92a6,4,user_970963fd,0.585935
user_5a6f92a6,5,user_bbe73426,0.576129
user_5a6f92a6,6,user_69193575,0.570483
user_5a6f92a6,7,user_83a58842,0.565107
user_5a6f92a6,8,user_9600e8bf,0.562917
user_5a6f92a6,9,user_5a283043,0.558078
user_5a6f92a6,10,user_d1d16d30,0.551463
user_5a6f92a6,11,user_0b64b183,0.545920
user_5a6f92a6,12,user_9c5e4782,0.545154
user_5a6f92a6,13,user_f0b144fc,0.543582
user_5a6f92a6,14,user_e6057285,0.541937
user_5a6f92a6,15,user_1f1dc5e0,0.540138
user_5ac1a174,1,user_efa5697b,0.783587
user_5ac1a174,2,user_dac2c359,0.741676
user_5ac1a174,3,user_5ac1a174,0.736573
user_5ac1a174,4,user_ed3091a2,0.735721
user_5ac1a174,5,user_e4f8ab0c,0.719095
user_5ac1a174,6,user_058d9dc1,0.712538
user_5ac1a174,7,user_7d944883,0.711699
user_5ac1a174,8,user_233fda02,0.709247
user_5ac1a174,9,user_d4b7e22e,0.706874
user_5ac1a174,10,user_e8cdb142,0.706018
user_5ac1a174,11,user_3eb49f37,0.701623
user_5ac1a174,12,user_9ee84e18,0.693097
user_5ac1a174,13,user_903329bb,0.690606
user_5ac1a174,14,user_8e5e899b,0.690090
user_5ac1a174,15,user_a4a77a7d,0.687534
user_5c09bb3d,1,user_b16e0cf8,0.847073
user_5c09bb3d,2,user_636ad58f,0.842726
user_5c09bb3d,3,user_b6350ec1,0.839791
user_5c09bb3d,4,user_c39d41d7,0.836985
user_5c09bb3d,5,user_17607ebc,0.834743
user_5c09bb3d,6,user_d70942c1,0.833370
user_5c09bb3d,7,user_43a979d2,0.828728
user_5c09bb3d,8,user_aa31484a,0.821064
user_5c09bb3d,9,user_68d19df8,0.819255
user_5c09bb3d,10,user_df3c19a7,0.813370
user_5c09bb3d,11,user_73623b4e,0.810707
user_5c09bb3d,12,user_38ab51d4,0.806839
user_5c09bb3d,13,user_50e2a836,0.806495
user_5c09bb3d,14,user_fba6bcd4,0.805138
user_5c09bb3d,15,user_02d8a1f8,0.802402
user_5c5a0b40,1,user_1df51301,0.815578
user_5c5a0b40,2,user_5526cbfd,0.799327
user_5c5a0b40,3,user_f930e37f,0.779886
user_5c5a0b40,4,user_9571d0d5,0.776818
user_5c5a0b40,5,user_c994138f,0.772986
user_5c5a0b40,6,user_03969305,0.772368
user_5c5a0b40,7,user_058c1800,0.766842
user_5c5a0b40,8,user_586752e4,0.765248
user_5c5a0b40,9,user_b350e22b,0.763254
user_5c5a0b40,10,user_9a307ebe,0.761426
user_5c5a0b40,11,user_40a0bad3,0.753034
user_5c5a0b40,12,user_2c69b83e,0.750207
user_5c5a0b40,13,user_70bbda36,0.749339
user_5c5a0b40,14,user_16ac4154,0.749036
user_5c5a0b40,15,user_1b7f8c56,0.747432
user_5c82df31,1,user_6fc85c06,0.837092
user_5c82df31,2,user_94f185bc,0.832752
user_5c82df31,3,user_9571d0d5,0.826119
user_5c82df31,4,user_e59c000f,0.820031
user_5c82df31,5,user_69df6330,0.819436
user_5c82df31,6,user_d2bd9832,0.818601
user_5c82df31,7,user_f930e37f,0.808205
user_5c82df31,8,user_b350e22b,0.803183
user_5c82df31,9,user_5526cbfd,0.801486
user_5c82df31,10,user_91f807b9,0.800192
user_5c82df31,11,user_394c25cc,0.800127
user_5c82df31,12,user_fdc08e26,0.799848
user_5c82df31,13,user_38dc2894,0.799170
user_5c82df31,14,user_8e97a154,0.799027
user_5c82df31,15,user_41d0c897,0.798834
user_5d1b0daf,1,user_adab54a0,0.837723
user_5d1b0daf,2,user_9dda4af9,0.827478
user_5d1b0daf,3,user_02d03e8a,0.827298
user_5d1b0daf,4,user_c35d6565,0.824996
user_5d1b0daf,5,user_bdcc6e7d,0.824680
user_5d1b0daf,6,user_8663226a,0.809813
user_5d1b0daf,7,user_8fe14601,0.807346
user_5d1b0daf,8,user_2373103d,0.806562
user_5d1b0daf,9,user_b16e0cf8,0.805983
user_5d1b0daf,10,user_3f798a8b,0.803038
user_5d1b0daf,11,user_15179955,0.802697
user_5d1b0daf,12,user_5d1b0daf,0.801838
user_5d1b0daf,13,user_17607ebc,0.801665
user_5d1b0daf,14,user_8a760553,0.799901
user_5d1b0daf,15,user_657c72ca,0.799259
user_5f4ee256,1,user_87e5d9b0,0.837093
user_5f4ee256,2,user_8e5e899b,0.830258
user_5f4ee256,3,user_e8cdb142,0.823905
user_5f4ee256,4,user_ff39b6cf,0.810972
user_5f4ee256,5,user_4144252d,0.802631
user_5f4ee256,6,user_5ac1a174,0.799012
user_5f4ee256,7,user_233fda02,0.798050
user_5f4ee256,8,user_858fa00c,0.784832
user_5f4ee256,9,user_0e82fe11,0.780763
user_5f4ee256,10,user_d758a0a1,0.773149
user_5f4ee256,11,user_bd05225b,0.768326
user_5f4ee256,12,user_903329bb,0.753622
user_5f4ee256,13,user_723406a0,0.751715
user_5f4ee256,14,user_3b90fb53,0.746906
user_5f4ee256,15,user_a7f8db34,0.744651
user_6169d3b8,1,user_6169d3b8,0.841713
user_6169d3b8,2,user_107259c3,0.799271
user_6169d3b8,3,user_9a307ebe,0.778813
user_6169d3b8,4,user_b63ea1d4,0.766989
user_6169d3b8,5,user_586752e4,0.763686
user_6169d3b8,6,user_ea67f9c6,0.760401
user_6169d3b8,7,user_b4f295b3,0.759954
user_6169d3b8,8,user_9ee84e18,0.759863
user_6169d3b8,9,user_25798310,0.759179
user_6169d3b8,10,user_7f623d19,0.758443
user_6169d3b8,11,user_6deada35,0.755115
user_6169d3b8,12,user_858fa00c,0.752957
user_6169d3b8,13,user_147d1bbb,0.750545
user_6169d3b8,14,user_daf37424,0.750238
user_6169d3b8,15,user_8713f22a,0.748364
user_61f90240,1,user_df8dc9bb,0.851438
user_61f90240,2,user_147d1bbb,0.848142
user_61f90240,3,user_54c1ebee,0.843244
user_61f90240,4,user_9a307ebe,0.842317
user_61f90240,5,user_586752e4,0.836901
user_61f90240,6,user_25798310,0.832094
user_61f90240,7,user_e6057285,0.831296
user_61f90240,8,user_83afc7b2,0.831125
user_61f90240,9,user_5a6f92a6,0.826013
user_61f90240,10,user_886f7373,0.824569
user_61f90240,11,user_aabd2642,0.823734
user_61f90240,12,user_e5a6abbe,0.822869
user_61f90240,13,user_107259c3,0.822309
user_61f90240,14,user_e802076d,0.821511
user_61f90240,15,user_c994138f,0.820993
user_63110023,1,user_63110023,0.882424
user_63110023,2,user_bdcc6e7d,0.821641
user_63110023,3,user_adab54a0,0.804869
user_63110023,4,user_c35d6565,0.799656
user_63110023,5,user_657c72ca,0.798267
user_63110023,6,user_8663226a,0.779587
user_63110023,7,user_dd6e7bcb,0.772162
user_63110023,8,user_b6d05d1d,0.771387
user_63110023,9,user_3ff3188b,0.771015
user_63110023,10,user_02d03e8a,0.770041
user_63110023,11,user_69df6330,0.768432
user_63110023,12,user_dae4304f,0.767018
user_63110023,13,user_b16e0cf8,0.766400
user_63110023,14,user_c39d41d7,0.765537
user_63110023,15,user_0cee87f3,0.764749
user_636d1da4,1,user_02d03e8a,0.814178
user_636d1da4,2,user_5c5a0b40,0.802270
user_636d1da4,3,user_73623b4e,0.801733
user_636d1da4,4,user_8663226a,0.795340
user_636d1da4,5,user_2373103d,0.793793
user_636d1da4,6,user_b16e0cf8,0.788885
user_636d1da4,7,user_8a760553,0.788416
user_636d1da4,8,user_15179955,0.787112
user_636d1da4,9,user_c35d6565,0.784239
user_636d1da4,10,user_183b3783,0.784072
user_636d1da4,11,user_17607ebc,0.784060
user_636d1da4,12,user_4db0d490,0.782406
user_636d1da4,13,user_30802254,0.780163
user_636d1da4,14,user_d93b53bd,0.779599
user_636d1da4,15,user_657c72ca,0.777640
user_6427334a,1,user_c39d41d7,0.825202
user_6427334a,2,user_7924afc9,0.825124
user_6427334a,3,user_dbc4828c,0.815814
user_6427334a,4,user_84e93af7,0.812865
user_6427334a,5,user_dc326993,0.812291
user_6427334a,6,user_15179955,0.811994
user_6427334a,7,user_bd19a016,0.808634
user_6427334a,8,user_bbe73426,0.808256
user_6427334a,9,user_a743aff9,0.806536
user_6427334a,10,user_fde2d265,0.806373
user_6427334a,11,user_3ff3188b,0.806109
user_6427334a,12,user_73f34c5d,0.805389
user_6427334a,13,user_954805d7,0.804274
user_6427334a,14,user_4f755977,0.801839
user_6427334a,15,user_a8c2208d,0.801748
user_6476648d,1,user_107259c3,0.791032
user_6476648d,2,user_7f623d19,0.780833
user_6476648d,3,user_f070eee7,0.771500
user_6476648d,4,user_17054ec7,0.751962
user_6476648d,5,user_7c7220a4,0.749787
user_6476648d,6,user_1a7d6cd5,0.742394
user_6476648d,7,user_ea67f9c6,0.740484
user_6476648d,8,user_baeb91b3,0.736300
user_6476648d,9,user_94cad3a5,0.734595
user_6476648d,10,user_b4f295b3,0.733769
user_6476648d,11,user_0d32f0ed,0.733074
user_6476648d,12,user_02fecea2,0.724842
user_6476648d,13,user_9fe4e0f5,0.723994
user_6476648d,14,user_76638121,0.721254
user_6476648d,15,user_b0129d9e,0.716417
user_649f4327,1,user_54c1ebee,0.864149
user_649f4327,2,user_147d1bbb,0.862978
user_649f4327,3,user_aabd2642,0.862011
user_649f4327,4,user_5526cbfd,0.859529
user_649f4327,5,user_7b5f54c0,0.853795
user_649f4327,6,user_9a307ebe,0.852409
user_649f4327,7,user_1b7f8c56,0.850229
user_649f4327,8,user_7f56f9a5,0.846397
user_649f4327,9,user_df8dc9bb,0.843780
user_649f4327,10,user_70bbda36,0.843236
user_649f4327,11,user_6deada35,0.837953
user_649f4327,12,user_fba6bcd4,0.836808
user_649f4327,13,user_25798310,0.834183
user_649f4327,14,user_e802076d,0.832194
user_649f4327,15,user_d691d016,0.831179
user_657c72ca,1,user_dd6e7bcb,0.749281
user_657c72ca,2,user_c35d6565,0.728974
user_657c72ca,3,user_03969305,0.708151
user_657c72ca,4,user_c39d41d7,0.707629
user_657c72ca,5,user_83afc7b2,0.704719
user_657c72ca,6,user_d758a0a1,0.703332
user_657c72ca,7,user_2e81a539,0.702662
user_657c72ca,8,user_fba6bcd4,0.700629
user_657c72ca,9,user_63110023,0.699988
user_657c72ca,10,user_e59c000f,0.699609
user_657c72ca,11,user_88b2faba,0.698852
user_657c72ca,12,user_14a2d3c6,0.697954
user_657c72ca,13,user_25798310,0.695847
user_657c72ca,14,user_0669bdf6,0.695724
user_657c72ca,15,user_a4a77a7d,0.692001
user_6592f2e4,1,user_6592f2e4,0.640742
user_6592f2e4,2,user_b8f24804,0.573193
user_6592f2e4,3,user_245fd42f,0.510387
user_6592f2e4,4,user_51779823,0.498587
user_6592f2e4,5,user_0bd8ba7c,0.473037
user_6592f2e4,6,user_fb8f46c8,0.461367
user_6592f2e4,7,user_1e302679,0.458076
user_6592f2e4,8,user_515ae840,0.446623
user_6592f2e4,9,user_2c3eb234,0.446411
user_6592f2e4,10,user_e5beda2b,0.445453
user_6592f2e4,11,user_8a3bbeb2,0.443250
user_6592f2e4,12,user_c0392523,0.433841
user_6592f2e4,13,user_9c5cd7fa,0.432011
user_6592f2e4,14,user_c8f82360,0.430846
user_6592f2e4,15,user_397cfe20,0.430496
user_65d73ac1,1,user_2cb4b018,0.814107
user_65d73ac1,2,user_caa6a7b6,0.811848
user_65d73ac1,3,user_1a2755b3,0.808493
user_65d73ac1,4,user_9e39a95d,0.802465
user_65d73ac1,5,user_65d73ac1,0.801957
user_65d73ac1,6,user_1b7f8c56,0.798784
user_65d73ac1,7,user_dca78fea,0.784485
user_65d73ac1,8,user_bd6a40d5,0.780908
user_65d73ac1,9,user_b325310b,0.776627
user_65d73ac1,10,user_a743aff9,0.772117
user_65d73ac1,11,user_fa60616d,0.770147
user_65d73ac1,12,user_d3663143,0.769625
user_65d73ac1,13,user_e838707b,0.761472
user_65d73ac1,14,user_cdd86523,0.759007
user_65d73ac1,15,user_82c86537,0.757644
user_68349053,1,user_f5e2976e,0.786787
user_68349053,2,user_68349053,0.753374
user_68349053,3,user_1c7b7780,0.677666
user_68349053,4,user_ba085464,0.633192
user_68349053,5,user_3e284ba5,0.632163
user_68349053,6,user_ed1aaed8,0.631393
user_68349053,7,user_2c69b83e,0.624403
user_68349053,8,user_ac6d6bff,0.619666
user_68349053,9,user_07db2c6a,0.619634
user_68349053,10,user_be018f9d,0.617086
user_68349053,11,user_16ac4154,0.614790
user_68349053,12,user_83585fc6,0.611825
user_68349053,13,user_417702c5,0.608330
user_68349053,14,user_0c578ab5,0.603322
user_68349053,15,user_0e408c4a,0.598094
user_68d19df8,1,user_6169d3b8,0.800909
user_68d19df8,2,user_58bfeaad,0.783539
user_68d19df8,3,user_74cfb8ef,0.780176
user_68d19df8,4,user_586752e4,0.755864
user_68d19df8,5,user_6deada35,0.754758
user_68d19df8,6,user_e5f67397,0.753841
user_68d19df8,7,user_2efde048,0.746647
user_68d19df8,8,user_8713f22a,0.746254
user_68d19df8,9,user_e409a56d,0.742176
user_68d19df8,10,user_2920b35e,0.741624
user_68d19df8,11,user_1022be44,0.740277
user_68d19df8,12,user_aa19d173,0.739781
user_68d19df8,13,user_7de6f343,0.738214
user_68d19df8,14,user_26fa9d90,0.732669
user_68d19df8,15,user_40efa894,0.732664
user_69193575,1,user_0f006eec,0.631819
user_69193575,2,user_23ecc36a,0.596632
user_69193575,3,user_3c81ee09,0.592071
user_69193575,4,user_48669fd6,0.583373
user_69193575,5,user_fca58a87,0.576770
user_69193575,6,user_a7c6197a,0.565665
user_69193575,7,user_b8f24804,0.552543
user_69193575,8,user_756e2f00,0.548946
user_69193575,9,user_b2dd04c8,0.546773
user_69193575,10,user_d20928cc,0.543956
user_69193575,11,user_2c940ff8,0.541823
user_69193575,12,user_69193575,0.539891
user_69193575,13,user_a8dc91a3,0.531790
user_69193575,14,user_18522854,0.530583
user_69193575,15,user_2b03934e,0.530388
user_69a4dd06,1,user_2dd5b531,0.867300
user_69a4dd06,2,user_e59c000f,0.856689
user_69a4dd06,3,user_cdd86523,0.850930
user_69a4dd06,4,user_03969305,0.848558
user_69a4dd06,5,user_0eb2abf1,0.842432
user_69a4dd06,6,user_a57e47b1,0.837767
user_69a4dd06,7,user_fde2d265,0.834176
user_69a4dd06,8,user_f27da10a,0.833361
user_69a4dd06,9,user_7924afc9,0.833129
user_69a4dd06,10,user_fdc08e26,0.830028
user_69a4dd06,11,user_41d0c897,0.829525
user_69a4dd06,12,user_c39d41d7,0.827236
user_69a4dd06,13,user_29cd4556,0.826119
user_69a4dd06,14,user_fdcaaf41,0.824515
user_69a4dd06,15,user_14a2d3c6,0.823128
user_69df6330,1,user_dbc4828c,0.860298
user_69df6330,2,user_84e93af7,0.833519
user_69df6330,3,user_0a0bcaa6,0.833320
user_69df6330,4,user_a743aff9,0.832342
user_69df6330,5,user_7924afc9,0.826911
user_69df6330,6,user_cdd86523,0.823658
user_69df6330,7,user_69df6330,0.821128
user_69df6330,8,user_c39d41d7,0.809736
user_69df6330,9,user_d3663143,0.809524
user_69df6330,10,user_1b7f8c56,0.807616
user_69df6330,11,user_1a2755b3,0.807459
user_69df6330,12,user_b49274ca,0.806967
user_69df6330,13,user_40a0bad3,0.804488
user_69df6330,14,user_ebddf9c1,0.802121
user_69df6330,15,user_c96b90fe,0.800167
user_6ab1739a,1,user_b325310b,0.873121
user_6ab1739a,2,user_2d74cd4c,0.835380
user_6ab1739a,3,user_99c67f2f,0.816757
user_6ab1739a,4,user_6011e674,0.802785
user_6ab1739a,5,user_f8e2246f,0.798838
user_6ab1739a,6,user_1b7f8c56,0.793268
user_6ab1739a,7,user_8fbb6d9c,0.785322
user_6ab1739a,8,user_ee89e069,0.784911
user_6ab1739a,9,user_95d648bc,0.783799
user_6ab1739a,10,user_71b9b8e0,0.778582
user_6ab1739a,11,user_d3663143,0.775262
user_6ab1739a,12,user_b6b89f00,0.772921
user_6ab1739a,13,user_940c7213,0.757131
user_6ab1739a,14,user_1a2755b3,0.754469
user_6ab1739a,15,user_aa2fbe83,0.753650
user_6ab8f7d4,1,user_f930e37f,0.846960
user_6ab8f7d4,2,user_ab86ab82,0.833043
user_6ab8f7d4,3,user_8be3f554,0.822119
user_6ab8f7d4,4,user_e838707b,0.802479
user_6ab8f7d4,5,user_2e05a7a0,0.799940
user_6ab8f7d4,6,user_18522854,0.798752
user_6ab8f7d4,7,user_cf393213,0.794518
user_6ab8f7d4,8,user_96d9cb9a,0.786557
user_6ab8f7d4,9,user_65d73ac1,0.786212
user_6ab8f7d4,10,user_b350e22b,0.784919
user_6ab8f7d4,11,user_fb8f46c8,0.779132
user_6ab8f7d4,12,user_a6c2e760,0.778533
user_6ab8f7d4,13,user_d2bd9832,0.777947
user_6ab8f7d4,14,user_07ec3726,0.777037
user_6ab8f7d4,15,user_c994138f,0.776759
user_6d071251,1,user_89e04335,0.855122
user_6d071251,2,user_6fc85c06,0.854921
user_6d071251,3,user_94f185bc,0.841315
user_6d071251,4,user_69df6330,0.829226
user_6d071251,5,user_9571d0d5,0.823956
user_6d071251,6,user_5526cbfd,0.823147
user_6d071251,7,user_e59c000f,0.820820
user_6d071251,8,user_394c25cc,0.818617
user_6d071251,9,user_cf393213,0.816710
user_6d071251,10,user_df8dc9bb,0.814422
user_6d071251,11,user_c5f32c0d,0.812253
user_6d071251,12,user_ef954c6e,0.807849
user_6d071251,13,user_03969305,0.807689
user_6d071251,14,user_f930e37f,0.806853
user_6d071251,15,user_e6057285,0.804648
user_6d2cb415,1,user_338e1332,0.740678
user_6d2cb415,2,user_ab439a92,0.711790
user_6d2cb415,3,user_66a7ce5a,0.699063
user_6d2cb415,4,user_d67450a8,0.691208
user_6d2cb415,5,user_d691d016,0.689812
user_6d2cb415,6,user_8be3f554,0.686534
user_6d2cb415,7,user_9d9fba70,0.686232
user_6d2cb415,8,user_65d73ac1,0.685058
user_6d2cb415,9,user_c994138f,0.683263
user_6d2cb415,10,user_16b87e34,0.676083
user_6d2cb415,11,user_8ae8c359,0.674450
user_6d2cb415,12,user_baf68fe9,0.673099
user_6d2cb415,13,user_18522854,0.668628
user_6d2cb415,14,user_daf37424,0.666907
user_6d2cb415,15,user_e931b2cd,0.665828
user_6d421600,1,user_82c86537,0.851055
user_6d421600,2,user_f5e1eee0,0.809334
user_6d421600,3,user_2efde048,0.794348
user_6d421600,4,user_0bc8e727,0.787620
user_6d421600,5,user_4ea1ef09,0.785166
user_6d421600,6,user_7de6f343,0.783038
user_6d421600,7,user_83e45cc0,0.773834
user_6d421600,8,user_7c3d63ce,0.767861
user_6d421600,9,user_04f39d22,0.766915
user_6d421600,10,user_6fa47d61,0.763566
user_6d421600,11,user_6d421600,0.759431
user_6d421600,12,user_74cfb8ef,0.757037
user_6d421600,13,user_a3a4a20a,0.754725
user_6d421600,14,user_372c2b3e,0.753247
user_6d421600,15,user_f7fd2885,0.752296
user_6f1b0197,1,user_07cb458d,0.805709
user_6f1b0197,2,user_f654c33b,0.796175
user_6f1b0197,3,user_b6350ec1,0.794833
user_6f1b0197,4,user_954805d7,0.793955
user_6f1b0197,5,user_b49274ca,0.788087
user_6f1b0197,6,user_84e93af7,0.781526
user_6f1b0197,7,user_c39d41d7,0.780317
user_6f1b0197,8,user_636ad58f,0.778612
user_6f1b0197,9,user_dbc4828c,0.776829
user_6f1b0197,10,user_4db0d490,0.774982
user_6f1b0197,11,user_d6175d39,0.770751
user_6f1b0197,12,user_73f34c5d,0.769846
user_6f1b0197,13,user_50e2a836,0.765595
user_6f1b0197,14,user_5881b259,0.765594
user_6f1b0197,15,user_d70942c1,0.765206
user_6fa47d61,1,user_2e60c125,0.703810
user_6fa47d61,2,user_5062c872,0.651406
user_6fa47d61,3,user_6fa47d61,0.635103
user_6fa47d61,4,user_502a8cea,0.628230
user_6fa47d61,5,user_192a215d,0.626974
user_6fa47d61,6,user_bf30f80d,0.591406
user_6fa47d61,7,user_2efde048,0.590270
user_6fa47d61,8,user_08c32973,0.579298
user_6fa47d61,9,user_201c8c78,0.566744
user_6fa47d61,10,user_85c97ea1,0.565503
user_6fa47d61,11,user_83b871b5,0.560862
user_6fa47d61,12,user_f5e1eee0,0.557109
user_6fa47d61,13,user_0bd8ba7c,0.553548
user_6fa47d61,14,user_372c2b3e,0.550278
user_6fa47d61,15,user_f3377028,0.546851
user_6fc85c06,1,user_3f2fbc90,0.722415
user_6fc85c06,2,user_d4b7e22e,0.650072
user_6fc85c06,3,user_efa5697b,0.645568
user_6fc85c06,4,user_3eb49f37,0.632108
user_6fc85c06,5,user_e4f8ab0c,0.625217
user_6fc85c06,6,user_8285a696,0.618038
user_6fc85c06,7,user_dac2c359,0.611460
user_6fc85c06,8,user_7d944883,0.610876
user_6fc85c06,9,user_039d004e,0.607583
user_6fc85c06,10,user_56980aa9,0.595977
user_6fc85c06,11,user_6a0b0e92,0.594150
user_6fc85c06,12,user_7322f4ef,0.590782
user_6fc85c06,13,user_60a65d98,0.586485
user_6fc85c06,14,user_9ee84e18,0.584153
user_6fc85c06,15,user_058d9dc1,0.584009
user_6fccf8b5,1,user_8c0c7619,0.626476
user_6fccf8b5,2,user_d14b7d7b,0.607477
user_6fccf8b5,3,user_8006727d,0.569115
user_6fccf8b5,4,user_0bd8ba7c,0.558701
user_6fccf8b5,5,user_2c3eb234,0.529016
user_6fccf8b5,6,user_c0392523,0.524703
user_6fccf8b5,7,user_9d9fba70,0.508540
user_6fccf8b5,8,user_26565155,0.504842
user_6fccf8b5,9,user_ab86ab82,0.502444
user_6fccf8b5,10,user_fe922ad0,0.499528
user_6fccf8b5,11,user_6fccf8b5,0.488688
user_6fccf8b5,12,user_fa69a385,0.481465
user_6fccf8b5,13,user_0a3f46b9,0.480542
user_6fccf8b5,14,user_942ff21e,0.479752
user_6fccf8b5,15,user_63b4ae7a,0.475623
user_723406a0,1,user_0e82fe11,0.794802
user_723406a0,2,user_c4c70447,0.789567
user_723406a0,3,user_54b19b29,0.783729
user_723406a0,4,user_50e2a836,0.782030
user_723406a0,5,user_ab30f0fb,0.780682
user_723406a0,6,user_cdd86523,0.777666
user_723406a0,7,user_bd05225b,0.773018
user_723406a0,8,user_56980aa9,0.772614
user_723406a0,9,user_c39d41d7,0.770842
user_723406a0,10,user_69df6330,0.770655
user_723406a0,11,user_39aad1a2,0.769824
user_723406a0,12,user_858fa00c,0.767598
user_723406a0,13,user_d758a0a1,0.767529
user_723406a0,14,user_723406a0,0.766875
user_723406a0,15,user_aabd2642,0.763370
user_72bed676,1,user_a16d1fb6,0.748628
user_72bed676,2,user_ab8e847b,0.748510
user_72bed676,3,user_efb27a8e,0.741587
user_72bed676,4,user_ffe2efae,0.713534
user_72bed676,5,user_aaa1e595,0.713498
user_72bed676,6,user_c130412b,0.706108
user_72bed676,7,user_a411fb06,0.700569
user_72bed676,8,user_942ff21e,0.687469
user_72bed676,9,user_ecf8f97f,0.674640
user_72bed676,10,user_338e1332,0.668584
user_72bed676,11,user_164fe4b8,0.666677
user_72bed676,12,user_fe922ad0,0.658045
user_72bed676,13,user_3666402b,0.652978
user_72bed676,14,user_88e84020,0.652714
user_72bed676,15,user_a0517bef,0.646546
user_7322f4ef,1,user_59e8bc2a,0.702514
user_7322f4ef,2,user_903329bb,0.667198
user_7322f4ef,3,user_d023a78e,0.660783
user_7322f4ef,4,user_5b7d5e00,0.654816
user_7322f4ef,5,user_f3f15c55,0.649708
user_7322f4ef,6,user_835666af,0.629000
user_7322f4ef,7,user_fb64cb55,0.606178
user_7322f4ef,8,user_aa4cc34a,0.593011
user_7322f4ef,9,user_d10d1f24,0.586554
user_7322f4ef,10,user_22b484cb,0.585154
user_7322f4ef,11,user_ba4a78fc,0.580439
user_7322f4ef,12,user_2dc10d2d,0.578837
user_7322f4ef,13,user_d0a0f883,0.576475
user_7322f4ef,14,user_9ee84e18,0.571866
user_7322f4ef,15,user_6011e674,0.570216
user_737d3148,1,user_f5fea76f,0.832291
user_737d3148,2,user_eda37c14,0.823644
user_737d3148,3,user_92fe4471,0.790140
user_737d3148,4,user_737d3148,0.776783
user_737d3148,5,user_414a6eaf,0.758951
user_737d3148,6,user_22adb798,0.727978
user_737d3148,7,user_f10e7063,0.725031
user_737d3148,8,user_979ee068,0.708340
user_737d3148,9,user_2e81a539,0.699671
user_737d3148,10,user_e59c000f,0.695536
user_737d3148,11,user_5c9b579a,0.670566
user_737d3148,12,user_bd05225b,0.654101
user_737d3148,13,user_3b90fb53,0.652448
user_737d3148,14,user_96a45b45,0.651069
user_737d3148,15,user_858fa00c,0.649398
user_73a4377d,1,user_33f2a818,0.703020
user_73a4377d,2,user_7cb1ae65,0.603099
user_73a4377d,3,user_7d6962d9,0.572279
user_73a4377d,4,user_18522854,0.561342
user_73a4377d,5,user_2a41ee39,0.552735
user_73a4377d,6,user_80da26a6,0.549459
user_73a4377d,7,user_1232c39b,0.548936
user_73a4377d,8,user_b2dd04c8,0.527817
user_73a4377d,9,user_b45d0d20,0.515416
user_73a4377d,10,user_b8f24804,0.513771
user_73a4377d,11,user_8da30894,0.487600
user_73a4377d,12,user_2f766c23,0.486942
user_73a4377d,13,user_0dfb7397,0.482890
user_73a4377d,14,user_30802254,0.480773
user_73a4377d,15,user_d5d4fc6e,0.479884
user_73f34c5d,1,user_c1aa2063,0.663121
user_73f34c5d,2,user_3ce4c1f8,0.640540
user_73f34c5d,3,user_d20928cc,0.625458
user_73f34c5d,4,user_7cb1ae65,0.616473
user_73f34c5d,5,user_24668d84,0.589877
user_73f34c5d,6,user_829844fd,0.573177
user_73f34c5d,7,user_b1c16312,0.546798
user_73f34c5d,8,user_33f2a818,0.545692
user_73f34c5d,9,user_1b460965,0.529876
user_73f34c5d,10,user_d761140c,0.505427
user_73f34c5d,11,user_a4aab257,0.497559
user_73f34c5d,12,user_b2dd04c8,0.497454
user_73f34c5d,13,user_b429ec64,0.488299
user_73f34c5d,14,user_9f6180c4,0.485630
user_73f34c5d,15,user_9ffdf5e5,0.481855
user_74025dc0,1,user_66a7ce5a,0.771229
user_74025dc0,2,user_9d9fba70,0.729936
user_74025dc0,3,user_582ff5b2,0.711091
user_74025dc0,4,user_378003e3,0.705290
user_74025dc0,5,user_3535252b,0.701760
user_74025dc0,6,user_d5379647,0.698549
user_74025dc0,7,user_ca6074df,0.693729
user_74025dc0,8,user_2b03934e,0.691572
user_74025dc0,9,user_76fc8dcd,0.684848
user_74025dc0,10,user_833d8832,0.681055
user_74025dc0,11,user_26565155,0.679521
user_74025dc0,12,user_c32db875,0.677013
user_74025dc0,13,user_a2503734,0.667628
user_74025dc0,14,user_23ecc36a,0.659798
user_74025dc0,15,user_9ce96cbf,0.658950
user_74cfb8ef,1,user_7de6f343,0.880021
user_74cfb8ef,2,user_3b1da5d9,0.877206
user_74cfb8ef,3,user_74cfb8ef,0.875682
user_74cfb8ef,4,user_500badda,0.866965
user_74cfb8ef,5,user_70bbda36,0.866870
user_74cfb8ef,6,user_0c578ab5,0.850131
user_74cfb8ef,7,user_e2e59795,0.839444
user_74cfb8ef,8,user_b0129d9e,0.838874
user_74cfb8ef,9,user_166a3647,0.838146
user_74cfb8ef,10,user_aabd2642,0.838092
user_74cfb8ef,11,user_03410579,0.837597
user_74cfb8ef,12,user_81a80789,0.833810
user_74cfb8ef,13,user_107259c3,0.830997
user_74cfb8ef,14,user_147d1bbb,0.830161
user_74cfb8ef,15,user_364bb955,0.829924
user_74e32d78,1,user_8e48a3f8,0.737592
user_74e32d78,2,user_aa08d5a8,0.734994
user_74e32d78,3,user_b9d253e8,0.711328
user_74e32d78,4,user_cc1c8897,0.700589
user_74e32d78,5,user_1022be44,0.679086
user_74e32d78,6,user_858fa00c,0.677990
user_74e32d78,7,user_5ac1a174,0.673470
user_74e32d78,8,user_74da5a13,0.673311
user_74e32d78,9,user_3b90fb53,0.669487
user_74e32d78,10,user_fbed237d,0.668299
user_74e32d78,11,user_687feee4,0.658114
user_74e32d78,12,user_903329bb,0.658077
user_74e32d78,13,user_ed3091a2,0.657372
user_74e32d78,14,user_3bb7992e,0.654149
user_74e32d78,15,user_166a3647,0.651860
user_756e2f00,1,user_756e2f00,0.829690
user_756e2f00,2,user_a8dc91a3,0.805026
user_756e2f00,3,user_9d65649f,0.767496
user_756e2f00,4,user_2b03934e,0.762829
user_756e2f00,5,user_b2dd04c8,0.751528
user_756e2f00,6,user_79f04645,0.750831
user_756e2f00,7,user_8be3f554,0.750282
user_756e2f00,8,user_65d73ac1,0.731683
user_756e2f00,9,user_efb27a8e,0.728169
user_756e2f00,10,user_29cd4556,0.723003
user_756e2f00,11,user_8a669dcd,0.717491
user_756e2f00,12,user_6bf0e007,0.715057
user_756e2f00,13,user_01916bd2,0.715045
user_756e2f00,14,user_3535252b,0.706394
user_756e2f00,15,user_954805d7,0.702723
user_75905116,1,user_58bfeaad,0.756301
user_75905116,2,user_8713f22a,0.721306
user_75905116,3,user_502a8cea,0.720537
user_75905116,4,user_64cd3098,0.718654
user_75905116,5,user_f7fd2885,0.705612
user_75905116,6,user_d2c97c8e,0.687497
user_75905116,7,user_67fa915e,0.685567
user_75905116,8,user_53b85563,0.684685
user_75905116,9,user_acd6ddfb,0.684628
user_75905116,10,user_ba8b1c05,0.681692
user_75905116,11,user_74cfb8ef,0.678813
user_75905116,12,user_52f895f1,0.678158
user_75905116,13,user_3b1da5d9,0.672732
user_75905116,14,user_f5e1eee0,0.669492
user_75905116,15,user_1022be44,0.665469
user_7709815a,1,user_f3a9f844,0.783542
user_7709815a,2,user_043ea160,0.639591
user_7709815a,3,user_e14b88a8,0.632820
user_7709815a,4,user_beca29a3,0.558494
user_7709815a,5,user_7d944883,0.530815
user_7709815a,6,user_92fe4471,0.487843
user_7709815a,7,user_8e97a154,0.486730
user_7709815a,8,user_36d44add,0.482074
user_7709815a,9,user_8e5e899b,0.481251
user_7709815a,10,user_eda37c14,0.471002
user_7709815a,11,user_f5fea76f,0.470577
user_7709815a,12,user_efb27a8e,0.461902
user_7709815a,13,user_4144252d,0.459624
user_7709815a,14,user_72b93300,0.456439
user_7709815a,15,user_3049510b,0.455681
user_78eff25f,1,user_d758a0a1,0.801118
user_78eff25f,2,user_f10e7063,0.799710
user_78eff25f,3,user_5ac1a174,0.798449
user_78eff25f,4,user_bd05225b,0.795033
user_78eff25f,5,user_858fa00c,0.786286
user_78eff25f,6,user_50e2a836,0.783792
user_78eff25f,7,user_f27da10a,0.773533
user_78eff25f,8,user_5a6f92a6,0.773281
user_78eff25f,9,user_83afc7b2,0.771640
user_78eff25f,10,user_0cc626ee,0.771189
user_78eff25f,11,user_e59c000f,0.766653
user_78eff25f,12,user_03969305,0.766388
user_78eff25f,13,user_f60a09b3,0.765271
user_78eff25f,14,user_9571d0d5,0.764302
user_78eff25f,15,user_df8dc9bb,0.764068
user_7924afc9,1,user_5d1b0daf,0.812648
user_7924afc9,2,user_a8dc91a3,0.797393
user_7924afc9,3,user_2b03934e,0.789005
user_7924afc9,4,user_4db0d490,0.766421
user_7924afc9,5,user_15179955,0.758622
user_7924afc9,6,user_b49274ca,0.755322
user_7924afc9,7,user_8a760553,0.754206
user_7924afc9,8,user_fde2d265,0.751051
user_7924afc9,9,user_c35d6565,0.749779
user_7924afc9,10,user_adab54a0,0.749165
user_7924afc9,11,user_5c5a0b40,0.744751
user_7924afc9,12,user_8fe14601,0.742470
user_7924afc9,13,user_84e93af7,0.737855
user_7924afc9,14,user_f43d6008,0.735676
user_7924afc9,15,user_4384dffe,0.735650
user_795eb408,1,user_3971c3e6,0.755363
user_795eb408,2,user_5c9b579a,0.751404
user_795eb408,3,user_ef05ad51,0.750995
user_795eb408,4,user_364bb955,0.750513
user_795eb408,5,user_500badda,0.747807
user_795eb408,6,user_107259c3,0.746007
user_795eb408,7,user_b0129d9e,0.734625
user_795eb408,8,user_da51dede,0.727386
user_795eb408,9,user_d2c97c8e,0.726724
user_795eb408,10,user_aabd2642,0.724668
user_795eb408,11,user_b1d0760b,0.722224
user_795eb408,12,user_b4f295b3,0.719309
user_795eb408,13,user_4e54f3d7,0.718854
user_795eb408,14,user_e2e59795,0.717339
user_795eb408,15,user_147d1bbb,0.714693
user_79f04645,1,user_954805d7,0.829545
user_79f04645,2,user_5881b259,0.826601
user_79f04645,3,user_f654c33b,0.826591
user_79f04645,4,user_fde2d265,0.822728
user_79f04645,5,user_d1d16d30,0.822286
user_79f04645,6,user_dbc4828c,0.821959
user_79f04645,7,user_8fe14601,0.821807
user_79f04645,8,user_7aa3746b,0.819670
user_79f04645,9,user_b49274ca,0.818083
user_79f04645,10,user_c39d41d7,0.810377
user_79f04645,11,user_79f04645,0.808106
user_79f04645,12,user_43a979d2,0.807706
user_79f04645,13,user_0cee87f3,0.806939
user_79f04645,14,user_29cd4556,0.805929
user_79f04645,15,user_d70942c1,0.805268
user_7a8f7f3e,1,user_da51dede,0.779957
user_7a8f7f3e,2,user_900ffd5c,0.778802
user_7a8f7f3e,3,user_daf37424,0.777729
user_7a8f7f3e,4,user_e59c000f,0.777505
user_7a8f7f3e,5,user_e6057285,0.774193
user_7a8f7f3e,6,user_c994138f,0.772294
user_7a8f7f3e,7,user_e6dd44b0,0.772283
user_7a8f7f3e,8,user_fba6bcd4,0.772265
user_7a8f7f3e,9,user_3971c3e6,0.772233
user_7a8f7f3e,10,user_586752e4,0.771073
user_7a8f7f3e,11,user_70bbda36,0.770500
user_7a8f7f3e,12,user_dae4304f,0.767403
user_7a8f7f3e,13,user_8d22714e,0.767393
user_7a8f7f3e,14,user_b6350ec1,0.767177
user_7a8f7f3e,15,user_c5f32c0d,0.766838
user_7b052f32,1,user_54c1ebee,0.692543
user_7b052f32,2,user_d691d016,0.666188
user_7b052f32,3,user_10e64e28,0.664115
user_7b052f32,4,user_364bb955,0.660466
user_7b052f32,5,user_f930e37f,0.655704
user_7b052f32,6,user_394c25cc,0.655576
user_7b052f32,7,user_3bc84c13,0.654690
user_7b052f32,8,user_c994138f,0.652124
user_7b052f32,9,user_66772d98,0.650015
user_7b052f32,10,user_d2c97c8e,0.649013
user_7b052f32,11,user_586752e4,0.648649
user_7b052f32,12,user_aabd2642,0.646727
user_7b052f32,13,user_147d1bbb,0.646476
user_7b052f32,14,user_a7b901f2,0.642808
user_7b052f32,15,user_72b93300,0.641142
user_7b2d0be1,1,user_a16d1fb6,0.790740
user_7b2d0be1,2,user_efb27a8e,0.780615
user_7b2d0be1,3,user_ecf8f97f,0.766516
user_7b2d0be1,4,user_164fe4b8,0.712489
user_7b2d0be1,5,user_aaa1e595,0.700819
user_7b2d0be1,6,user_88e84020,0.683371
user_7b2d0be1,7,user_ab86ab82,0.672987
user_7b2d0be1,8,user_ffe2efae,0.651682
user_7b2d0be1,9,user_ab8e847b,0.648460
user_7b2d0be1,10,user_4a57e449,0.638423
user_7b2d0be1,11,user_56e6d0cd,0.635516
user_7b2d0be1,12,user_c7beef01,0.633714
user_7b2d0be1,13,user_2e05a7a0,0.631958
user_7b2d0be1,14,user_8006727d,0.614938
user_7b2d0be1,15,user_57c1d6c0,0.610612
user_7b4c75ab,1,user_5fddc7f1,0.753348
user_7b4c75ab,2,user_aa19d173,0.707773
user_7b4c75ab,3,user_c81fae29,0.689180
user_7b4c75ab,4,user_1022be44,0.677950
user_7b4c75ab,5,user_687feee4,0.667705
user_7b4c75ab,6,user_a5e548ce,0.667105
user_7b4c75ab,7,user_7b4c75ab,0.665441
user_7b4c75ab,8,user_ee05ee55,0.659349
user_7b4c75ab,9,user_e5f67397,0.649765
user_7b4c75ab,10,user_7c7220a4,0.648059
user_7b4c75ab,11,user_f070eee7,0.647974
user_7b4c75ab,12,user_6169d3b8,0.633524
user_7b4c75ab,13,user_ab434739,0.631241
user_7b4c75ab,14,user_0e82fe11,0.628095
user_7b4c75ab,15,user_07db2c6a,0.625583
user_7c45fa70,1,user_7c45fa70,0.710753
user_7c45fa70,2,user_85c97ea1,0.568469
user_7c45fa70,3,user_7c8639cd,0.562719
user_7c45fa70,4,user_1022be44,0.549654
user_7c45fa70,5,user_18c333c6,0.539705
user_7c45fa70,6,user_1e302679,0.510705
user_7c45fa70,7,user_ded778b8,0.506624
user_7c45fa70,8,user_8a3bbeb2,0.506249
user_7c45fa70,9,user_3bb7992e,0.505994
user_7c45fa70,10,user_f7fd2885,0.498004
user_7c45fa70,11,user_17054ec7,0.496898
user_7c45fa70,12,user_529e3009,0.495559
user_7c45fa70,13,user_c81fae29,0.494612
user_7c45fa70,14,user_fcf93ee8,0.494299
user_7c45fa70,15,user_6592f2e4,0.492618
user_7c7220a4,1,user_52f895f1,0.687216
user_7c7220a4,2,user_a411fb06,0.653513
user_7c7220a4,3,user_0bd8ba7c,0.647624
user_7c7220a4,4,user_16b87e34,0.624585
user_7c7220a4,5,user_3666402b,0.624433
user_7c7220a4,6,user_f14dc486,0.621033
user_7c7220a4,7,user_41b20ee4,0.618199
user_7c7220a4,8,user_fa69a385,0.610798
user_7c7220a4,9,user_fe922ad0,0.606478
user_7c7220a4,10,user_795eb408,0.603986
user_7c7220a4,11,user_19622b77,0.599783
user_7c7220a4,12,user_397cfe20,0.597142
user_7c7220a4,13,user_49b1ac46,0.592469
user_7c7220a4,14,user_ab8e847b,0.590289
user_7c7220a4,15,user_8a3bbeb2,0.589352
user_7f623d19,1,user_7f623d19,0.842066
user_7f623d19,2,user_6deada35,0.816507
user_7f623d19,3,user_2920b35e,0.808061
user_7f623d19,4,user_6169d3b8,0.806246
user_7f623d19,5,user_8713f22a,0.803399
user_7f623d19,6,user_2c69b83e,0.803024
user_7f623d19,7,user_25798310,0.802964
user_7f623d19,8,user_7b5f54c0,0.799886
user_7f623d19,9,user_b63ea1d4,0.796213
user_7f623d19,10,user_70bbda36,0.790139
user_7f623d19,11,user_586752e4,0.786323
user_7f623d19,12,user_107259c3,0.783231
user_7f623d19,13,user_2f4cc646,0.777671
user_7f623d19,14,user_ed1aaed8,0.777629
user_7f623d19,15,user_147d1bbb,0.775031
user_7fd91653,1,user_33f2a818,0.764539
user_7fd91653,2,user_80da26a6,0.647638
user_7fd91653,3,user_7cb1ae65,0.613442
user_7fd91653,4,user_7d6962d9,0.603092
user_7fd91653,5,user_1232c39b,0.600344
user_7fd91653,6,user_b45d0d20,0.569341
user_7fd91653,7,user_2a41ee39,0.530116
user_7fd91653,8,user_b2dd04c8,0.520386
user_7fd91653,9,user_18522854,0.519772
user_7fd91653,10,user_5d1b0daf,0.510116
user_7fd91653,11,user_79a1811b,0.499966
user_7fd91653,12,user_30802254,0.498352
user_7fd91653,13,user_d5d4fc6e,0.497448
user_7fd91653,14,user_0dfb7397,0.484010
user_7fd91653,15,user_b8f24804,0.483903
user_7fef9da8,1,user_54c1ebee,0.865719
user_7fef9da8,2,user_886f7373,0.854312
user_7fef9da8,3,user_b23aa915,0.847536
user_7fef9da8,4,user_e6057285,0.843152
user_7fef9da8,5,user_2373103d,0.839477
user_7fef9da8,6,user_c5f32c0d,0.833312
user_7fef9da8,7,user_a6c5a10c,0.832178
user_7fef9da8,8,user_b16e0cf8,0.829717
user_7fef9da8,9,user_5c5a0b40,0.829208
user_7fef9da8,10,user_bf69de98,0.828561
user_7fef9da8,11,user_ef954c6e,0.827830
user_7fef9da8,12,user_c35d6565,0.826014
user_7fef9da8,13,user_83afc7b2,0.821804
user_7fef9da8,14,user_a7c6197a,0.821672
user_7fef9da8,15,user_38dc2894,0.821334
user_8006727d,1,user_89e04335,0.839791
user_8006727d,2,user_fde2d265,0.820350
user_8006727d,3,user_406c399e,0.812455
user_8006727d,4,user_30802254,0.810996
user_8006727d,5,user_15179955,0.808670
user_8006727d,6,user_9600e8bf,0.807889
user_8006727d,7,user_cf393213,0.807427
user_8006727d,8,user_d1d16d30,0.806211
user_8006727d,9,user_0eb2abf1,0.804328
user_8006727d,10,user_7aa3746b,0.799663
user_8006727d,11,user_1a2755b3,0.795977
user_8006727d,12,user_5881b259,0.794616
user_8006727d,13,user_2dd5b531,0.791878
user_8006727d,14,user_caa6a7b6,0.790313
user_8006727d,15,user_e802076d,0.788663
user_80da26a6,1,user_54c1ebee,0.886610
user_80da26a6,2,user_25798310,0.857795
user_80da26a6,3,user_8fb63eca,0.846396
user_80da26a6,4,user_147d1bbb,0.844754
user_80da26a6,5,user_df8dc9bb,0.843359
user_80da26a6,6,user_81a80789,0.842040
user_80da26a6,7,user_70bbda36,0.838574
user_80da26a6,8,user_166a3647,0.827924
user_80da26a6,9,user_7b5f54c0,0.827843
user_80da26a6,10,user_5a6f92a6,0.825465
user_80da26a6,11,user_500badda,0.816917
user_80da26a6,12,user_3e284ba5,0.810544
user_80da26a6,13,user_83afc7b2,0.810431
user_80da26a6,14,user_26fa9d90,0.809658
user_80da26a6,15,user_03410579,0.808888
user_80dc757f,1,user_6fbf6191,0.829564
user_80dc757f,2,user_fde2d265,0.798793
user_80dc757f,3,user_2dd5b531,0.791231
user_80dc757f,4,user_c34e791e,0.791081
user_80dc757f,5,user_25b48a9a,0.783237
user_80dc757f,6,user_cf393213,0.782634
user_80dc757f,7,user_cdd86523,0.780978
user_80dc757f,8,user_0a3bcf86,0.780515
user_80dc757f,9,user_c4c70447,0.777652
user_80dc757f,10,user_adab54a0,0.776263
user_80dc757f,11,user_2c69b83e,0.765932
user_80dc757f,12,user_8be3f554,0.765835
user_80dc757f,13,user_ef954c6e,0.765273
user_80dc757f,14,user_80dc757f,0.763507
user_80dc757f,15,user_67acd9b1,0.763473
user_81a80789,1,user_c7beef01,0.721736
user_81a80789,2,user_3bc84c13,0.691299
user_81a80789,3,user_81a80789,0.684928
user_81a80789,4,user_0d32f0ed,0.682631
user_81a80789,5,user_9b6481e4,0.655694
user_81a80789,6,user_9a5457b0,0.648239
user_81a80789,7,user_07ec3726,0.643937
user_81a80789,8,user_67acd9b1,0.637414
user_81a80789,9,user_a7b901f2,0.626759
user_81a80789,10,user_f51339f8,0.622859
user_81a80789,11,user_b0129d9e,0.615030
user_81a80789,12,user_e7ff2beb,0.614833
user_81a80789,13,user_76638121,0.614502
user_81a80789,14,user_8c11f026,0.613238
user_81a80789,15,user_ded778b8,0.606798
user_823846de,1,user_0e82fe11,0.867088
user_823846de,2,user_858fa00c,0.841009
user_823846de,3,user_d758a0a1,0.834417
user_823846de,4,user_dbc4828c,0.833825
user_823846de,5,user_c39d41d7,0.833078
user_823846de,6,user_50e2a836,0.826753
user_823846de,7,user_bd05225b,0.825540
user_823846de,8,user_14a2d3c6,0.823220
user_823846de,9,user_ab30f0fb,0.820165
user_823846de,10,user_2c69b83e,0.815907
user_823846de,11,user_a4a77a7d,0.812815
user_823846de,12,user_233fda02,0.804083
user_823846de,13,user_aabd2642,0.803995
user_823846de,14,user_73f34c5d,0.799839
user_823846de,15,user_b63ea1d4,0.799125
user_8285a696,1,user_cdd86523,0.835207
user_8285a696,2,user_fde2d265,0.832603
user_8285a696,3,user_d1d16d30,0.824434
user_8285a696,4,user_9d786aa8,0.797221
user_8285a696,5,user_cf393213,0.796135
user_8285a696,6,user_a743aff9,0.795966
user_8285a696,7,user_1a2755b3,0.795814
user_8285a696,8,user_c06d9b71,0.795211
user_8285a696,9,user_2dd5b531,0.791719
user_8285a696,10,user_a57e47b1,0.791553
user_8285a696,11,user_636ad58f,0.791053
user_8285a696,12,user_54b19b29,0.788790
user_8285a696,13,user_a8c2208d,0.788089
user_8285a696,14,user_03969305,0.786399
user_8285a696,15,user_0eb2abf1,0.784539
user_82879210,1,user_c39d41d7,0.899908
user_82879210,2,user_73f34c5d,0.880305
user_82879210,3,user_b6350ec1,0.877721
user_82879210,4,user_dbc4828c,0.876129
user_82879210,5,user_b16e0cf8,0.872167
user_82879210,6,user_723406a0,0.866810
user_82879210,7,user_dd1d7b22,0.851842
user_82879210,8,user_405db206,0.851436
user_82879210,9,user_5881b259,0.847353
user_82879210,10,user_83e30c57,0.845787
user_82879210,11,user_fba6bcd4,0.844043
user_82879210,12,user_f654c33b,0.842885
user_82879210,13,user_a8c2208d,0.842840
user_82879210,14,user_636ad58f,0.840790
user_82879210,15,user_1a2755b3,0.839346
user_829844fd,1,user_d5b21e00,0.741145
user_829844fd,2,user_c8e749e2,0.648578
user_829844fd,3,user_835666af,0.644760
user_829844fd,4,user_b4214db6,0.639380
user_829844fd,5,user_ab30f0fb,0.638813
user_829844fd,6,user_d5379647,0.632124
user_829844fd,7,user_d7fde080,0.622914
user_829844fd,8,user_59e8bc2a,0.622406
user_829844fd,9,user_96013176,0.620997
user_829844fd,10,user_a6a094cf,0.620371
user_829844fd,11,user_6a98b381,0.613017
user_829844fd,12,user_1ef33a43,0.609017
user_829844fd,13,user_ed3091a2,0.607527
user_829844fd,14,user_efa5697b,0.603692
user_829844fd,15,user_7d944883,0.603236
user_82d93459,1,user_f14dc486,0.731157
user_82d93459,2,user_515ae840,0.706217
user_82d93459,3,user_d20928cc,0.705493
user_82d93459,4,user_bbb0205e,0.691160
user_82d93459,5,user_1b460965,0.688092
user_82d93459,6,user_9c5cd7fa,0.682314
user_82d93459,7,user_0bd8ba7c,0.667176
user_82d93459,8,user_daf53db6,0.660981
user_82d93459,9,user_938164a5,0.656402
user_82d93459,10,user_26565155,0.654777
user_82d93459,11,user_c32db875,0.648262
user_82d93459,12,user_65d73ac1,0.642782
user_82d93459,13,user_66a7ce5a,0.641635
user_82d93459,14,user_470c0785,0.641429
user_82d93459,15,user_502a8cea,0.637691
user_83e45cc0,1,user_4ea1ef09,0.891312
user_83e45cc0,2,user_83e45cc0,0.845814
user_83e45cc0,3,user_7de6f343,0.836479
user_83e45cc0,4,user_2efde048,0.833240
user_83e45cc0,5,user_25652863,0.832611
user_83e45cc0,6,user_40efa894,0.822661
user_83e45cc0,7,user_72b93300,0.810972
user_83e45cc0,8,user_2c2a5c24,0.810382
user_83e45cc0,9,user_81c4dae1,0.803694
user_83e45cc0,10,user_74cfb8ef,0.793869
user_83e45cc0,11,user_f5e1eee0,0.793253
user_83e45cc0,12,user_6fa47d61,0.786544
user_83e45cc0,13,user_372c2b3e,0.784356
user_83e45cc0,14,user_3971c3e6,0.784159
user_83e45cc0,15,user_f3377028,0.782458
user_84703a6e,1,user_a57e47b1,0.787652
user_84703a6e,2,user_f51339f8,0.774315
user_84703a6e,3,user_cdd86523,0.761176
user_84703a6e,4,user_caa6a7b6,0.753001
user_84703a6e,5,user_7bbd1543,0.751939
user_84703a6e,6,user_c008345b,0.751399
user_84703a6e,7,user_ded778b8,0.750722
user_84703a6e,8,user_c06d9b71,0.749975
user_84703a6e,9,user_9600e8bf,0.748088
user_84703a6e,10,user_1a2755b3,0.745329
user_84703a6e,11,user_a743aff9,0.745289
user_84703a6e,12,user_f4f9490d,0.743104
user_84703a6e,13,user_f75c71f0,0.742204
user_84703a6e,14,user_0a3bcf86,0.736732
user_84703a6e,15,user_cf393213,0.736169
user_84c14a6f,1,user_15179955,0.837985
user_84c14a6f,2,user_30802254,0.827504
user_84c14a6f,3,user_9600e8bf,0.820663
user_84c14a6f,4,user_111cfe7d,0.813026
user_84c14a6f,5,user_886f7373,0.812242
user_84c14a6f,6,user_f654c33b,0.807483
user_84c14a6f,7,user_80dc757f,0.805472
user_84c14a6f,8,user_8a760553,0.796929
user_84c14a6f,9,user_0eb2abf1,0.796039
user_84c14a6f,10,user_1a2755b3,0.795979
user_84c14a6f,11,user_5c5a0b40,0.791082
user_84c14a6f,12,user_b23aa915,0.790771
user_84c14a6f,13,user_a1aa757b,0.785652
user_84c14a6f,14,user_cf393213,0.780282
user_84c14a6f,15,user_adab54a0,0.779793
user_84fe1a7a,1,user_aae78e0d,0.589947
user_84fe1a7a,2,user_2f766c23,0.582939
user_84fe1a7a,3,user_b45d0d20,0.580367
user_84fe1a7a,4,user_18522854,0.574551
user_84fe1a7a,5,user_30802254,0.570007
user_84fe1a7a,6,user_f14dc486,0.566290
user_84fe1a7a,7,user_7d6962d9,0.560881
user_84fe1a7a,8,user_65d73ac1,0.549781
user_84fe1a7a,9,user_99c67f2f,0.541655
user_84fe1a7a,10,user_efcacf59,0.537159
user_84fe1a7a,11,user_83b871b5,0.524460
user_84fe1a7a,12,user_5e61d6d9,0.521749
user_84fe1a7a,13,user_a6c2e760,0.521523
user_84fe1a7a,14,user_be06391b,0.519959
user_84fe1a7a,15,user_e838707b,0.519056
user_85810097,1,user_147d1bbb,0.822226
user_85810097,2,user_88b2faba,0.814842
user_85810097,3,user_6deada35,0.786974
user_85810097,4,user_03969305,0.781754
user_85810097,5,user_e5a6abbe,0.779351
user_85810097,6,user_5526cbfd,0.776974
user_85810097,7,user_7b5f54c0,0.776451
user_85810097,8,user_b6350ec1,0.774944
user_85810097,9,user_bdcc6e7d,0.774114
user_85810097,10,user_dd6e7bcb,0.773346
user_85810097,11,user_0cee87f3,0.772322
user_85810097,12,user_ed1aaed8,0.767531
user_85810097,13,user_54c1ebee,0.764318
user_85810097,14,user_e802076d,0.762729
user_85810097,15,user_73623b4e,0.762659
user_8663226a,1,user_3f798a8b,0.812446
user_8663226a,2,user_7017ea1b,0.759584
user_8663226a,3,user_8663226a,0.732626
user_8663226a,4,user_d6175d39,0.707831
user_8663226a,5,user_07cb458d,0.701931
user_8663226a,6,user_092e219d,0.683801
user_8663226a,7,user_aa31484a,0.679851
user_8663226a,8,user_43a979d2,0.679316
user_8663226a,9,user_fba6bcd4,0.659412
user_8663226a,10,user_84e93af7,0.656922
user_8663226a,11,user_ba463257,0.656790
user_8663226a,12,user_17607ebc,0.648172
user_8663226a,13,user_73f34c5d,0.641431
user_8663226a,14,user_b6350ec1,0.640124
user_8663226a,15,user_872311db,0.625608
user_86685a27,1,user_7fef9da8,0.779809
user_86685a27,2,user_8fb63eca,0.753982
user_86685a27,3,user_83a58842,0.737521
user_86685a27,4,user_ed3091a2,0.727834
user_86685a27,5,user_4144252d,0.726856
user_86685a27,6,user_8d22714e,0.716025
user_86685a27,7,user_835666af,0.708079
user_86685a27,8,user_17355c30,0.707462
user_86685a27,9,user_5ac1a174,0.702734
user_86685a27,10,user_0cc626ee,0.700891
user_86685a27,11,user_3e284ba5,0.700258
user_86685a27,12,user_0e82fe11,0.697964
user_86685a27,13,user_1246b252,0.691631
user_86685a27,14,user_6c2d672f,0.689249
user_86685a27,15,user_f10e7063,0.685991
user_869fcb2b,1,user_1e302679,0.637378
user_869fcb2b,2,user_7c8639cd,0.584406
user_869fcb2b,3,user_b8f24804,0.574583
user_869fcb2b,4,user_9991e1d8,0.542616
user_869fcb2b,5,user_89f449b4,0.525392
user_869fcb2b,6,user_a57a04fa,0.510317
user_869fcb2b,7,user_529e3009,0.497529
user_869fcb2b,8,user_e5beda2b,0.493746
user_869fcb2b,9,user_6fbf6191,0.470848
user_869fcb2b,10,user_c8f82360,0.470604
user_869fcb2b,11,user_39f8897b,0.457257
user_869fcb2b,12,user_2c3eb234,0.455408
user_869fcb2b,13,user_48669fd6,0.445211
user_869fcb2b,14,user_f107081e,0.443131
user_869fcb2b,15,user_51779823,0.428843
user_8713f22a,1,user_885e8708,0.828522
user_8713f22a,2,user_2c69b83e,0.799663
user_8713f22a,3,user_e2e59795,0.780735
user_8713f22a,4,user_fdc08e26,0.780493
user_8713f22a,5,user_7c7220a4,0.780167
user_8713f22a,6,user_df8dc9bb,0.778184
user_8713f22a,7,user_4bd9303b,0.777214
user_8713f22a,8,user_8713f22a,0.773190
user_8713f22a,9,user_3b1da5d9,0.770859
user_8713f22a,10,user_16ac4154,0.770496
user_8713f22a,11,user_0d32f0ed,0.766331
user_8713f22a,12,user_70bbda36,0.765762
user_8713f22a,13,user_ba010eec,0.761205
user_8713f22a,14,user_1b7f8c56,0.759934
user_8713f22a,15,user_74cfb8ef,0.759284
user_87e5d9b0,1,user_829844fd,0.760676
user_87e5d9b0,2,user_b2dd04c8,0.724710
user_87e5d9b0,3,user_4f3b6241,0.679853
user_87e5d9b0,4,user_a2503734,0.663229
user_87e5d9b0,5,user_2b03934e,0.662756
user_87e5d9b0,6,user_79a1811b,0.659388
user_87e5d9b0,7,user_2e05a7a0,0.658320
user_87e5d9b0,8,user_a346dfc4,0.655996
user_87e5d9b0,9,user_c994138f,0.655206
user_87e5d9b0,10,user_18522854,0.646738
user_87e5d9b0,11,user_586752e4,0.644997
user_87e5d9b0,12,user_55058479,0.643354
user_87e5d9b0,13,user_8e97a154,0.642014
user_87e5d9b0,14,user_030cf51a,0.641844
user_87e5d9b0,15,user_91f807b9,0.641690
user_885e8708,1,user_acd6ddfb,0.691468
user_885e8708,2,user_2c69b83e,0.684950
user_885e8708,3,user_c4b781ce,0.669783
user_885e8708,4,user_1dc24686,0.668770
user_885e8708,5,user_858fa00c,0.666315
user_885e8708,6,user_d67450a8,0.662174
user_885e8708,7,user_d758a0a1,0.659960
user_885e8708,8,user_b4d7e69a,0.656473
user_885e8708,9,user_6a0b0e92,0.656428
user_885e8708,10,user_4d4f73a6,0.653513
user_885e8708,11,user_07db2c6a,0.651340
user_885e8708,12,user_aabd2642,0.651034
user_885e8708,13,user_f827c7dd,0.650608
user_885e8708,14,user_7b5f54c0,0.649537
user_885e8708,15,user_f930e37f,0.648354
user_88f46c7b,1,user_6a0b0e92,0.785935
user_88f46c7b,2,user_18522854,0.767557
user_88f46c7b,3,user_65d73ac1,0.766187
user_88f46c7b,4,user_4db0d490,0.762022
user_88f46c7b,5,user_c8e749e2,0.753486
user_88f46c7b,6,user_91db6e48,0.749118
user_88f46c7b,7,user_b4214db6,0.741034
user_88f46c7b,8,user_96013176,0.739730
user_88f46c7b,9,user_5b698646,0.733043
user_88f46c7b,10,user_111cfe7d,0.732935
user_88f46c7b,11,user_d67450a8,0.724790
user_88f46c7b,12,user_433bdef0,0.724591
user_88f46c7b,13,user_2b03934e,0.723921
user_88f46c7b,14,user_f827c7dd,0.723494
user_88f46c7b,15,user_3f2fbc90,0.721885
user_89f449b4,1,user_d20928cc,0.691955
user_89f449b4,2,user_515ae840,0.663176
user_89f449b4,3,user_0bd8ba7c,0.658439
user_89f449b4,4,user_2c3eb234,0.641310
user_89f449b4,5,user_19622b77,0.636960
user_89f449b4,6,user_24668d84,0.633015
user_89f449b4,7,user_fe922ad0,0.623891
user_89f449b4,8,user_18522854,0.617924
user_89f449b4,9,user_f14dc486,0.607998
user_89f449b4,10,user_26565155,0.606802
user_89f449b4,11,user_49b1ac46,0.606214
user_89f449b4,12,user_683369b1,0.599156
user_89f449b4,13,user_9d9fba70,0.596841
user_89f449b4,14,user_829844fd,0.595015
user_89f449b4,15,user_b8f24804,0.592127
user_8a760553,1,user_8663226a,0.705757
user_8a760553,2,user_6b86248b,0.690632
user_8a760553,3,user_39939c54,0.683281
user_8a760553,4,user_53b85563,0.674685
user_8a760553,5,user_ba463257,0.655427
user_8a760553,6,user_75905116,0.651954
user_8a760553,7,user_57c1d6c0,0.647578
user_8a760553,8,user_40efa894,0.632539
user_8a760553,9,user_d6175d39,0.630269
user_8a760553,10,user_3ff3188b,0.629924
user_8a760553,11,user_5d1b0daf,0.628225
user_8a760553,12,user_9fefea54,0.626143
user_8a760553,13,user_ca6074df,0.625540
user_8a760553,14,user_2c69b83e,0.619081
user_8a760553,15,user_08c32973,0.618360
user_8ae8c359,1,user_ed1aaed8,0.807577
user_8ae8c359,2,user_7de6f343,0.796419
user_8ae8c359,3,user_43049634,0.788859
user_8ae8c359,4,user_98f18241,0.788855
user_8ae8c359,5,user_04f39d22,0.787314
user_8ae8c359,6,user_74cfb8ef,0.779631
user_8ae8c359,7,user_364bb955,0.777683
user_8ae8c359,8,user_4bd9303b,0.775171
user_8ae8c359,9,user_ba085464,0.775033
user_8ae8c359,10,user_d2c97c8e,0.774449
user_8ae8c359,11,user_93cdb7a1,0.771259
user_8ae8c359,12,user_f54058d0,0.768491
user_8ae8c359,13,user_daf59045,0.765405
user_8ae8c359,14,user_5c9b579a,0.763119
user_8ae8c359,15,user_500badda,0.753315
user_8afa3eba,1,user_8e5e899b,0.840378
user_8afa3eba,2,user_e8cdb142,0.803496
user_8afa3eba,3,user_87e5d9b0,0.786750
user_8afa3eba,4,user_ff39b6cf,0.780310
user_8afa3eba,5,user_2c39731d,0.772806
user_8afa3eba,6,user_a7f8db34,0.766189
user_8afa3eba,7,user_233fda02,0.754770
user_8afa3eba,8,user_858fa00c,0.747066
user_8afa3eba,9,user_903329bb,0.744939
user_8afa3eba,10,user_18227c28,0.742202
user_8afa3eba,11,user_87bbc3b5,0.726413
user_8afa3eba,12,user_4144252d,0.724593
user_8afa3eba,13,user_3b90fb53,0.707721
user_8afa3eba,14,user_d7fde080,0.702700
user_8afa3eba,15,user_5ac1a174,0.695462
user_8c6db6ed,1,user_6a98b381,0.716297
user_8c6db6ed,2,user_d5b21e00,0.680334
user_8c6db6ed,3,user_835666af,0.663307
user_8c6db6ed,4,user_1f1dc5e0,0.641864
user_8c6db6ed,5,user_eb0927d1,0.636476
user_8c6db6ed,6,user_1ef33a43,0.632575
user_8c6db6ed,7,user_0521a7ac,0.629148
user_8c6db6ed,8,user_00723699,0.629148
user_8c6db6ed,9,user_be06391b,0.621753
user_8c6db6ed,10,user_a4a77a7d,0.620932
user_8c6db6ed,11,user_1bcbacb3,0.619074
user_8c6db6ed,12,user_886f7373,0.617814
user_8c6db6ed,13,user_f75c71f0,0.617170
user_8c6db6ed,14,user_e6057285,0.617087
user_8c6db6ed,15,user_165a2706,0.616593
user_8d22714e,1,user_87e5d9b0,0.791963
user_8d22714e,2,user_885e8708,0.790263
user_8d22714e,3,user_5ac1a174,0.776903
user_8d22714e,4,user_14a2d3c6,0.750277
user_8d22714e,5,user_fdcaaf41,0.746821
user_8d22714e,6,user_4144252d,0.743152
user_8d22714e,7,user_0e82fe11,0.732693
user_8d22714e,8,user_d758a0a1,0.730974
user_8d22714e,9,user_f27da10a,0.728996
user_8d22714e,10,user_bd05225b,0.728991
user_8d22714e,11,user_50e2a836,0.721290
user_8d22714e,12,user_107259c3,0.720479
user_8d22714e,13,user_233fda02,0.717270
user_8d22714e,14,user_1cfedba8,0.717148
user_8d22714e,15,user_7c7220a4,0.714676
user_8d85acb5,1,user_8d85acb5,0.712503
user_8d85acb5,2,user_9c5cd7fa,0.659739
user_8d85acb5,3,user_c8f82360,0.616849
user_8d85acb5,4,user_2dc10d2d,0.597317
user_8d85acb5,5,user_2f766c23,0.589097
user_8d85acb5,6,user_2b03934e,0.582479
user_8d85acb5,7,user_65d73ac1,0.578745
user_8d85acb5,8,user_daf53db6,0.567154
user_8d85acb5,9,user_99c67f2f,0.566037
user_8d85acb5,10,user_649f4327,0.563411
user_8d85acb5,11,user_08aa624b,0.554053
user_8d85acb5,12,user_8a3bbeb2,0.551341
user_8d85acb5,13,user_1b460965,0.546638
user_8d85acb5,14,user_2d74cd4c,0.543547
user_8d85acb5,15,user_417702c5,0.541180
user_8d968cfb,1,user_fba6bcd4,0.843619
user_8d968cfb,2,user_dc32d458,0.842530
user_8d968cfb,3,user_73f34c5d,0.830510
user_8d968cfb,4,user_b6350ec1,0.829630
user_8d968cfb,5,user_f654c33b,0.826552
user_8d968cfb,6,user_b16e0cf8,0.823629
user_8d968cfb,7,user_c39d41d7,0.818782
user_8d968cfb,8,user_d1d16d30,0.817018
user_8d968cfb,9,user_5881b259,0.813389
user_8d968cfb,10,user_1a2755b3,0.810490
user_8d968cfb,11,user_0cee87f3,0.809948
user_8d968cfb,12,user_df3c19a7,0.808385
user_8d968cfb,13,user_dd1d7b22,0.807262
user_8d968cfb,14,user_7aa3746b,0.799734
user_8d968cfb,15,user_17607ebc,0.799170
user_8da30894,1,user_835666af,0.799134
user_8da30894,2,user_fb64cb55,0.783810
user_8da30894,3,user_aa4cc34a,0.763287
user_8da30894,4,user_903329bb,0.756889
user_8da30894,5,user_2dc10d2d,0.744165
user_8da30894,6,user_165a2706,0.715170
user_8da30894,7,user_737dd050,0.712307
user_8da30894,8,user_d10d1f24,0.703772
user_8da30894,9,user_acb51eed,0.697987
user_8da30894,10,user_7af2ed90,0.694102
user_8da30894,11,user_1c45ab75,0.693197
user_8da30894,12,user_00723699,0.689945
user_8da30894,13,user_aa2fbe83,0.682691
user_8da30894,14,user_59e8bc2a,0.681578
user_8da30894,15,user_6011e674,0.673795
user_8dd20d7f,1,user_f930e37f,0.754866
user_8dd20d7f,2,user_ebddf9c1,0.701313
user_8dd20d7f,3,user_b9b94432,0.698888
user_8dd20d7f,4,user_8dd20d7f,0.689054
user_8dd20d7f,5,user_cf393213,0.685400
user_8dd20d7f,6,user_16ac4154,0.677577
user_8dd20d7f,7,user_41d0c897,0.674876
user_8dd20d7f,8,user_aabd2642,0.671494
user_8dd20d7f,9,user_94cad3a5,0.668790
user_8dd20d7f,10,user_a75b16f2,0.666975
user_8dd20d7f,11,user_94f185bc,0.662685
user_8dd20d7f,12,user_f51339f8,0.662376
user_8dd20d7f,13,user_3b79395c,0.660096
user_8dd20d7f,14,user_3ac315cb,0.659144
user_8dd20d7f,15,user_dc326993,0.658211
user_8e48a3f8,1,user_166a3647,0.799105
user_8e48a3f8,2,user_8e48a3f8,0.794708
user_8e48a3f8,3,user_b9d253e8,0.755476
user_8e48a3f8,4,user_3b1da5d9,0.746691
user_8e48a3f8,5,user_476670f9,0.743905
user_8e48a3f8,6,user_cc1c8897,0.743670
user_8e48a3f8,7,user_81a80789,0.741622
user_8e48a3f8,8,user_364bb955,0.720994
user_8e48a3f8,9,user_2dc10d2d,0.710196
user_8e48a3f8,10,user_25798310,0.707636
user_8e48a3f8,11,user_02fecea2,0.703393
user_8e48a3f8,12,user_8713f22a,0.694753
user_8e48a3f8,13,user_70bbda36,0.694205
user_8e48a3f8,14,user_acd6ddfb,0.693484
user_8e48a3f8,15,user_9a5457b0,0.692368
user_8e97a154,1,user_885e8708,0.861637
user_8e97a154,2,user_df8dc9bb,0.813021
user_8e97a154,3,user_147d1bbb,0.807671
user_8e97a154,4,user_0d32f0ed,0.800369
user_8e97a154,5,user_364bb955,0.790162
user_8e97a154,6,user_03410579,0.790054
user_8e97a154,7,user_586752e4,0.789973
user_8e97a154,8,user_b0129d9e,0.780907
user_8e97a154,9,user_7a8f7f3e,0.772407
user_8e97a154,10,user_25798310,0.772327
user_8e97a154,11,user_107259c3,0.770993
user_8e97a154,12,user_baeb91b3,0.770883
user_8e97a154,13,user_1246b252,0.770653
user_8e97a154,14,user_5c9b579a,0.770531
user_8e97a154,15,user_c994138f,0.769113
user_8eac0a68,1,user_8eac0a68,0.706907
user_8eac0a68,2,user_e5f67397,0.706049
user_8eac0a68,3,user_e9d1886c,0.656043
user_8eac0a68,4,user_76638121,0.632721
user_8eac0a68,5,user_d9b8914f,0.629610
user_8eac0a68,6,user_0e408c4a,0.627482
user_8eac0a68,7,user_6476648d,0.615391
user_8eac0a68,8,user_2f1085dd,0.606432
user_8eac0a68,9,user_cb8245f7,0.605754
user_8eac0a68,10,user_1f09455f,0.596128
user_8eac0a68,11,user_ba085464,0.595424
user_8eac0a68,12,user_70bbda36,0.581338
user_8eac0a68,13,user_e2e59795,0.578577
user_8eac0a68,14,user_93cdb7a1,0.577335
user_8eac0a68,15,user_ac6d6bff,0.571931
user_8f08aa94,1,user_ba085464,0.859422
user_8f08aa94,2,user_ded778b8,0.842319
user_8f08aa94,3,user_7bbd1543,0.839687
user_8f08aa94,4,user_124651ff,0.833584
user_8f08aa94,5,user_2cb4b018,0.829443
user_8f08aa94,6,user_70bbda36,0.824032
user_8f08aa94,7,user_04f39d22,0.821457
user_8f08aa94,8,user_205d25f3,0.818875
user_8f08aa94,9,user_7de6f343,0.805025
user_8f08aa94,10,user_fa60616d,0.802713
user_8f08aa94,11,user_0bc8e727,0.798571
user_8f08aa94,12,user_a3a4a20a,0.798232
user_8f08aa94,13,user_43049634,0.797702
user_8f08aa94,14,user_dca78fea,0.797378
user_8f08aa94,15,user_02016939,0.797079
user_8fe14601,1,user_9dda4af9,0.820773
user_8fe14601,2,user_3f798a8b,0.812588
user_8fe14601,3,user_56e6d0cd,0.800823
user_8fe14601,4,user_d6175d39,0.797108
user_8fe14601,5,user_8663226a,0.790391
user_8fe14601,6,user_57c1d6c0,0.787192
user_8fe14601,7,user_b6d05d1d,0.786287
user_8fe14601,8,user_bdcc6e7d,0.781972
user_8fe14601,9,user_65d73ac1,0.780461
user_8fe14601,10,user_c35d6565,0.773795
user_8fe14601,11,user_96c3cc43,0.766181
user_8fe14601,12,user_657c72ca,0.765535
user_8fe14601,13,user_b6350ec1,0.765433
user_8fe14601,14,user_3ff3188b,0.764024
user_8fe14601,15,user_e409a56d,0.762298
user_90202189,1,user_69df6330,0.860338
user_90202189,2,user_c39d41d7,0.839920
user_90202189,3,user_a743aff9,0.837167
user_90202189,4,user_cdd86523,0.832320
user_90202189,5,user_2c69b83e,0.829687
user_90202189,6,user_40a0bad3,0.829487
user_90202189,7,user_7924afc9,0.825190
user_90202189,8,user_e59c000f,0.824435
user_90202189,9,user_636ad58f,0.822175
user_90202189,10,user_5881b259,0.821812
user_90202189,11,user_03969305,0.821812
user_90202189,12,user_e1730a9c,0.821088
user_90202189,13,user_cf393213,0.818652
user_90202189,14,user_6fc85c06,0.814822
user_90202189,15,user_bd05225b,0.814540
user_902af20f,1,user_a52dd639,0.882880
user_902af20f,2,user_902af20f,0.867332
user_902af20f,3,user_1a4bec69,0.847937
user_902af20f,4,user_2c2a5c24,0.773403
user_902af20f,5,user_7de6f343,0.760662
user_902af20f,6,user_421ae417,0.749451
user_902af20f,7,user_4ea1ef09,0.738679
user_902af20f,8,user_40efa894,0.735775
user_902af20f,9,user_b2aba63a,0.726710
user_902af20f,10,user_04f39d22,0.726671
user_902af20f,11,user_74cfb8ef,0.725558
user_902af20f,12,user_67fa915e,0.718269
user_902af20f,13,user_53b85563,0.717168
user_902af20f,14,user_e409a56d,0.708861
user_902af20f,15,user_00a2f533,0.699442
user_903329bb,1,user_903329bb,0.849858
user_903329bb,2,user_aa4cc34a,0.740077
user_903329bb,3,user_f3f15c55,0.735477
user_903329bb,4,user_22b484cb,0.732045
user_903329bb,5,user_8e5e899b,0.704037
user_903329bb,6,user_fb64cb55,0.695867
user_903329bb,7,user_e8cdb142,0.686791
user_903329bb,8,user_6011e674,0.681881
user_903329bb,9,user_835666af,0.680103
user_903329bb,10,user_07db2c6a,0.675090
user_903329bb,11,user_543e79f5,0.666671
user_903329bb,12,user_5b7d5e00,0.665167
user_903329bb,13,user_2c39731d,0.663640
user_903329bb,14,user_00723699,0.660371
user_903329bb,15,user_233fda02,0.660238
user_906e2423,1,user_f51339f8,0.855786
user_906e2423,2,user_a743aff9,0.846121
user_906e2423,3,user_7924afc9,0.832199
user_906e2423,4,user_7f56f9a5,0.828950
user_906e2423,5,user_94f185bc,0.823377
user_906e2423,6,user_69df6330,0.816811
user_906e2423,7,user_dc326993,0.809646
user_906e2423,8,user_f930e37f,0.809289
user_906e2423,9,user_1936a7c3,0.805077
user_906e2423,10,user_1b7f8c56,0.804048
user_906e2423,11,user_fdc08e26,0.803926
user_906e2423,12,user_ebddf9c1,0.798249
user_906e2423,13,user_5881b259,0.798133
user_906e2423,14,user_f4f9490d,0.797639
user_906e2423,15,user_03969305,0.797574
user_916503d6,1,user_b325310b,0.883999
user_916503d6,2,user_b6b89f00,0.883051
user_916503d6,3,user_d3663143,0.873573
user_916503d6,4,user_f8e2246f,0.850134
user_916503d6,5,user_9e39a95d,0.835742
user_916503d6,6,user_3ac315cb,0.832459
user_916503d6,7,user_8fbb6d9c,0.829231
user_916503d6,8,user_afff552a,0.827495
user_916503d6,9,user_1b7f8c56,0.825968
user_916503d6,10,user_aa2fbe83,0.824622
user_916503d6,11,user_940c7213,0.809801
user_916503d6,12,user_2d74cd4c,0.807897
user_916503d6,13,user_2cb4b018,0.807528
user_916503d6,14,user_33c6501d,0.805741
user_916503d6,15,user_acb51eed,0.787803
user_920c074a,1,user_fe922ad0,0.769946
user_920c074a,2,user_9d9fba70,0.768913
user_920c074a,3,user_efb27a8e,0.760755
user_920c074a,4,user_e8e9acac,0.759363
user_920c074a,5,user_ffe2efae,0.759126
user_920c074a,6,user_942ff21e,0.754876
user_920c074a,7,user_ab439a92,0.754608
user_920c074a,8,user_16b87e34,0.754448
user_920c074a,9,user_9a5457b0,0.746643
user_920c074a,10,user_56e6d0cd,0.746057
user_920c074a,11,user_65d73ac1,0.744311
user_920c074a,12,user_338e1332,0.741645
user_920c074a,13,user_66a7ce5a,0.739117
user_920c074a,14,user_4d4f73a6,0.738619
user_920c074a,15,user_67acd9b1,0.734947
user_938164a5,1,user_405db206,0.861209
user_938164a5,2,user_40a0bad3,0.857661
user_938164a5,3,user_45926b89,0.855645
user_938164a5,4,user_b49274ca,0.853708
user_938164a5,5,user_03969305,0.851670
user_938164a5,6,user_94f185bc,0.851333
user_938164a5,7,user_cdd86523,0.850812
user_938164a5,8,user_2dd5b531,0.849416
user_938164a5,9,user_5881b259,0.846376
user_938164a5,10,user_7924afc9,0.844278
user_938164a5,11,user_fdc08e26,0.841649
user_938164a5,12,user_e1730a9c,0.840685
user_938164a5,13,user_fde2d265,0.838567
user_938164a5,14,user_ef954c6e,0.838531
user_938164a5,15,user_b350e22b,0.837719
user_943e4045,1,user_107259c3,0.795717
user_943e4045,2,user_baeb91b3,0.792877
user_943e4045,3,user_3353b96b,0.777943
user_943e4045,4,user_ea67f9c6,0.764126
user_943e4045,5,user_7f623d19,0.759772
user_943e4045,6,user_b4f295b3,0.759647
user_943e4045,7,user_1246b252,0.754061
user_943e4045,8,user_7c7220a4,0.742292
user_943e4045,9,user_586752e4,0.740636
user_943e4045,10,user_76638121,0.738511
user_943e4045,11,user_0d32f0ed,0.735619
user_943e4045,12,user_1a7d6cd5,0.735480
user_943e4045,13,user_aa4cc34a,0.732679
user_943e4045,14,user_94cad3a5,0.731424
user_943e4045,15,user_0128a546,0.724954
user_954805d7,1,user_5d1b0daf,0.832452
user_954805d7,2,user_ca6074df,0.809297
user_954805d7,3,user_8663226a,0.807653
user_954805d7,4,user_8f8346ad,0.806429
user_954805d7,5,user_2c69b83e,0.804459
user_954805d7,6,user_c4c70447,0.800620
user_954805d7,7,user_c39d41d7,0.798045
user_954805d7,8,user_b16e0cf8,0.793178
user_954805d7,9,user_fba6bcd4,0.790181
user_954805d7,10,user_cf393213,0.788496
user_954805d7,11,user_5881b259,0.787712
user_954805d7,12,user_03969305,0.784571
user_954805d7,13,user_94f185bc,0.783519
user_954805d7,14,user_fde2d265,0.782245
user_954805d7,15,user_b4214db6,0.780027
user_959adfc8,1,user_b45d0d20,0.729568
user_959adfc8,2,user_33f2a818,0.604758
user_959adfc8,3,user_7d6962d9,0.603545
user_959adfc8,4,user_79a1811b,0.562995
user_959adfc8,5,user_3ce4c1f8,0.537684
user_959adfc8,6,user_aae78e0d,0.531713
user_959adfc8,7,user_829844fd,0.530973
user_959adfc8,8,user_b2dd04c8,0.511775
user_959adfc8,9,user_f14dc486,0.502666
user_959adfc8,10,user_80da26a6,0.498544
user_959adfc8,11,user_515ae840,0.491450
user_959adfc8,12,user_18522854,0.486954
user_959adfc8,13,user_7cb1ae65,0.473211
user_959adfc8,14,user_d5d4fc6e,0.468158
user_959adfc8,15,user_1fb646f2,0.466313
user_95d648bc,1,user_1b89f77a,0.825718
user_95d648bc,2,user_95d648bc,0.823300
user_95d648bc,3,user_73f34c5d,0.801462
user_95d648bc,4,user_183b3783,0.796582
user_95d648bc,5,user_dc32d458,0.790519
user_95d648bc,6,user_d199bef3,0.790073
user_95d648bc,7,user_6deada35,0.789726
user_95d648bc,8,user_96013176,0.786715
user_95d648bc,9,user_b6350ec1,0.785880
user_95d648bc,10,user_e6dd44b0,0.785780
user_95d648bc,11,user_e5a6abbe,0.782512
user_95d648bc,12,user_88b2faba,0.778552
user_95d648bc,13,user_4e54f3d7,0.776958
user_95d648bc,14,user_d6175d39,0.775693
user_95d648bc,15,user_acd6ddfb,0.771567
user_9600e8bf,1,user_c4c70447,0.831625
user_9600e8bf,2,user_cf393213,0.829735
user_9600e8bf,3,user_cdd86523,0.825738
user_9600e8bf,4,user_111cfe7d,0.822391
user_9600e8bf,5,user_8a760553,0.818471
user_9600e8bf,6,user_74d27419,0.811310
user_9600e8bf,7,user_0eb2abf1,0.809951
user_9600e8bf,8,user_54b19b29,0.800824
user_9600e8bf,9,user_8f8346ad,0.800141
user_9600e8bf,10,user_5d1b0daf,0.791251
user_9600e8bf,11,user_a8dc91a3,0.789409
user_9600e8bf,12,user_259776c7,0.789030
user_9600e8bf,13,user_18522854,0.786262
user_9600e8bf,14,user_91f807b9,0.781098
user_9600e8bf,15,user_29cd4556,0.780891
user_96013176,1,user_10e64e28,0.699328
user_96013176,2,user_9a307ebe,0.677106
user_96013176,3,user_394c25cc,0.671661
user_96013176,4,user_65d73ac1,0.664960
user_96013176,5,user_c35d6565,0.662524
user_96013176,6,user_e802076d,0.661515
user_96013176,7,user_32ae32f9,0.659158
user_96013176,8,user_d691d016,0.657874
user_96013176,9,user_a6c5a10c,0.654370
user_96013176,10,user_daf37424,0.654260
user_96013176,11,user_a74b4eeb,0.645423
user_96013176,12,user_32934d38,0.643665
user_96013176,13,user_869fcb2b,0.643257
user_96013176,14,user_4e800fa1,0.640663
user_96013176,15,user_c994138f,0.637188
user_9692f077,1,user_71f7b692,0.852994
user_9692f077,2,user_d8335067,0.840287
user_9692f077,3,user_d0c1bf72,0.807805
user_9692f077,4,user_c39d41d7,0.767900
user_9692f077,5,user_80dc757f,0.766510
user_9692f077,6,user_17607ebc,0.766105
user_9692f077,7,user_364bb955,0.760826
user_9692f077,8,user_bd05225b,0.748140
user_9692f077,9,user_a01f16ac,0.746755
user_9692f077,10,user_c5f32c0d,0.745906
user_9692f077,11,user_5526cbfd,0.745768
user_9692f077,12,user_f27da10a,0.742199
user_9692f077,13,user_5881b259,0.741585
user_9692f077,14,user_54c1ebee,0.740937
user_9692f077,15,user_0fefc28e,0.740287
user_96c3cc43,1,user_79f04645,0.865640
user_96c3cc43,2,user_43a979d2,0.859469
user_96c3cc43,3,user_5349c6cf,0.851678
user_96c3cc43,4,user_954805d7,0.845308
user_96c3cc43,5,user_d70942c1,0.842331
user_96c3cc43,6,user_fde2d265,0.839112
user_96c3cc43,7,user_03969305,0.836177
user_96c3cc43,8,user_9d65649f,0.830773
user_96c3cc43,9,user_c39d41d7,0.818476
user_96c3cc43,10,user_dbc4828c,0.816099
user_96c3cc43,11,user_a743aff9,0.814121
user_96c3cc43,12,user_17607ebc,0.808286
user_96c3cc43,13,user_cdd86523,0.806229
user_96c3cc43,14,user_6bf0e007,0.804164
user_96c3cc43,15,user_94f185bc,0.802016
user_96d9cb9a,1,user_f0b144fc,0.749266
user_96d9cb9a,2,user_394c25cc,0.747013
user_96d9cb9a,3,user_f51339f8,0.741293
user_96d9cb9a,4,user_38dc2894,0.731785
user_96d9cb9a,5,user_dc326993,0.727935
user_96d9cb9a,6,user_bbe73426,0.723874
user_96d9cb9a,7,user_a743aff9,0.723460
user_96d9cb9a,8,user_d1d16d30,0.722691
user_96d9cb9a,9,user_9c5071dd,0.719784
user_96d9cb9a,10,user_c06d9b71,0.716226
user_96d9cb9a,11,user_cf393213,0.715730
user_96d9cb9a,12,user_94f185bc,0.715669
user_96d9cb9a,13,user_7f56f9a5,0.714135
user_96d9cb9a,14,user_fde2d265,0.714032
user_96d9cb9a,15,user_30802254,0.711402
user_97330742,1,user_7b4c75ab,0.840195
user_97330742,2,user_737d3148,0.740869
user_97330742,3,user_979ee068,0.732406
user_97330742,4,user_f5fea76f,0.728242
user_97330742,5,user_6deada35,0.720610
user_97330742,6,user_858fa00c,0.719003
user_97330742,7,user_e14b88a8,0.710555
user_97330742,8,user_2920b35e,0.704734
user_97330742,9,user_96013176,0.703011
user_97330742,10,user_38f4dfac,0.702756
user_97330742,11,user_586752e4,0.698973
user_97330742,12,user_e59c000f,0.698715
user_97330742,13,user_ed1aaed8,0.697952
user_97330742,14,user_eda37c14,0.696849
user_97330742,15,user_414a6eaf,0.695151
user_979ee068,1,user_f5fea76f,0.837994
user_979ee068,2,user_5c9b579a,0.819303
user_979ee068,3,user_414a6eaf,0.814651
user_979ee068,4,user_737d3148,0.811907
user_979ee068,5,user_2e81a539,0.806454
user_979ee068,6,user_eda37c14,0.804246
user_979ee068,7,user_e59c000f,0.802920
user_979ee068,8,user_a6c5a10c,0.797572
user_979ee068,9,user_92fe4471,0.792347
user_979ee068,10,user_f10e7063,0.792058
user_979ee068,11,user_979ee068,0.785564
user_979ee068,12,user_54c1ebee,0.780984
user_979ee068,13,user_bd05225b,0.775949
user_979ee068,14,user_8ae8c359,0.774710
user_979ee068,15,user_df8dc9bb,0.773181
user_9818dcae,1,user_aabd2642,0.850026
user_9818dcae,2,user_fdcaaf41,0.824829
user_9818dcae,3,user_b63ea1d4,0.793790
user_9818dcae,4,user_f51339f8,0.790223
user_9818dcae,5,user_81a80789,0.785205
user_9818dcae,6,user_5c9b579a,0.784823
user_9818dcae,7,user_3b1da5d9,0.782851
user_9818dcae,8,user_70bbda36,0.781761
user_9818dcae,9,user_b0129d9e,0.780426
user_9818dcae,10,user_5a6f92a6,0.780091
user_9818dcae,11,user_364bb955,0.778560
user_9818dcae,12,user_147d1bbb,0.777753
user_9818dcae,13,user_0d32f0ed,0.776635
user_9818dcae,14,user_885e8708,0.775825
user_9818dcae,15,user_7f56f9a5,0.774679
user_98a676ce,1,user_233fda02,0.824937
user_98a676ce,2,user_8e5e899b,0.824201
user_98a676ce,3,user_e8cdb142,0.814744
user_98a676ce,4,user_ff39b6cf,0.809452
user_98a676ce,5,user_3b90fb53,0.808407
user_98a676ce,6,user_4144252d,0.802068
user_98a676ce,7,user_903329bb,0.796308
user_98a676ce,8,user_87e5d9b0,0.795984
user_98a676ce,9,user_2c39731d,0.770786
user_98a676ce,10,user_858fa00c,0.768283
user_98a676ce,11,user_ed3091a2,0.747364
user_98a676ce,12,user_5ac1a174,0.744107
user_98a676ce,13,user_07db2c6a,0.742701
user_98a676ce,14,user_0e82fe11,0.728428
user_98a676ce,15,user_f4f9490d,0.710074
user_98ca16a6,1,user_515ae840,0.716699
user_98ca16a6,2,user_5d1b0daf,0.647068
user_98ca16a6,3,user_1b460965,0.631626
user_98ca16a6,4,user_18522854,0.622660
user_98ca16a6,5,user_2b03934e,0.619820
user_98ca16a6,6,user_23ecc36a,0.612308
user_98ca16a6,7,user_a6c2e760,0.609400
user_98ca16a6,8,user_582ff5b2,0.605879
user_98ca16a6,9,user_2f766c23,0.601758
user_98ca16a6,10,user_6d2cb415,0.600013
user_98ca16a6,11,user_1232c39b,0.592127
user_98ca16a6,12,user_ba463257,0.590857
user_98ca16a6,13,user_4bf6a4a0,0.589676
user_98ca16a6,14,user_d20928cc,0.586619
user_98ca16a6,15,user_f14dc486,0.581494
user_98f18241,1,user_dbbf562e,0.638592
user_98f18241,2,user_4bd9303b,0.622974
user_98f18241,3,user_0d32f0ed,0.612272
user_98f18241,4,user_364bb955,0.595227
user_98f18241,5,user_83585fc6,0.589736
user_98f18241,6,user_ed1aaed8,0.584497
user_98f18241,7,user_b1d0760b,0.583933
user_98f18241,8,user_72bed676,0.581756
user_98f18241,9,user_66772d98,0.581702
user_98f18241,10,user_b0129d9e,0.579179
user_98f18241,11,user_d4c7b4c0,0.577656
user_98f18241,12,user_caaef3ca,0.576491
user_98f18241,13,user_3431c049,0.571215
user_98f18241,14,user_7f623d19,0.569937
user_98f18241,15,user_19641691,0.569647
user_9991e1d8,1,user_38dc2894,0.679888
user_9991e1d8,2,user_f51339f8,0.679151
user_9991e1d8,3,user_2cb4b018,0.676581
user_9991e1d8,4,user_9600e8bf,0.673153
user_9991e1d8,5,user_f0b144fc,0.667302
user_9991e1d8,6,user_394c25cc,0.658063
user_9991e1d8,7,user_6d071251,0.649935
user_9991e1d8,8,user_80dc757f,0.644368
user_9991e1d8,9,user_f75c71f0,0.637237
user_9991e1d8,10,user_959adfc8,0.632524
user_9991e1d8,11,user_32934d38,0.630178
user_9991e1d8,12,user_e838707b,0.626989
user_9991e1d8,13,user_0521a7ac,0.620266
user_9991e1d8,14,user_66772d98,0.620193
user_9991e1d8,15,user_5c82df31,0.613279
user_99c67f2f,1,user_99c67f2f,0.885199
user_99c67f2f,2,user_8fbb6d9c,0.869501
user_99c67f2f,3,user_2d74cd4c,0.865609
user_99c67f2f,4,user_6011e674,0.860648
user_99c67f2f,5,user_6bb64984,0.857535
user_99c67f2f,6,user_b325310b,0.828144
user_99c67f2f,7,user_f8e2246f,0.820184
user_99c67f2f,8,user_b6b89f00,0.815757
user_99c67f2f,9,user_417702c5,0.810482
user_99c67f2f,10,user_9e39a95d,0.802396
user_99c67f2f,11,user_d3663143,0.802234
user_99c67f2f,12,user_08aa624b,0.795085
user_99c67f2f,13,user_649f4327,0.786737
user_99c67f2f,14,user_c41de62b,0.783726
user_99c67f2f,15,user_71b9b8e0,0.780541
user_9a307ebe,1,user_9a307ebe,0.830805
user_9a307ebe,2,user_e8a7be73,0.804497
user_9a307ebe,3,user_83afc7b2,0.795889
user_9a307ebe,4,user_14a2d3c6,0.776146
user_9a307ebe,5,user_df8dc9bb,0.774014
user_9a307ebe,6,user_a4a77a7d,0.769667
user_9a307ebe,7,user_bd47000f,0.764764
user_9a307ebe,8,user_3971c3e6,0.761236
user_9a307ebe,9,user_7c7220a4,0.761109
user_9a307ebe,10,user_fba6bcd4,0.759642
user_9a307ebe,11,user_e6057285,0.757857
user_9a307ebe,12,user_02016939,0.757383
user_9a307ebe,13,user_7a8f7f3e,0.755023
user_9a307ebe,14,user_b16e0cf8,0.754208
user_9a307ebe,15,user_ef954c6e,0.753244
user_9a5457b0,1,user_f930e37f,0.878062
user_9a5457b0,2,user_03969305,0.840645
user_9a5457b0,3,user_45926b89,0.835161
user_9a5457b0,4,user_fdc08e26,0.831869
user_9a5457b0,5,user_b9036662,0.829953
user_9a5457b0,6,user_c4c70447,0.827477
user_9a5457b0,7,user_9571d0d5,0.826975
user_9a5457b0,8,user_2dd5b531,0.823204
user_9a5457b0,9,user_69df6330,0.823019
user_9a5457b0,10,user_25b48a9a,0.820480
user_9a5457b0,11,user_16ac4154,0.815237
user_9a5457b0,12,user_1b7f8c56,0.815183
user_9a5457b0,13,user_94f185bc,0.814187
user_9a5457b0,14,user_2c69b83e,0.811886
user_9a5457b0,15,user_0eb2abf1,0.811689
user_9b517815,1,user_858fa00c,0.761747
user_9b517815,2,user_884ffdb2,0.730965
user_9b517815,3,user_ce424e88,0.730390
user_9b517815,4,user_a151ddab,0.723901
user_9b517815,5,user_e8cdb142,0.721674
user_9b517815,6,user_8d22714e,0.718454
user_9b517815,7,user_bd05225b,0.717534
user_9b517815,8,user_6a0b0e92,0.714782
user_9b517815,9,user_0669bdf6,0.713569
user_9b517815,10,user_d96972e5,0.711714
user_9b517815,11,user_02d8a1f8,0.709535
user_9b517815,12,user_3f2fbc90,0.705835
user_9b517815,13,user_0898fc4b,0.703379
user_9b517815,14,user_a2480011,0.702142
user_9b517815,15,user_5a6c91dd,0.701633
user_9b6481e4,1,user_8c11f026,0.545564
user_9b6481e4,2,user_8a3bbeb2,0.467826
user_9b6481e4,3,user_ebe17c78,0.430696
user_9b6481e4,4,user_c7beef01,0.429251
user_9b6481e4,5,user_9b6481e4,0.389361
user_9b6481e4,6,user_81a80789,0.365676
user_9b6481e4,7,user_37be663c,0.356211
user_9b6481e4,8,user_0d32f0ed,0.351491
user_9b6481e4,9,user_3bc84c13,0.346353
user_9b6481e4,10,user_04d8419e,0.344048
user_9b6481e4,11,user_9818dcae,0.340677
user_9b6481e4,12,user_da245b56,0.330610
user_9b6481e4,13,user_763b4ffe,0.326856
user_9b6481e4,14,user_dbbf562e,0.316403
user_9b6481e4,15,user_a7b901f2,0.315215
user_9bee2a7c,1,user_9ee84e18,0.822172
user_9bee2a7c,2,user_9571d0d5,0.809139
user_9bee2a7c,3,user_0cc626ee,0.802399
user_9bee2a7c,4,user_6fc85c06,0.796001
user_9bee2a7c,5,user_dd6e7bcb,0.790129
user_9bee2a7c,6,user_25b48a9a,0.787630
user_9bee2a7c,7,user_f60a09b3,0.786132
user_9bee2a7c,8,user_e59c000f,0.785976
user_9bee2a7c,9,user_03969305,0.785233
user_9bee2a7c,10,user_2eb5d860,0.783892
user_9bee2a7c,11,user_058c1800,0.783034
user_9bee2a7c,12,user_8be3f554,0.782421
user_9bee2a7c,13,user_69df6330,0.780437
user_9bee2a7c,14,user_91f807b9,0.778776
user_9bee2a7c,15,user_4b139395,0.778761
user_9c5cd7fa,1,user_649f4327,0.833475
user_9c5cd7fa,2,user_c8f82360,0.784251
user_9c5cd7fa,3,user_daf53db6,0.783041
user_9c5cd7fa,4,user_65d73ac1,0.756285
user_9c5cd7fa,5,user_c41de62b,0.746989
user_9c5cd7fa,6,user_25b48a9a,0.742183
user_9c5cd7fa,7,user_16ac4154,0.736152
user_9c5cd7fa,8,user_bbb0205e,0.733105
user_9c5cd7fa,9,user_417702c5,0.726612
user_9c5cd7fa,10,user_6bb64984,0.721203
user_9c5cd7fa,11,user_ffe2efae,0.718038
user_9c5cd7fa,12,user_1c7b7780,0.717792
user_9c5cd7fa,13,user_2c69b83e,0.713769
user_9c5cd7fa,14,user_c34e791e,0.707971
user_9c5cd7fa,15,user_164fe4b8,0.706730
user_9c5e4782,1,user_ab86ab82,0.791463
user_9c5e4782,2,user_a0f5ae47,0.776027
user_9c5e4782,3,user_cf393213,0.775996
user_9c5e4782,4,user_f930e37f,0.775379
user_9c5e4782,5,user_9a307ebe,0.774979
user_9c5e4782,6,user_a3a4a20a,0.767364
user_9c5e4782,7,user_67acd9b1,0.765199
user_9c5e4782,8,user_8be3f554,0.759138
user_9c5e4782,9,user_25b48a9a,0.758744
user_9c5e4782,10,user_a6c5a10c,0.758639
user_9c5e4782,11,user_c4c70447,0.756649
user_9c5e4782,12,user_aabd2642,0.754153
user_9c5e4782,13,user_ee8d5ec5,0.753822
user_9c5e4782,14,user_d691d016,0.753705
user_9c5e4782,15,user_e5a6abbe,0.750316
user_9c7183c8,1,user_81c4dae1,0.850758
user_9c7183c8,2,user_3ff88cf0,0.850611
user_9c7183c8,3,user_c92c8f83,0.843221
user_9c7183c8,4,user_46bb5302,0.816388
user_9c7183c8,5,user_a7145605,0.803122
user_9c7183c8,6,user_ae306850,0.802099
user_9c7183c8,7,user_b14ec02b,0.791432
user_9c7183c8,8,user_3850eb9e,0.781044
user_9c7183c8,9,user_b9d253e8,0.763953
user_9c7183c8,10,user_cc1c8897,0.762202
user_9c7183c8,11,user_25b48a9a,0.759811
user_9c7183c8,12,user_476670f9,0.741143
user_9c7183c8,13,user_9c7183c8,0.740133
user_9c7183c8,14,user_74e32d78,0.739258
user_9c7183c8,15,user_57c1d6c0,0.738900
user_9ce96cbf,1,user_e6057285,0.857712
user_9ce96cbf,2,user_e802076d,0.851688
user_9ce96cbf,3,user_c35d6565,0.848731
user_9ce96cbf,4,user_daf37424,0.843051
user_9ce96cbf,5,user_8be3f554,0.842642
user_9ce96cbf,6,user_94f185bc,0.829516
user_9ce96cbf,7,user_54c1ebee,0.815718
user_9ce96cbf,8,user_adab54a0,0.814280
user_9ce96cbf,9,user_b350e22b,0.813088
user_9ce96cbf,10,user_c994138f,0.811031
user_9ce96cbf,11,user_0a3bcf86,0.810491
user_9ce96cbf,12,user_9dda4af9,0.810253
user_9ce96cbf,13,user_38dc2894,0.810116
user_9ce96cbf,14,user_a8dc91a3,0.808401
user_9ce96cbf,15,user_2dd5b531,0.807909
user_9d8095fc,1,user_763b4ffe,0.711558
user_9d8095fc,2,user_9d8095fc,0.618989
user_9d8095fc,3,user_9e328c4e,0.581613
user_9d8095fc,4,user_52f895f1,0.576737
user_9d8095fc,5,user_3bc84c13,0.566845
user_9d8095fc,6,user_0d32f0ed,0.565769
user_9d8095fc,7,user_8a3bbeb2,0.565432
user_9d8095fc,8,user_dbbf562e,0.556414
user_9d8095fc,9,user_37be663c,0.554171
user_9d8095fc,10,user_9818dcae,0.553578
user_9d8095fc,11,user_ffe2efae,0.545291
user_9d8095fc,12,user_81a80789,0.544329
user_9d8095fc,13,user_72bed676,0.535966
user_9d8095fc,14,user_c130412b,0.535756
user_9d8095fc,15,user_ab8e847b,0.529461
user_9d9fba70,1,user_7924afc9,0.858704
user_9d9fba70,2,user_2dd5b531,0.840814
user_9d9fba70,3,user_e1730a9c,0.837285
user_9d9fba70,4,user_45926b89,0.835044
user_9d9fba70,5,user_69df6330,0.834782
user_9d9fba70,6,user_03969305,0.830814
user_9d9fba70,7,user_9571d0d5,0.827844
user_9d9fba70,8,user_dc326993,0.824009
user_9d9fba70,9,user_41d0c897,0.821093
user_9d9fba70,10,user_e59c000f,0.819691
user_9d9fba70,11,user_fdc08e26,0.815192
user_9d9fba70,12,user_adab54a0,0.811341
user_9d9fba70,13,user_94f185bc,0.810842
user_9d9fba70,14,user_fde2d265,0.807083
user_9d9fba70,15,user_c39d41d7,0.806595
user_9dda4af9,1,user_886f7373,0.774446
user_9dda4af9,2,user_fba6bcd4,0.769715
user_9dda4af9,3,user_81c4dae1,0.767460
user_9dda4af9,4,user_a00e0552,0.757962
user_9dda4af9,5,user_40efa894,0.756707
user_9dda4af9,6,user_cc1c8897,0.756255
user_9dda4af9,7,user_72b93300,0.751237
user_9dda4af9,8,user_fa60616d,0.749552
user_9dda4af9,9,user_ae306850,0.748057
user_9dda4af9,10,user_aa2fbe83,0.746533
user_9dda4af9,11,user_3971c3e6,0.744807
user_9dda4af9,12,user_3ff88cf0,0.744800
user_9dda4af9,13,user_38433566,0.743993
user_9dda4af9,14,user_b16e0cf8,0.743654
user_9dda4af9,15,user_a993555f,0.741172
user_9e328c4e,1,user_763b4ffe,0.683919
user_9e328c4e,2,user_9e328c4e,0.647290
user_9e328c4e,3,user_37be663c,0.609630
user_9e328c4e,4,user_41b20ee4,0.546007
user_9e328c4e,5,user_dbbf562e,0.527687
user_9e328c4e,6,user_8a3bbeb2,0.494731
user_9e328c4e,7,user_ab8e847b,0.491832
user_9e328c4e,8,user_1eefeb8c,0.480200
user_9e328c4e,9,user_9d8095fc,0.479608
user_9e328c4e,10,user_9818dcae,0.476476
user_9e328c4e,11,user_a2f8bfd2,0.474357
user_9e328c4e,12,user_aaa1e595,0.467081
user_9e328c4e,13,user_52f895f1,0.466058
user_9e328c4e,14,user_c7beef01,0.460395
user_9e328c4e,15,user_19622b77,0.452151
user_9e39a95d,1,user_fe922ad0,0.761574
user_9e39a95d,2,user_4a57e449,0.761528
user_9e39a95d,3,user_ab86ab82,0.730233
user_9e39a95d,4,user_65d73ac1,0.724200
user_9e39a95d,5,user_164fe4b8,0.718698
user_9e39a95d,6,user_3f2894b5,0.707667
user_9e39a95d,7,user_2e05a7a0,0.701921
user_9e39a95d,8,user_8006727d,0.701838
user_9e39a95d,9,user_8c0c7619,0.699491
user_9e39a95d,10,user_a16d1fb6,0.695405
user_9e39a95d,11,user_18522854,0.691769
user_9e39a95d,12,user_406c399e,0.689869
user_9e39a95d,13,user_ffe2efae,0.681299
user_9e39a95d,14,user_8be3f554,0.678450
user_9e39a95d,15,user_32934d38,0.674177
user_9f81cfba,1,user_b6350ec1,0.731470
user_9f81cfba,2,user_fba6bcd4,0.730340
user_9f81cfba,3,user_25652863,0.725000
user_9f81cfba,4,user_d6175d39,0.721250
user_9f81cfba,5,user_07cb458d,0.708388
user_9f81cfba,6,user_dbc4828c,0.703012
user_9f81cfba,7,user_095ff43e,0.698022
user_9f81cfba,8,user_5b714afd,0.687215
user_9f81cfba,9,user_636ad58f,0.684954
user_9f81cfba,10,user_795650bb,0.684758
user_9f81cfba,11,user_84e93af7,0.684194
user_9f81cfba,12,user_3ff3188b,0.681747
user_9f81cfba,13,user_50e2a836,0.681464
user_9f81cfba,14,user_0b64b183,0.680820
user_9f81cfba,15,user_4f755977,0.679247
user_9fc3c829,1,user_eda37c14,0.788682
user_9fc3c829,2,user_f5fea76f,0.782246
user_9fc3c829,3,user_92fe4471,0.745282
user_9fc3c829,4,user_737d3148,0.672202
user_9fc3c829,5,user_414a6eaf,0.655393
user_9fc3c829,6,user_22adb798,0.653889
user_9fc3c829,7,user_9fc3c829,0.652406
user_9fc3c829,8,user_e14b88a8,0.619798
user_9fc3c829,9,user_7b4c75ab,0.619422
user_9fc3c829,10,user_979ee068,0.610616
user_9fc3c829,11,user_f10e7063,0.609815
user_9fc3c829,12,user_3b90fb53,0.585254
user_9fc3c829,13,user_5c9b579a,0.551045
user_9fc3c829,14,user_529e3009,0.548616
user_9fc3c829,15,user_2e81a539,0.544376
user_9ff844ba,1,user_fc1cfe0b,0.838046
user_9ff844ba,2,user_f75c71f0,0.753558
user_9ff844ba,3,user_b7ba6422,0.733392
user_9ff844ba,4,user_b49274ca,0.733274
user_9ff844ba,5,user_4db0d490,0.729610
user_9ff844ba,6,user_9ff844ba,0.721282
user_9ff844ba,7,user_69df6330,0.719654
user_9ff844ba,8,user_e4f8ab0c,0.714858
user_9ff844ba,9,user_b9036662,0.714371
user_9ff844ba,10,user_cdd86523,0.711374
user_9ff844ba,11,user_cf393213,0.705839
user_9ff844ba,12,user_40a0bad3,0.704979
user_9ff844ba,13,user_3ae49e46,0.704835
user_9ff844ba,14,user_f930e37f,0.696549
user_9ff844ba,15,user_6fc85c06,0.693787
user_a01f16ac,1,user_a01f16ac,0.895341
user_a01f16ac,2,user_d1d16d30,0.881890
user_a01f16ac,3,user_80dc757f,0.847875
user_a01f16ac,4,user_f654c33b,0.844475
user_a01f16ac,5,user_b605d5c9,0.830899
user_a01f16ac,6,user_15179955,0.824232
user_a01f16ac,7,user_bbe73426,0.821467
user_a01f16ac,8,user_c06d9b71,0.817679
user_a01f16ac,9,user_636ad58f,0.812494
user_a01f16ac,10,user_0cee87f3,0.806420
user_a01f16ac,11,user_5881b259,0.804221
user_a01f16ac,12,user_7b052f32,0.801911
user_a01f16ac,13,user_b5af9db9,0.798111
user_a01f16ac,14,user_dd1d7b22,0.797587
user_a01f16ac,15,user_cb2fe204,0.797074
user_a0fa40f1,1,user_ef954c6e,0.855275
user_a0fa40f1,2,user_e5a6abbe,0.847781
user_a0fa40f1,3,user_e6057285,0.827591
user_a0fa40f1,4,user_886f7373,0.817221
user_a0fa40f1,5,user_54c1ebee,0.816551
user_a0fa40f1,6,user_e802076d,0.814546
user_a0fa40f1,7,user_b16e0cf8,0.814495
user_a0fa40f1,8,user_b337cb0c,0.808543
user_a0fa40f1,9,user_fba6bcd4,0.808091
user_a0fa40f1,10,user_394c25cc,0.807673
user_a0fa40f1,11,user_2373103d,0.806313
user_a0fa40f1,12,user_c5f32c0d,0.806099
user_a0fa40f1,13,user_15179955,0.806087
user_a0fa40f1,14,user_0521a7ac,0.803986
user_a0fa40f1,15,user_147d1bbb,0.799190
user_a151ddab,1,user_c204a1dd,0.816337
user_a151ddab,2,user_3971c3e6,0.812895
user_a151ddab,3,user_96013176,0.809003
user_a151ddab,4,user_a151ddab,0.797831
user_a151ddab,5,user_8292753c,0.780011
user_a151ddab,6,user_586752e4,0.771173
user_a151ddab,7,user_0521a7ac,0.765768
user_a151ddab,8,user_e802076d,0.763664
user_a151ddab,9,user_c994138f,0.760866
user_a151ddab,10,user_9dda4af9,0.760492
user_a151ddab,11,user_8a760553,0.758771
user_a151ddab,12,user_1b89f77a,0.758164
user_a151ddab,13,user_394c25cc,0.756982
user_a151ddab,14,user_e931b2cd,0.754431
user_a151ddab,15,user_dc32d458,0.753689
user_a1b097c2,1,user_18522854,0.688073
user_a1b097c2,2,user_b2dd04c8,0.658171
user_a1b097c2,3,user_a6c2e760,0.648037
user_a1b097c2,4,user_5d35f631,0.624302
user_a1b097c2,5,user_3c81ee09,0.619838
user_a1b097c2,6,user_65d73ac1,0.616097
user_a1b097c2,7,user_f75c71f0,0.614938
user_a1b097c2,8,user_9600e8bf,0.613051
user_a1b097c2,9,user_89197ce5,0.610248
user_a1b097c2,10,user_cdd86523,0.607991
user_a1b097c2,11,user_d2bd9832,0.606906
user_a1b097c2,12,user_d67450a8,0.604481
user_a1b097c2,13,user_f930e37f,0.603535
user_a1b097c2,14,user_0a3bcf86,0.602672
user_a1b097c2,15,user_e838707b,0.601449
user_a2825b06,1,user_9351238d,0.841783
user_a2825b06,2,user_c994138f,0.824033
user_a2825b06,3,user_67acd9b1,0.820049
user_a2825b06,4,user_f930e37f,0.801856
user_a2825b06,5,user_16ac4154,0.801328
user_a2825b06,6,user_9a5457b0,0.797631
user_a2825b06,7,user_daf37424,0.796641
user_a2825b06,8,user_259776c7,0.796019
user_a2825b06,9,user_ffe2efae,0.794233
user_a2825b06,10,user_586752e4,0.789712
user_a2825b06,11,user_b63ea1d4,0.785813
user_a2825b06,12,user_2c69b83e,0.785414
user_a2825b06,13,user_e8e9acac,0.784714
user_a2825b06,14,user_fdc08e26,0.783898
user_a2825b06,15,user_8dd20d7f,0.777433
user_a2f8bfd2,1,user_c59ebe9c,0.757846
user_a2f8bfd2,2,user_a2f8bfd2,0.745787
user_a2f8bfd2,3,user_3b1da5d9,0.602979
user_a2f8bfd2,4,user_16b87e34,0.569929
user_a2f8bfd2,5,user_ab439a92,0.544605
user_a2f8bfd2,6,user_a16d1fb6,0.542020
user_a2f8bfd2,7,user_1246b252,0.540213
user_a2f8bfd2,8,user_8e92b8c1,0.537673
user_a2f8bfd2,9,user_efb27a8e,0.532468
user_a2f8bfd2,10,user_3431c049,0.512097
user_a2f8bfd2,11,user_7709815a,0.508144
user_a2f8bfd2,12,user_338e1332,0.503145
user_a2f8bfd2,13,user_83585fc6,0.498768
user_a2f8bfd2,14,user_c130412b,0.497892
user_a2f8bfd2,15,user_b63ea1d4,0.496155
user_a346dfc4,1,user_b63ea1d4,0.633613
user_a346dfc4,2,user_4f3b6241,0.615507
user_a346dfc4,3,user_88e84020,0.604197
user_a346dfc4,4,user_81a80789,0.601715
user_a346dfc4,5,user_9a5457b0,0.598684
user_a346dfc4,6,user_72bed676,0.592952
user_a346dfc4,7,user_76638121,0.591651
user_a346dfc4,8,user_0128a546,0.587393
user_a346dfc4,9,user_c7beef01,0.582411
user_a346dfc4,10,user_ab439a92,0.581296
user_a346dfc4,11,user_aaa1e595,0.571228
user_a346dfc4,12,user_acd6ddfb,0.568595
user_a346dfc4,13,user_04d8419e,0.566928
user_a346dfc4,14,user_8fb63eca,0.566196
user_a346dfc4,15,user_9fe4e0f5,0.566102
user_a4893af1,1,user_52f895f1,0.770831
user_a4893af1,2,user_f2f860bd,0.720301
user_a4893af1,3,user_19622b77,0.718255
user_a4893af1,4,user_942ff21e,0.712852
user_a4893af1,5,user_9d9fba70,0.685486
user_a4893af1,6,user_4d4f73a6,0.679636
user_a4893af1,7,user_683369b1,0.677770
user_a4893af1,8,user_2142b6e1,0.646772
user_a4893af1,9,user_fa69a385,0.633524
user_a4893af1,10,user_8fb63eca,0.626253
user_a4893af1,11,user_fe922ad0,0.624210
user_a4893af1,12,user_1a7d6cd5,0.617926
user_a4893af1,13,user_0b1b1d1c,0.603734
user_a4893af1,14,user_3666402b,0.601117
user_a4893af1,15,user_e8e9acac,0.598698
user_a4a77a7d,1,user_69df6330,0.857541
user_a4a77a7d,2,user_c39d41d7,0.825443
user_a4a77a7d,3,user_dbc4828c,0.821333
user_a4a77a7d,4,user_e8d15537,0.812705
user_a4a77a7d,5,user_0e82fe11,0.800739
user_a4a77a7d,6,user_a57e47b1,0.798213
user_a4a77a7d,7,user_a743aff9,0.794566
user_a4a77a7d,8,user_4f755977,0.788276
user_a4a77a7d,9,user_8f39f021,0.786790
user_a4a77a7d,10,user_84e93af7,0.784093
user_a4a77a7d,11,user_bd05225b,0.783851
user_a4a77a7d,12,user_5993b36a,0.782811
user_a4a77a7d,13,user_96013176,0.782482
user_a4a77a7d,14,user_2e81a539,0.782082
user_a4a77a7d,15,user_636ad58f,0.782028
user_a4aab257,1,user_18522854,0.798163
user_a4aab257,2,user_405db206,0.760766
user_a4aab257,3,user_f107081e,0.756768
user_a4aab257,4,user_07ec3726,0.750866
user_a4aab257,5,user_2e05a7a0,0.746650
user_a4aab257,6,user_25b48a9a,0.737608
user_a4aab257,7,user_a6c2e760,0.737242
user_a4aab257,8,user_67acd9b1,0.736376
user_a4aab257,9,user_8be3f554,0.731223
user_a4aab257,10,user_b350e22b,0.728376
user_a4aab257,11,user_4d4f73a6,0.726430
user_a4aab257,12,user_2eb5d860,0.723215
user_a4aab257,13,user_f930e37f,0.721318
user_a4aab257,14,user_9a5457b0,0.720864
user_a4aab257,15,user_d2bd9832,0.720093
user_a4ae4e77,1,user_0a245f61,0.900152
user_a4ae4e77,2,user_eae91488,0.884705
user_a4ae4e77,3,user_b4214db6,0.841082
user_a4ae4e77,4,user_5881b259,0.817237
user_a4ae4e77,5,user_723406a0,0.814379
user_a4ae4e77,6,user_a743aff9,0.794279
user_a4ae4e77,7,user_c39d41d7,0.774207
user_a4ae4e77,8,user_1ef33a43,0.761158
user_a4ae4e77,9,user_eb0927d1,0.759527
user_a4ae4e77,10,user_cb2fe204,0.750216
user_a4ae4e77,11,user_a57e47b1,0.750076
user_a4ae4e77,12,user_ab30f0fb,0.748120
user_a4ae4e77,13,user_4b139395,0.747851
user_a4ae4e77,14,user_1f1dc5e0,0.746377
user_a4ae4e77,15,user_dbc4828c,0.744461
user_a52dd639,1,user_a52dd639,0.922629
user_a52dd639,2,user_1a4bec69,0.860900
user_a52dd639,3,user_e409a56d,0.760233
user_a52dd639,4,user_67fa915e,0.756019
user_a52dd639,5,user_b2aba63a,0.735689
user_a52dd639,6,user_902af20f,0.734429
user_a52dd639,7,user_2c2a5c24,0.718306
user_a52dd639,8,user_00a2f533,0.712472
user_a52dd639,9,user_6fa47d61,0.709454
user_a52dd639,10,user_25652863,0.707374
user_a52dd639,11,user_2efde048,0.694473
user_a52dd639,12,user_58bfeaad,0.693909
user_a52dd639,13,user_7de6f343,0.693515
user_a52dd639,14,user_74cfb8ef,0.687256
user_a52dd639,15,user_08c32973,0.680231
user_a57a04fa,1,user_8d22714e,0.812326
user_a57a04fa,2,user_0669bdf6,0.804653
user_a57a04fa,3,user_858fa00c,0.782573
user_a57a04fa,4,user_5ac1a174,0.781973
user_a57a04fa,5,user_df8dc9bb,0.776740
user_a57a04fa,6,user_0cc626ee,0.766413
user_a57a04fa,7,user_032e5bc8,0.748013
user_a57a04fa,8,user_83afc7b2,0.746136
user_a57a04fa,9,user_90e5fee6,0.741824
user_a57a04fa,10,user_8e97a154,0.738655
user_a57a04fa,11,user_f27da10a,0.737476
user_a57a04fa,12,user_226be32f,0.735920
user_a57a04fa,13,user_a75b4d6e,0.735643
user_a57a04fa,14,user_ed3091a2,0.735266
user_a57a04fa,15,user_f0cf195f,0.733595
user_a57e47b1,1,user_b6d05d1d,0.876446
user_a57e47b1,2,user_56e6d0cd,0.827723
user_a57e47b1,3,user_c2f18cf7,0.820509
user_a57e47b1,4,user_9dda4af9,0.806523
user_a57e47b1,5,user_57c1d6c0,0.797420
user_a57e47b1,6,user_54b19b29,0.775808
user_a57e47b1,7,user_ec574395,0.775314
user_a57e47b1,8,user_25b48a9a,0.772959
user_a57e47b1,9,user_8be3f554,0.772192
user_a57e47b1,10,user_d036c911,0.771218
user_a57e47b1,11,user_b49274ca,0.770439
user_a57e47b1,12,user_6fbf6191,0.769941
user_a57e47b1,13,user_8f8346ad,0.766841
user_a57e47b1,14,user_d93b53bd,0.765789
user_a57e47b1,15,user_c35d6565,0.764538
user_a6a094cf,1,user_a6a094cf,0.737163
user_a6a094cf,2,user_86685a27,0.660061
user_a6a094cf,3,user_f5c4370b,0.622086
user_a6a094cf,4,user_dcf52d26,0.617629
user_a6a094cf,5,user_78eff25f,0.595434
user_a6a094cf,6,user_ca130b8f,0.590370
user_a6a094cf,7,user_1bcbacb3,0.581494
user_a6a094cf,8,user_8afa3eba,0.579010
user_a6a094cf,9,user_598cc905,0.565687
user_a6a094cf,10,user_59e8bc2a,0.558297
user_a6a094cf,11,user_6058434c,0.553069
user_a6a094cf,12,user_49b1ac46,0.534652
user_a6a094cf,13,user_9b517815,0.534544
user_a6a094cf,14,user_e70b6a25,0.531471
user_a6a094cf,15,user_d5d4fc6e,0.527787
user_a743aff9,1,user_69df6330,0.881878
user_a743aff9,2,user_e8d15537,0.858808
user_a743aff9,3,user_a743aff9,0.857780
user_a743aff9,4,user_c39d41d7,0.855599
user_a743aff9,5,user_b49274ca,0.853986
user_a743aff9,6,user_5881b259,0.847185
user_a743aff9,7,user_f654c33b,0.844902
user_a743aff9,8,user_723406a0,0.838346
user_a743aff9,9,user_dbc4828c,0.835053
user_a743aff9,10,user_636ad58f,0.831806
user_a743aff9,11,user_c60d65b5,0.829139
user_a743aff9,12,user_84e93af7,0.827709
user_a743aff9,13,user_fde2d265,0.819127
user_a743aff9,14,user_8e217d1b,0.818295
user_a743aff9,15,user_d1d16d30,0.806720
user_a8dc91a3,1,user_2e05a7a0,0.780572
user_a8dc91a3,2,user_c994138f,0.767250
user_a8dc91a3,3,user_67acd9b1,0.762848
user_a8dc91a3,4,user_daf37424,0.762067
user_a8dc91a3,5,user_8be3f554,0.745196
user_a8dc91a3,6,user_e802076d,0.744142
user_a8dc91a3,7,user_b350e22b,0.739068
user_a8dc91a3,8,user_c8f82360,0.732493
user_a8dc91a3,9,user_fb8f46c8,0.732235
user_a8dc91a3,10,user_a8dc91a3,0.732179
user_a8dc91a3,11,user_32934d38,0.731864
user_a8dc91a3,12,user_91f807b9,0.730220
user_a8dc91a3,13,user_ab86ab82,0.729553
user_a8dc91a3,14,user_8285a696,0.728811
user_a8dc91a3,15,user_5c82df31,0.728069
user_a973cf8e,1,user_65d73ac1,0.747550
user_a973cf8e,2,user_f14dc486,0.736546
user_a973cf8e,3,user_c8f82360,0.732031
user_a973cf8e,4,user_515ae840,0.719927
user_a973cf8e,5,user_2b03934e,0.719632
user_a973cf8e,6,user_18522854,0.705678
user_a973cf8e,7,user_829844fd,0.694340
user_a973cf8e,8,user_9c5cd7fa,0.688388
user_a973cf8e,9,user_79a1811b,0.683798
user_a973cf8e,10,user_fe922ad0,0.677731
user_a973cf8e,11,user_406c399e,0.676760
user_a973cf8e,12,user_b2dd04c8,0.676513
user_a973cf8e,13,user_2f766c23,0.669755
user_a973cf8e,14,user_74d27419,0.667424
user_a973cf8e,15,user_d67450a8,0.660282
user_a9ed5193,1,user_baa70592,0.849333
user_a9ed5193,2,user_1b2d69c1,0.808065
user_a9ed5193,3,user_e30558fe,0.792514
user_a9ed5193,4,user_74c84045,0.763782
user_a9ed5193,5,user_58892c7c,0.735331
user_a9ed5193,6,user_81c4dae1,0.683064
user_a9ed5193,7,user_f030b951,0.682005
user_a9ed5193,8,user_3ff3188b,0.676518
user_a9ed5193,9,user_e6dd44b0,0.674748
user_a9ed5193,10,user_07faa0fc,0.667413
user_a9ed5193,11,user_e9d1886c,0.663182
user_a9ed5193,12,user_98f18241,0.655280
user_a9ed5193,13,user_04f39d22,0.646272
user_a9ed5193,14,user_8d968cfb,0.642105
user_a9ed5193,15,user_e409a56d,0.640918
user_aa4cc34a,1,user_aa4cc34a,0.714248
user_aa4cc34a,2,user_d10d1f24,0.681271
user_aa4cc34a,3,user_2817ec11,0.675376
user_aa4cc34a,4,user_543e79f5,0.657548
user_aa4cc34a,5,user_903329bb,0.651510
user_aa4cc34a,6,user_fb64cb55,0.639769
user_aa4cc34a,7,user_5d7cbf11,0.639304
user_aa4cc34a,8,user_835666af,0.627483
user_aa4cc34a,9,user_2dc10d2d,0.614875
user_aa4cc34a,10,user_00723699,0.596669
user_aa4cc34a,11,user_be06391b,0.594228
user_aa4cc34a,12,user_6011e674,0.589316
user_aa4cc34a,13,user_acb51eed,0.578357
user_aa4cc34a,14,user_4aaa8404,0.574614
user_aa4cc34a,15,user_940c7213,0.573969
user_aaa1e595,1,user_3431c049,0.771565
user_aaa1e595,2,user_ffe2efae,0.750076
user_aaa1e595,3,user_0d32f0ed,0.747207
user_aaa1e595,4,user_70bbda36,0.741238
user_aaa1e595,5,user_107259c3,0.734591
user_aaa1e595,6,user_586752e4,0.730171
user_aaa1e595,7,user_7f623d19,0.728751
user_aaa1e595,8,user_1f636ddc,0.727096
user_aaa1e595,9,user_67acd9b1,0.724665
user_aaa1e595,10,user_5c9b579a,0.724098
user_aaa1e595,11,user_ea67f9c6,0.719333
user_aaa1e595,12,user_c994138f,0.718602
user_aaa1e595,13,user_885e8708,0.718328
user_aaa1e595,14,user_476670f9,0.716071
user_aaa1e595,15,user_02fecea2,0.714793
user_ab434739,1,user_3353b96b,0.756075
user_ab434739,2,user_ab434739,0.705820
user_ab434739,3,user_4a40c36a,0.690511
user_ab434739,4,user_76638121,0.685026
user_ab434739,5,user_e5f67397,0.684325
user_ab434739,6,user_ffe2efae,0.682540
user_ab434739,7,user_1022be44,0.682210
user_ab434739,8,user_9ee84e18,0.681465
user_ab434739,9,user_5738db35,0.681049
user_ab434739,10,user_9fe4e0f5,0.673206
user_ab434739,11,user_94cad3a5,0.671593
user_ab434739,12,user_a411fb06,0.667828
user_ab434739,13,user_0128a546,0.666955
user_ab434739,14,user_a5e548ce,0.659356
user_ab434739,15,user_8fb63eca,0.657980
user_ab439a92,1,user_ab439a92,0.776254
user_ab439a92,2,user_f54058d0,0.738575
user_ab439a92,3,user_8e92b8c1,0.725356
user_ab439a92,4,user_c1718b7b,0.694965
user_ab439a92,5,user_0ff0b922,0.680573
user_ab439a92,6,user_9a5457b0,0.679516
user_ab439a92,7,user_f1157204,0.677900
user_ab439a92,8,user_3431c049,0.675267
user_ab439a92,9,user_e64d80ba,0.673950
user_ab439a92,10,user_1246b252,0.671959
user_ab439a92,11,user_b2aba63a,0.670326
user_ab439a92,12,user_ed1aaed8,0.667964
user_ab439a92,13,user_8ae8c359,0.663266
user_ab439a92,14,user_0b1b1d1c,0.657227
user_ab439a92,15,user_ea67f9c6,0.654098
user_ab5592eb,1,user_d0c1bf72,0.796907
user_ab5592eb,2,user_71f7b692,0.726751
user_ab5592eb,3,user_0eeab432,0.713999
user_ab5592eb,4,user_ab5592eb,0.711009
user_ab5592eb,5,user_d8335067,0.657721
user_ab5592eb,6,user_2b03934e,0.649717
user_ab5592eb,7,user_6b311f43,0.648318
user_ab5592eb,8,user_caebed72,0.625992
user_ab5592eb,9,user_b58aa810,0.621327
user_ab5592eb,10,user_80dc757f,0.618757
user_ab5592eb,11,user_36d44add,0.617942
user_ab5592eb,12,user_38f4dfac,0.608577
user_ab5592eb,13,user_406c399e,0.602676
user_ab5592eb,14,user_a8dc91a3,0.602348
user_ab5592eb,15,user_7aa3746b,0.595053
user_ab8e847b,1,user_c7beef01,0.818207
user_ab8e847b,2,user_ffe2efae,0.787771
user_ab8e847b,3,user_9c88ee3d,0.771024
user_ab8e847b,4,user_94cad3a5,0.769135
user_ab8e847b,5,user_9b6481e4,0.767528
user_ab8e847b,6,user_07ec3726,0.757819
user_ab8e847b,7,user_a16d1fb6,0.746493
user_ab8e847b,8,user_0128a546,0.745812
user_ab8e847b,9,user_4a57e449,0.742567
user_ab8e847b,10,user_3b79395c,0.740930
user_ab8e847b,11,user_efb27a8e,0.739995
user_ab8e847b,12,user_f930e37f,0.729641
user_ab8e847b,13,user_7709815a,0.726294
user_ab8e847b,14,user_67acd9b1,0.722967
user_ab8e847b,15,user_ab8e847b,0.721803
user_abde0618,1,user_b45d0d20,0.736517
user_abde0618,2,user_7d6962d9,0.656273
user_abde0618,3,user_aae78e0d,0.649822
user_abde0618,4,user_2920b35e,0.609069
user_abde0618,5,user_79a1811b,0.601224
user_abde0618,6,user_8713f22a,0.580653
user_abde0618,7,user_829844fd,0.572754
user_abde0618,8,user_33f2a818,0.568407
user_abde0618,9,user_b2dd04c8,0.560948
user_abde0618,10,user_bd47000f,0.560746
user_abde0618,11,user_a2825b06,0.558414
user_abde0618,12,user_2a704b9c,0.555608
user_abde0618,13,user_3971c3e6,0.548298
user_abde0618,14,user_18522854,0.547683
user_abde0618,15,user_02d8a1f8,0.547300
user_ac6d6bff,1,user_ac6d6bff,0.763925
user_ac6d6bff,2,user_0d32f0ed,0.752294
user_ac6d6bff,3,user_81a80789,0.740338
user_ac6d6bff,4,user_7b5f54c0,0.719610
user_ac6d6bff,5,user_ba010eec,0.709285
user_ac6d6bff,6,user_b4d7e69a,0.707879
user_ac6d6bff,7,user_6169d3b8,0.702200
user_ac6d6bff,8,user_83585fc6,0.700762
user_ac6d6bff,9,user_1ae8e7f5,0.697827
user_ac6d6bff,10,user_3431c049,0.695654
user_ac6d6bff,11,user_baeb91b3,0.695435
user_ac6d6bff,12,user_25798310,0.695149
user_ac6d6bff,13,user_3b1da5d9,0.692671
user_ac6d6bff,14,user_b0129d9e,0.689948
user_ac6d6bff,15,user_166a3647,0.689083
user_ac6e9129,1,user_4a40c36a,0.837133
user_ac6e9129,2,user_1022be44,0.773099
user_ac6e9129,3,user_5fddc7f1,0.726137
user_ac6e9129,4,user_a5e548ce,0.721168
user_ac6e9129,5,user_ac6e9129,0.711348
user_ac6e9129,6,user_c73333a5,0.700504
user_ac6e9129,7,user_e5f67397,0.697799
user_ac6e9129,8,user_c81fae29,0.694143
user_ac6e9129,9,user_6a28fa5d,0.693101
user_ac6e9129,10,user_ab434739,0.690461
user_ac6e9129,11,user_687feee4,0.678208
user_ac6e9129,12,user_3353b96b,0.676171
user_ac6e9129,13,user_a411fb06,0.668836
user_ac6e9129,14,user_434f3511,0.668315
user_ac6e9129,15,user_8eac0a68,0.667139
user_acb51eed,1,user_9c5cd7fa,0.758194
user_acb51eed,2,user_daf53db6,0.755274
user_acb51eed,3,user_2f766c23,0.702050
user_acb51eed,4,user_f14dc486,0.701832
user_acb51eed,5,user_d20928cc,0.696180
user_acb51eed,6,user_4bf6a4a0,0.679966
user_acb51eed,7,user_bbb0205e,0.676994
user_acb51eed,8,user_543e79f5,0.676047
user_acb51eed,9,user_c32db875,0.674671
user_acb51eed,10,user_126670d7,0.668276
user_acb51eed,11,user_a4aab257,0.666289
user_acb51eed,12,user_b429ec64,0.661469
user_acb51eed,13,user_63b4ae7a,0.657774
user_acb51eed,14,user_00723699,0.656957
user_acb51eed,15,user_c0392523,0.651995
user_acb899e9,1,user_107259c3,0.838100
user_acb899e9,2,user_e2e59795,0.836663
user_acb899e9,3,user_6476648d,0.803218
user_acb899e9,4,user_7c7220a4,0.787310
user_acb899e9,5,user_74cfb8ef,0.781357
user_acb899e9,6,user_b1d0760b,0.771747
user_acb899e9,7,user_f070eee7,0.771617
user_acb899e9,8,user_b4f295b3,0.771258
user_acb899e9,9,user_e696f3ae,0.764779
user_acb899e9,10,user_5c9b579a,0.763769
user_acb899e9,11,user_586752e4,0.762171
user_acb899e9,12,user_9a307ebe,0.761656
user_acb899e9,13,user_acb899e9,0.761594
user_acb899e9,14,user_02016939,0.756027
user_acb899e9,15,user_6169d3b8,0.754443
user_acd6ddfb,1,user_b6350ec1,0.855636
user_acd6ddfb,2,user_fba6bcd4,0.841092
user_acd6ddfb,3,user_aa2fbe83,0.839005
user_acd6ddfb,4,user_b16e0cf8,0.831907
user_acd6ddfb,5,user_95d648bc,0.826832
user_acd6ddfb,6,user_a01f16ac,0.825497
user_acd6ddfb,7,user_afff552a,0.822753
user_acd6ddfb,8,user_ee89e069,0.821462
user_acd6ddfb,9,user_17607ebc,0.818805
user_acd6ddfb,10,user_636ad58f,0.815418
user_acd6ddfb,11,user_1a2755b3,0.813657
user_acd6ddfb,12,user_d6175d39,0.813588
user_acd6ddfb,13,user_5881b259,0.813272
user_acd6ddfb,14,user_c39d41d7,0.811004
user_acd6ddfb,15,user_e5a6abbe,0.810623
user_ad15a0a4,1,user_aa4cc34a,0.891740
user_ad15a0a4,2,user_fb64cb55,0.837188
user_ad15a0a4,3,user_903329bb,0.827636
user_ad15a0a4,4,user_6011e674,0.800529
user_ad15a0a4,5,user_d10d1f24,0.775774
user_ad15a0a4,6,user_835666af,0.768650
user_ad15a0a4,7,user_2dc10d2d,0.741423
user_ad15a0a4,8,user_33c6501d,0.726806
user_ad15a0a4,9,user_5d7cbf11,0.718452
user_ad15a0a4,10,user_59e8bc2a,0.717410
user_ad15a0a4,11,user_737dd050,0.715575
user_ad15a0a4,12,user_7af2ed90,0.709922
user_ad15a0a4,13,user_940c7213,0.709771
user_ad15a0a4,14,user_00723699,0.708162
user_ad15a0a4,15,user_acb51eed,0.703077
user_b1c16312,1,user_b350e22b,0.697901
user_b1c16312,2,user_96013176,0.693598
user_b1c16312,3,user_f6188968,0.682045
user_b1c16312,4,user_e7ff2beb,0.677836
user_b1c16312,5,user_f930e37f,0.676772
user_b1c16312,6,user_6deada35,0.676693
user_b1c16312,7,user_147d1bbb,0.672863
user_b1c16312,8,user_e5a6abbe,0.671593
user_b1c16312,9,user_c994138f,0.669727
user_b1c16312,10,user_daf37424,0.657014
user_b1c16312,11,user_2e81a539,0.653662
user_b1c16312,12,user_9571d0d5,0.652915
user_b1c16312,13,user_8dd20d7f,0.650506
user_b1c16312,14,user_94cad3a5,0.649561
user_b1c16312,15,user_25798310,0.649417
user_b23aa915,1,user_fde2d265,0.778688
user_b23aa915,2,user_dae4304f,0.777091
user_b23aa915,3,user_d849ac6e,0.773042
user_b23aa915,4,user_69df6330,0.771469
user_b23aa915,5,user_b49274ca,0.767417
user_b23aa915,6,user_8e217d1b,0.766481
user_b23aa915,7,user_cf393213,0.766334
user_b23aa915,8,user_e1730a9c,0.764660
user_b23aa915,9,user_41d0c897,0.764377
user_b23aa915,10,user_8be3f554,0.763759
user_b23aa915,11,user_c34e791e,0.762542
user_b23aa915,12,user_2dd5b531,0.759240
user_b23aa915,13,user_89e04335,0.758047
user_b23aa915,14,user_1b7f8c56,0.757514
user_b23aa915,15,user_c39d41d7,0.757054
user_b2aba63a,1,user_04f39d22,0.842054
user_b2aba63a,2,user_7de6f343,0.838652
user_b2aba63a,3,user_82c86537,0.829405
user_b2aba63a,4,user_0bc8e727,0.824190
user_b2aba63a,5,user_daf59045,0.824014
user_b2aba63a,6,user_74cfb8ef,0.821521
user_b2aba63a,7,user_a3a4a20a,0.818298
user_b2aba63a,8,user_421ae417,0.807446
user_b2aba63a,9,user_4ea1ef09,0.797059
user_b2aba63a,10,user_2c2a5c24,0.791619
user_b2aba63a,11,user_43049634,0.786329
user_b2aba63a,12,user_7c3d63ce,0.785233
user_b2aba63a,13,user_6d421600,0.783175
user_b2aba63a,14,user_ba8b1c05,0.762193
user_b2aba63a,15,user_83e45cc0,0.760608
user_b2dd04c8,1,user_54c1ebee,0.796788
user_b2dd04c8,2,user_147d1bbb,0.794567
user_b2dd04c8,3,user_885e8708,0.792986
user_b2dd04c8,4,user_25798310,0.792512
user_b2dd04c8,5,user_df8dc9bb,0.784963
user_b2dd04c8,6,user_e8a7be73,0.782009
user_b2dd04c8,7,user_8d22714e,0.780290
user_b2dd04c8,8,user_ed1aaed8,0.771085
user_b2dd04c8,9,user_e6057285,0.768513
user_b2dd04c8,10,user_83afc7b2,0.766112
user_b2dd04c8,11,user_a01f16ac,0.765583
user_b2dd04c8,12,user_5a6f92a6,0.763411
user_b2dd04c8,13,user_a4893af1,0.762126
user_b2dd04c8,14,user_70bbda36,0.760204
user_b2dd04c8,15,user_38433566,0.757952
user_b2f3c0d2,1,user_959adfc8,0.634095
user_b2f3c0d2,2,user_7d6962d9,0.632150
user_b2f3c0d2,3,user_30802254,0.628778
user_b2f3c0d2,4,user_b2dd04c8,0.623322
user_b2f3c0d2,5,user_1232c39b,0.619071
user_b2f3c0d2,6,user_a2503734,0.613528
user_b2f3c0d2,7,user_a7c6197a,0.602200
user_b2f3c0d2,8,user_886f7373,0.597140
user_b2f3c0d2,9,user_1cbb30b1,0.593520
user_b2f3c0d2,10,user_0521a7ac,0.589864
user_b2f3c0d2,11,user_18522854,0.587427
user_b2f3c0d2,12,user_5c5a0b40,0.587235
user_b2f3c0d2,13,user_be06391b,0.585103
user_b2f3c0d2,14,user_33f2a818,0.583626
user_b2f3c0d2,15,user_a151ddab,0.582412
user_b325310b,1,user_2d74cd4c,0.877355
user_b325310b,2,user_99c67f2f,0.861811
user_b325310b,3,user_b325310b,0.855187
user_b325310b,4,user_649f4327,0.806509
user_b325310b,5,user_08aa624b,0.802826
user_b325310b,6,user_6011e674,0.801421
user_b325310b,7,user_417702c5,0.799292
user_b325310b,8,user_f8e2246f,0.792454
user_b325310b,9,user_6bb64984,0.786564
user_b325310b,10,user_b6b89f00,0.786162
user_b325310b,11,user_9c5cd7fa,0.783772
user_b325310b,12,user_71b9b8e0,0.780857
user_b325310b,13,user_2f766c23,0.774053
user_b325310b,14,user_65d73ac1,0.773243
user_b325310b,15,user_8fbb6d9c,0.771554
user_b337cb0c,1,user_b337cb0c,0.858614
user_b337cb0c,2,user_0b64b183,0.853289
user_b337cb0c,3,user_c06d9b71,0.812596
user_b337cb0c,4,user_1a2755b3,0.811364
user_b337cb0c,5,user_405db206,0.810913
user_b337cb0c,6,user_5881b259,0.810606
user_b337cb0c,7,user_fba6bcd4,0.809097
user_b337cb0c,8,user_02d8a1f8,0.808572
user_b337cb0c,9,user_a01f16ac,0.807431
user_b337cb0c,10,user_ef954c6e,0.804431
user_b337cb0c,11,user_50e2a836,0.803728
user_b337cb0c,12,user_e5a6abbe,0.802618
user_b337cb0c,13,user_e6057285,0.800853
user_b337cb0c,14,user_b350e22b,0.800133
user_b337cb0c,15,user_ebddf9c1,0.799130
user_b49274ca,1,user_c154e834,0.771185
user_b49274ca,2,user_0b5c256a,0.764083
user_b49274ca,3,user_0cee87f3,0.763048
user_b49274ca,4,user_c35d6565,0.761373
user_b49274ca,5,user_f654c33b,0.760666
user_b49274ca,6,user_c34e791e,0.753835
user_b49274ca,7,user_91f807b9,0.749745
user_b49274ca,8,user_b49274ca,0.749052
user_b49274ca,9,user_7aa3746b,0.747403
user_b49274ca,10,user_daf37424,0.740390
user_b49274ca,11,user_c994138f,0.739486
user_b49274ca,12,user_b6d05d1d,0.737792
user_b49274ca,13,user_f107081e,0.737426
user_b49274ca,14,user_adab54a0,0.734325
user_b49274ca,15,user_1a2755b3,0.729643
user_b4d7e69a,1,user_15179955,0.896923
user_b4d7e69a,2,user_e802076d,0.873602
user_b4d7e69a,3,user_80dc757f,0.869572
user_b4d7e69a,4,user_ef954c6e,0.863333
user_b4d7e69a,5,user_1a2755b3,0.863043
user_b4d7e69a,6,user_b350e22b,0.857045
user_b4d7e69a,7,user_b337cb0c,0.850240
user_b4d7e69a,8,user_40a0bad3,0.845770
user_b4d7e69a,9,user_e5a6abbe,0.839788
user_b4d7e69a,10,user_886f7373,0.836564
user_b4d7e69a,11,user_1b7f8c56,0.835292
user_b4d7e69a,12,user_c5f32c0d,0.835002
user_b4d7e69a,13,user_147d1bbb,0.831834
user_b4d7e69a,14,user_405db206,0.829658
user_b4d7e69a,15,user_c06d9b71,0.827954
user_b4f295b3,1,user_0c8c48ac,0.631417
user_b4f295b3,2,user_6058434c,0.582549
user_b4f295b3,3,user_a411fb06,0.523320
user_b4f295b3,4,user_9c88ee3d,0.493899
user_b4f295b3,5,user_16b87e34,0.477743
user_b4f295b3,6,user_f3f15c55,0.475509
user_b4f295b3,7,user_41b20ee4,0.466608
user_b4f295b3,8,user_d0a0f883,0.464084
user_b4f295b3,9,user_ab434739,0.462120
user_b4f295b3,10,user_52f895f1,0.457736
user_b4f295b3,11,user_3353b96b,0.457200
user_b4f295b3,12,user_a2f8bfd2,0.456354
user_b4f295b3,13,user_07db2c6a,0.454388
user_b4f295b3,14,user_823846de,0.449578
user_b4f295b3,15,user_22b484cb,0.449368
user_b563e90b,1,user_74da5a13,0.789656
user_b563e90b,2,user_b9d253e8,0.770865
user_b563e90b,3,user_3ff88cf0,0.730473
user_b563e90b,4,user_c92c8f83,0.729718
user_b563e90b,5,user_cc1c8897,0.727233
user_b563e90b,6,user_a7145605,0.726305
user_b563e90b,7,user_3850eb9e,0.720439
user_b563e90b,8,user_8e48a3f8,0.719924
user_b563e90b,9,user_72b93300,0.719689
user_b563e90b,10,user_476670f9,0.718425
user_b563e90b,11,user_83b871b5,0.710233
user_b563e90b,12,user_81c4dae1,0.701088
user_b563e90b,13,user_ae306850,0.694072
user_b563e90b,14,user_166a3647,0.692687
user_b563e90b,15,user_b14ec02b,0.684878
user_b5af9db9,1,user_886f7373,0.770382
user_b5af9db9,2,user_8739102b,0.767586
user_b5af9db9,3,user_e802076d,0.751024
user_b5af9db9,4,user_5881b259,0.738210
user_b5af9db9,5,user_b350e22b,0.735035
user_b5af9db9,6,user_e6057285,0.732467
user_b5af9db9,7,user_bd05225b,0.732126
user_b5af9db9,8,user_df8dc9bb,0.731632
user_b5af9db9,9,user_eb0927d1,0.730898
user_b5af9db9,10,user_869fcb2b,0.730368
user_b5af9db9,11,user_c008345b,0.729652
user_b5af9db9,12,user_0a3bcf86,0.727801
user_b5af9db9,13,user_3239132f,0.727136
user_b5af9db9,14,user_acb51eed,0.726488
user_b5af9db9,15,user_a4a77a7d,0.726440
user_b628264a,1,user_eda37c14,0.782398
user_b628264a,2,user_f5fea76f,0.746044
user_b628264a,3,user_22adb798,0.739502
user_b628264a,4,user_92fe4471,0.737159
user_b628264a,5,user_414a6eaf,0.699267
user_b628264a,6,user_f10e7063,0.697789
user_b628264a,7,user_3b90fb53,0.680691
user_b628264a,8,user_737d3148,0.658173
user_b628264a,9,user_858fa00c,0.655383
user_b628264a,10,user_e59c000f,0.650921
user_b628264a,11,user_9fc3c829,0.650706
user_b628264a,12,user_ba4a78fc,0.635872
user_b628264a,13,user_2e81a539,0.632270
user_b628264a,14,user_39aad1a2,0.626633
user_b628264a,15,user_bd05225b,0.620157
user_b6350ec1,1,user_7aa3746b,0.863271
user_b6350ec1,2,user_b16e0cf8,0.861505
user_b6350ec1,3,user_b6350ec1,0.856472
user_b6350ec1,4,user_c39d41d7,0.836374
user_b6350ec1,5,user_dc32d458,0.835093
user_b6350ec1,6,user_d199bef3,0.827206
user_b6350ec1,7,user_095ff43e,0.823057
user_b6350ec1,8,user_636ad58f,0.822645
user_b6350ec1,9,user_dd1d7b22,0.816832
user_b6350ec1,10,user_adab54a0,0.814904
user_b6350ec1,11,user_5881b259,0.814363
user_b6350ec1,12,user_f654c33b,0.810199
user_b6350ec1,13,user_1a2755b3,0.810004
user_b6350ec1,14,user_df3c19a7,0.807015
user_b6350ec1,15,user_83e30c57,0.801739
user_b63ea1d4,1,user_b63ea1d4,0.868337
user_b63ea1d4,2,user_acd6ddfb,0.858952
user_b63ea1d4,3,user_aabd2642,0.852691
user_b63ea1d4,4,user_81a80789,0.837800
user_b63ea1d4,5,user_7b5f54c0,0.833452
user_b63ea1d4,6,user_d6175d39,0.796720
user_b63ea1d4,7,user_25798310,0.792499
user_b63ea1d4,8,user_3b1da5d9,0.788175
user_b63ea1d4,9,user_02fecea2,0.787951
user_b63ea1d4,10,user_364bb955,0.785800
user_b63ea1d4,11,user_5c9b579a,0.781896
user_b63ea1d4,12,user_6deada35,0.780429
user_b63ea1d4,13,user_54c1ebee,0.779663
user_b63ea1d4,14,user_2c69b83e,0.779611
user_b63ea1d4,15,user_2f4cc646,0.778758
user_b6b89f00,1,user_dbbf562e,0.652540
user_b6b89f00,2,user_8a3bbeb2,0.645501
user_b6b89f00,3,user_c7beef01,0.596871
user_b6b89f00,4,user_9d8095fc,0.592962
user_b6b89f00,5,user_04d8419e,0.570631
user_b6b89f00,6,user_81a80789,0.565812
user_b6b89f00,7,user_0d32f0ed,0.559452
user_b6b89f00,8,user_52f895f1,0.551690
user_b6b89f00,9,user_8c11f026,0.551375
user_b6b89f00,10,user_763b4ffe,0.551225
user_b6b89f00,11,user_a7b901f2,0.549059
user_b6b89f00,12,user_89f449b4,0.547146
user_b6b89f00,13,user_3bc84c13,0.537593
user_b6b89f00,14,user_3431c049,0.531047
user_b6b89f00,15,user_ebe17c78,0.525951
user_b7ba6422,1,user_c06d9b71,0.838407
user_b7ba6422,2,user_ef954c6e,0.832808
user_b7ba6422,3,user_cdd86523,0.828772
user_b7ba6422,4,user_2cb4b018,0.828089
user_b7ba6422,5,user_0a3bcf86,0.827722
user_b7ba6422,6,user_40a0bad3,0.822106
user_b7ba6422,7,user_1a2755b3,0.820218
user_b7ba6422,8,user_ebddf9c1,0.817004
user_b7ba6422,9,user_b350e22b,0.811934
user_b7ba6422,10,user_69df6330,0.807383
user_b7ba6422,11,user_a743aff9,0.805451
user_b7ba6422,12,user_cf393213,0.804461
user_b7ba6422,13,user_1b7f8c56,0.800797
user_b7ba6422,14,user_45926b89,0.799605
user_b7ba6422,15,user_f51339f8,0.799540
user_b888c512,1,user_03969305,0.872718
user_b888c512,2,user_f930e37f,0.863532
user_b888c512,3,user_fdc08e26,0.859422
user_b888c512,4,user_1b7f8c56,0.857742
user_b888c512,5,user_9571d0d5,0.855150
user_b888c512,6,user_e59c000f,0.849559
user_b888c512,7,user_058c1800,0.845521
user_b888c512,8,user_7924afc9,0.840888
user_b888c512,9,user_16ac4154,0.838076
user_b888c512,10,user_6fc85c06,0.833558
user_b888c512,11,user_2dd5b531,0.833547
user_b888c512,12,user_69df6330,0.831121
user_b888c512,13,user_1df51301,0.829652
user_b888c512,14,user_94f185bc,0.829147
user_b888c512,15,user_f27da10a,0.826541
user_b8f24804,1,user_25b48a9a,0.794862
user_b8f24804,2,user_f930e37f,0.781840
user_b8f24804,3,user_cdd86523,0.769683
user_b8f24804,4,user_6fc85c06,0.767285
user_b8f24804,5,user_56980aa9,0.765299
user_b8f24804,6,user_9571d0d5,0.762042
user_b8f24804,7,user_b9036662,0.758248
user_b8f24804,8,user_6fbf6191,0.752047
user_b8f24804,9,user_c4c70447,0.749132
user_b8f24804,10,user_07ec3726,0.747596
user_b8f24804,11,user_03969305,0.745769
user_b8f24804,12,user_69df6330,0.739593
user_b8f24804,13,user_ee8d5ec5,0.738488
user_b8f24804,14,user_b49274ca,0.738200
user_b8f24804,15,user_40a0bad3,0.735080
user_b9036662,1,user_3a39cc49,0.522955
user_b9036662,2,user_c90ad79a,0.513153
user_b9036662,3,user_07db2c6a,0.481332
user_b9036662,4,user_2cb4b018,0.474699
user_b9036662,5,user_32ae32f9,0.473495
user_b9036662,6,user_98ca16a6,0.465732
user_b9036662,7,user_f0cf195f,0.461014
user_b9036662,8,user_48669fd6,0.457604
user_b9036662,9,user_a5e548ce,0.456229
user_b9036662,10,user_d691d016,0.454657
user_b9036662,11,user_fb8f46c8,0.454170
user_b9036662,12,user_39aad1a2,0.450254
user_b9036662,13,user_cbabbcee,0.448638
user_b9036662,14,user_a75b16f2,0.447514
user_b9036662,15,user_0d32f0ed,0.446788
user_ba010eec,1,user_2c69b83e,0.841746
user_ba010eec,2,user_aabd2642,0.831551
user_ba010eec,3,user_16ac4154,0.825186
user_ba010eec,4,user_b63ea1d4,0.820549
user_ba010eec,5,user_9a5457b0,0.816665
user_ba010eec,6,user_fdc08e26,0.816405
user_ba010eec,7,user_fdcaaf41,0.810831
user_ba010eec,8,user_885e8708,0.808565
user_ba010eec,9,user_3b1da5d9,0.805492
user_ba010eec,10,user_67acd9b1,0.795849
user_ba010eec,11,user_e696f3ae,0.794492
user_ba010eec,12,user_7f623d19,0.792383
user_ba010eec,13,user_acd6ddfb,0.789035
user_ba010eec,14,user_3431c049,0.787262
user_ba010eec,15,user_1b7f8c56,0.784533
user_ba463257,1,user_9dda4af9,0.715585
user_ba463257,2,user_96c3cc43,0.700779
user_ba463257,3,user_19952166,0.700066
user_ba463257,4,user_66a7ce5a,0.688051
user_ba463257,5,user_582ff5b2,0.679675
user_ba463257,6,user_56e6d0cd,0.677224
user_ba463257,7,user_b6d05d1d,0.677069
user_ba463257,8,user_07cb458d,0.675662
user_ba463257,9,user_d6175d39,0.672297
user_ba463257,10,user_378003e3,0.671576
user_ba463257,11,user_c35d6565,0.669092
user_ba463257,12,user_57c1d6c0,0.661172
user_ba463257,13,user_ba463257,0.656100
user_ba463257,14,user_ca6074df,0.653980
user_ba463257,15,user_8be3f554,0.653086
user_ba8b1c05,1,user_74cfb8ef,0.823149
user_ba8b1c05,2,user_ba8b1c05,0.807519
user_ba8b1c05,3,user_7de6f343,0.790026
user_ba8b1c05,4,user_aabd2642,0.779873
user_ba8b1c05,5,user_64cd3098,0.769548
user_ba8b1c05,6,user_02fecea2,0.766887
user_ba8b1c05,7,user_b0129d9e,0.760027
user_ba8b1c05,8,user_7c3d63ce,0.759428
user_ba8b1c05,9,user_b63ea1d4,0.755973
user_ba8b1c05,10,user_58bfeaad,0.753717
user_ba8b1c05,11,user_e2e59795,0.750399
user_ba8b1c05,12,user_166a3647,0.746041
user_ba8b1c05,13,user_8fb63eca,0.745838
user_ba8b1c05,14,user_3b1da5d9,0.743207
user_ba8b1c05,15,user_b1a5a37e,0.740558
user_baeb91b3,1,user_c7beef01,0.809048
user_baeb91b3,2,user_0d32f0ed,0.755093
user_baeb91b3,3,user_3bc84c13,0.713992
user_baeb91b3,4,user_1f636ddc,0.711570
user_baeb91b3,5,user_7f623d19,0.710208
user_baeb91b3,6,user_72bed676,0.707769
user_baeb91b3,7,user_3431c049,0.697880
user_baeb91b3,8,user_baeb91b3,0.692269
user_baeb91b3,9,user_70bbda36,0.683004
user_baeb91b3,10,user_107259c3,0.677775
user_baeb91b3,11,user_daf37424,0.669045
user_baeb91b3,12,user_3666402b,0.667148
user_baeb91b3,13,user_ffe2efae,0.664047
user_baeb91b3,14,user_a7b901f2,0.662618
user_baeb91b3,15,user_586752e4,0.659907
user_baf68fe9,1,user_63b4ae7a,0.652105
user_baf68fe9,2,user_d14b7d7b,0.621321
user_baf68fe9,3,user_8c0c7619,0.618419
user_baf68fe9,4,user_2c3eb234,0.608321
user_baf68fe9,5,user_baf68fe9,0.598595
user_baf68fe9,6,user_8006727d,0.596649
user_baf68fe9,7,user_26565155,0.590818
user_baf68fe9,8,user_4bf6a4a0,0.590432
user_baf68fe9,9,user_f14dc486,0.582726
user_baf68fe9,10,user_515ae840,0.575812
user_baf68fe9,11,user_33b2b77f,0.567907
user_baf68fe9,12,user_d20928cc,0.550443
user_baf68fe9,13,user_46bb5302,0.547552
user_baf68fe9,14,user_126670d7,0.539674
user_baf68fe9,15,user_ba4f42bb,0.539430
user_bb8be7e3,1,user_19622b77,0.813963
user_bb8be7e3,2,user_683369b1,0.799180
user_bb8be7e3,3,user_f44f615a,0.713730
user_bb8be7e3,4,user_41b20ee4,0.706255
user_bb8be7e3,5,user_52f895f1,0.674009
user_bb8be7e3,6,user_37be663c,0.662053
user_bb8be7e3,7,user_942ff21e,0.610800
user_bb8be7e3,8,user_fa69a385,0.609935
user_bb8be7e3,9,user_0b1b1d1c,0.609105
user_bb8be7e3,10,user_3666402b,0.598814
user_bb8be7e3,11,user_0bd8ba7c,0.587181
user_bb8be7e3,12,user_c1718b7b,0.584066
user_bb8be7e3,13,user_338e1332,0.579307
user_bb8be7e3,14,user_c50a487d,0.577469
user_bb8be7e3,15,user_f2f860bd,0.575144
user_bbcbf015,1,user_33f2a818,0.784845
user_bbcbf015,2,user_7cb1ae65,0.653367
user_bbcbf015,3,user_7d6962d9,0.636865
user_bbcbf015,4,user_b45d0d20,0.575814
user_bbcbf015,5,user_8da30894,0.574151
user_bbcbf015,6,user_3ce4c1f8,0.556021
user_bbcbf015,7,user_80da26a6,0.553176
user_bbcbf015,8,user_18522854,0.549068
user_bbcbf015,9,user_0dfb7397,0.538207
user_bbcbf015,10,user_b2dd04c8,0.535555
user_bbcbf015,11,user_2a41ee39,0.515642
user_bbcbf015,12,user_d5d4fc6e,0.504156
user_bbcbf015,13,user_1232c39b,0.496265
user_bbcbf015,14,user_2f766c23,0.487180
user_bbcbf015,15,user_0f006eec,0.485212
user_bbe73426,1,user_9600e8bf,0.770882
user_bbe73426,2,user_886f7373,0.756665
user_bbe73426,3,user_80dc757f,0.754164
user_bbe73426,4,user_959adfc8,0.751530
user_bbe73426,5,user_30802254,0.728251
user_bbe73426,6,user_0a3bcf86,0.727568
user_bbe73426,7,user_bbe73426,0.725080
user_bbe73426,8,user_f0b144fc,0.721809
user_bbe73426,9,user_394c25cc,0.718116
user_bbe73426,10,user_6d071251,0.717853
user_bbe73426,11,user_c35d6565,0.715281
user_bbe73426,12,user_02d03e8a,0.714477
user_bbe73426,13,user_15179955,0.710832
user_bbe73426,14,user_38dc2894,0.710543
user_bbe73426,15,user_e802076d,0.704022
user_bd19a016,1,user_657c72ca,0.374483
user_bd19a016,2,user_406c399e,0.366991
user_bd19a016,3,user_2f766c23,0.365433
user_bd19a016,4,user_2b03934e,0.363199
user_bd19a016,5,user_f030b951,0.362786
user_bd19a016,6,user_b2dd04c8,0.352926
user_bd19a016,7,user_df3c19a7,0.345897
user_bd19a016,8,user_79a1811b,0.342515
user_bd19a016,9,user_65d73ac1,0.342394
user_bd19a016,10,user_6b311f43,0.338800
user_bd19a016,11,user_91f5e7af,0.338694
user_bd19a016,12,user_18522854,0.336575
user_bd19a016,13,user_5d1b0daf,0.336248
user_bd19a016,14,user_aa31484a,0.335553
user_bd19a016,15,user_2920b35e,0.334603
user_bd47000f,1,user_166a3647,0.804552
user_bd47000f,2,user_bd47000f,0.804114
user_bd47000f,3,user_cbabbcee,0.803070
user_bd47000f,4,user_df8dc9bb,0.788895
user_bd47000f,5,user_bd05225b,0.781149
user_bd47000f,6,user_ded778b8,0.779148
user_bd47000f,7,user_f0cf195f,0.777527
user_bd47000f,8,user_e6dd44b0,0.776819
user_bd47000f,9,user_3e284ba5,0.776257
user_bd47000f,10,user_81a80789,0.774645
user_bd47000f,11,user_70bbda36,0.773855
user_bd47000f,12,user_a2825b06,0.772321
user_bd47000f,13,user_03410579,0.771748
user_bd47000f,14,user_4144252d,0.768145
user_bd47000f,15,user_7c7220a4,0.766532
user_bdcc6e7d,1,user_e802076d,0.818029
user_bdcc6e7d,2,user_fba6bcd4,0.804815
user_bdcc6e7d,3,user_03969305,0.794712
user_bdcc6e7d,4,user_c35d6565,0.785980
user_bdcc6e7d,5,user_394c25cc,0.779709
user_bdcc6e7d,6,user_88b2faba,0.774821
user_bdcc6e7d,7,user_b16e0cf8,0.772325
user_bdcc6e7d,8,user_94f185bc,0.771078
user_bdcc6e7d,9,user_adab54a0,0.769360
user_bdcc6e7d,10,user_5526cbfd,0.764946
user_bdcc6e7d,11,user_bdcc6e7d,0.763512
user_bdcc6e7d,12,user_c5f32c0d,0.761192
user_bdcc6e7d,13,user_886f7373,0.760694
user_bdcc6e7d,14,user_e6057285,0.757651
user_bdcc6e7d,15,user_e59c000f,0.755379
user_be06391b,1,user_1b7f8c56,0.845979
user_be06391b,2,user_2cb4b018,0.826667
user_be06391b,3,user_f8e2246f,0.823637
user_be06391b,4,user_33c6501d,0.821236
user_be06391b,5,user_acb51eed,0.814957
user_be06391b,6,user_be06391b,0.806887
user_be06391b,7,user_5993b36a,0.805887
user_be06391b,8,user_9e39a95d,0.803052
user_be06391b,9,user_afff552a,0.793711
user_be06391b,10,user_95d648bc,0.792673
user_be06391b,11,user_6c2d672f,0.788757
user_be06391b,12,user_a01f16ac,0.785926
user_be06391b,13,user_d3663143,0.783610
user_be06391b,14,user_1c45ab75,0.783202
user_be06391b,15,user_e838707b,0.780244
user_beca29a3,1,user_beca29a3,0.796536
user_beca29a3,2,user_0cd29f02,0.557157
user_beca29a3,3,user_f3a9f844,0.536262
user_beca29a3,4,user_72b93300,0.515198
user_beca29a3,5,user_e838707b,0.510139
user_beca29a3,6,user_2cb4b018,0.509612
user_beca29a3,7,user_ef05ad51,0.504954
user_beca29a3,8,user_b325310b,0.504761
user_beca29a3,9,user_00723699,0.504335
user_beca29a3,10,user_8739102b,0.499404
user_beca29a3,11,user_043ea160,0.492134
user_beca29a3,12,user_6deada35,0.484857
user_beca29a3,13,user_acb51eed,0.484843
user_beca29a3,14,user_33c6501d,0.476272
user_beca29a3,15,user_835666af,0.474016
user_bf30f80d,1,user_4ea1ef09,0.873680
user_bf30f80d,2,user_ba8b1c05,0.864982
user_bf30f80d,3,user_421ae417,0.854909
user_bf30f80d,4,user_74cfb8ef,0.853189
user_bf30f80d,5,user_40efa894,0.851449
user_bf30f80d,6,user_eced69e7,0.842149
user_bf30f80d,7,user_7de6f343,0.834666
user_bf30f80d,8,user_04f39d22,0.834110
user_bf30f80d,9,user_2e60c125,0.832471
user_bf30f80d,10,user_7c3d63ce,0.815357
user_bf30f80d,11,user_6fa47d61,0.814789
user_bf30f80d,12,user_82c86537,0.814614
user_bf30f80d,13,user_2c2a5c24,0.811319
user_bf30f80d,14,user_f3377028,0.809331
user_bf30f80d,15,user_83e45cc0,0.809099
user_c008345b,1,user_adab54a0,0.879399
user_c008345b,2,user_2dd5b531,0.867039
user_c008345b,3,user_daf37424,0.865556
user_c008345b,4,user_e802076d,0.853071
user_c008345b,5,user_c34e791e,0.837972
user_c008345b,6,user_0eb2abf1,0.837563
user_c008345b,7,user_0a3bcf86,0.831349
user_c008345b,8,user_dae4304f,0.830521
user_c008345b,9,user_1a2755b3,0.829839
user_c008345b,10,user_69df6330,0.825531
user_c008345b,11,user_9a307ebe,0.825289
user_c008345b,12,user_03969305,0.822171
user_c008345b,13,user_c994138f,0.819770
user_c008345b,14,user_8be3f554,0.817834
user_c008345b,15,user_b6d05d1d,0.816481
user_c0392523,1,user_7af2ed90,0.822734
user_c0392523,2,user_2dc10d2d,0.784821
user_c0392523,3,user_acb51eed,0.783616
user_c0392523,4,user_737dd050,0.779148
user_c0392523,5,user_fb64cb55,0.779099
user_c0392523,6,user_d10d1f24,0.772847
user_c0392523,7,user_b350e22b,0.769538
user_c0392523,8,user_6f6b71fc,0.766022
user_c0392523,9,user_e838707b,0.755128
user_c0392523,10,user_1b7f8c56,0.747854
user_c0392523,11,user_8e97a154,0.746230
user_c0392523,12,user_00723699,0.745056
user_c0392523,13,user_940c7213,0.743594
user_c0392523,14,user_aa2fbe83,0.740233
user_c0392523,15,user_33c6501d,0.735505
user_c06d9b71,1,user_c06d9b71,0.875300
user_c06d9b71,2,user_9600e8bf,0.870118
user_c06d9b71,3,user_80dc757f,0.847861
user_c06d9b71,4,user_ef954c6e,0.834548
user_c06d9b71,5,user_1a2755b3,0.831044
user_c06d9b71,6,user_15179955,0.828827
user_c06d9b71,7,user_fde2d265,0.825360
user_c06d9b71,8,user_d1d16d30,0.816318
user_c06d9b71,9,user_5881b259,0.814674
user_c06d9b71,10,user_45926b89,0.812902
user_c06d9b71,11,user_02d03e8a,0.808273
user_c06d9b71,12,user_f654c33b,0.806889
user_c06d9b71,13,user_2dd5b531,0.806755
user_c06d9b71,14,user_b49274ca,0.806595
user_c06d9b71,15,user_b16e0cf8,0.804907
user_c0eba9f2,1,user_3239132f,0.850913
user_c0eba9f2,2,user_3e284ba5,0.837555
user_c0eba9f2,3,user_5c82df31,0.827486
user_c0eba9f2,4,user_a6c5a10c,0.825656
user_c0eba9f2,5,user_500badda,0.816944
user_c0eba9f2,6,user_a4893af1,0.811444
user_c0eba9f2,7,user_ff591131,0.808588
user_c0eba9f2,8,user_df8dc9bb,0.805560
user_c0eba9f2,9,user_e6057285,0.799606
user_c0eba9f2,10,user_fcf93ee8,0.795472
user_c0eba9f2,11,user_1a7d6cd5,0.794996
user_c0eba9f2,12,user_0898fc4b,0.793003
user_c0eba9f2,13,user_cbabbcee,0.792773
user_c0eba9f2,14,user_03410579,0.792698
user_c0eba9f2,15,user_f0cf195f,0.790411
user_c130412b,1,user_2f4cc646,0.774585
user_c130412b,2,user_476670f9,0.722390
user_c130412b,3,user_fa69a385,0.708149
user_c130412b,4,user_338e1332,0.707419
user_c130412b,5,user_7b5f54c0,0.698952
user_c130412b,6,user_3666402b,0.696108
user_c130412b,7,user_1a7d6cd5,0.685587
user_c130412b,8,user_67acd9b1,0.680234
user_c130412b,9,user_d691d016,0.679833
user_c130412b,10,user_1246b252,0.679157
user_c130412b,11,user_36e75535,0.676925
user_c130412b,12,user_c994138f,0.672795
user_c130412b,13,user_0b1b1d1c,0.672296
user_c130412b,14,user_3b79395c,0.671235
user_c130412b,15,user_e8613813,0.669850
user_c154e834,1,user_9a5457b0,0.808018
user_c154e834,2,user_9351238d,0.801637
user_c154e834,3,user_25b48a9a,0.801376
user_c154e834,4,user_e8e9acac,0.798124
user_c154e834,5,user_67acd9b1,0.781320
user_c154e834,6,user_e0c65725,0.777890
user_c154e834,7,user_9ee84e18,0.772873
user_c154e834,8,user_b9036662,0.768662
user_c154e834,9,user_f54058d0,0.767390
user_c154e834,10,user_3b79395c,0.767157
user_c154e834,11,user_3f2894b5,0.766280
user_c154e834,12,user_f930e37f,0.765087
user_c154e834,13,user_4d4f73a6,0.764182
user_c154e834,14,user_259776c7,0.762689
user_c154e834,15,user_c994138f,0.760267
user_c157ca97,1,user_c157ca97,0.786740
user_c157ca97,2,user_52d3881c,0.778172
user_c157ca97,3,user_e88c308b,0.669588
user_c157ca97,4,user_3535252b,0.657355
user_c157ca97,5,user_d499c752,0.618230
user_c157ca97,6,user_043ea160,0.610431
user_c157ca97,7,user_3971c3e6,0.607845
user_c157ca97,8,user_164fe4b8,0.598174
user_c157ca97,9,user_efcacf59,0.587272
user_c157ca97,10,user_833d8832,0.582728
user_c157ca97,11,user_72b93300,0.564339
user_c157ca97,12,user_83e45cc0,0.556543
user_c157ca97,13,user_d2c97c8e,0.555914
user_c157ca97,14,user_ef05ad51,0.554988
user_c157ca97,15,user_338e1332,0.554760
user_c204a1dd,1,user_cf393213,0.802101
user_c204a1dd,2,user_f4f9490d,0.798560
user_c204a1dd,3,user_f930e37f,0.792475
user_c204a1dd,4,user_03969305,0.787817
user_c204a1dd,5,user_2dd5b531,0.782206
user_c204a1dd,6,user_1df51301,0.781014
user_c204a1dd,7,user_cdd86523,0.764215
user_c204a1dd,8,user_aa2fbe83,0.763699
user_c204a1dd,9,user_c34e791e,0.763509
user_c204a1dd,10,user_43049634,0.761020
user_c204a1dd,11,user_1b7f8c56,0.758281
user_c204a1dd,12,user_e6057285,0.758188
user_c204a1dd,13,user_e59c000f,0.757905
user_c204a1dd,14,user_88b2faba,0.754606
user_c204a1dd,15,user_dc32d458,0.750509
user_c2f18cf7,1,user_03969305,0.845413
user_c2f18cf7,2,user_e696f3ae,0.813476
user_c2f18cf7,3,user_f930e37f,0.809915
user_c2f18cf7,4,user_e59c000f,0.809362
user_c2f18cf7,5,user_45926b89,0.807668
user_c2f18cf7,6,user_fdc08e26,0.805102
user_c2f18cf7,7,user_98f18241,0.804316
user_c2f18cf7,8,user_5c9b579a,0.803771
user_c2f18cf7,9,user_67acd9b1,0.802454
user_c2f18cf7,10,user_5526cbfd,0.800018
user_c2f18cf7,11,user_9a307ebe,0.799707
user_c2f18cf7,12,user_04f39d22,0.799654
user_c2f18cf7,13,user_70bbda36,0.799013
user_c2f18cf7,14,user_2c69b83e,0.795723
user_c2f18cf7,15,user_586752e4,0.794761
user_c3040c7c,1,user_a6c5a10c,0.806110
user_c3040c7c,2,user_3239132f,0.798132
user_c3040c7c,3,user_d691d016,0.770318
user_c3040c7c,4,user_54c1ebee,0.766980
user_c3040c7c,5,user_83a58842,0.766122
user_c3040c7c,6,user_e6057285,0.762867
user_c3040c7c,7,user_4144252d,0.752505
user_c3040c7c,8,user_3e284ba5,0.747769
user_c3040c7c,9,user_364bb955,0.743840
user_c3040c7c,10,user_1246b252,0.735605
user_c3040c7c,11,user_7b5f54c0,0.732194
user_c3040c7c,12,user_8fb63eca,0.730400
user_c3040c7c,13,user_cbabbcee,0.727181
user_c3040c7c,14,user_7fef9da8,0.726933
user_c3040c7c,15,user_a7bfc229,0.723096
user_c39d41d7,1,user_56e6d0cd,0.847183
user_c39d41d7,2,user_57c1d6c0,0.799243
user_c39d41d7,3,user_d036c911,0.790157
user_c39d41d7,4,user_b6d05d1d,0.756371
user_c39d41d7,5,user_c34e791e,0.735715
user_c39d41d7,6,user_54b19b29,0.734801
user_c39d41d7,7,user_c2f18cf7,0.717937
user_c39d41d7,8,user_33b2b77f,0.706332
user_c39d41d7,9,user_8d968cfb,0.703769
user_c39d41d7,10,user_dae4304f,0.703367
user_c39d41d7,11,user_b63ea1d4,0.693271
user_c39d41d7,12,user_9dda4af9,0.692802
user_c39d41d7,13,user_c35d6565,0.687445
user_c39d41d7,14,user_3ff3188b,0.685875
user_c39d41d7,15,user_6fbf6191,0.681588
user_c41de62b,1,user_f3f15c55,0.804574
user_c41de62b,2,user_903329bb,0.707059
user_c41de62b,3,user_d10d1f24,0.673943
user_c41de62b,4,user_5b7d5e00,0.672102
user_c41de62b,5,user_6011e674,0.659879
user_c41de62b,6,user_ad15a0a4,0.636561
user_c41de62b,7,user_fb64cb55,0.618205
user_c41de62b,8,user_2817ec11,0.618152
user_c41de62b,9,user_22b484cb,0.599465
user_c41de62b,10,user_aa4cc34a,0.594646
user_c41de62b,11,user_d0a0f883,0.588030
user_c41de62b,12,user_99c67f2f,0.586550
user_c41de62b,13,user_2f766c23,0.576465
user_c41de62b,14,user_2dc10d2d,0.567443
user_c41de62b,15,user_835666af,0.563446
user_c4c70447,1,user_cdd86523,0.828286
user_c4c70447,2,user_50e2a836,0.806741
user_c4c70447,3,user_54b19b29,0.806119
user_c4c70447,4,user_dbc4828c,0.798638
user_c4c70447,5,user_723406a0,0.791077
user_c4c70447,6,user_c4c70447,0.788256
user_c4c70447,7,user_73f34c5d,0.783166
user_c4c70447,8,user_2b271761,0.772409
user_c4c70447,9,user_a57e47b1,0.770019
user_c4c70447,10,user_84e93af7,0.759520
user_c4c70447,11,user_2c69b83e,0.756864
user_c4c70447,12,user_14a2d3c6,0.756137
user_c4c70447,13,user_c39d41d7,0.754808
user_c4c70447,14,user_636ad58f,0.754123
user_c4c70447,15,user_8d968cfb,0.752037
user_c50a487d,1,user_c994138f,0.839661
user_c50a487d,2,user_91db6e48,0.835645
user_c50a487d,3,user_8be3f554,0.831622
user_c50a487d,4,user_67acd9b1,0.830808
user_c50a487d,5,user_586752e4,0.826712
user_c50a487d,6,user_f930e37f,0.823128
user_c50a487d,7,user_daf37424,0.821192
user_c50a487d,8,user_9351238d,0.816739
user_c50a487d,9,user_02fecea2,0.812480
user_c50a487d,10,user_e8e9acac,0.812429
user_c50a487d,11,user_ab86ab82,0.798421
user_c50a487d,12,user_56e6d0cd,0.796002
user_c50a487d,13,user_d2bd9832,0.795469
user_c50a487d,14,user_07ec3726,0.792874
user_c50a487d,15,user_65d73ac1,0.790516
user_c536b01d,1,user_ef954c6e,0.797205
user_c536b01d,2,user_4f8b6987,0.785299
user_c536b01d,3,user_aabd2642,0.778481
user_c536b01d,4,user_bf69de98,0.768557
user_c536b01d,5,user_e5a6abbe,0.766688
user_c536b01d,6,user_15179955,0.764240
user_c536b01d,7,user_e6057285,0.757111
user_c536b01d,8,user_1b7f8c56,0.755083
user_c536b01d,9,user_2373103d,0.750245
user_c536b01d,10,user_39b3eda0,0.750169
user_c536b01d,11,user_fba6bcd4,0.748875
user_c536b01d,12,user_405db206,0.747182
user_c536b01d,13,user_886f7373,0.745648
user_c536b01d,14,user_4e54f3d7,0.744573
user_c536b01d,15,user_6d071251,0.744160
user_c59ebe9c,1,user_33f2a818,0.564268
user_c59ebe9c,2,user_80da26a6,0.513991
user_c59ebe9c,3,user_7d6962d9,0.508127
user_c59ebe9c,4,user_2a41ee39,0.496763
user_c59ebe9c,5,user_1cbb30b1,0.491055
user_c59ebe9c,6,user_b45d0d20,0.485543
user_c59ebe9c,7,user_e5beda2b,0.464086
user_c59ebe9c,8,user_a7c6197a,0.457355
user_c59ebe9c,9,user_aa31484a,0.454595
user_c59ebe9c,10,user_30802254,0.447480
user_c59ebe9c,11,user_10e64e28,0.445347
user_c59ebe9c,12,user_18522854,0.436890
user_c59ebe9c,13,user_7cb1ae65,0.424892
user_c59ebe9c,14,user_0285dee3,0.424885
user_c59ebe9c,15,user_b2dd04c8,0.423412
user_c5c57a9d,1,user_c5c57a9d,0.760386
user_c5c57a9d,2,user_039d004e,0.697623
user_c5c57a9d,3,user_2dd189e3,0.690166
user_c5c57a9d,4,user_c67f26cc,0.666256
user_c5c57a9d,5,user_906e2423,0.619492
user_c5c57a9d,6,user_2eb5d860,0.600776
user_c5c57a9d,7,user_4b139395,0.578203
user_c5c57a9d,8,user_a4aab257,0.569101
user_c5c57a9d,9,user_d20928cc,0.566992
user_c5c57a9d,10,user_6d2cb415,0.565208
user_c5c57a9d,11,user_1232c39b,0.559958
user_c5c57a9d,12,user_51779823,0.556327
user_c5c57a9d,13,user_75251485,0.555539
user_c5c57a9d,14,user_4384dffe,0.553598
user_c5c57a9d,15,user_650da71b,0.552549
user_c5f32c0d,1,user_e6057285,0.782903
user_c5f32c0d,2,user_e5a6abbe,0.781919
user_c5f32c0d,3,user_5881b259,0.775681
user_c5f32c0d,4,user_c5f32c0d,0.775161
user_c5f32c0d,5,user_9600e8bf,0.771648
user_c5f32c0d,6,user_886f7373,0.771299
user_c5f32c0d,7,user_ef954c6e,0.767461
user_c5f32c0d,8,user_54c1ebee,0.766884
user_c5f32c0d,9,user_e802076d,0.761172
user_c5f32c0d,10,user_a01f16ac,0.761006
user_c5f32c0d,11,user_0521a7ac,0.760591
user_c5f32c0d,12,user_636ad58f,0.760320
user_c5f32c0d,13,user_b16e0cf8,0.756823
user_c5f32c0d,14,user_a151ddab,0.756795
user_c5f32c0d,15,user_5c5a0b40,0.756024
user_c60d65b5,1,user_69df6330,0.773341
user_c60d65b5,2,user_e8d15537,0.759506
user_c60d65b5,3,user_5a283043,0.724225
user_c60d65b5,4,user_cdd86523,0.723055
user_c60d65b5,5,user_c60d65b5,0.716917
user_c60d65b5,6,user_56980aa9,0.711133
user_c60d65b5,7,user_a6c2e760,0.707137
user_c60d65b5,8,user_a743aff9,0.704805
user_c60d65b5,9,user_c39d41d7,0.704210
user_c60d65b5,10,user_b9036662,0.703649
user_c60d65b5,11,user_84e93af7,0.703527
user_c60d65b5,12,user_40a0bad3,0.703312
user_c60d65b5,13,user_8f39f021,0.697167
user_c60d65b5,14,user_906e2423,0.696602
user_c60d65b5,15,user_7fd91653,0.695217
user_c67f26cc,1,user_69df6330,0.804441
user_c67f26cc,2,user_3f2fbc90,0.801082
user_c67f26cc,3,user_e8d15537,0.797381
user_c67f26cc,4,user_d2bd9832,0.794249
user_c67f26cc,5,user_c60d65b5,0.785165
user_c67f26cc,6,user_84e93af7,0.783279
user_c67f26cc,7,user_c35d6565,0.779961
user_c67f26cc,8,user_c39d41d7,0.768922
user_c67f26cc,9,user_433bdef0,0.768261
user_c67f26cc,10,user_b49274ca,0.767494
user_c67f26cc,11,user_65d73ac1,0.767115
user_c67f26cc,12,user_40a0bad3,0.766298
user_c67f26cc,13,user_4b139395,0.763598
user_c67f26cc,14,user_a8dc91a3,0.761527
user_c67f26cc,15,user_4db0d490,0.760113
user_c709e252,1,user_25b48a9a,0.858616
user_c709e252,2,user_417702c5,0.826807
user_c709e252,3,user_e8e9acac,0.808332
user_c709e252,4,user_c2f18cf7,0.806488
user_c709e252,5,user_8fbb6d9c,0.787609
user_c709e252,6,user_9dda4af9,0.784812
user_c709e252,7,user_daf53db6,0.780193
user_c709e252,8,user_c41de62b,0.778407
user_c709e252,9,user_649f4327,0.777247
user_c709e252,10,user_6bb64984,0.775398
user_c709e252,11,user_b6d05d1d,0.770986
user_c709e252,12,user_54b19b29,0.770778
user_c709e252,13,user_56e6d0cd,0.764738
user_c709e252,14,user_1c7b7780,0.759400
user_c709e252,15,user_e409a56d,0.758715
user_c809e3d2,1,user_205d25f3,0.853720
user_c809e3d2,2,user_7c3d63ce,0.819894
user_c809e3d2,3,user_d2c97c8e,0.811668
user_c809e3d2,4,user_eced69e7,0.808518
user_c809e3d2,5,user_ba8b1c05,0.803721
user_c809e3d2,6,user_74cfb8ef,0.798851
user_c809e3d2,7,user_82c86537,0.787749
user_c809e3d2,8,user_1f1dc5e0,0.786945
user_c809e3d2,9,user_43049634,0.783141
user_c809e3d2,10,user_421ae417,0.782478
user_c809e3d2,11,user_7bbd1543,0.777964
user_c809e3d2,12,user_83e45cc0,0.776959
user_c809e3d2,13,user_04f39d22,0.773541
user_c809e3d2,14,user_40efa894,0.767894
user_c809e3d2,15,user_920c074a,0.767821
user_c81fae29,1,user_b45d0d20,0.648881
user_c81fae29,2,user_7d6962d9,0.622733
user_c81fae29,3,user_33f2a818,0.584720
user_c81fae29,4,user_3ce4c1f8,0.583280
user_c81fae29,5,user_79a1811b,0.557755
user_c81fae29,6,user_f14dc486,0.548002
user_c81fae29,7,user_2f766c23,0.531791
user_c81fae29,8,user_aae78e0d,0.500632
user_c81fae29,9,user_1232c39b,0.497682
user_c81fae29,10,user_7cb1ae65,0.497460
user_c81fae29,11,user_515ae840,0.491947
user_c81fae29,12,user_543e79f5,0.485943
user_c81fae29,13,user_829844fd,0.483945
user_c81fae29,14,user_d20928cc,0.467430
user_c81fae29,15,user_b2dd04c8,0.465905
user_c883258f,1,user_e8cdb142,0.765185
user_c883258f,2,user_858fa00c,0.756738
user_c883258f,3,user_8e97a154,0.753632
user_c883258f,4,user_8d22714e,0.751990
user_c883258f,5,user_8e5e899b,0.733934
user_c883258f,6,user_83afc7b2,0.729958
user_c883258f,7,user_bd47000f,0.729018
user_c883258f,8,user_0669bdf6,0.725328
user_c883258f,9,user_a7f8db34,0.719738
user_c883258f,10,user_0cc626ee,0.719013
user_c883258f,11,user_29266f60,0.708606
user_c883258f,12,user_165a2706,0.707708
user_c883258f,13,user_a4a77a7d,0.707193
user_c883258f,14,user_a2825b06,0.706713
user_c883258f,15,user_5ac1a174,0.706680
user_c8e749e2,1,user_91f807b9,0.797722
user_c8e749e2,2,user_906e2423,0.759576
user_c8e749e2,3,user_0a3bcf86,0.758976
user_c8e749e2,4,user_cf393213,0.757151
user_c8e749e2,5,user_eb0927d1,0.755393
user_c8e749e2,6,user_2e05a7a0,0.751009
user_c8e749e2,7,user_8f39f021,0.749756
user_c8e749e2,8,user_f4f9490d,0.748040
user_c8e749e2,9,user_8be3f554,0.743538
user_c8e749e2,10,user_6fbf6191,0.738130
user_c8e749e2,11,user_94f185bc,0.723020
user_c8e749e2,12,user_5881b259,0.721197
user_c8e749e2,13,user_b9036662,0.721157
user_c8e749e2,14,user_e6057285,0.721055
user_c8e749e2,15,user_c4c70447,0.720759
user_c903d3bb,1,user_c903d3bb,0.762634
user_c903d3bb,2,user_13fb2e34,0.746711
user_c903d3bb,3,user_09dea596,0.660579
user_c903d3bb,4,user_b9b94432,0.640098
user_c903d3bb,5,user_940c7213,0.612541
user_c903d3bb,6,user_cd100edd,0.608938
user_c903d3bb,7,user_53325367,0.607418
user_c903d3bb,8,user_a7bfc229,0.596347
user_c903d3bb,9,user_c50a487d,0.588022
user_c903d3bb,10,user_cbabbcee,0.585718
user_c903d3bb,11,user_e9d1886c,0.578059
user_c903d3bb,12,user_66772d98,0.577668
user_c903d3bb,13,user_04d29f9c,0.573793
user_c903d3bb,14,user_5a6f92a6,0.567703
user_c903d3bb,15,user_e6057285,0.567337
user_c96b90fe,1,user_c39d41d7,0.876274
user_c96b90fe,2,user_1a2755b3,0.868841
user_c96b90fe,3,user_adab54a0,0.864578
user_c96b90fe,4,user_c96b90fe,0.862206
user_c96b90fe,5,user_69df6330,0.861050
user_c96b90fe,6,user_3ff3188b,0.858088
user_c96b90fe,7,user_c34e791e,0.857400
user_c96b90fe,8,user_fde2d265,0.856950
user_c96b90fe,9,user_dd1d7b22,0.855717
user_c96b90fe,10,user_b49274ca,0.848871
user_c96b90fe,11,user_c008345b,0.848157
user_c96b90fe,12,user_2dd5b531,0.846915
user_c96b90fe,13,user_4db0d490,0.846069
user_c96b90fe,14,user_dbc4828c,0.845206
user_c96b90fe,15,user_f654c33b,0.844241
user_c994138f,1,user_7f56f9a5,0.809451
user_c994138f,2,user_fdc08e26,0.806587
user_c994138f,3,user_f930e37f,0.802732
user_c994138f,4,user_e696f3ae,0.793632
user_c994138f,5,user_1df51301,0.792502
user_c994138f,6,user_d2c97c8e,0.782998
user_c994138f,7,user_394c25cc,0.779040
user_c994138f,8,user_38dc2894,0.779015
user_c994138f,9,user_9a307ebe,0.774393
user_c994138f,10,user_16ac4154,0.774307
user_c994138f,11,user_94cad3a5,0.772061
user_c994138f,12,user_f4f9490d,0.769216
user_c994138f,13,user_03969305,0.768474
user_c994138f,14,user_54c1ebee,0.766432
user_c994138f,15,user_3049510b,0.763786
user_caa6a7b6,1,user_caa6a7b6,0.848459
user_caa6a7b6,2,user_bd6a40d5,0.837881
user_caa6a7b6,3,user_d1d16d30,0.817294
user_caa6a7b6,4,user_7b052f32,0.814597
user_caa6a7b6,5,user_c06d9b71,0.804635
user_caa6a7b6,6,user_fdcaaf41,0.802560
user_caa6a7b6,7,user_f51339f8,0.793236
user_caa6a7b6,8,user_89e04335,0.789037
user_caa6a7b6,9,user_14a2d3c6,0.778920
user_caa6a7b6,10,user_a743aff9,0.778527
user_caa6a7b6,11,user_7c7220a4,0.773867
user_caa6a7b6,12,user_1936a7c3,0.766532
user_caa6a7b6,13,user_1a2755b3,0.764391
user_caa6a7b6,14,user_dca78fea,0.760229
user_caa6a7b6,15,user_fa60616d,0.759455
user_caebed72,1,user_2d74cd4c,0.889941
user_caebed72,2,user_b325310b,0.858720
user_caebed72,3,user_f8e2246f,0.838023
user_caebed72,4,user_8fbb6d9c,0.830712
user_caebed72,5,user_d3663143,0.827198
user_caebed72,6,user_dbc4828c,0.816307
user_caebed72,7,user_9dda4af9,0.814210
user_caebed72,8,user_3ff3188b,0.813637
user_caebed72,9,user_afff552a,0.812131
user_caebed72,10,user_b6b89f00,0.807509
user_caebed72,11,user_417702c5,0.805678
user_caebed72,12,user_b49274ca,0.805013
user_caebed72,13,user_c39d41d7,0.802691
user_caebed72,14,user_6bb64984,0.802303
user_caebed72,15,user_1b7f8c56,0.801110
user_cb2fe204,1,user_a743aff9,0.806740
user_cb2fe204,2,user_b4214db6,0.790363
user_cb2fe204,3,user_32ae32f9,0.789738
user_cb2fe204,4,user_2e81a539,0.785980
user_cb2fe204,5,user_1f1dc5e0,0.784246
user_cb2fe204,6,user_fba6bcd4,0.782562
user_cb2fe204,7,user_5881b259,0.780236
user_cb2fe204,8,user_1936a7c3,0.776195
user_cb2fe204,9,user_bd05225b,0.773102
user_cb2fe204,10,user_bd19a016,0.772436
user_cb2fe204,11,user_e6057285,0.771988
user_cb2fe204,12,user_14a2d3c6,0.771948
user_cb2fe204,13,user_5c82df31,0.769568
user_cb2fe204,14,user_ded778b8,0.768158
user_cb2fe204,15,user_205d25f3,0.767987
user_cb8245f7,1,user_cb8245f7,0.820881
user_cb8245f7,2,user_0e408c4a,0.624569
user_cb8245f7,3,user_2f1085dd,0.561044
user_cb8245f7,4,user_75905116,0.538760
user_cb8245f7,5,user_8eac0a68,0.531974
user_cb8245f7,6,user_8a3bbeb2,0.529419
user_cb8245f7,7,user_795eb408,0.517060
user_cb8245f7,8,user_ba4f42bb,0.508049
user_cb8245f7,9,user_6476648d,0.505877
user_cb8245f7,10,user_e88c308b,0.499887
user_cb8245f7,11,user_e3ea7712,0.498158
user_cb8245f7,12,user_f14dc486,0.494660
user_cb8245f7,13,user_378003e3,0.478306
user_cb8245f7,14,user_d9b8914f,0.477039
user_cb8245f7,15,user_1230e05a,0.470819
user_cdd86523,1,user_18522854,0.602608
user_cdd86523,2,user_a6c2e760,0.545091
user_cdd86523,3,user_30802254,0.539041
user_cdd86523,4,user_33f2a818,0.533620
user_cdd86523,5,user_1b460965,0.533085
user_cdd86523,6,user_5d1b0daf,0.527805
user_cdd86523,7,user_f107081e,0.527510
user_cdd86523,8,user_9600e8bf,0.527298
user_cdd86523,9,user_91f5e7af,0.523278
user_cdd86523,10,user_cf393213,0.521772
user_cdd86523,11,user_7cb1ae65,0.520571
user_cdd86523,12,user_ba463257,0.513307
user_cdd86523,13,user_b7ba6422,0.499530
user_cdd86523,14,user_3ce4c1f8,0.489960
user_cdd86523,15,user_2f766c23,0.487237
user_cf393213,1,user_e6057285,0.837566
user_cf393213,2,user_394c25cc,0.829512
user_cf393213,3,user_886f7373,0.820183
user_cf393213,4,user_bbe73426,0.817907
user_cf393213,5,user_6d071251,0.808545
user_cf393213,6,user_89e04335,0.804217
user_cf393213,7,user_4e800fa1,0.803365
user_cf393213,8,user_9600e8bf,0.801783
user_cf393213,9,user_cf393213,0.797239
user_cf393213,10,user_1f1dc5e0,0.796123
user_cf393213,11,user_38dc2894,0.795301
user_cf393213,12,user_30802254,0.792642
user_cf393213,13,user_0521a7ac,0.791478
user_cf393213,14,user_80dc757f,0.789834
user_cf393213,15,user_e802076d,0.787608
user_d023a78e,1,user_d023a78e,0.794435
user_d023a78e,2,user_9ee84e18,0.686043
user_d023a78e,3,user_9bee2a7c,0.657196
user_d023a78e,4,user_56980aa9,0.650064
user_d023a78e,5,user_454733da,0.649058
user_d023a78e,6,user_4a57e449,0.644316
user_d023a78e,7,user_9571d0d5,0.626830
user_d023a78e,8,user_ba4a78fc,0.623817
user_d023a78e,9,user_e8e9acac,0.623044
user_d023a78e,10,user_ab86ab82,0.617150
user_d023a78e,11,user_126670d7,0.611790
user_d023a78e,12,user_8006727d,0.603589
user_d023a78e,13,user_fb64cb55,0.602946
user_d023a78e,14,user_6ab1739a,0.602834
user_d023a78e,15,user_25b48a9a,0.602270
user_d036c911,1,user_b49274ca,0.869066
user_d036c911,2,user_4db0d490,0.867894
user_d036c911,3,user_d036c911,0.867226
user_d036c911,4,user_c2f18cf7,0.855716
user_d036c911,5,user_69df6330,0.854666
user_d036c911,6,user_adab54a0,0.846011
user_d036c911,7,user_c39d41d7,0.845059
user_d036c911,8,user_dae4304f,0.844580
user_d036c911,9,user_2c69b83e,0.843049
user_d036c911,10,user_e8d15537,0.842716
user_d036c911,11,user_54b19b29,0.838979
user_d036c911,12,user_3ff3188b,0.838754
user_d036c911,13,user_57c1d6c0,0.836593
user_d036c911,14,user_0eb2abf1,0.835987
user_d036c911,15,user_ca6074df,0.833995
user_d074356a,1,user_8e97a154,0.745197
user_d074356a,2,user_fb8f46c8,0.737723
user_d074356a,3,user_737dd050,0.728693
user_d074356a,4,user_815b7baf,0.721884
user_d074356a,5,user_476670f9,0.718379
user_d074356a,6,user_df8dc9bb,0.716891
user_d074356a,7,user_94cad3a5,0.709420
user_d074356a,8,user_166a3647,0.708416
user_d074356a,9,user_586752e4,0.707603
user_d074356a,10,user_daf37424,0.705047
user_d074356a,11,user_1246b252,0.703478
user_d074356a,12,user_ffe2efae,0.703268
user_d074356a,13,user_147d1bbb,0.699635
user_d074356a,14,user_9a307ebe,0.698632
user_d074356a,15,user_3b79395c,0.691088
user_d10d1f24,1,user_99c67f2f,0.839820
user_d10d1f24,2,user_b325310b,0.839424
user_d10d1f24,3,user_649f4327,0.809789
user_d10d1f24,4,user_2d74cd4c,0.803485
user_d10d1f24,5,user_6011e674,0.799525
user_d10d1f24,6,user_2f766c23,0.781569
user_d10d1f24,7,user_f8e2246f,0.781045
user_d10d1f24,8,user_71b9b8e0,0.776774
user_d10d1f24,9,user_8fbb6d9c,0.771232
user_d10d1f24,10,user_b6b89f00,0.755142
user_d10d1f24,11,user_417702c5,0.754535
user_d10d1f24,12,user_d10d1f24,0.750139
user_d10d1f24,13,user_9e39a95d,0.741573
user_d10d1f24,14,user_1b7f8c56,0.721190
user_d10d1f24,15,user_6bb64984,0.720822
user_d14b7d7b,1,user_baeb91b3,0.824709
user_d14b7d7b,2,user_70bbda36,0.814196
user_d14b7d7b,3,user_107259c3,0.794626
user_d14b7d7b,4,user_ea67f9c6,0.789436
user_d14b7d7b,5,user_26fa9d90,0.784608
user_d14b7d7b,6,user_166a3647,0.782949
user_d14b7d7b,7,user_e2e59795,0.774440
user_d14b7d7b,8,user_ded778b8,0.770665
user_d14b7d7b,9,user_81a80789,0.770190
user_d14b7d7b,10,user_0d32f0ed,0.767381
user_d14b7d7b,11,user_7c7220a4,0.761977
user_d14b7d7b,12,user_364bb955,0.761667
user_d14b7d7b,13,user_df8dc9bb,0.756517
user_d14b7d7b,14,user_02016939,0.752263
user_d14b7d7b,15,user_b0129d9e,0.751816
user_d1d16d30,1,user_d1d16d30,0.778327
user_d1d16d30,2,user_caa6a7b6,0.760946
user_d1d16d30,3,user_c06d9b71,0.758519
user_d1d16d30,4,user_7b052f32,0.751473
user_d1d16d30,5,user_9c5071dd,0.750959
user_d1d16d30,6,user_f51339f8,0.734006
user_d1d16d30,7,user_89e04335,0.732003
user_d1d16d30,8,user_a743aff9,0.724170
user_d1d16d30,9,user_36d44add,0.724170
user_d1d16d30,10,user_3ae49e46,0.714915
user_d1d16d30,11,user_ebddf9c1,0.709561
user_d1d16d30,12,user_d8335067,0.708929
user_d1d16d30,13,user_dc326993,0.706383
user_d1d16d30,14,user_18892460,0.706362
user_d1d16d30,15,user_e6057285,0.704714
user_d2c97c8e,1,user_7c3d63ce,0.845737
user_d2c97c8e,2,user_daf59045,0.825783
user_d2c97c8e,3,user_04f39d22,0.820401
user_d2c97c8e,4,user_74cfb8ef,0.816041
user_d2c97c8e,5,user_7de6f343,0.813559
user_d2c97c8e,6,user_d2c97c8e,0.812097
user_d2c97c8e,7,user_82c86537,0.802457
user_d2c97c8e,8,user_0bc8e727,0.798392
user_d2c97c8e,9,user_e2e59795,0.792625
user_d2c97c8e,10,user_a3a4a20a,0.791406
user_d2c97c8e,11,user_421ae417,0.786435
user_d2c97c8e,12,user_83e45cc0,0.783240
user_d2c97c8e,13,user_6d421600,0.779576
user_d2c97c8e,14,user_98f18241,0.776799
user_d2c97c8e,15,user_1b7f8c56,0.776239
user_d4b7e22e,1,user_efa5697b,0.746742
user_d4b7e22e,2,user_3eb49f37,0.731243
user_d4b7e22e,3,user_e4f8ab0c,0.730653
user_d4b7e22e,4,user_ab30f0fb,0.719056
user_d4b7e22e,5,user_78eff25f,0.715344
user_d4b7e22e,6,user_423c81dc,0.708929
user_d4b7e22e,7,user_dac2c359,0.705199
user_d4b7e22e,8,user_d4b7e22e,0.704419
user_d4b7e22e,9,user_4d4f73a6,0.698119
user_d4b7e22e,10,user_9ee84e18,0.692377
user_d4b7e22e,11,user_058d9dc1,0.692088
user_d4b7e22e,12,user_18522854,0.691637
user_d4b7e22e,13,user_3f2fbc90,0.691329
user_d4b7e22e,14,user_7d944883,0.688208
user_d4b7e22e,15,user_ff39b6cf,0.687910
user_d50d7985,1,user_869fcb2b,0.700851
user_d50d7985,2,user_ded778b8,0.682865
user_d50d7985,3,user_70bbda36,0.675708
user_d50d7985,4,user_815b7baf,0.666351
user_d50d7985,5,user_0a3bcf86,0.664942
user_d50d7985,6,user_e802076d,0.655696
user_d50d7985,7,user_8e97a154,0.655629
user_d50d7985,8,user_5a6f92a6,0.652655
user_d50d7985,9,user_586752e4,0.649099
user_d50d7985,10,user_737dd050,0.642714
user_d50d7985,11,user_1fb8e9e5,0.642223
user_d50d7985,12,user_79f38f6d,0.641023
user_d50d7985,13,user_147d1bbb,0.640189
user_d50d7985,14,user_d50d7985,0.636924
user_d50d7985,15,user_df8dc9bb,0.636805
user_d5d4fc6e,1,user_d5d4fc6e,0.704675
user_d5d4fc6e,2,user_9b517815,0.695730
user_d5d4fc6e,3,user_49b1ac46,0.675689
user_d5d4fc6e,4,user_8afa3eba,0.665520
user_d5d4fc6e,5,user_e7a55eac,0.640377
user_d5d4fc6e,6,user_c883258f,0.638258
user_d5d4fc6e,7,user_75251485,0.625239
user_d5d4fc6e,8,user_2c39731d,0.620931
user_d5d4fc6e,9,user_b2f3c0d2,0.616542
user_d5d4fc6e,10,user_e70b6a25,0.616503
user_d5d4fc6e,11,user_d0a0f883,0.611500
user_d5d4fc6e,12,user_78eff25f,0.605502
user_d5d4fc6e,13,user_9f6180c4,0.604174
user_d5d4fc6e,14,user_b7f60e64,0.603861
user_d5d4fc6e,15,user_5f4ee256,0.602450
user_d761140c,1,user_79f04645,0.768909
user_d761140c,2,user_954805d7,0.752097
user_d761140c,3,user_9d65649f,0.745096
user_d761140c,4,user_38f4dfac,0.724916
user_d761140c,5,user_43a979d2,0.724352
user_d761140c,6,user_2e81a539,0.724234
user_d761140c,7,user_a8dc91a3,0.720851
user_d761140c,8,user_df3c19a7,0.716547
user_d761140c,9,user_858fa00c,0.716288
user_d761140c,10,user_29cd4556,0.715495
user_d761140c,11,user_c4c70447,0.707684
user_d761140c,12,user_96013176,0.703192
user_d761140c,13,user_e59c000f,0.701995
user_d761140c,14,user_03969305,0.701539
user_d761140c,15,user_c39d41d7,0.701516
user_d849ac6e,1,user_69df6330,0.842882
user_d849ac6e,2,user_cf393213,0.839345
user_d849ac6e,3,user_1a2755b3,0.830427
user_d849ac6e,4,user_94f185bc,0.826739
user_d849ac6e,5,user_30802254,0.823785
user_d849ac6e,6,user_15179955,0.822709
user_d849ac6e,7,user_2dd5b531,0.820526
user_d849ac6e,8,user_adab54a0,0.818542
user_d849ac6e,9,user_fde2d265,0.816013
user_d849ac6e,10,user_03969305,0.812996
user_d849ac6e,11,user_40a0bad3,0.812533
user_d849ac6e,12,user_e802076d,0.810916
user_d849ac6e,13,user_e1730a9c,0.809827
user_d849ac6e,14,user_89e04335,0.809299
user_d849ac6e,15,user_8f8346ad,0.805841
user_d955d7e2,1,user_8d22714e,0.839402
user_d955d7e2,2,user_636ad58f,0.827254
user_d955d7e2,3,user_5881b259,0.809857
user_d955d7e2,4,user_c5f32c0d,0.795813
user_d955d7e2,5,user_e5a6abbe,0.794710
user_d955d7e2,6,user_91f807b9,0.793636
user_d955d7e2,7,user_d955d7e2,0.790541
user_d955d7e2,8,user_a01f16ac,0.783890
user_d955d7e2,9,user_5c5a0b40,0.782678
user_d955d7e2,10,user_5b714afd,0.781240
user_d955d7e2,11,user_45be01a5,0.780707
user_d955d7e2,12,user_0669bdf6,0.778569
user_d955d7e2,13,user_0fefc28e,0.776016
user_d955d7e2,14,user_d199bef3,0.771320
user_d955d7e2,15,user_723406a0,0.770584
user_da51dede,1,user_da51dede,0.898395
user_da51dede,2,user_476670f9,0.787930
user_da51dede,3,user_166a3647,0.776962
user_da51dede,4,user_900ffd5c,0.770858
user_da51dede,5,user_bb8be7e3,0.760374
user_da51dede,6,user_500badda,0.758156
user_da51dede,7,user_7a8f7f3e,0.751878
user_da51dede,8,user_7b5f54c0,0.747115
user_da51dede,9,user_aabd2642,0.746689
user_da51dede,10,user_b4f295b3,0.745581
user_da51dede,11,user_02fecea2,0.730870
user_da51dede,12,user_74cfb8ef,0.730046
user_da51dede,13,user_1f636ddc,0.727365
user_da51dede,14,user_25798310,0.727037
user_da51dede,15,user_0c578ab5,0.725860
user_dac2c359,1,user_ab30f0fb,0.756646
user_dac2c359,2,user_2b271761,0.754282
user_dac2c359,3,user_efa5697b,0.752433
user_dac2c359,4,user_a4a77a7d,0.743491
user_dac2c359,5,user_7aa3746b,0.738985
user_dac2c359,6,user_0669bdf6,0.732810
user_dac2c359,7,user_d758a0a1,0.730341
user_dac2c359,8,user_0e82fe11,0.728747
user_dac2c359,9,user_b5af9db9,0.718138
user_dac2c359,10,user_14a2d3c6,0.716377
user_dac2c359,11,user_50e2a836,0.713274
user_dac2c359,12,user_636ad58f,0.712130
user_dac2c359,13,user_dbc4828c,0.711037
user_dac2c359,14,user_c39d41d7,0.708072
user_dac2c359,15,user_858fa00c,0.707304
user_daf37424,1,user_daf37424,0.890016
user_daf37424,2,user_c994138f,0.874018
user_daf37424,3,user_96013176,0.856606
user_daf37424,4,user_03969305,0.847816
user_daf37424,5,user_e802076d,0.842913
user_daf37424,6,user_b16e0cf8,0.840356
user_daf37424,7,user_c39d41d7,0.839209
user_daf37424,8,user_c35d6565,0.838302
user_daf37424,9,user_adab54a0,0.833161
user_daf37424,10,user_9a307ebe,0.832512
user_daf37424,11,user_40a0bad3,0.830427
user_daf37424,12,user_1a2755b3,0.828664
user_daf37424,13,user_7aa3746b,0.828383
user_daf37424,14,user_147d1bbb,0.826572
user_daf37424,15,user_b350e22b,0.825751
user_db4c3fb9,1,user_db4c3fb9,0.887997
user_db4c3fb9,2,user_ae306850,0.871256
user_db4c3fb9,3,user_cc1c8897,0.860036
user_db4c3fb9,4,user_3ff88cf0,0.841641
user_db4c3fb9,5,user_74e32d78,0.808026
user_db4c3fb9,6,user_81c4dae1,0.800103
user_db4c3fb9,7,user_43049634,0.798313
user_db4c3fb9,8,user_b14ec02b,0.790689
user_db4c3fb9,9,user_a7145605,0.788786
user_db4c3fb9,10,user_476670f9,0.777977
user_db4c3fb9,11,user_b9d253e8,0.773909
user_db4c3fb9,12,user_c92c8f83,0.772006
user_db4c3fb9,13,user_40efa894,0.763501
user_db4c3fb9,14,user_fba6bcd4,0.754947
user_db4c3fb9,15,user_aabd2642,0.753790
user_dbbf562e,1,user_9b6481e4,0.798147
user_dbbf562e,2,user_c7beef01,0.777199
user_dbbf562e,3,user_ffe2efae,0.749160
user_dbbf562e,4,user_9c88ee3d,0.721527
user_dbbf562e,5,user_9818dcae,0.719393
user_dbbf562e,6,user_3bc84c13,0.715824
user_dbbf562e,7,user_3353b96b,0.714755
user_dbbf562e,8,user_815b7baf,0.713714
user_dbbf562e,9,user_67acd9b1,0.711930
user_dbbf562e,10,user_e696f3ae,0.702680
user_dbbf562e,11,user_94cad3a5,0.702295
user_dbbf562e,12,user_ab8e847b,0.698932
user_dbbf562e,13,user_16ac4154,0.691806
user_dbbf562e,14,user_07ec3726,0.687982
user_dbbf562e,15,user_fdc08e26,0.687357
user_dc326993,1,user_b6d05d1d,0.849958
user_dc326993,2,user_d93b53bd,0.838121
user_dc326993,3,user_8be3f554,0.831640
user_dc326993,4,user_a8dc91a3,0.826270
user_dc326993,5,user_56e6d0cd,0.820597
user_dc326993,6,user_c35d6565,0.816785
user_dc326993,7,user_9dda4af9,0.814433
user_dc326993,8,user_5b698646,0.812206
user_dc326993,9,user_4db0d490,0.807594
user_dc326993,10,user_c2f18cf7,0.806602
user_dc326993,11,user_29cd4556,0.798329
user_dc326993,12,user_adab54a0,0.795672
user_dc326993,13,user_57c1d6c0,0.794648
user_dc326993,14,user_3535252b,0.794538
user_dc326993,15,user_65d73ac1,0.793168
user_dc32d458,1,user_33f2a818,0.718800
user_dc32d458,2,user_b45d0d20,0.681827
user_dc32d458,3,user_7d6962d9,0.597805
user_dc32d458,4,user_1232c39b,0.591043
user_dc32d458,5,user_79a1811b,0.580053
user_dc32d458,6,user_80da26a6,0.572486
user_dc32d458,7,user_7cb1ae65,0.570570
user_dc32d458,8,user_829844fd,0.540688
user_dc32d458,9,user_b2dd04c8,0.536548
user_dc32d458,10,user_18522854,0.532792
user_dc32d458,11,user_f14dc486,0.530061
user_dc32d458,12,user_3ce4c1f8,0.520118
user_dc32d458,13,user_d5d4fc6e,0.517254
user_dc32d458,14,user_2f766c23,0.500849
user_dc32d458,15,user_2a41ee39,0.496634
user_dca78fea,1,user_b16e0cf8,0.875922
user_dca78fea,2,user_3ff3188b,0.857730
user_dca78fea,3,user_dae4304f,0.850620
user_dca78fea,4,user_f030b951,0.840355
user_dca78fea,5,user_1a2755b3,0.834346
user_dca78fea,6,user_c35d6565,0.833801
user_dca78fea,7,user_adab54a0,0.831522
user_dca78fea,8,user_f654c33b,0.831259
user_dca78fea,9,user_15179955,0.830566
user_dca78fea,10,user_df3c19a7,0.829812
user_dca78fea,11,user_c39d41d7,0.828406
user_dca78fea,12,user_b6350ec1,0.828156
user_dca78fea,13,user_7aa3746b,0.827548
user_dca78fea,14,user_9dda4af9,0.825236
user_dca78fea,15,user_81c4dae1,0.823727
user_dd0bd02d,1,user_723406a0,0.848242
user_dd0bd02d,2,user_884ffdb2,0.790253
user_dd0bd02d,3,user_0e82fe11,0.789442
user_dd0bd02d,4,user_c39d41d7,0.781760
user_dd0bd02d,5,user_4db0d490,0.778401
user_dd0bd02d,6,user_ed3091a2,0.771222
user_dd0bd02d,7,user_dbc4828c,0.769746
user_dd0bd02d,8,user_9dda4af9,0.769582
user_dd0bd02d,9,user_b4214db6,0.764944
user_dd0bd02d,10,user_96013176,0.764804
user_dd0bd02d,11,user_29cd4556,0.764411
user_dd0bd02d,12,user_dd0bd02d,0.762150
user_dd0bd02d,13,user_8d22714e,0.762091
user_dd0bd02d,14,user_d955d7e2,0.761967
user_dd0bd02d,15,user_8a760553,0.758638
user_df8dc9bb,1,user_33f2a818,0.738779
user_df8dc9bb,2,user_7d6962d9,0.670930
user_df8dc9bb,3,user_b45d0d20,0.658690
user_df8dc9bb,4,user_7cb1ae65,0.607288
user_df8dc9bb,5,user_1232c39b,0.577283
user_df8dc9bb,6,user_80da26a6,0.575845
user_df8dc9bb,7,user_0dfb7397,0.550556
user_df8dc9bb,8,user_b2dd04c8,0.542429
user_df8dc9bb,9,user_3ce4c1f8,0.533004
user_df8dc9bb,10,user_0f006eec,0.525643
user_df8dc9bb,11,user_aae78e0d,0.521374
user_df8dc9bb,12,user_79a1811b,0.514501
user_df8dc9bb,13,user_2a41ee39,0.513304
user_df8dc9bb,14,user_8da30894,0.506640
user_df8dc9bb,15,user_c1aa2063,0.505551
user_dffc0da5,1,user_a01f16ac,0.869899
user_dffc0da5,2,user_d1d16d30,0.841859
user_dffc0da5,3,user_5881b259,0.825843
user_dffc0da5,4,user_e6057285,0.824436
user_dffc0da5,5,user_7aa3746b,0.823866
user_dffc0da5,6,user_f654c33b,0.811971
user_dffc0da5,7,user_cb2fe204,0.808599
user_dffc0da5,8,user_36d44add,0.801575
user_dffc0da5,9,user_5993b36a,0.800628
user_dffc0da5,10,user_1a2755b3,0.797521
user_dffc0da5,11,user_dae4304f,0.795302
user_dffc0da5,12,user_b16e0cf8,0.794025
user_dffc0da5,13,user_c008345b,0.793814
user_dffc0da5,14,user_bd05225b,0.792534
user_dffc0da5,15,user_dc32d458,0.792405
user_e0c65725,1,user_81a80789,0.821522
user_e0c65725,2,user_b63ea1d4,0.816834
user_e0c65725,3,user_1022be44,0.809030
user_e0c65725,4,user_3b1da5d9,0.794238
user_e0c65725,5,user_7b5f54c0,0.787324
user_e0c65725,6,user_acd6ddfb,0.782661
user_e0c65725,7,user_8713f22a,0.782196
user_e0c65725,8,user_166a3647,0.778683
user_e0c65725,9,user_76638121,0.776298
user_e0c65725,10,user_02fecea2,0.772635
user_e0c65725,11,user_858fa00c,0.770571
user_e0c65725,12,user_9a5457b0,0.766942
user_e0c65725,13,user_25798310,0.766285
user_e0c65725,14,user_1246b252,0.765596
user_e0c65725,15,user_07db2c6a,0.765585
user_e10c98bb,1,user_bbb0205e,0.658594
user_e10c98bb,2,user_c0392523,0.635251
user_e10c98bb,3,user_515ae840,0.611811
user_e10c98bb,4,user_efcacf59,0.606607
user_e10c98bb,5,user_ba4a78fc,0.601675
user_e10c98bb,6,user_2c3eb234,0.595817
user_e10c98bb,7,user_c8f82360,0.588312
user_e10c98bb,8,user_4e42bf97,0.587226
user_e10c98bb,9,user_126670d7,0.580493
user_e10c98bb,10,user_d14b7d7b,0.576191
user_e10c98bb,11,user_daf53db6,0.576041
user_e10c98bb,12,user_8006727d,0.575168
user_e10c98bb,13,user_63b4ae7a,0.574990
user_e10c98bb,14,user_0bd8ba7c,0.574046
user_e10c98bb,15,user_1b460965,0.572777
user_e14b88a8,1,user_e14b88a8,0.798110
user_e14b88a8,2,user_36d44add,0.646634
user_e14b88a8,3,user_13fb2e34,0.635816
user_e14b88a8,4,user_c903d3bb,0.626975
user_e14b88a8,5,user_2e81a539,0.621795
user_e14b88a8,6,user_7a8f7f3e,0.605705
user_e14b88a8,7,user_1246b252,0.604639
user_e14b88a8,8,user_7b4c75ab,0.600528
user_e14b88a8,9,user_09dea596,0.599554
user_e14b88a8,10,user_03410579,0.599162
user_e14b88a8,11,user_18c333c6,0.596883
user_e14b88a8,12,user_4144252d,0.589460
user_e14b88a8,13,user_a7bfc229,0.576551
user_e14b88a8,14,user_eda37c14,0.574824
user_e14b88a8,15,user_6c2d672f,0.572765
user_e1730a9c,1,user_b49274ca,0.875025
user_e1730a9c,2,user_adab54a0,0.873635
user_e1730a9c,3,user_8f8346ad,0.872870
user_e1730a9c,4,user_2dd5b531,0.858356
user_e1730a9c,5,user_b6d05d1d,0.841814
user_e1730a9c,6,user_4db0d490,0.838228
user_e1730a9c,7,user_f654c33b,0.837769
user_e1730a9c,8,user_91f807b9,0.835635
user_e1730a9c,9,user_69df6330,0.835171
user_e1730a9c,10,user_45926b89,0.832448
user_e1730a9c,11,user_e1730a9c,0.832171
user_e1730a9c,12,user_ec574395,0.831079
user_e1730a9c,13,user_0a3bcf86,0.827541
user_e1730a9c,14,user_94f185bc,0.825830
user_e1730a9c,15,user_dae4304f,0.823688
user_e409a56d,1,user_7de6f343,0.901439
user_e409a56d,2,user_74cfb8ef,0.887668
user_e409a56d,3,user_04f39d22,0.886919
user_e409a56d,4,user_daf59045,0.883900
user_e409a56d,5,user_f3377028,0.872424
user_e409a56d,6,user_40efa894,0.866883
user_e409a56d,7,user_421ae417,0.857747
user_e409a56d,8,user_0bc8e727,0.856225
user_e409a56d,9,user_a3a4a20a,0.847861
user_e409a56d,10,user_ba8b1c05,0.847571
user_e409a56d,11,user_2c2a5c24,0.847514
user_e409a56d,12,user_e409a56d,0.846375
user_e409a56d,13,user_64cd3098,0.842679
user_e409a56d,14,user_98f18241,0.840485
user_e409a56d,15,user_83e45cc0,0.839714
user_e4ab67b6,1,user_3eb49f37,0.755120
user_e4ab67b6,2,user_858fa00c,0.752099
user_e4ab67b6,3,user_9ee84e18,0.747843
user_e4ab67b6,4,user_f827c7dd,0.730661
user_e4ab67b6,5,user_ed3091a2,0.728202
user_e4ab67b6,6,user_4d4f73a6,0.696965
user_e4ab67b6,7,user_233fda02,0.689729
user_e4ab67b6,8,user_d758a0a1,0.672086
user_e4ab67b6,9,user_0ef44f54,0.670510
user_e4ab67b6,10,user_17355c30,0.664539
user_e4ab67b6,11,user_8e5e899b,0.657355
user_e4ab67b6,12,user_5ac1a174,0.657313
user_e4ab67b6,13,user_e8e9acac,0.651101
user_e4ab67b6,14,user_454733da,0.649978
user_e4ab67b6,15,user_9571d0d5,0.648873
user_e4f8ab0c,1,user_823846de,0.692029
user_e4f8ab0c,2,user_d4b7e22e,0.677236
user_e4f8ab0c,3,user_9d9fba70,0.672200
user_e4f8ab0c,4,user_e4f8ab0c,0.663040
user_e4f8ab0c,5,user_49b1ac46,0.634346
user_e4f8ab0c,6,user_efa5697b,0.629372
user_e4f8ab0c,7,user_8285a696,0.623340
user_e4f8ab0c,8,user_7d944883,0.621641
user_e4f8ab0c,9,user_d5379647,0.617317
user_e4f8ab0c,10,user_7322f4ef,0.602792
user_e4f8ab0c,11,user_3eb49f37,0.597778
user_e4f8ab0c,12,user_75251485,0.589110
user_e4f8ab0c,13,user_515ae840,0.574668
user_e4f8ab0c,14,user_66a7ce5a,0.567990
user_e4f8ab0c,15,user_d2bd9832,0.567034
user_e51692a6,1,user_1a7d6cd5,0.741967
user_e51692a6,2,user_b0129d9e,0.741303
user_e51692a6,3,user_70bbda36,0.738796
user_e51692a6,4,user_166a3647,0.733347
user_e51692a6,5,user_81a80789,0.731747
user_e51692a6,6,user_586752e4,0.729592
user_e51692a6,7,user_5a6f92a6,0.726114
user_e51692a6,8,user_8713f22a,0.725368
user_e51692a6,9,user_d4c7b4c0,0.721440
user_e51692a6,10,user_7b5f54c0,0.715879
user_e51692a6,11,user_ffe2efae,0.714636
user_e51692a6,12,user_03410579,0.714194
user_e51692a6,13,user_67acd9b1,0.711840
user_e51692a6,14,user_fcf93ee8,0.711289
user_e51692a6,15,user_d2bd9832,0.710153
user_e59c000f,1,user_3f2894b5,0.832152
user_e59c000f,2,user_9571d0d5,0.802745
user_e59c000f,3,user_67acd9b1,0.800840
user_e59c000f,4,user_6fc85c06,0.797252
user_e59c000f,5,user_8be3f554,0.785159
user_e59c000f,6,user_e8e9acac,0.772848
user_e59c000f,7,user_e59c000f,0.766358
user_e59c000f,8,user_c4c70447,0.766343
user_e59c000f,9,user_03969305,0.763317
user_e59c000f,10,user_8f8346ad,0.762838
user_e59c000f,11,user_9ee84e18,0.761781
user_e59c000f,12,user_2e05a7a0,0.756443
user_e59c000f,13,user_f930e37f,0.749278
user_e59c000f,14,user_b9036662,0.748650
user_e59c000f,15,user_058c1800,0.744800
user_e5f67397,1,user_9c88ee3d,0.715195
user_e5f67397,2,user_a411fb06,0.711152
user_e5f67397,3,user_ecf8f97f,0.668356
user_e5f67397,4,user_efb27a8e,0.667479
user_e5f67397,5,user_ab8e847b,0.656811
user_e5f67397,6,user_16b87e34,0.653796
user_e5f67397,7,user_c7beef01,0.648521
user_e5f67397,8,user_3666402b,0.647575
user_e5f67397,9,user_0c8c48ac,0.647494
user_e5f67397,10,user_a16d1fb6,0.636144
user_e5f67397,11,user_c130412b,0.634713
user_e5f67397,12,user_3353b96b,0.623769
user_e5f67397,13,user_ffe2efae,0.623518
user_e5f67397,14,user_88e84020,0.608409
user_e5f67397,15,user_a0517bef,0.600988
user_e64d80ba,1,user_e64d80ba,0.862893
user_e64d80ba,2,user_b4f295b3,0.824917
user_e64d80ba,3,user_0ff0b922,0.778943
user_e64d80ba,4,user_c34e791e,0.776130
user_e64d80ba,5,user_2b79ef0b,0.760582
user_e64d80ba,6,user_0e408c4a,0.708770
user_e64d80ba,7,user_ba085464,0.703979
user_e64d80ba,8,user_7c7220a4,0.693771
user_e64d80ba,9,user_bb8be7e3,0.687834
user_e64d80ba,10,user_a3a4a20a,0.686373
user_e64d80ba,11,user_795eb408,0.682530
user_e64d80ba,12,user_70bbda36,0.672967
user_e64d80ba,13,user_b2aba63a,0.672235
user_e64d80ba,14,user_124651ff,0.670465
user_e64d80ba,15,user_e696f3ae,0.670354
user_e6dd44b0,1,user_c35d6565,0.766453
user_e6dd44b0,2,user_07cb458d,0.765068
user_e6dd44b0,3,user_65d73ac1,0.762474
user_e6dd44b0,4,user_96013176,0.759095
user_e6dd44b0,5,user_2e81a539,0.752949
user_e6dd44b0,6,user_cda36a95,0.751227
user_e6dd44b0,7,user_d6175d39,0.750916
user_e6dd44b0,8,user_9d65649f,0.746756
user_e6dd44b0,9,user_e6dd44b0,0.737702
user_e6dd44b0,10,user_c994138f,0.737641
user_e6dd44b0,11,user_1a2755b3,0.736163
user_e6dd44b0,12,user_8d968cfb,0.735493
user_e6dd44b0,13,user_c39d41d7,0.734798
user_e6dd44b0,14,user_daf37424,0.733341
user_e6dd44b0,15,user_dbc4828c,0.733106
user_e7a55eac,1,user_406c399e,0.785601
user_e7a55eac,2,user_8be3f554,0.734870
user_e7a55eac,3,user_a8dc91a3,0.731078
user_e7a55eac,4,user_d849ac6e,0.724633
user_e7a55eac,5,user_38dc2894,0.720321
user_e7a55eac,6,user_d2bd9832,0.710350
user_e7a55eac,7,user_89e04335,0.710013
user_e7a55eac,8,user_a151ddab,0.703461
user_e7a55eac,9,user_67acd9b1,0.702284
user_e7a55eac,10,user_657c72ca,0.694126
user_e7a55eac,11,user_96013176,0.692716
user_e7a55eac,12,user_c35d6565,0.684753
user_e7a55eac,13,user_84c14a6f,0.684360
user_e7a55eac,14,user_daf37424,0.679547
user_e7a55eac,15,user_e696f3ae,0.677510
user_e802076d,1,user_65d73ac1,0.853179
user_e802076d,2,user_4a57e449,0.825607
user_e802076d,3,user_406c399e,0.807751
user_e802076d,4,user_ab86ab82,0.799178
user_e802076d,5,user_a8dc91a3,0.777606
user_e802076d,6,user_2e05a7a0,0.776231
user_e802076d,7,user_e802076d,0.776093
user_e802076d,8,user_07ec3726,0.768833
user_e802076d,9,user_8be3f554,0.766795
user_e802076d,10,user_d67450a8,0.761080
user_e802076d,11,user_2b03934e,0.756659
user_e802076d,12,user_259776c7,0.752792
user_e802076d,13,user_c7beef01,0.746502
user_e802076d,14,user_32934d38,0.745263
user_e802076d,15,user_4f3b6241,0.738516
user_e838707b,1,user_bbe73426,0.842284
user_e838707b,2,user_1936a7c3,0.802979
user_e838707b,3,user_205d25f3,0.794712
user_e838707b,4,user_cb2fe204,0.793626
user_e838707b,5,user_bf69de98,0.788481
user_e838707b,6,user_1f1dc5e0,0.778809
user_e838707b,7,user_27a3fa64,0.771193
user_e838707b,8,user_69193575,0.768389
user_e838707b,9,user_3049510b,0.765609
user_e838707b,10,user_52c9252c,0.763628
user_e838707b,11,user_38dc2894,0.763085
user_e838707b,12,user_e6057285,0.761741
user_e838707b,13,user_18892460,0.760150
user_e838707b,14,user_394c25cc,0.755761
user_e838707b,15,user_0521a7ac,0.748669
user_e8613813,1,user_7f56f9a5,0.838392
user_e8613813,2,user_54c1ebee,0.816736
user_e8613813,3,user_ed1aaed8,0.814966
user_e8613813,4,user_c994138f,0.813951
user_e8613813,5,user_2e81a539,0.811966
user_e8613813,6,user_f930e37f,0.806404
user_e8613813,7,user_920c074a,0.804604
user_e8613813,8,user_03969305,0.804240
user_e8613813,9,user_fba6bcd4,0.803187
user_e8613813,10,user_aabd2642,0.798281
user_e8613813,11,user_e6057285,0.795586
user_e8613813,12,user_147d1bbb,0.792142
user_e8613813,13,user_405db206,0.791101
user_e8613813,14,user_1b7f8c56,0.790571
user_e8613813,15,user_df8dc9bb,0.790161
user_e88c308b,1,user_15179955,0.804199
user_e88c308b,2,user_2e81a539,0.798409
user_e88c308b,3,user_96013176,0.794478
user_e88c308b,4,user_bd19a016,0.790748
user_e88c308b,5,user_dc326993,0.790063
user_e88c308b,6,user_bbe73426,0.787994
user_e88c308b,7,user_bf69de98,0.787090
user_e88c308b,8,user_72b93300,0.785555
user_e88c308b,9,user_a7b901f2,0.783739
user_e88c308b,10,user_6d071251,0.783439
user_e88c308b,11,user_6deada35,0.781049
user_e88c308b,12,user_17607ebc,0.777943
user_e88c308b,13,user_fba6bcd4,0.775237
user_e88c308b,14,user_1b7f8c56,0.774134
user_e88c308b,15,user_66772d98,0.772461
user_e8a7be73,1,user_14a2d3c6,0.764553
user_e8a7be73,2,user_fba6bcd4,0.730946
user_e8a7be73,3,user_2e81a539,0.730347
user_e8a7be73,4,user_7f56f9a5,0.728058
user_e8a7be73,5,user_84c14a6f,0.725579
user_e8a7be73,6,user_ed1aaed8,0.721900
user_e8a7be73,7,user_d758a0a1,0.720432
user_e8a7be73,8,user_bd05225b,0.717818
user_e8a7be73,9,user_5c9b579a,0.716597
user_e8a7be73,10,user_a743aff9,0.715326
user_e8a7be73,11,user_40a0bad3,0.713505
user_e8a7be73,12,user_43a979d2,0.712690
user_e8a7be73,13,user_5c82df31,0.712023
user_e8a7be73,14,user_f54058d0,0.711643
user_e8a7be73,15,user_886f7373,0.710855
user_e8e9acac,1,user_52f895f1,0.833470
user_e8e9acac,2,user_19622b77,0.763585
user_e8e9acac,3,user_683369b1,0.751364
user_e8e9acac,4,user_942ff21e,0.729460
user_e8e9acac,5,user_37be663c,0.712381
user_e8e9acac,6,user_9d9fba70,0.694059
user_e8e9acac,7,user_41b20ee4,0.678589
user_e8e9acac,8,user_4d4f73a6,0.663486
user_e8e9acac,9,user_8fb63eca,0.660817
user_e8e9acac,10,user_ab8e847b,0.652165
user_e8e9acac,11,user_efb27a8e,0.648240
user_e8e9acac,12,user_f2f860bd,0.647517
user_e8e9acac,13,user_c50a487d,0.632860
user_e8e9acac,14,user_c130412b,0.629806
user_e8e9acac,15,user_e8613813,0.629403
user_e9d1886c,1,user_dae4304f,0.801317
user_e9d1886c,2,user_e696f3ae,0.797517
user_e9d1886c,3,user_02016939,0.789962
user_e9d1886c,4,user_5526cbfd,0.789188
user_e9d1886c,5,user_9a307ebe,0.784677
user_e9d1886c,6,user_1fb8e9e5,0.763525
user_e9d1886c,7,user_d691d016,0.754349
user_e9d1886c,8,user_89e04335,0.751469
user_e9d1886c,9,user_d2c97c8e,0.750189
user_e9d1886c,10,user_b350e22b,0.747949
user_e9d1886c,11,user_c34e791e,0.745776
user_e9d1886c,12,user_cf393213,0.745534
user_e9d1886c,13,user_fdc08e26,0.739033
user_e9d1886c,14,user_a0f5ae47,0.737151
user_e9d1886c,15,user_c35d6565,0.737076
user_ea67f9c6,1,user_e6dd44b0,0.825105
user_ea67f9c6,2,user_586752e4,0.815047
user_ea67f9c6,3,user_7b5f54c0,0.807062
user_ea67f9c6,4,user_02fecea2,0.802729
user_ea67f9c6,5,user_364bb955,0.802229
user_ea67f9c6,6,user_b1a5a37e,0.799487
user_ea67f9c6,7,user_107259c3,0.797374
user_ea67f9c6,8,user_6deada35,0.792831
user_ea67f9c6,9,user_9a307ebe,0.792693
user_ea67f9c6,10,user_70bbda36,0.791992
user_ea67f9c6,11,user_25798310,0.784708
user_ea67f9c6,12,user_6169d3b8,0.784191
user_ea67f9c6,13,user_c994138f,0.782405
user_ea67f9c6,14,user_147d1bbb,0.782086
user_ea67f9c6,15,user_fcf93ee8,0.780680
user_ebe17c78,1,user_cf393213,0.809648
user_ebe17c78,2,user_74d27419,0.788184
user_ebe17c78,3,user_c4c70447,0.784308
user_ebe17c78,4,user_cdd86523,0.760264
user_ebe17c78,5,user_54b19b29,0.758685
user_ebe17c78,6,user_2dd5b531,0.758623
user_ebe17c78,7,user_89e04335,0.752155
user_ebe17c78,8,user_111cfe7d,0.750488
user_ebe17c78,9,user_9bee2a7c,0.749925
user_ebe17c78,10,user_8f8346ad,0.749323
user_ebe17c78,11,user_fde2d265,0.748663
user_ebe17c78,12,user_45926b89,0.745474
user_ebe17c78,13,user_259776c7,0.743689
user_ebe17c78,14,user_6fbf6191,0.736312
user_ebe17c78,15,user_f930e37f,0.729338
user_ec574395,1,user_ab5592eb,0.780989
user_ec574395,2,user_954805d7,0.711800
user_ec574395,3,user_7aa3746b,0.680629
user_ec574395,4,user_79f04645,0.663692
user_ec574395,5,user_8fe14601,0.647067
user_ec574395,6,user_a8dc91a3,0.639409
user_ec574395,7,user_8d968cfb,0.633518
user_ec574395,8,user_aa31484a,0.627404
user_ec574395,9,user_fde2d265,0.627226
user_ec574395,10,user_17607ebc,0.623305
user_ec574395,11,user_9d65649f,0.621459
user_ec574395,12,user_43a979d2,0.618201
user_ec574395,13,user_29cd4556,0.616477
user_ec574395,14,user_2b271761,0.610530
user_ec574395,15,user_38f4dfac,0.604356
user_ecba8131,1,user_daf37424,0.864057
user_ecba8131,2,user_c35d6565,0.844561
user_ecba8131,3,user_adab54a0,0.831393
user_ecba8131,4,user_bdcc6e7d,0.829024
user_ecba8131,5,user_406c399e,0.822738
user_ecba8131,6,user_e802076d,0.810676
user_ecba8131,7,user_c994138f,0.803154
user_ecba8131,8,user_9dda4af9,0.799926
user_ecba8131,9,user_65d73ac1,0.798134
user_ecba8131,10,user_dae4304f,0.794413
user_ecba8131,11,user_7aa3746b,0.793557
user_ecba8131,12,user_4db0d490,0.789546
user_ecba8131,13,user_15179955,0.784454
user_ecba8131,14,user_586752e4,0.782154
user_ecba8131,15,user_96013176,0.781871
user_ecc1ca0a,1,user_886f7373,0.807250
user_ecc1ca0a,2,user_3239132f,0.797418
user_ecc1ca0a,3,user_a151ddab,0.795914
user_ecc1ca0a,4,user_0521a7ac,0.793986
user_ecc1ca0a,5,user_e6057285,0.788881
user_ecc1ca0a,6,user_5881b259,0.788026
user_ecc1ca0a,7,user_d96972e5,0.787058
user_ecc1ca0a,8,user_959adfc8,0.782120
user_ecc1ca0a,9,user_b337cb0c,0.781761
user_ecc1ca0a,10,user_ecc1ca0a,0.775326
user_ecc1ca0a,11,user_f0cf195f,0.767940
user_ecc1ca0a,12,user_394c25cc,0.764472
user_ecc1ca0a,13,user_1f1dc5e0,0.764363
user_ecc1ca0a,14,user_c5f32c0d,0.763478
user_ecc1ca0a,15,user_a7c6197a,0.763291
user_ed1aaed8,1,user_67acd9b1,0.834250
user_ed1aaed8,2,user_02fecea2,0.829105
user_ed1aaed8,3,user_2c69b83e,0.820319
user_ed1aaed8,4,user_e696f3ae,0.818050
user_ed1aaed8,5,user_3b79395c,0.809692
user_ed1aaed8,6,user_9a5457b0,0.803843
user_ed1aaed8,7,user_70bbda36,0.799912
user_ed1aaed8,8,user_ed1aaed8,0.785155
user_ed1aaed8,9,user_e6dd44b0,0.784991
user_ed1aaed8,10,user_b63ea1d4,0.780730
user_ed1aaed8,11,user_5526cbfd,0.780226
user_ed1aaed8,12,user_476670f9,0.779906
user_ed1aaed8,13,user_58bfeaad,0.779289
user_ed1aaed8,14,user_b2aba63a,0.777365
user_ed1aaed8,15,user_9a307ebe,0.777231
user_ee05ee55,1,user_ee05ee55,0.790971
user_ee05ee55,2,user_5738db35,0.698207
user_ee05ee55,3,user_fcf93ee8,0.692001
user_ee05ee55,4,user_c1718b7b,0.684578
user_ee05ee55,5,user_e8ff8a9a,0.684444
user_ee05ee55,6,user_c50a487d,0.682536
user_ee05ee55,7,user_3b79395c,0.666462
user_ee05ee55,8,user_1a7d6cd5,0.666260
user_ee05ee55,9,user_683369b1,0.665514
user_ee05ee55,10,user_c81fae29,0.661818
user_ee05ee55,11,user_cd100edd,0.658935
user_ee05ee55,12,user_1022be44,0.654703
user_ee05ee55,13,user_0b1b1d1c,0.654166
user_ee05ee55,14,user_338e1332,0.651686
user_ee05ee55,15,user_f070eee7,0.650864
user_ee14f818,1,user_b63ea1d4,0.832184
user_ee14f818,2,user_fdc08e26,0.823694
user_ee14f818,3,user_54c1ebee,0.817975
user_ee14f818,4,user_fdcaaf41,0.812710
user_ee14f818,5,user_586752e4,0.805842
user_ee14f818,6,user_2c69b83e,0.802604
user_ee14f818,7,user_25798310,0.799416
user_ee14f818,8,user_5a6f92a6,0.798861
user_ee14f818,9,user_03969305,0.798640
user_ee14f818,10,user_aabd2642,0.798546
user_ee14f818,11,user_d758a0a1,0.796627
user_ee14f818,12,user_70bbda36,0.796048
user_ee14f818,13,user_147d1bbb,0.792377
user_ee14f818,14,user_737dd050,0.788232
user_ee14f818,15,user_81a80789,0.786246
user_ee8d5ec5,1,user_b350e22b,0.800173
user_ee8d5ec5,2,user_ef954c6e,0.797860
user_ee8d5ec5,3,user_394c25cc,0.784450
user_ee8d5ec5,4,user_2cb4b018,0.781824
user_ee8d5ec5,5,user_7f56f9a5,0.771306
user_ee8d5ec5,6,user_cf393213,0.764026
user_ee8d5ec5,7,user_1b7f8c56,0.762301
user_ee8d5ec5,8,user_e802076d,0.759944
user_ee8d5ec5,9,user_e6057285,0.757417
user_ee8d5ec5,10,user_38dc2894,0.755982
user_ee8d5ec5,11,user_f0cf195f,0.754215
user_ee8d5ec5,12,user_40a0bad3,0.751947
user_ee8d5ec5,13,user_d96972e5,0.751657
user_ee8d5ec5,14,user_df8dc9bb,0.751571
user_ee8d5ec5,15,user_ebddf9c1,0.751021
user_ef954c6e,1,user_40a0bad3,0.871592
user_ef954c6e,2,user_c06d9b71,0.861060
user_ef954c6e,3,user_ebddf9c1,0.855849
user_ef954c6e,4,user_1a2755b3,0.855623
user_ef954c6e,5,user_cdd86523,0.854488
user_ef954c6e,6,user_9600e8bf,0.853259
user_ef954c6e,7,user_ef954c6e,0.852093
user_ef954c6e,8,user_b49274ca,0.849209
user_ef954c6e,9,user_15179955,0.848733
user_ef954c6e,10,user_405db206,0.844367
user_ef954c6e,11,user_45926b89,0.842273
user_ef954c6e,12,user_e5a6abbe,0.841032
user_ef954c6e,13,user_1b7f8c56,0.839787
user_ef954c6e,14,user_c39d41d7,0.836803
user_ef954c6e,15,user_2c69b83e,0.836620
user_efcacf59,1,user_970963fd,0.777883
user_efcacf59,2,user_efcacf59,0.753138
user_efcacf59,3,user_f0b144fc,0.719588
user_efcacf59,4,user_6d071251,0.712264
user_efcacf59,5,user_39b3eda0,0.696979
user_efcacf59,6,user_dc326993,0.693610
user_efcacf59,7,user_1b7f8c56,0.693270
user_efcacf59,8,user_4f8b6987,0.690723
user_efcacf59,9,user_c35d6565,0.687540
user_efcacf59,10,user_e6057285,0.687216
user_efcacf59,11,user_4e800fa1,0.685549
user_efcacf59,12,user_9c5071dd,0.684153
user_efcacf59,13,user_69193575,0.683550
user_efcacf59,14,user_954805d7,0.682907
user_efcacf59,15,user_aabd2642,0.680532
user_f030b951,1,user_b4d7e69a,0.782754
user_f030b951,2,user_7b5f54c0,0.773484
user_f030b951,3,user_d691d016,0.747695
user_f030b951,4,user_147d1bbb,0.741913
user_f030b951,5,user_c994138f,0.741215
user_f030b951,6,user_2c69b83e,0.734926
user_f030b951,7,user_acd6ddfb,0.730604
user_f030b951,8,user_aabd2642,0.729612
user_f030b951,9,user_07cb458d,0.727878
user_f030b951,10,user_5526cbfd,0.723951
user_f030b951,11,user_25798310,0.721213
user_f030b951,12,user_b350e22b,0.718978
user_f030b951,13,user_e802076d,0.718006
user_f030b951,14,user_364bb955,0.717394
user_f030b951,15,user_e6057285,0.715895
user_f070eee7,1,user_f070eee7,0.829256
user_f070eee7,2,user_500badda,0.828763
user_f070eee7,3,user_7c7220a4,0.820052
user_f070eee7,4,user_5c9b579a,0.813938
user_f070eee7,5,user_0c578ab5,0.806265
user_f070eee7,6,user_107259c3,0.802056
user_f070eee7,7,user_205d25f3,0.798435
user_f070eee7,8,user_9a307ebe,0.797852
user_f070eee7,9,user_fcf93ee8,0.788072
user_f070eee7,10,user_aabd2642,0.786568
user_f070eee7,11,user_7a8f7f3e,0.782365
user_f070eee7,12,user_7f56f9a5,0.778668
user_f070eee7,13,user_03969305,0.778033
user_f070eee7,14,user_ef05ad51,0.776019
user_f070eee7,15,user_dca78fea,0.775946
user_f0b144fc,1,user_ab30f0fb,0.795778
user_f0b144fc,2,user_d758a0a1,0.788093
user_f0b144fc,3,user_efa5697b,0.773567
user_f0b144fc,4,user_058d9dc1,0.758847
user_f0b144fc,5,user_a4a77a7d,0.752117
user_f0b144fc,6,user_dac2c359,0.745633
user_f0b144fc,7,user_0e82fe11,0.742021
user_f0b144fc,8,user_3f2fbc90,0.733303
user_f0b144fc,9,user_79f04645,0.731267
user_f0b144fc,10,user_7aa3746b,0.729668
user_f0b144fc,11,user_2e81a539,0.725320
user_f0b144fc,12,user_147d1bbb,0.725058
user_f0b144fc,13,user_c39d41d7,0.723804
user_f0b144fc,14,user_4b139395,0.722497
user_f0b144fc,15,user_e7ff2beb,0.722248
user_f0cf195f,1,user_c90ad79a,0.509108
user_f0cf195f,2,user_f0cf195f,0.509083
user_f0cf195f,3,user_3a39cc49,0.488769
user_f0cf195f,4,user_529e3009,0.487097
user_f0cf195f,5,user_71f7b692,0.468246
user_f0cf195f,6,user_0d32f0ed,0.446790
user_f0cf195f,7,user_6592f2e4,0.444218
user_f0cf195f,8,user_29266f60,0.444064
user_f0cf195f,9,user_3b90fb53,0.442861
user_f0cf195f,10,user_2cb4b018,0.422309
user_f0cf195f,11,user_39f8897b,0.421715
user_f0cf195f,12,user_d8335067,0.419296
user_f0cf195f,13,user_cbabbcee,0.419128
user_f0cf195f,14,user_5a283043,0.409389
user_f0cf195f,15,user_124651ff,0.408817
user_f107081e,1,user_7c8639cd,0.739787
user_f107081e,2,user_9991e1d8,0.706178
user_f107081e,3,user_529e3009,0.699678
user_f107081e,4,user_6fbf6191,0.679518
user_f107081e,5,user_c06d9b71,0.661181
user_f107081e,6,user_f107081e,0.638602
user_f107081e,7,user_bd6a40d5,0.637427
user_f107081e,8,user_f51339f8,0.619622
user_f107081e,9,user_caa6a7b6,0.619277
user_f107081e,10,user_89f449b4,0.611720
user_f107081e,11,user_5a283043,0.607905
user_f107081e,12,user_8f39f021,0.606302
user_f107081e,13,user_c8f82360,0.602408
user_f107081e,14,user_d8335067,0.599306
user_f107081e,15,user_b7ba6422,0.597792
user_f27da10a,1,user_3ff3188b,0.895826
user_f27da10a,2,user_81c4dae1,0.872257
user_f27da10a,3,user_0cee87f3,0.862200
user_f27da10a,4,user_fba6bcd4,0.859788
user_f27da10a,5,user_f654c33b,0.857481
user_f27da10a,6,user_c39d41d7,0.856868
user_f27da10a,7,user_adab54a0,0.854892
user_f27da10a,8,user_f030b951,0.851193
user_f27da10a,9,user_b16e0cf8,0.851165
user_f27da10a,10,user_15179955,0.850806
user_f27da10a,11,user_5881b259,0.849873
user_f27da10a,12,user_dbc4828c,0.848177
user_f27da10a,13,user_dd1d7b22,0.847062
user_f27da10a,14,user_e802076d,0.841370
user_f27da10a,15,user_69df6330,0.838380
user_f3377028,1,user_08c32973,0.769427
user_f3377028,2,user_6fa47d61,0.763480
user_f3377028,3,user_85c97ea1,0.762283
user_f3377028,4,user_25652863,0.758275
user_f3377028,5,user_2e60c125,0.756985
user_f3377028,6,user_53b85563,0.749624
user_f3377028,7,user_2efde048,0.749194
user_f3377028,8,user_f7fd2885,0.718083
user_f3377028,9,user_bf30f80d,0.715198
user_f3377028,10,user_4ea1ef09,0.696639
user_f3377028,11,user_372c2b3e,0.696605
user_f3377028,12,user_ba8b1c05,0.688754
user_f3377028,13,user_58bfeaad,0.687186
user_f3377028,14,user_75905116,0.682989
user_f3377028,15,user_f3377028,0.677436
user_f368b9da,1,user_9d65649f,0.862815
user_f368b9da,2,user_4db0d490,0.823741
user_f368b9da,3,user_636ad58f,0.820051
user_f368b9da,4,user_84e93af7,0.817688
user_f368b9da,5,user_bdcc6e7d,0.810319
user_f368b9da,6,user_17607ebc,0.808006
user_f368b9da,7,user_b16e0cf8,0.807180
user_f368b9da,8,user_43a979d2,0.805763
user_f368b9da,9,user_2c69b83e,0.801877
user_f368b9da,10,user_79f04645,0.801372
user_f368b9da,11,user_c39d41d7,0.798608
user_f368b9da,12,user_d6175d39,0.795886
user_f368b9da,13,user_c35d6565,0.794453
user_f368b9da,14,user_8fe14601,0.792819
user_f368b9da,15,user_07cb458d,0.791461
user_f43d6008,1,user_2e81a539,0.813693
user_f43d6008,2,user_dbc4828c,0.801014
user_f43d6008,3,user_a743aff9,0.799875
user_f43d6008,4,user_d758a0a1,0.791044
user_f43d6008,5,user_723406a0,0.789543
user_f43d6008,6,user_cb2fe204,0.788971
user_f43d6008,7,user_c39d41d7,0.780704
user_f43d6008,8,user_43a979d2,0.775980
user_f43d6008,9,user_73f34c5d,0.774374
user_f43d6008,10,user_96013176,0.772202
user_f43d6008,11,user_84e93af7,0.766380
user_f43d6008,12,user_0a0bcaa6,0.763756
user_f43d6008,13,user_b4214db6,0.762650
user_f43d6008,14,user_405db206,0.757107
user_f43d6008,15,user_aabd2642,0.755909
user_f4f9490d,1,user_8e5e899b,0.741447
user_f4f9490d,2,user_e8cdb142,0.719961
user_f4f9490d,3,user_a7f8db34,0.717378
user_f4f9490d,4,user_166a3647,0.714916
user_f4f9490d,5,user_87e5d9b0,0.714780
user_f4f9490d,6,user_29266f60,0.714168
user_f4f9490d,7,user_4144252d,0.707398
user_f4f9490d,8,user_8e97a154,0.704642
user_f4f9490d,9,user_858fa00c,0.702248
user_f4f9490d,10,user_25798310,0.698292
user_f4f9490d,11,user_df8dc9bb,0.692887
user_f4f9490d,12,user_107259c3,0.689397
user_f4f9490d,13,user_5a6f92a6,0.682693
user_f4f9490d,14,user_f0cf195f,0.680878
user_f4f9490d,15,user_a4893af1,0.679683
user_f5138e15,1,user_f5138e15,0.788492
user_f5138e15,2,user_ba085464,0.768671
user_f5138e15,3,user_bd6a40d5,0.740335
user_f5138e15,4,user_7bbd1543,0.721688
user_f5138e15,5,user_caa6a7b6,0.719234
user_f5138e15,6,user_dca78fea,0.691567
user_f5138e15,7,user_72b93300,0.679332
user_f5138e15,8,user_2cb4b018,0.668011
user_f5138e15,9,user_93cdb7a1,0.666185
user_f5138e15,10,user_fba6bcd4,0.661765
user_f5138e15,11,user_02016939,0.660190
user_f5138e15,12,user_ded778b8,0.659424
user_f5138e15,13,user_fa60616d,0.657323
user_f5138e15,14,user_7c3d63ce,0.656274
user_f5138e15,15,user_f51339f8,0.653058
user_f52ced02,1,user_3eb49f37,0.690631
user_f52ced02,2,user_2c940ff8,0.671048
user_f52ced02,3,user_858fa00c,0.591598
user_f52ced02,4,user_f52ced02,0.591542
user_f52ced02,5,user_9ee84e18,0.583425
user_f52ced02,6,user_48669fd6,0.581360
user_f52ced02,7,user_4d4f73a6,0.579046
user_f52ced02,8,user_0f006eec,0.576780
user_f52ced02,9,user_eafc973e,0.571153
user_f52ced02,10,user_039d004e,0.569394
user_f52ced02,11,user_b9036662,0.563090
user_f52ced02,12,user_55058479,0.562676
user_f52ced02,13,user_e3f9409b,0.553663
user_f52ced02,14,user_906e2423,0.551770
user_f52ced02,15,user_6fc85c06,0.550849
user_f54058d0,1,user_f54058d0,0.836175
user_f54058d0,2,user_ed1aaed8,0.707173
user_f54058d0,3,user_4bd9303b,0.685416
user_f54058d0,4,user_ab439a92,0.661765
user_f54058d0,5,user_9351238d,0.637329
user_f54058d0,6,user_9a5457b0,0.635924
user_f54058d0,7,user_8e92b8c1,0.623709
user_f54058d0,8,user_c50a487d,0.617812
user_f54058d0,9,user_25b48a9a,0.615716
user_f54058d0,10,user_b2aba63a,0.615225
user_f54058d0,11,user_e8e9acac,0.614029
user_f54058d0,12,user_67acd9b1,0.611599
user_f54058d0,13,user_58bfeaad,0.605781
user_f54058d0,14,user_3b79395c,0.597211
user_f54058d0,15,user_c1718b7b,0.589964
user_f5e2976e,1,user_f5e2976e,0.932437
user_f5e2976e,2,user_1c7b7780,0.779508
user_f5e2976e,3,user_417702c5,0.724260
user_f5e2976e,4,user_be018f9d,0.722361
user_f5e2976e,5,user_68349053,0.702368
user_f5e2976e,6,user_0e408c4a,0.700465
user_f5e2976e,7,user_7bbd1543,0.688812
user_f5e2976e,8,user_e51692a6,0.686461
user_f5e2976e,9,user_ba085464,0.671508
user_f5e2976e,10,user_d9b8914f,0.665473
user_f5e2976e,11,user_16ac4154,0.660192
user_f5e2976e,12,user_3ac315cb,0.657853
user_f5e2976e,13,user_70580e9a,0.656296
user_f5e2976e,14,user_21b4fa31,0.653841
user_f5e2976e,15,user_ed1aaed8,0.653839
user_f5fea76f,1,user_78eff25f,0.609712
user_f5fea76f,2,user_22adb798,0.598666
user_f5fea76f,3,user_884ffdb2,0.598219
user_f5fea76f,4,user_c8e749e2,0.595183
user_f5fea76f,5,user_c4b781ce,0.591266
user_f5fea76f,6,user_835666af,0.590874
user_f5fea76f,7,user_f5fea76f,0.590708
user_f5fea76f,8,user_98a676ce,0.588164
user_f5fea76f,9,user_f10e7063,0.587191
user_f5fea76f,10,user_be06391b,0.586745
user_f5fea76f,11,user_e93dfaa2,0.586289
user_f5fea76f,12,user_959adfc8,0.584291
user_f5fea76f,13,user_886f7373,0.579739
user_f5fea76f,14,user_eda37c14,0.578510
user_f5fea76f,15,user_6a0b0e92,0.575712
user_f60a09b3,1,user_4a57e449,0.772254
user_f60a09b3,2,user_2e05a7a0,0.745883
user_f60a09b3,3,user_3f2894b5,0.743048
user_f60a09b3,4,user_ab86ab82,0.730815
user_f60a09b3,5,user_e8e9acac,0.723011
user_f60a09b3,6,user_9bee2a7c,0.715700
user_f60a09b3,7,user_55058479,0.707847
user_f60a09b3,8,user_8be3f554,0.701410
user_f60a09b3,9,user_57c1d6c0,0.698367
user_f60a09b3,10,user_259776c7,0.697005
user_f60a09b3,11,user_5159d3a1,0.692153
user_f60a09b3,12,user_164fe4b8,0.689041
user_f60a09b3,13,user_b6d05d1d,0.677140
user_f60a09b3,14,user_c34e791e,0.674518
user_f60a09b3,15,user_c2f18cf7,0.671396
user_f7538815,1,user_f7538815,0.835756
user_f7538815,2,user_f1649486,0.651117
user_f7538815,3,user_cda36a95,0.496829
user_f7538815,4,user_0b64b183,0.493142
user_f7538815,5,user_3e1f9dc1,0.483746
user_f7538815,6,user_3ff3188b,0.479926
user_f7538815,7,user_efb27a8e,0.478410
user_f7538815,8,user_e6dd44b0,0.478032
user_f7538815,9,user_1246b252,0.474988
user_f7538815,10,user_ba463257,0.474741
user_f7538815,11,user_65d73ac1,0.471111
user_f7538815,12,user_daf37424,0.470905
user_f7538815,13,user_dca78fea,0.466359
user_f7538815,14,user_b1a5a37e,0.465412
user_f7538815,15,user_07cb458d,0.464129
user_f75c71f0,1,user_7cb1ae65,0.768282
user_f75c71f0,2,user_33f2a818,0.717312
user_f75c71f0,3,user_c1aa2063,0.619677
user_f75c71f0,4,user_7d6962d9,0.577838
user_f75c71f0,5,user_0dfb7397,0.568076
user_f75c71f0,6,user_1232c39b,0.544660
user_f75c71f0,7,user_b8f24804,0.540701
user_f75c71f0,8,user_b2dd04c8,0.534349
user_f75c71f0,9,user_8da30894,0.533249
user_f75c71f0,10,user_d20928cc,0.532507
user_f75c71f0,11,user_6d2cb415,0.525186
user_f75c71f0,12,user_d5d4fc6e,0.518538
user_f75c71f0,13,user_79a1811b,0.510403
user_f75c71f0,14,user_9ffdf5e5,0.495812
user_f75c71f0,15,user_a4aab257,0.495344
user_f7bb8af1,1,user_a9ed2c9e,0.618648
user_f7bb8af1,2,user_fefec402,0.565120
user_f7bb8af1,3,user_5e61d6d9,0.528633
user_f7bb8af1,4,user_97330742,0.516007
user_f7bb8af1,5,user_833d8832,0.513513
user_f7bb8af1,6,user_378003e3,0.503342
user_f7bb8af1,7,user_18c333c6,0.489573
user_f7bb8af1,8,user_567057e7,0.484013
user_f7bb8af1,9,user_f030b951,0.480868
user_f7bb8af1,10,user_3ff3188b,0.480111
user_f7bb8af1,11,user_75905116,0.473440
user_f7bb8af1,12,user_8663226a,0.467191
user_f7bb8af1,13,user_38f4dfac,0.466572
user_f7bb8af1,14,user_e88c308b,0.466035
user_f7bb8af1,15,user_470c0785,0.465768
user_f7fd2885,1,user_6fa47d61,0.846625
user_f7fd2885,2,user_74cfb8ef,0.846026
user_f7fd2885,3,user_04f39d22,0.845944
user_f7fd2885,4,user_2efde048,0.839862
user_f7fd2885,5,user_53b85563,0.836358
user_f7fd2885,6,user_7de6f343,0.834253
user_f7fd2885,7,user_40efa894,0.833517
user_f7fd2885,8,user_58bfeaad,0.830866
user_f7fd2885,9,user_a3a4a20a,0.827346
user_f7fd2885,10,user_2c2a5c24,0.826094
user_f7fd2885,11,user_421ae417,0.824719
user_f7fd2885,12,user_e409a56d,0.817183
user_f7fd2885,13,user_83e45cc0,0.813387
user_f7fd2885,14,user_e6dd44b0,0.810699
user_f7fd2885,15,user_25652863,0.810471
user_f827c7dd,1,user_9ffdf5e5,0.639373
user_f827c7dd,2,user_f43d6008,0.625486
user_f827c7dd,3,user_a4aab257,0.605448
user_f827c7dd,4,user_9b517815,0.599758
user_f827c7dd,5,user_d20928cc,0.599653
user_f827c7dd,6,user_55058479,0.596267
user_f827c7dd,7,user_49b1ac46,0.594447
user_f827c7dd,8,user_829844fd,0.592610
user_f827c7dd,9,user_f827c7dd,0.586207
user_f827c7dd,10,user_b1c16312,0.584954
user_f827c7dd,11,user_3ce4c1f8,0.584276
user_f827c7dd,12,user_454733da,0.577173
user_f827c7dd,13,user_515ae840,0.571779
user_f827c7dd,14,user_b429ec64,0.570732
user_f827c7dd,15,user_b8f24804,0.568099
user_f8e2246f,1,user_daf53db6,0.818286
user_f8e2246f,2,user_c41de62b,0.785254
user_f8e2246f,3,user_9c5cd7fa,0.771844
user_f8e2246f,4,user_6bb64984,0.761553
user_f8e2246f,5,user_649f4327,0.729334
user_f8e2246f,6,user_f8e2246f,0.724883
user_f8e2246f,7,user_417702c5,0.706638
user_f8e2246f,8,user_2dc10d2d,0.704881
user_f8e2246f,9,user_9dda4af9,0.701975
user_f8e2246f,10,user_25b48a9a,0.699182
user_f8e2246f,11,user_08aa624b,0.696878
user_f8e2246f,12,user_829844fd,0.696522
user_f8e2246f,13,user_6011e674,0.693937
user_f8e2246f,14,user_c8f82360,0.690870
user_f8e2246f,15,user_194b92fc,0.684353
user_f930e37f,1,user_7b052f32,0.814740
user_f930e37f,2,user_aabd2642,0.805940
user_f930e37f,3,user_18892460,0.801910
user_f930e37f,4,user_920c074a,0.799895
user_f930e37f,5,user_1936a7c3,0.797530
user_f930e37f,6,user_d1d16d30,0.792308
user_f930e37f,7,user_fdcaaf41,0.792015
user_f930e37f,8,user_5993b36a,0.790492
user_f930e37f,9,user_e6057285,0.788805
user_f930e37f,10,user_5881b259,0.785790
user_f930e37f,11,user_7f56f9a5,0.784205
user_f930e37f,12,user_f60a09b3,0.783577
user_f930e37f,13,user_bd05225b,0.780211
user_f930e37f,14,user_c06d9b71,0.779773
user_f930e37f,15,user_a743aff9,0.778109
user_f959eee4,1,user_f959eee4,0.770747
user_f959eee4,2,user_833d8832,0.375636
user_f959eee4,3,user_0bd8ba7c,0.374920
user_f959eee4,4,user_4e42bf97,0.373218
user_f959eee4,5,user_19622b77,0.368456
user_f959eee4,6,user_ee923f9d,0.366175
user_f959eee4,7,user_beca29a3,0.366001
user_f959eee4,8,user_63b4ae7a,0.362506
user_f959eee4,9,user_d20928cc,0.351521
user_f959eee4,10,user_ebe17c78,0.347771
user_f959eee4,11,user_ecf8f97f,0.347654
user_f959eee4,12,user_2c3eb234,0.347345
user_f959eee4,13,user_0dfb7397,0.344451
user_f959eee4,14,user_41b20ee4,0.339613
user_f959eee4,15,user_32934d38,0.337856
user_fa60616d,1,user_f827c7dd,0.809150
user_fa60616d,2,user_858fa00c,0.746171
user_fa60616d,3,user_ed3091a2,0.733592
user_fa60616d,4,user_5ac1a174,0.713616
user_fa60616d,5,user_e8cdb142,0.709501
user_fa60616d,6,user_0e82fe11,0.701330
user_fa60616d,7,user_884ffdb2,0.692878
user_fa60616d,8,user_0cc626ee,0.691890
user_fa60616d,9,user_07db2c6a,0.688695
user_fa60616d,10,user_1e08d102,0.687129
user_fa60616d,11,user_78eff25f,0.686157
user_fa60616d,12,user_4893b4d0,0.686019
user_fa60616d,13,user_0669bdf6,0.685891
user_fa60616d,14,user_9ee84e18,0.683534
user_fa60616d,15,user_1bcbacb3,0.682871
user_fa69a385,1,user_1a7d6cd5,0.795627
user_fa69a385,2,user_8fb63eca,0.785998
user_fa69a385,3,user_03410579,0.782198
user_fa69a385,4,user_7fef9da8,0.775655
user_fa69a385,5,user_c903d3bb,0.769994
user_fa69a385,6,user_1246b252,0.765374
user_fa69a385,7,user_13fb2e34,0.762013
user_fa69a385,8,user_cbabbcee,0.753081
user_fa69a385,9,user_b0129d9e,0.750817
user_fa69a385,10,user_89571ce8,0.744266
user_fa69a385,11,user_166a3647,0.742780
user_fa69a385,12,user_02fecea2,0.741233
user_fa69a385,13,user_4144252d,0.740398
user_fa69a385,14,user_6c2d672f,0.735969
user_fa69a385,15,user_500badda,0.730241
user_fb427339,1,user_bb8be7e3,0.733859
user_fb427339,2,user_3666402b,0.687116
user_fb427339,3,user_900ffd5c,0.686003
user_fb427339,4,user_ffe2efae,0.645546
user_fb427339,5,user_72bed676,0.618706
user_fb427339,6,user_44567221,0.618288
user_fb427339,7,user_16b87e34,0.603892
user_fb427339,8,user_815b7baf,0.603100
user_fb427339,9,user_d2bd9832,0.599070
user_fb427339,10,user_94cad3a5,0.590265
user_fb427339,11,user_fa69a385,0.585113
user_fb427339,12,user_338e1332,0.582737
user_fb427339,13,user_fb427339,0.578265
user_fb427339,14,user_8dd20d7f,0.576273
user_fb427339,15,user_c7beef01,0.560194
user_fb64cb55,1,user_f3f15c55,0.743166
user_fb64cb55,2,user_903329bb,0.739794
user_fb64cb55,3,user_6011e674,0.707158
user_fb64cb55,4,user_fb64cb55,0.694044
user_fb64cb55,5,user_5b7d5e00,0.679405
user_fb64cb55,6,user_65d73ac1,0.677454
user_fb64cb55,7,user_d10d1f24,0.656871
user_fb64cb55,8,user_835666af,0.650446
user_fb64cb55,9,user_aa4cc34a,0.641953
user_fb64cb55,10,user_2817ec11,0.638142
user_fb64cb55,11,user_ed3091a2,0.631899
user_fb64cb55,12,user_22b484cb,0.630746
user_fb64cb55,13,user_6b311f43,0.620937
user_fb64cb55,14,user_efa5697b,0.620053
user_fb64cb55,15,user_737dd050,0.617980
user_fb8f46c8,1,user_476670f9,0.733624
user_fb8f46c8,2,user_166a3647,0.729345
user_fb8f46c8,3,user_aabd2642,0.718501
user_fb8f46c8,4,user_81a80789,0.698567
user_fb8f46c8,5,user_7b5f54c0,0.694297
user_fb8f46c8,6,user_1246b252,0.684905
user_fb8f46c8,7,user_25798310,0.678347
user_fb8f46c8,8,user_b63ea1d4,0.677970
user_fb8f46c8,9,user_da51dede,0.676725
user_fb8f46c8,10,user_b0129d9e,0.673371
user_fb8f46c8,11,user_364bb955,0.671851
user_fb8f46c8,12,user_3b1da5d9,0.671190
user_fb8f46c8,13,user_26fa9d90,0.665553
user_fb8f46c8,14,user_835666af,0.663434
user_fb8f46c8,15,user_fb8f46c8,0.660783
user_fbed237d,1,user_0669bdf6,0.825551
user_fbed237d,2,user_8d22714e,0.818081
user_fbed237d,3,user_5a6f92a6,0.809236
user_fbed237d,4,user_a4a77a7d,0.803659
user_fbed237d,5,user_c5f32c0d,0.802587
user_fbed237d,6,user_0cc626ee,0.801033
user_fbed237d,7,user_5b714afd,0.800022
user_fbed237d,8,user_f27da10a,0.797546
user_fbed237d,9,user_bd05225b,0.791343
user_fbed237d,10,user_0e82fe11,0.789598
user_fbed237d,11,user_83afc7b2,0.783515
user_fbed237d,12,user_f60a09b3,0.782867
user_fbed237d,13,user_e6057285,0.782428
user_fbed237d,14,user_50e2a836,0.777029
user_fbed237d,15,user_5ac1a174,0.776972
user_fc1cfe0b,1,user_9ee84e18,0.805792
user_fc1cfe0b,2,user_56980aa9,0.785333
user_fc1cfe0b,3,user_9571d0d5,0.785166
user_fc1cfe0b,4,user_454733da,0.773042
user_fc1cfe0b,5,user_e4f8ab0c,0.753612
user_fc1cfe0b,6,user_0cc626ee,0.746927
user_fc1cfe0b,7,user_b9036662,0.744183
user_fc1cfe0b,8,user_f827c7dd,0.739493
user_fc1cfe0b,9,user_423c81dc,0.734243
user_fc1cfe0b,10,user_e8e9acac,0.731810
user_fc1cfe0b,11,user_eafc973e,0.723953
user_fc1cfe0b,12,user_ed3091a2,0.719792
user_fc1cfe0b,13,user_fc1cfe0b,0.717468
user_fc1cfe0b,14,user_6fc85c06,0.713483
user_fc1cfe0b,15,user_9bee2a7c,0.706943
user_fca58a87,1,user_aa4cc34a,0.822009
user_fca58a87,2,user_fb64cb55,0.798554
user_fca58a87,3,user_fdcaaf41,0.778472
user_fca58a87,4,user_6c2d672f,0.770094
user_fca58a87,5,user_50e2a836,0.760114
user_fca58a87,6,user_9ff844ba,0.759811
user_fca58a87,7,user_6011e674,0.756386
user_fca58a87,8,user_835666af,0.745144
user_fca58a87,9,user_1b7f8c56,0.739364
user_fca58a87,10,user_ab30f0fb,0.735563
user_fca58a87,11,user_5a283043,0.735522
user_fca58a87,12,user_bd05225b,0.729182
user_fca58a87,13,user_903329bb,0.724414
user_fca58a87,14,user_d758a0a1,0.723054
user_fca58a87,15,user_2cb4b018,0.722159
user_fcf93ee8,1,user_e8e9acac,0.736957
user_fcf93ee8,2,user_a411fb06,0.706268
user_fcf93ee8,3,user_164fe4b8,0.703052
user_fcf93ee8,4,user_0128a546,0.701634
user_fcf93ee8,5,user_334144b4,0.699099
user_fcf93ee8,6,user_3353b96b,0.697664
user_fcf93ee8,7,user_ffe2efae,0.695601
user_fcf93ee8,8,user_b63ea1d4,0.689002
user_fcf93ee8,9,user_9c88ee3d,0.688263
user_fcf93ee8,10,user_259776c7,0.683991
user_fcf93ee8,11,user_ab86ab82,0.678686
user_fcf93ee8,12,user_56e6d0cd,0.677792
user_fcf93ee8,13,user_ea67f9c6,0.674866
user_fcf93ee8,14,user_57c1d6c0,0.671365
user_fcf93ee8,15,user_a16d1fb6,0.671333
user_fdc08e26,1,user_9a5457b0,0.787610
user_fdc08e26,2,user_4f3b6241,0.778628
user_fdc08e26,3,user_0128a546,0.746382
user_fdc08e26,4,user_7f623d19,0.745030
user_fdc08e26,5,user_9fe4e0f5,0.741226
user_fdc08e26,6,user_94cad3a5,0.733703
user_fdc08e26,7,user_c7beef01,0.730331
user_fdc08e26,8,user_16ac4154,0.728382
user_fdc08e26,9,user_fdc08e26,0.725518
user_fdc08e26,10,user_b63ea1d4,0.719878
user_fdc08e26,11,user_3353b96b,0.717935
user_fdc08e26,12,user_3bc84c13,0.717596
user_fdc08e26,13,user_2c69b83e,0.717106
user_fdc08e26,14,user_0d32f0ed,0.712528
user_fdc08e26,15,user_f930e37f,0.711361
user_fdcaaf41,1,user_0128a546,0.767107
user_fdcaaf41,2,user_9c88ee3d,0.757022
user_fdcaaf41,3,user_c7beef01,0.753819
user_fdcaaf41,4,user_7f623d19,0.742348
user_fdcaaf41,5,user_3431c049,0.732585
user_fdcaaf41,6,user_0d32f0ed,0.729835
user_fdcaaf41,7,user_1246b252,0.728102
user_fdcaaf41,8,user_94cad3a5,0.722590
user_fdcaaf41,9,user_9fe4e0f5,0.719352
user_fdcaaf41,10,user_efb27a8e,0.716958
user_fdcaaf41,11,user_9a5457b0,0.715363
user_fdcaaf41,12,user_9b6481e4,0.710045
user_fdcaaf41,13,user_3bc84c13,0.707590
user_fdcaaf41,14,user_ea67f9c6,0.706357
user_fdcaaf41,15,user_ffe2efae,0.704987
user_fde2d265,1,user_2e05a7a0,0.839142
user_fde2d265,2,user_a8dc91a3,0.811158
user_fde2d265,3,user_9bee2a7c,0.784752
user_fde2d265,4,user_65d73ac1,0.765678
user_fde2d265,5,user_74d27419,0.763152
user_fde2d265,6,user_906e2423,0.761391
user_fde2d265,7,user_650da71b,0.760214
user_fde2d265,8,user_69a4dd06,0.757907
user_fde2d265,9,user_d67450a8,0.755479
user_fde2d265,10,user_c8f82360,0.752926
user_fde2d265,11,user_6fbf6191,0.748467
user_fde2d265,12,user_259776c7,0.744982
user_fde2d265,13,user_ec574395,0.744461
user_fde2d265,14,user_4f3b6241,0.742452
user_fde2d265,15,user_0b5c256a,0.740537
user_fe922ad0,1,user_fe922ad0,0.720164
user_fe922ad0,2,user_18522854,0.715089
user_fe922ad0,3,user_d2bd9832,0.707098
user_fe922ad0,4,user_c204a1dd,0.687616
user_fe922ad0,5,user_c9007141,0.681613
user_fe922ad0,6,user_a151ddab,0.679328
user_fe922ad0,7,user_338e1332,0.677237
user_fe922ad0,8,user_394c25cc,0.672213
user_fe922ad0,9,user_ca6074df,0.667182
user_fe922ad0,10,user_9ce96cbf,0.663764
user_fe922ad0,11,user_e931b2cd,0.658677
user_fe922ad0,12,user_efcacf59,0.658033
user_fe922ad0,13,user_d691d016,0.656238
user_fe922ad0,14,user_ff591131,0.654488
user_fe922ad0,15,user_406c399e,0.653431
user_ff39b6cf,1,user_33f2a818,0.776484
user_ff39b6cf,2,user_7cb1ae65,0.700548
user_ff39b6cf,3,user_7d6962d9,0.648490
user_ff39b6cf,4,user_1232c39b,0.609137
user_ff39b6cf,5,user_b2dd04c8,0.608154
user_ff39b6cf,6,user_b45d0d20,0.603460
user_ff39b6cf,7,user_0dfb7397,0.590729
user_ff39b6cf,8,user_c1aa2063,0.576348
user_ff39b6cf,9,user_79a1811b,0.572294
user_ff39b6cf,10,user_80da26a6,0.563263
user_ff39b6cf,11,user_d5d4fc6e,0.563016
user_ff39b6cf,12,user_18522854,0.552047
user_ff39b6cf,13,user_829844fd,0.551979
user_ff39b6cf,14,user_d20928cc,0.548053
user_ff39b6cf,15,user_8da30894,0.543737
user_ff591131,1,user_ff591131,0.764428
user_ff591131,2,user_5c82df31,0.763199
user_ff591131,3,user_6fc85c06,0.753567
user_ff591131,4,user_a4893af1,0.735925
user_ff591131,5,user_058c1800,0.733394
user_ff591131,6,user_d2bd9832,0.730388
user_ff591131,7,user_7f56f9a5,0.727760
user_ff591131,8,user_5a6f92a6,0.721145
user_ff591131,9,user_f60a09b3,0.714957
user_ff591131,10,user_e696f3ae,0.712318
user_ff591131,11,user_94f185bc,0.710644
user_ff591131,12,user_39b3eda0,0.710500
user_ff591131,13,user_524450e9,0.707907
user_ff591131,14,user_e6057285,0.707008
user_ff591131,15,user_67acd9b1,0.704824
