query_user_id,rank,candidate_user_id,score
user_0168255c,1,user_8f8346ad,0.844422
user_0168255c,2,user_f43d6008,0.827846
user_0168255c,3,user_adab54a0,0.819065
user_0168255c,4,user_b49274ca,0.812784
user_0168255c,5,user_ec574395,0.812487
user_0168255c,6,user_5d1b0daf,0.804954
user_0168255c,7,user_b6d05d1d,0.790578
user_0168255c,8,user_2dd5b531,0.785076
user_0168255c,9,user_4db0d490,0.770985
user_0168255c,10,user_f654c33b,0.768505
user_0168255c,11,user_c34e791e,0.759203
user_0168255c,12,user_94f185bc,0.759110
user_0168255c,13,user_45926b89,0.757570
user_0168255c,14,user_a8dc91a3,0.754390
user_0168255c,15,user_126670d7,0.753754
user_02016939,1,user_2f4cc646,0.697835
user_02016939,2,user_e0c65725,0.657378
user_02016939,3,user_7b5f54c0,0.632143
user_02016939,4,user_3e284ba5,0.600853
user_02016939,5,user_e8613813,0.599336
user_02016939,6,user_8fb63eca,0.592837
user_02016939,7,user_25798310,0.586171
user_02016939,8,user_ef05ad51,0.584885
user_02016939,9,user_81a80789,0.582542
user_02016939,10,user_0b1b1d1c,0.580348
user_02016939,11,user_a2825b06,0.579059
user_02016939,12,user_da51dede,0.577737
user_02016939,13,user_1246b252,0.575603
user_02016939,14,user_476670f9,0.575382
user_02016939,15,user_89571ce8,0.574705
user_0285dee3,1,user_d70942c1,0.854559
user_0285dee3,2,user_0669bdf6,0.819721
user_0285dee3,3,user_6bf0e007,0.818894
user_0285dee3,4,user_79f04645,0.816898
user_0285dee3,5,user_ec574395,0.815069
user_0285dee3,6,user_29cd4556,0.813361
user_0285dee3,7,user_e8a7be73,0.811684
user_0285dee3,8,user_69a4dd06,0.808544
user_0285dee3,9,user_df8dc9bb,0.806869
user_0285dee3,10,user_8d22714e,0.803015
user_0285dee3,11,user_380ddd3f,0.800711
user_0285dee3,12,user_5c5a0b40,0.800289
user_0285dee3,13,user_a8dc91a3,0.794015
user_0285dee3,14,user_a75b4d6e,0.792476
user_0285dee3,15,user_a4a77a7d,0.792427
user_02d03e8a,1,user_2e05a7a0,0.808566
user_02d03e8a,2,user_96d9cb9a,0.761283
user_02d03e8a,3,user_ee8d5ec5,0.755944
user_02d03e8a,4,user_9bee2a7c,0.752945
user_02d03e8a,5,user_906e2423,0.743246
user_02d03e8a,6,user_8be3f554,0.738759
user_02d03e8a,7,user_259776c7,0.735097
user_02d03e8a,8,user_07ec3726,0.733756
user_02d03e8a,9,user_ab86ab82,0.732710
user_02d03e8a,10,user_6fc85c06,0.729127
user_02d03e8a,11,user_8f39f021,0.724880
user_02d03e8a,12,user_6fbf6191,0.724153
user_02d03e8a,13,user_4a57e449,0.722232
user_02d03e8a,14,user_b9036662,0.721609
user_02d03e8a,15,user_56980aa9,0.718567
user_02d8a1f8,1,user_afff552a,0.821570
user_02d8a1f8,2,user_dca78fea,0.795534
user_02d8a1f8,3,user_940c7213,0.790194
user_02d8a1f8,4,user_aa2fbe83,0.784679
user_02d8a1f8,5,user_a01f16ac,0.779733
user_02d8a1f8,6,user_b325310b,0.777421
user_02d8a1f8,7,user_fba6bcd4,0.776690
user_02d8a1f8,8,user_d1d16d30,0.776073
user_02d8a1f8,9,user_1b7f8c56,0.768981
user_02d8a1f8,10,user_c008345b,0.762717
user_02d8a1f8,11,user_1a2755b3,0.754613
user_02d8a1f8,12,user_8ac8f24f,0.751531
user_02d8a1f8,13,user_f030b951,0.748340
user_02d8a1f8,14,user_5881b259,0.741085
user_02d8a1f8,15,user_095ff43e,0.739605
user_02fecea2,1,user_940c7213,0.781585
user_02fecea2,2,user_2cb4b018,0.779634
user_02fecea2,3,user_02fecea2,0.777403
user_02fecea2,4,user_70bbda36,0.771990
user_02fecea2,5,user_1b7f8c56,0.766038
user_02fecea2,6,user_aa2fbe83,0.755347
user_02fecea2,7,user_ded778b8,0.749341
user_02fecea2,8,user_66772d98,0.746800
user_02fecea2,9,user_c008345b,0.743875
user_02fecea2,10,user_f7fd2885,0.743140
user_02fecea2,11,user_cbabbcee,0.740524
user_02fecea2,12,user_8ac8f24f,0.740062
user_02fecea2,13,user_81a80789,0.737898
user_02fecea2,14,user_afff552a,0.735704
user_02fecea2,15,user_166a3647,0.734933
user_03410579,1,user_f14dc486,0.796405
user_03410579,2,user_0bd8ba7c,0.763397
user_03410579,3,user_d20928cc,0.755134
user_03410579,4,user_515ae840,0.733470
user_03410579,5,user_19622b77,0.715924
user_03410579,6,user_2c3eb234,0.707455
user_03410579,7,user_26565155,0.680471
user_03410579,8,user_66a7ce5a,0.678446
user_03410579,9,user_4bf6a4a0,0.677393
user_03410579,10,user_c32db875,0.667418
user_03410579,11,user_63b4ae7a,0.665388
user_03410579,12,user_470c0785,0.661234
user_03410579,13,user_c1a70ab7,0.660378
user_03410579,14,user_41b20ee4,0.654684
user_03410579,15,user_683369b1,0.653717
user_043ea160,1,user_043ea160,0.808316
user_043ea160,2,user_d2c97c8e,0.761359
user_043ea160,3,user_9a307ebe,0.751693
user_043ea160,4,user_3971c3e6,0.747599
user_043ea160,5,user_72b93300,0.741275
user_043ea160,6,user_e88c308b,0.737465
user_043ea160,7,user_89e04335,0.735748
user_043ea160,8,user_394c25cc,0.722386
user_043ea160,9,user_a3a4a20a,0.720919
user_043ea160,10,user_147d1bbb,0.714516
user_043ea160,11,user_dca78fea,0.713080
user_043ea160,12,user_96013176,0.709809
user_043ea160,13,user_52c9252c,0.709224
user_043ea160,14,user_b350e22b,0.706521
user_043ea160,15,user_6deada35,0.705838
user_04d29f9c,1,user_0eb2abf1,0.889254
user_04d29f9c,2,user_3ff3188b,0.860483
user_04d29f9c,3,user_2dd5b531,0.857138
user_04d29f9c,4,user_1a2755b3,0.837399
user_04d29f9c,5,user_4db0d490,0.836268
user_04d29f9c,6,user_2c69b83e,0.833313
user_04d29f9c,7,user_54b19b29,0.831466
user_04d29f9c,8,user_45926b89,0.828108
user_04d29f9c,9,user_b6d05d1d,0.824148
user_04d29f9c,10,user_8d968cfb,0.823645
user_04d29f9c,11,user_8a760553,0.823494
user_04d29f9c,12,user_c34e791e,0.822313
user_04d29f9c,13,user_cdd86523,0.820723
user_04d29f9c,14,user_41d0c897,0.820659
user_04d29f9c,15,user_67acd9b1,0.820621
user_04d8419e,1,user_d14b7d7b,0.775913
user_04d8419e,2,user_2c3eb234,0.768593
user_04d8419e,3,user_0bd8ba7c,0.761284
user_04d8419e,4,user_4a57e449,0.734064
user_04d8419e,5,user_8006727d,0.730976
user_04d8419e,6,user_b1c16312,0.720780
user_04d8419e,7,user_9bee2a7c,0.713933
user_04d8419e,8,user_2e05a7a0,0.713060
user_04d8419e,9,user_07ec3726,0.702379
user_04d8419e,10,user_ab86ab82,0.701858
user_04d8419e,11,user_55058479,0.699275
user_04d8419e,12,user_c7beef01,0.697809
user_04d8419e,13,user_9b6481e4,0.697031
user_04d8419e,14,user_c8f82360,0.694807
user_04d8419e,15,user_d20928cc,0.694358
user_0521a7ac,1,user_b8f24804,0.502589
user_0521a7ac,2,user_1e302679,0.471895
user_0521a7ac,3,user_0f006eec,0.465961
user_0521a7ac,4,user_51779823,0.450328
user_0521a7ac,5,user_2c3eb234,0.433787
user_0521a7ac,6,user_98ca16a6,0.430684
user_0521a7ac,7,user_23ecc36a,0.404383
user_0521a7ac,8,user_ee923f9d,0.402875
user_0521a7ac,9,user_2c940ff8,0.400951
user_0521a7ac,10,user_2b03934e,0.392615
user_0521a7ac,11,user_ebe17c78,0.388947
user_0521a7ac,12,user_c8f82360,0.387659
user_0521a7ac,13,user_e5beda2b,0.387177
user_0521a7ac,14,user_39f8897b,0.384720
user_0521a7ac,15,user_32934d38,0.375115
user_058c1800,1,user_fb8f46c8,0.673683
user_058c1800,2,user_c9007141,0.633702
user_058c1800,3,user_a75b16f2,0.629973
user_058c1800,4,user_84c14a6f,0.626309
user_058c1800,5,user_38dc2894,0.623302
user_058c1800,6,user_5c82df31,0.622968
user_058c1800,7,user_fe922ad0,0.610296
user_058c1800,8,user_c4c70447,0.605082
user_058c1800,9,user_07ec3726,0.604905
user_058c1800,10,user_ab86ab82,0.603233
user_058c1800,11,user_d691d016,0.603027
user_058c1800,12,user_56909460,0.598188
user_058c1800,13,user_ff7631ef,0.596783
user_058c1800,14,user_c35d6565,0.593289
user_058c1800,15,user_96d9cb9a,0.591028
user_0697c470,1,user_0cc626ee,0.858711
user_0697c470,2,user_69df6330,0.807777
user_0697c470,3,user_c5f32c0d,0.793177
user_0697c470,4,user_adab54a0,0.790309
user_0697c470,5,user_f27da10a,0.788849
user_0697c470,6,user_c008345b,0.786128
user_0697c470,7,user_0a0bcaa6,0.782424
user_0697c470,8,user_4b139395,0.779118
user_0697c470,9,user_b23aa915,0.775159
user_0697c470,10,user_d849ac6e,0.770633
user_0697c470,11,user_3f2fbc90,0.769569
user_0697c470,12,user_e59c000f,0.768459
user_0697c470,13,user_030cf51a,0.767565
user_0697c470,14,user_dae4304f,0.763911
user_0697c470,15,user_5993b36a,0.762882
user_07cb458d,1,user_f1e357ad,0.616745
user_07cb458d,2,user_16b87e34,0.588298
user_07cb458d,3,user_ab439a92,0.588109
user_07cb458d,4,user_683369b1,0.584526
user_07cb458d,5,user_338e1332,0.581311
user_07cb458d,6,user_19622b77,0.574135
user_07cb458d,7,user_1246b252,0.567160
user_07cb458d,8,user_efb27a8e,0.566762
user_07cb458d,9,user_2f4cc646,0.563635
user_07cb458d,10,user_07cb458d,0.554389
user_07cb458d,11,user_88e84020,0.552255
user_07cb458d,12,user_41b20ee4,0.549281
user_07cb458d,13,user_c994138f,0.547747
user_07cb458d,14,user_9d9fba70,0.547500
user_07cb458d,15,user_0b1b1d1c,0.547144
user_07db2c6a,1,user_00723699,0.807624
user_07db2c6a,2,user_2dc10d2d,0.801816
user_07db2c6a,3,user_7af2ed90,0.780169
user_07db2c6a,4,user_a7f8db34,0.775444
user_07db2c6a,5,user_fb64cb55,0.773529
user_07db2c6a,6,user_858fa00c,0.756922
user_07db2c6a,7,user_903329bb,0.753189
user_07db2c6a,8,user_8713f22a,0.752232
user_07db2c6a,9,user_a2825b06,0.750979
user_07db2c6a,10,user_acb51eed,0.749722
user_07db2c6a,11,user_0f0ad720,0.745760
user_07db2c6a,12,user_6169d3b8,0.743284
user_07db2c6a,13,user_940c7213,0.732940
user_07db2c6a,14,user_835666af,0.732630
user_07db2c6a,15,user_1c45ab75,0.729799
user_07faa0fc,1,user_74c84045,0.757104
user_07faa0fc,2,user_07faa0fc,0.752328
user_07faa0fc,3,user_1b2d69c1,0.743673
user_07faa0fc,4,user_4144252d,0.704389
user_07faa0fc,5,user_b4214db6,0.695290
user_07faa0fc,6,user_0e82fe11,0.691105
user_07faa0fc,7,user_fcf93ee8,0.687251
user_07faa0fc,8,user_ff39b6cf,0.681401
user_07faa0fc,9,user_233fda02,0.680354
user_07faa0fc,10,user_f4f9490d,0.679873
user_07faa0fc,11,user_107259c3,0.678027
user_07faa0fc,12,user_2cb4b018,0.677026
user_07faa0fc,13,user_bd05225b,0.676621
user_07faa0fc,14,user_058d9dc1,0.676511
user_07faa0fc,15,user_903329bb,0.675711
user_08aa624b,1,user_b325310b,0.874890
user_08aa624b,2,user_ee89e069,0.862058
user_08aa624b,3,user_2d74cd4c,0.854094
user_08aa624b,4,user_08aa624b,0.850861
user_08aa624b,5,user_afff552a,0.839883
user_08aa624b,6,user_f8e2246f,0.826622
user_08aa624b,7,user_b6b89f00,0.821344
user_08aa624b,8,user_6bb64984,0.820032
user_08aa624b,9,user_fba6bcd4,0.807377
user_08aa624b,10,user_aa2fbe83,0.803632
user_08aa624b,11,user_9dda4af9,0.800474
user_08aa624b,12,user_1b7f8c56,0.789662
user_08aa624b,13,user_b6350ec1,0.789195
user_08aa624b,14,user_d6175d39,0.782897
user_08aa624b,15,user_940c7213,0.781720
user_08c32973,1,user_7c3d63ce,0.815051
user_08c32973,2,user_7de6f343,0.786847
user_08c32973,3,user_421ae417,0.777158
user_08c32973,4,user_0bc8e727,0.766252
user_08c32973,5,user_04f39d22,0.764880
user_08c32973,6,user_6fa47d61,0.756615
user_08c32973,7,user_2c2a5c24,0.754659
user_08c32973,8,user_ba8b1c05,0.742599
user_08c32973,9,user_82c86537,0.740000
user_08c32973,10,user_795650bb,0.735502
user_08c32973,11,user_74cfb8ef,0.728285
user_08c32973,12,user_bf30f80d,0.726995
user_08c32973,13,user_4ea1ef09,0.726903
user_08c32973,14,user_6d421600,0.724671
user_08c32973,15,user_bd6a40d5,0.724511
user_08e9ce6e,1,user_372c2b3e,0.732224
user_08e9ce6e,2,user_8713f22a,0.724313
user_08e9ce6e,3,user_74cfb8ef,0.717086
user_08e9ce6e,4,user_3bb7992e,0.707805
user_08e9ce6e,5,user_25652863,0.696538
user_08e9ce6e,6,user_85c97ea1,0.693421
user_08e9ce6e,7,user_7de6f343,0.689935
user_08e9ce6e,8,user_40efa894,0.686938
user_08e9ce6e,9,user_58bfeaad,0.686591
user_08e9ce6e,10,user_6fa47d61,0.685951
user_08e9ce6e,11,user_2efde048,0.685003
user_08e9ce6e,12,user_ba8b1c05,0.682738
user_08e9ce6e,13,user_a615a6d1,0.681758
user_08e9ce6e,14,user_f5e1eee0,0.680911
user_08e9ce6e,15,user_4ea1ef09,0.676238
user_092e219d,1,user_b16e0cf8,0.868787
user_092e219d,2,user_5c5a0b40,0.863893
user_092e219d,3,user_e5a6abbe,0.858445
user_092e219d,4,user_b23aa915,0.853072
user_092e219d,5,user_96013176,0.850403
user_092e219d,6,user_17607ebc,0.842824
user_092e219d,7,user_886f7373,0.841952
user_092e219d,8,user_ef954c6e,0.838112
user_092e219d,9,user_5881b259,0.836350
user_092e219d,10,user_c5f32c0d,0.832048
user_092e219d,11,user_02d03e8a,0.830320
user_092e219d,12,user_f654c33b,0.828832
user_092e219d,13,user_8a760553,0.827954
user_092e219d,14,user_adab54a0,0.822842
user_092e219d,15,user_dc32d458,0.820131
user_0a0bcaa6,1,user_ded778b8,0.841971
user_0a0bcaa6,2,user_70bbda36,0.818592
user_0a0bcaa6,3,user_e2e59795,0.816436
user_0a0bcaa6,4,user_0c578ab5,0.814821
user_0a0bcaa6,5,user_f0cf195f,0.811479
user_0a0bcaa6,6,user_107259c3,0.804508
user_0a0bcaa6,7,user_ba085464,0.800885
user_0a0bcaa6,8,user_dca78fea,0.798479
user_0a0bcaa6,9,user_500badda,0.795962
user_0a0bcaa6,10,user_03410579,0.792947
user_0a0bcaa6,11,user_586752e4,0.792405
user_0a0bcaa6,12,user_e802076d,0.790270
user_0a0bcaa6,13,user_a7b901f2,0.786536
user_0a0bcaa6,14,user_acb899e9,0.786352
user_0a0bcaa6,15,user_2cb4b018,0.785363
user_0a245f61,1,user_30802254,0.890633
user_0a245f61,2,user_b23aa915,0.845973
user_0a245f61,3,user_adab54a0,0.818760
user_0a245f61,4,user_02d03e8a,0.810604
user_0a245f61,5,user_15179955,0.810257
user_0a245f61,6,user_80dc757f,0.806926
user_0a245f61,7,user_5c5a0b40,0.801596
user_0a245f61,8,user_406c399e,0.800514
user_0a245f61,9,user_e802076d,0.799059
user_0a245f61,10,user_8f8346ad,0.785576
user_0a245f61,11,user_886f7373,0.783219
user_0a245f61,12,user_111cfe7d,0.780511
user_0a245f61,13,user_b16e0cf8,0.779587
user_0a245f61,14,user_5d1b0daf,0.778406
user_0a245f61,15,user_f654c33b,0.771099
user_0b5c256a,1,user_15179955,0.871944
user_0b5c256a,2,user_80dc757f,0.852051
user_0b5c256a,3,user_5881b259,0.836477
user_0b5c256a,4,user_83e30c57,0.833650
user_0b5c256a,5,user_f654c33b,0.827420
user_0b5c256a,6,user_fde2d265,0.820350
user_0b5c256a,7,user_b23aa915,0.814359
user_0b5c256a,8,user_adab54a0,0.808205
user_0b5c256a,9,user_954805d7,0.808169
user_0b5c256a,10,user_b16e0cf8,0.804508
user_0b5c256a,11,user_ef954c6e,0.799736
user_0b5c256a,12,user_d199bef3,0.797438
user_0b5c256a,13,user_d1d16d30,0.793443
user_0b5c256a,14,user_02d03e8a,0.790776
user_0b5c256a,15,user_5c5a0b40,0.789940
user_0b64b183,1,user_0898fc4b,0.859670
user_0b64b183,2,user_c5f32c0d,0.851211
user_0b64b183,3,user_bd05225b,0.845070
user_0b64b183,4,user_032e5bc8,0.844682
user_0b64b183,5,user_70bbda36,0.835901
user_0b64b183,6,user_03969305,0.835833
user_0b64b183,7,user_b16e0cf8,0.833049
user_0b64b183,8,user_81c4dae1,0.831461
user_0b64b183,9,user_fba6bcd4,0.827808
user_0b64b183,10,user_ef954c6e,0.827028
user_0b64b183,11,user_e5a6abbe,0.826233
user_0b64b183,12,user_0669bdf6,0.825463
user_0b64b183,13,user_e59c000f,0.825231
user_0b64b183,14,user_02016939,0.824264
user_0b64b183,15,user_1b7f8c56,0.823680
user_0c578ab5,1,user_107259c3,0.673726
user_0c578ab5,2,user_d4c7b4c0,0.664848
user_0c578ab5,3,user_07db2c6a,0.663321
user_0c578ab5,4,user_9c88ee3d,0.661883
user_0c578ab5,5,user_ea67f9c6,0.656130
user_0c578ab5,6,user_b1d0760b,0.646261
user_0c578ab5,7,user_586752e4,0.643399
user_0c578ab5,8,user_6476648d,0.638270
user_0c578ab5,9,user_737dd050,0.631587
user_0c578ab5,10,user_ff39b6cf,0.630404
user_0c578ab5,11,user_efb27a8e,0.629908
user_0c578ab5,12,user_6169d3b8,0.627615
user_0c578ab5,13,user_17054ec7,0.627197
user_0c578ab5,14,user_e2e59795,0.626910
user_0c578ab5,15,user_52f895f1,0.625247
user_0c8c48ac,1,user_111cfe7d,0.787667
user_0c8c48ac,2,user_02d03e8a,0.786778
user_0c8c48ac,3,user_0cc626ee,0.780951
user_0c8c48ac,4,user_5c5a0b40,0.776896
user_0c8c48ac,5,user_a4a77a7d,0.776816
user_0c8c48ac,6,user_ecc1ca0a,0.775959
user_0c8c48ac,7,user_6a0b0e92,0.769778
user_0c8c48ac,8,user_3f2fbc90,0.768990
user_0c8c48ac,9,user_586752e4,0.766312
user_0c8c48ac,10,user_96013176,0.764769
user_0c8c48ac,11,user_d758a0a1,0.763971
user_0c8c48ac,12,user_f27da10a,0.763218
user_0c8c48ac,13,user_94f185bc,0.763134
user_0c8c48ac,14,user_8d22714e,0.762753
user_0c8c48ac,15,user_8292753c,0.762503
user_0cc626ee,1,user_e7ff2beb,0.792402
user_0cc626ee,2,user_66772d98,0.792230
user_0cc626ee,3,user_df8dc9bb,0.773218
user_0cc626ee,4,user_89e04335,0.770230
user_0cc626ee,5,user_147d1bbb,0.769919
user_0cc626ee,6,user_e802076d,0.764990
user_0cc626ee,7,user_5c82df31,0.764592
user_0cc626ee,8,user_96013176,0.764491
user_0cc626ee,9,user_4144252d,0.762384
user_0cc626ee,10,user_bd05225b,0.761861
user_0cc626ee,11,user_a7c6197a,0.761392
user_0cc626ee,12,user_03410579,0.759896
user_0cc626ee,13,user_e59c000f,0.751824
user_0cc626ee,14,user_0cc626ee,0.750031
user_0cc626ee,15,user_886f7373,0.748947
user_0cd29f02,1,user_e6057285,0.819509
user_0cd29f02,2,user_fba6bcd4,0.817597
user_0cd29f02,3,user_18892460,0.815972
user_0cd29f02,4,user_a01f16ac,0.813109
user_0cd29f02,5,user_886f7373,0.797892
user_0cd29f02,6,user_72b93300,0.790221
user_0cd29f02,7,user_5993b36a,0.789407
user_0cd29f02,8,user_1936a7c3,0.786988
user_0cd29f02,9,user_a6c5a10c,0.784399
user_0cd29f02,10,user_1f1dc5e0,0.783046
user_0cd29f02,11,user_ef954c6e,0.781104
user_0cd29f02,12,user_01916bd2,0.780228
user_0cd29f02,13,user_7b052f32,0.778794
user_0cd29f02,14,user_62b122b9,0.776401
user_0cd29f02,15,user_205d25f3,0.776303
user_0f0ad720,1,user_0669bdf6,0.796264
user_0f0ad720,2,user_032e5bc8,0.796108
user_0f0ad720,3,user_8d22714e,0.795860
user_0f0ad720,4,user_226be32f,0.789705
user_0f0ad720,5,user_c5f32c0d,0.783529
user_0f0ad720,6,user_90e5fee6,0.782856
user_0f0ad720,7,user_0f0ad720,0.779953
user_0f0ad720,8,user_a615a6d1,0.779302
user_0f0ad720,9,user_a2825b06,0.779116
user_0f0ad720,10,user_0cc626ee,0.777499
user_0f0ad720,11,user_f27da10a,0.773793
user_0f0ad720,12,user_bd47000f,0.771869
user_0f0ad720,13,user_25798310,0.768012
user_0f0ad720,14,user_bd05225b,0.764287
user_0f0ad720,15,user_5b714afd,0.758077
user_107259c3,1,user_3353b96b,0.724887
user_107259c3,2,user_9c88ee3d,0.675444
user_107259c3,3,user_baeb91b3,0.672143
user_107259c3,4,user_7c7220a4,0.670759
user_107259c3,5,user_17054ec7,0.663651
user_107259c3,6,user_107259c3,0.652146
user_107259c3,7,user_ea67f9c6,0.645363
user_107259c3,8,user_0128a546,0.636103
user_107259c3,9,user_f070eee7,0.632402
user_107259c3,10,user_ff39b6cf,0.615514
user_107259c3,11,user_586752e4,0.610932
user_107259c3,12,user_ab434739,0.604209
user_107259c3,13,user_9a5457b0,0.603851
user_107259c3,14,user_3b79395c,0.600191
user_107259c3,15,user_7f623d19,0.591460
user_10e64e28,1,user_3535252b,0.828682
user_10e64e28,2,user_c35d6565,0.808414
user_10e64e28,3,user_9dda4af9,0.781595
user_10e64e28,4,user_8be3f554,0.768191
user_10e64e28,5,user_a6c5a10c,0.766871
user_10e64e28,6,user_daf37424,0.755654
user_10e64e28,7,user_dae4304f,0.751623
user_10e64e28,8,user_d691d016,0.748428
user_10e64e28,9,user_3971c3e6,0.746616
user_10e64e28,10,user_a8dc91a3,0.745994
user_10e64e28,11,user_72b93300,0.743967
user_10e64e28,12,user_c994138f,0.742819
user_10e64e28,13,user_a151ddab,0.740982
user_10e64e28,14,user_9ce96cbf,0.740905
user_10e64e28,15,user_f030b951,0.739453
user_111cfe7d,1,user_52f895f1,0.717893
user_111cfe7d,2,user_07ec3726,0.655434
user_111cfe7d,3,user_9a5457b0,0.654936
user_111cfe7d,4,user_4d4f73a6,0.621230
user_111cfe7d,5,user_ee923f9d,0.618042
user_111cfe7d,6,user_c50a487d,0.605276
user_111cfe7d,7,user_18522854,0.602442
user_111cfe7d,8,user_9818dcae,0.598496
user_111cfe7d,9,user_41b20ee4,0.598275
user_111cfe7d,10,user_b1c16312,0.597350
user_111cfe7d,11,user_3666402b,0.596593
user_111cfe7d,12,user_c7beef01,0.593899
user_111cfe7d,13,user_67acd9b1,0.593779
user_111cfe7d,14,user_fe922ad0,0.591254
user_111cfe7d,15,user_3bc84c13,0.587202
user_11e8421f,1,user_124651ff,0.770732
user_11e8421f,2,user_ba085464,0.753286
user_11e8421f,3,user_0bc8e727,0.724706
user_11e8421f,4,user_8d85acb5,0.706409
user_11e8421f,5,user_2cb4b018,0.701546
user_11e8421f,6,user_795650bb,0.695123
user_11e8421f,7,user_7bbd1543,0.688898
user_11e8421f,8,user_0c578ab5,0.687503
user_11e8421f,9,user_6c2d672f,0.678063
user_11e8421f,10,user_ded778b8,0.673202
user_11e8421f,11,user_cbabbcee,0.671564
user_11e8421f,12,user_fdcaaf41,0.659387
user_11e8421f,13,user_a3a4a20a,0.659271
user_11e8421f,14,user_39f8897b,0.653764
user_11e8421f,15,user_43049634,0.651857
user_1230e05a,1,user_2920b35e,0.859589
user_1230e05a,2,user_1ef33a43,0.731525
user_1230e05a,3,user_dd1d7b22,0.731318
user_1230e05a,4,user_5dc5c2dc,0.727497
user_1230e05a,5,user_70580e9a,0.727259
user_1230e05a,6,user_b6350ec1,0.724018
user_1230e05a,7,user_f030b951,0.723786
user_1230e05a,8,user_df3c19a7,0.723639
user_1230e05a,9,user_9692f077,0.723546
user_1230e05a,10,user_bd19a016,0.719293
user_1230e05a,11,user_b16e0cf8,0.714060
user_1230e05a,12,user_d6175d39,0.707689
user_1230e05a,13,user_fba6bcd4,0.698137
user_1230e05a,14,user_cc1c8897,0.695744
user_1230e05a,15,user_0cee87f3,0.694621
user_126670d7,1,user_9571d0d5,0.823819
user_126670d7,2,user_b49274ca,0.817607
user_126670d7,3,user_fc1cfe0b,0.813980
user_126670d7,4,user_f75c71f0,0.812845
user_126670d7,5,user_fdc08e26,0.801201
user_126670d7,6,user_6fc85c06,0.799860
user_126670d7,7,user_16ac4154,0.798388
user_126670d7,8,user_f930e37f,0.797939
user_126670d7,9,user_69df6330,0.796010
user_126670d7,10,user_e59c000f,0.794621
user_126670d7,11,user_03969305,0.794423
user_126670d7,12,user_56980aa9,0.792706
user_126670d7,13,user_b9036662,0.789561
user_126670d7,14,user_4db0d490,0.788559
user_126670d7,15,user_c34e791e,0.788324
user_1302cb61,1,user_b0129d9e,0.819103
user_1302cb61,2,user_03410579,0.812261
user_1302cb61,3,user_94cad3a5,0.806626
user_1302cb61,4,user_1a7d6cd5,0.802350
user_1302cb61,5,user_7f56f9a5,0.784134
user_1302cb61,6,user_89571ce8,0.767931
user_1302cb61,7,user_0d32f0ed,0.766219
user_1302cb61,8,user_63b4be5f,0.763677
user_1302cb61,9,user_3431c049,0.762415
user_1302cb61,10,user_16ac4154,0.761326
user_1302cb61,11,user_5c9b579a,0.760161
user_1302cb61,12,user_02fecea2,0.760109
user_1302cb61,13,user_920c074a,0.758533
user_1302cb61,14,user_f51339f8,0.757739
user_1302cb61,15,user_e7ff2beb,0.750168
user_13f8ee07,1,user_bbcbf015,0.673920
user_13f8ee07,2,user_c67f26cc,0.669836
user_13f8ee07,3,user_ebddf9c1,0.656572
user_13f8ee07,4,user_0a0bcaa6,0.652377
user_13f8ee07,5,user_c96b90fe,0.637633
user_13f8ee07,6,user_2dd189e3,0.635074
user_13f8ee07,7,user_c39d41d7,0.628712
user_13f8ee07,8,user_f930e37f,0.628587
user_13f8ee07,9,user_5a283043,0.622916
user_13f8ee07,10,user_c06d9b71,0.619927
user_13f8ee07,11,user_d758a0a1,0.617012
user_13f8ee07,12,user_dc326993,0.613086
user_13f8ee07,13,user_63b4be5f,0.608779
user_13f8ee07,14,user_d849ac6e,0.606602
user_13f8ee07,15,user_a57e47b1,0.603715
user_13fb2e34,1,user_13fb2e34,0.860103
user_13fb2e34,2,user_4144252d,0.827418
user_13fb2e34,3,user_c903d3bb,0.809896
user_13fb2e34,4,user_f4f9490d,0.759231
user_13fb2e34,5,user_29266f60,0.759221
user_13fb2e34,6,user_09dea596,0.758116
user_13fb2e34,7,user_fcf93ee8,0.756441
user_13fb2e34,8,user_87e5d9b0,0.753308
user_13fb2e34,9,user_8e5e899b,0.750850
user_13fb2e34,10,user_1a7d6cd5,0.749952
user_13fb2e34,11,user_cbabbcee,0.747540
user_13fb2e34,12,user_233fda02,0.742625
user_13fb2e34,13,user_ff39b6cf,0.738587
user_13fb2e34,14,user_03410579,0.729420
user_13fb2e34,15,user_107259c3,0.722808
user_147d1bbb,1,user_1a7d6cd5,0.849970
user_147d1bbb,2,user_b0129d9e,0.828084
user_147d1bbb,3,user_03410579,0.825558
user_147d1bbb,4,user_fdcaaf41,0.820438
user_147d1bbb,5,user_c50a487d,0.811012
user_147d1bbb,6,user_aabd2642,0.810897
user_147d1bbb,7,user_1246b252,0.810539
user_147d1bbb,8,user_8fb63eca,0.807550
user_147d1bbb,9,user_94cad3a5,0.794636
user_147d1bbb,10,user_89571ce8,0.794195
user_147d1bbb,11,user_500badda,0.793272
user_147d1bbb,12,user_4144252d,0.790643
user_147d1bbb,13,user_b63ea1d4,0.790349
user_147d1bbb,14,user_81a80789,0.789687
user_147d1bbb,15,user_920c074a,0.788879
user_14a2d3c6,1,user_0669bdf6,0.727379
user_14a2d3c6,2,user_dac2c359,0.723556
user_14a2d3c6,3,user_5ac1a174,0.715574
user_14a2d3c6,4,user_14a2d3c6,0.712368
user_14a2d3c6,5,user_858fa00c,0.703041
user_14a2d3c6,6,user_7322f4ef,0.698304
user_14a2d3c6,7,user_efa5697b,0.695173
user_14a2d3c6,8,user_058d9dc1,0.690801
user_14a2d3c6,9,user_ab30f0fb,0.688366
user_14a2d3c6,10,user_e4f8ab0c,0.681981
user_14a2d3c6,11,user_7d944883,0.677302
user_14a2d3c6,12,user_e8cdb142,0.675681
user_14a2d3c6,13,user_233fda02,0.669760
user_14a2d3c6,14,user_8e5e899b,0.666679
user_14a2d3c6,15,user_59e8bc2a,0.665574
user_159646d5,1,user_5bc74ae7,0.581229
user_159646d5,2,user_9fc3c829,0.514490
user_159646d5,3,user_3b90fb53,0.513312
user_159646d5,4,user_82d93459,0.499039
user_159646d5,5,user_f6188968,0.496164
user_159646d5,6,user_87e5d9b0,0.488602
user_159646d5,7,user_22adb798,0.483641
user_159646d5,8,user_ff591131,0.483555
user_159646d5,9,user_e7f25600,0.479825
user_159646d5,10,user_107259c3,0.470123
user_159646d5,11,user_233fda02,0.464925
user_159646d5,12,user_3850eb9e,0.464296
user_159646d5,13,user_032f6993,0.462945
user_159646d5,14,user_e931b2cd,0.461286
user_159646d5,15,user_8ae8c359,0.460410
user_164057cc,1,user_164057cc,0.755723
user_164057cc,2,user_aa2fbe83,0.752098
user_164057cc,3,user_5993b36a,0.752016
user_164057cc,4,user_940c7213,0.746789
user_164057cc,5,user_acb51eed,0.744860
user_164057cc,6,user_bd05225b,0.742275
user_164057cc,7,user_3239132f,0.739003
user_164057cc,8,user_fb64cb55,0.737970
user_164057cc,9,user_e5a6abbe,0.737392
user_164057cc,10,user_8ac8f24f,0.733519
user_164057cc,11,user_c008345b,0.727881
user_164057cc,12,user_7af2ed90,0.727029
user_164057cc,13,user_95d648bc,0.725301
user_164057cc,14,user_1b7f8c56,0.723754
user_164057cc,15,user_737dd050,0.722321
user_164fe4b8,1,user_0d32f0ed,0.666569
user_164fe4b8,2,user_ffe2efae,0.634485
user_164fe4b8,3,user_ea67f9c6,0.626552
user_164fe4b8,4,user_81a80789,0.622545
user_164fe4b8,5,user_b4d7e69a,0.619370
user_164fe4b8,6,user_815b7baf,0.618827
user_164fe4b8,7,user_3431c049,0.608428
user_164fe4b8,8,user_166a3647,0.602502
user_164fe4b8,9,user_3bc84c13,0.600560
user_164fe4b8,10,user_25798310,0.599441
user_164fe4b8,11,user_9b6481e4,0.599040
user_164fe4b8,12,user_fb427339,0.595552
user_164fe4b8,13,user_72bed676,0.594908
user_164fe4b8,14,user_94cad3a5,0.594700
user_164fe4b8,15,user_8e97a154,0.594327
user_165a2706,1,user_165a2706,0.821151
user_165a2706,2,user_fb64cb55,0.820773
user_165a2706,3,user_835666af,0.800532
user_165a2706,4,user_903329bb,0.762680
user_165a2706,5,user_59e8bc2a,0.753442
user_165a2706,6,user_aa4cc34a,0.727581
user_165a2706,7,user_9ee84e18,0.718081
user_165a2706,8,user_737dd050,0.715677
user_165a2706,9,user_058d9dc1,0.699789
user_165a2706,10,user_d10d1f24,0.699597
user_165a2706,11,user_acb51eed,0.692251
user_165a2706,12,user_00723699,0.692185
user_165a2706,13,user_fca58a87,0.690549
user_165a2706,14,user_8e97a154,0.685122
user_165a2706,15,user_0cc626ee,0.678260
user_16b87e34,1,user_259776c7,0.830324
user_16b87e34,2,user_0128a546,0.805835
user_16b87e34,3,user_4f3b6241,0.801438
user_16b87e34,4,user_2e05a7a0,0.788099
user_16b87e34,5,user_cf393213,0.785756
user_16b87e34,6,user_586752e4,0.774105
user_16b87e34,7,user_29cd4556,0.767610
user_16b87e34,8,user_ff39b6cf,0.763877
user_16b87e34,9,user_cdd86523,0.757737
user_16b87e34,10,user_91f807b9,0.757653
user_16b87e34,11,user_65d73ac1,0.755203
user_16b87e34,12,user_0cc626ee,0.754609
user_16b87e34,13,user_9a5457b0,0.753115
user_16b87e34,14,user_e8e9acac,0.751030
user_16b87e34,15,user_4db0d490,0.750872
user_17355c30,1,user_c4b781ce,0.737554
user_17355c30,2,user_5d35f631,0.701664
user_17355c30,3,user_49b1ac46,0.686188
user_17355c30,4,user_b2dd04c8,0.682297
user_17355c30,5,user_a6a094cf,0.673231
user_17355c30,6,user_17355c30,0.663311
user_17355c30,7,user_79f04645,0.651786
user_17355c30,8,user_78eff25f,0.645459
user_17355c30,9,user_a75b4d6e,0.644807
user_17355c30,10,user_a04b2a78,0.643887
user_17355c30,11,user_29cd4556,0.635226
user_17355c30,12,user_756e2f00,0.633458
user_17355c30,13,user_a8dc91a3,0.628335
user_17355c30,14,user_650da71b,0.623306
user_17355c30,15,user_56909460,0.619638
user_17607ebc,1,user_69193575,0.854761
user_17607ebc,2,user_fca58a87,0.852476
user_17607ebc,3,user_bbe73426,0.846725
user_17607ebc,4,user_17607ebc,0.828519
user_17607ebc,5,user_bf69de98,0.823799
user_17607ebc,6,user_6d071251,0.816677
user_17607ebc,7,user_5881b259,0.808698
user_17607ebc,8,user_80dc757f,0.805162
user_17607ebc,9,user_d1d16d30,0.800251
user_17607ebc,10,user_d199bef3,0.799504
user_17607ebc,11,user_4e800fa1,0.798458
user_17607ebc,12,user_f654c33b,0.797131
user_17607ebc,13,user_a01f16ac,0.791639
user_17607ebc,14,user_c39d41d7,0.790294
user_17607ebc,15,user_cb2fe204,0.789264
user_183b3783,1,user_4bf6a4a0,0.813694
user_183b3783,2,user_5d1b0daf,0.745864
user_183b3783,3,user_c32db875,0.738588
user_183b3783,4,user_f43d6008,0.736271
user_183b3783,5,user_a4aab257,0.734027
user_183b3783,6,user_d20928cc,0.724895
user_183b3783,7,user_650da71b,0.724039
user_183b3783,8,user_515ae840,0.711999
user_183b3783,9,user_33f2a818,0.708082
user_183b3783,10,user_6d2cb415,0.707821
user_183b3783,11,user_2c3eb234,0.694163
user_183b3783,12,user_74d27419,0.691940
user_183b3783,13,user_daf53db6,0.687573
user_183b3783,14,user_b8f24804,0.683847
user_183b3783,15,user_b2dd04c8,0.681340
user_18522854,1,user_1936a7c3,0.789367
user_18522854,2,user_69df6330,0.779631
user_18522854,3,user_ee14f818,0.778851
user_18522854,4,user_f51339f8,0.776983
user_18522854,5,user_a743aff9,0.775791
user_18522854,6,user_ebddf9c1,0.773463
user_18522854,7,user_fdc08e26,0.771239
user_18522854,8,user_e6057285,0.767629
user_18522854,9,user_1b7f8c56,0.767531
user_18522854,10,user_94f185bc,0.766684
user_18522854,11,user_7924afc9,0.763965
user_18522854,12,user_ef954c6e,0.763704
user_18522854,13,user_c06d9b71,0.763208
user_18522854,14,user_d1d16d30,0.762766
user_18522854,15,user_7f56f9a5,0.761323
user_18892460,1,user_1936a7c3,0.857339
user_18892460,2,user_a01f16ac,0.855975
user_18892460,3,user_d1d16d30,0.853485
user_18892460,4,user_5881b259,0.848486
user_18892460,5,user_7b052f32,0.841898
user_18892460,6,user_83afc7b2,0.841595
user_18892460,7,user_89e04335,0.840143
user_18892460,8,user_c39d41d7,0.833189
user_18892460,9,user_e6057285,0.830210
user_18892460,10,user_095ff43e,0.829890
user_18892460,11,user_954805d7,0.829190
user_18892460,12,user_c06d9b71,0.828345
user_18892460,13,user_2e81a539,0.824592
user_18892460,14,user_e59c000f,0.822011
user_18892460,15,user_fba6bcd4,0.819893
user_18c333c6,1,user_18c333c6,0.825355
user_18c333c6,2,user_74e32d78,0.714673
user_18c333c6,3,user_98f18241,0.712820
user_18c333c6,4,user_fcf93ee8,0.709509
user_18c333c6,5,user_567057e7,0.698336
user_18c333c6,6,user_43049634,0.697137
user_18c333c6,7,user_b14ec02b,0.669801
user_18c333c6,8,user_3ff3188b,0.668169
user_18c333c6,9,user_3ff88cf0,0.664034
user_18c333c6,10,user_dca78fea,0.655847
user_18c333c6,11,user_940c7213,0.651155
user_18c333c6,12,user_7c7220a4,0.647392
user_18c333c6,13,user_a7145605,0.645847
user_18c333c6,14,user_f4f9490d,0.645081
user_18c333c6,15,user_db4c3fb9,0.638012
user_192a215d,1,user_a61b0d31,0.832490
user_192a215d,2,user_62b122b9,0.830116
user_192a215d,3,user_fbed237d,0.823337
user_192a215d,4,user_0bc8e727,0.789277
user_192a215d,5,user_2c2a5c24,0.772893
user_192a215d,6,user_5b714afd,0.753769
user_192a215d,7,user_500badda,0.752287
user_192a215d,8,user_a2825b06,0.749881
user_192a215d,9,user_40efa894,0.740424
user_192a215d,10,user_3e284ba5,0.737281
user_192a215d,11,user_372c2b3e,0.737059
user_192a215d,12,user_58bfeaad,0.735260
user_192a215d,13,user_3bb7992e,0.735224
user_192a215d,14,user_0f0ad720,0.731442
user_192a215d,15,user_79f38f6d,0.728912
user_194b92fc,1,user_9e39a95d,0.829584
user_194b92fc,2,user_1b7f8c56,0.824878
user_194b92fc,3,user_2cb4b018,0.820304
user_194b92fc,4,user_d3663143,0.811446
user_194b92fc,5,user_33c6501d,0.810807
user_194b92fc,6,user_f8e2246f,0.810543
user_194b92fc,7,user_b325310b,0.804874
user_194b92fc,8,user_be06391b,0.795929
user_194b92fc,9,user_aabd2642,0.790405
user_194b92fc,10,user_acb51eed,0.790390
user_194b92fc,11,user_a57e47b1,0.790331
user_194b92fc,12,user_95d648bc,0.785855
user_194b92fc,13,user_7fd91653,0.785764
user_194b92fc,14,user_0898fc4b,0.779152
user_194b92fc,15,user_cdd86523,0.778658
user_19641691,1,user_ab434739,0.747123
user_19641691,2,user_c81fae29,0.715957
user_19641691,3,user_baeb91b3,0.701934
user_19641691,4,user_6169d3b8,0.700494
user_19641691,5,user_19641691,0.695285
user_19641691,6,user_1022be44,0.691381
user_19641691,7,user_a5e548ce,0.690659
user_19641691,8,user_5fddc7f1,0.688035
user_19641691,9,user_e5f67397,0.686607
user_19641691,10,user_687feee4,0.683890
user_19641691,11,user_b4f295b3,0.672908
user_19641691,12,user_8e97a154,0.670889
user_19641691,13,user_aa19d173,0.669372
user_19641691,14,user_0d32f0ed,0.669243
user_19641691,15,user_9fe4e0f5,0.668854
user_19952166,1,user_e802076d,0.850443
user_19952166,2,user_6bf0e007,0.843548
user_19952166,3,user_94f185bc,0.836988
user_19952166,4,user_e5a6abbe,0.832004
user_19952166,5,user_cf393213,0.824984
user_19952166,6,user_5c5a0b40,0.819584
user_19952166,7,user_0a3bcf86,0.813759
user_19952166,8,user_a8dc91a3,0.812319
user_19952166,9,user_111cfe7d,0.809893
user_19952166,10,user_cdd86523,0.806695
user_19952166,11,user_ec574395,0.804278
user_19952166,12,user_89e04335,0.803095
user_19952166,13,user_756e2f00,0.800448
user_19952166,14,user_fde2d265,0.798346
user_19952166,15,user_03969305,0.798339
user_1a2755b3,1,user_1a2755b3,0.906499
user_1a2755b3,2,user_40a0bad3,0.860215
user_1a2755b3,3,user_15179955,0.852329
user_1a2755b3,4,user_b337cb0c,0.843284
user_1a2755b3,5,user_405db206,0.842216
user_1a2755b3,6,user_c06d9b71,0.839610
user_1a2755b3,7,user_a6c2e760,0.838780
user_1a2755b3,8,user_c008345b,0.832091
user_1a2755b3,9,user_0eb2abf1,0.830249
user_1a2755b3,10,user_0b64b183,0.823653
user_1a2755b3,11,user_e802076d,0.823497
user_1a2755b3,12,user_cdd86523,0.823054
user_1a2755b3,13,user_c39d41d7,0.821178
user_1a2755b3,14,user_0a3bcf86,0.819858
user_1a2755b3,15,user_ebddf9c1,0.819739
user_1a4bec69,1,user_1a4bec69,0.928400
user_1a4bec69,2,user_08c32973,0.846195
user_1a4bec69,3,user_04f39d22,0.829822
user_1a4bec69,4,user_4ea1ef09,0.819389
user_1a4bec69,5,user_3ff3188b,0.817926
user_1a4bec69,6,user_2efde048,0.814414
user_1a4bec69,7,user_81c4dae1,0.812319
user_1a4bec69,8,user_a52dd639,0.809528
user_1a4bec69,9,user_6fa47d61,0.807478
user_1a4bec69,10,user_2c2a5c24,0.802623
user_1a4bec69,11,user_b2aba63a,0.802548
user_1a4bec69,12,user_421ae417,0.801718
user_1a4bec69,13,user_e409a56d,0.799507
user_1a4bec69,14,user_7de6f343,0.799450
user_1a4bec69,15,user_c34e791e,0.795535
user_1a7d6cd5,1,user_107259c3,0.867657
user_1a7d6cd5,2,user_5c9b579a,0.853115
user_1a7d6cd5,3,user_586752e4,0.852106
user_1a7d6cd5,4,user_03410579,0.846488
user_1a7d6cd5,5,user_fcf93ee8,0.843246
user_1a7d6cd5,6,user_3b79395c,0.832435
user_1a7d6cd5,7,user_1a7d6cd5,0.832068
user_1a7d6cd5,8,user_147d1bbb,0.831198
user_1a7d6cd5,9,user_7a8f7f3e,0.828690
user_1a7d6cd5,10,user_df8dc9bb,0.825824
user_1a7d6cd5,11,user_70bbda36,0.824372
user_1a7d6cd5,12,user_ea67f9c6,0.822509
user_1a7d6cd5,13,user_b0129d9e,0.821698
user_1a7d6cd5,14,user_500badda,0.821064
user_1a7d6cd5,15,user_3e284ba5,0.815085
user_1b2d69c1,1,user_1b2d69c1,0.846159
user_1b2d69c1,2,user_e30558fe,0.788224
user_1b2d69c1,3,user_58892c7c,0.785262
user_1b2d69c1,4,user_74c84045,0.758212
user_1b2d69c1,5,user_baa70592,0.753849
user_1b2d69c1,6,user_07faa0fc,0.737114
user_1b2d69c1,7,user_23e46560,0.638944
user_1b2d69c1,8,user_a9ed5193,0.628948
user_1b2d69c1,9,user_98f18241,0.617899
user_1b2d69c1,10,user_2eaaa117,0.615685
user_1b2d69c1,11,user_b9036662,0.608697
user_1b2d69c1,12,user_43049634,0.606400
user_1b2d69c1,13,user_f4f9490d,0.603292
user_1b2d69c1,14,user_91db6e48,0.601238
user_1b2d69c1,15,user_e8e9acac,0.600440
user_1b7f8c56,1,user_16ac4154,0.825058
user_1b7f8c56,2,user_9bee2a7c,0.818964
user_1b7f8c56,3,user_c41de62b,0.809727
user_1b7f8c56,4,user_54b19b29,0.804408
user_1b7f8c56,5,user_649f4327,0.804071
user_1b7f8c56,6,user_55058479,0.801215
user_1b7f8c56,7,user_25b48a9a,0.793054
user_1b7f8c56,8,user_c8f82360,0.792147
user_1b7f8c56,9,user_4f3b6241,0.786763
user_1b7f8c56,10,user_56980aa9,0.785003
user_1b7f8c56,11,user_f930e37f,0.784112
user_1b7f8c56,12,user_c34e791e,0.780684
user_1b7f8c56,13,user_9a5457b0,0.776405
user_1b7f8c56,14,user_b9036662,0.771015
user_1b7f8c56,15,user_0128a546,0.770124
user_1b89f77a,1,user_e59c000f,0.845914
user_1b89f77a,2,user_c994138f,0.835349
user_1b89f77a,3,user_03969305,0.831111
user_1b89f77a,4,user_586752e4,0.817960
user_1b89f77a,5,user_5c5a0b40,0.814087
user_1b89f77a,6,user_54c1ebee,0.806157
user_1b89f77a,7,user_c5f32c0d,0.805056
user_1b89f77a,8,user_96013176,0.804788
user_1b89f77a,9,user_e802076d,0.804721
user_1b89f77a,10,user_b350e22b,0.800651
user_1b89f77a,11,user_a4a77a7d,0.796402
user_1b89f77a,12,user_e6057285,0.795268
user_1b89f77a,13,user_3971c3e6,0.795104
user_1b89f77a,14,user_02d03e8a,0.795064
user_1b89f77a,15,user_daf37424,0.793030
user_1d775dd8,1,user_4144252d,0.668802
user_1d775dd8,2,user_7f56f9a5,0.661937
user_1d775dd8,3,user_b1d0760b,0.652042
user_1d775dd8,4,user_5c82df31,0.650028
user_1d775dd8,5,user_8fb63eca,0.649615
user_1d775dd8,6,user_94cad3a5,0.639511
user_1d775dd8,7,user_93cdb7a1,0.638862
user_1d775dd8,8,user_b0129d9e,0.638304
user_1d775dd8,9,user_1302cb61,0.636282
user_1d775dd8,10,user_885e8708,0.634300
user_1d775dd8,11,user_9da8848a,0.632997
user_1d775dd8,12,user_5c9b579a,0.626565
user_1d775dd8,13,user_500badda,0.624923
user_1d775dd8,14,user_1d775dd8,0.623186
user_1d775dd8,15,user_107259c3,0.623135
user_1dc24686,1,user_f60a09b3,0.861624
user_1dc24686,2,user_7924afc9,0.852889
user_1dc24686,3,user_7fd91653,0.849194
user_1dc24686,4,user_e59c000f,0.836617
user_1dc24686,5,user_7b052f32,0.835684
user_1dc24686,6,user_39b3eda0,0.833869
user_1dc24686,7,user_c5f32c0d,0.833463
user_1dc24686,8,user_6fc85c06,0.831864
user_1dc24686,9,user_83afc7b2,0.825759
user_1dc24686,10,user_c06d9b71,0.822362
user_1dc24686,11,user_18892460,0.819241
user_1dc24686,12,user_5c82df31,0.819173
user_1dc24686,13,user_f27da10a,0.818898
user_1dc24686,14,user_a743aff9,0.817926
user_1dc24686,15,user_bd05225b,0.817762
user_1df51301,1,user_adab54a0,0.869597
user_1df51301,2,user_b49274ca,0.860788
user_1df51301,3,user_f654c33b,0.859431
user_1df51301,4,user_b6d05d1d,0.855744
user_1df51301,5,user_dbc4828c,0.855151
user_1df51301,6,user_c39d41d7,0.851409
user_1df51301,7,user_8fe14601,0.843136
user_1df51301,8,user_4db0d490,0.837741
user_1df51301,9,user_2dd5b531,0.837017
user_1df51301,10,user_c35d6565,0.836846
user_1df51301,11,user_03969305,0.836047
user_1df51301,12,user_54b19b29,0.833530
user_1df51301,13,user_15179955,0.833319
user_1df51301,14,user_0eb2abf1,0.832855
user_1df51301,15,user_c2f18cf7,0.831534
user_1e302679,1,user_25b48a9a,0.836293
user_1e302679,2,user_aa2fbe83,0.793743
user_1e302679,3,user_417702c5,0.772077
user_1e302679,4,user_71b9b8e0,0.759627
user_1e302679,5,user_acb51eed,0.759567
user_1e302679,6,user_940c7213,0.759350
user_1e302679,7,user_6bb64984,0.756768
user_1e302679,8,user_9dda4af9,0.756447
user_1e302679,9,user_b325310b,0.755831
user_1e302679,10,user_afff552a,0.751284
user_1e302679,11,user_1a2755b3,0.750378
user_1e302679,12,user_3ac315cb,0.750154
user_1e302679,13,user_1c7b7780,0.749778
user_1e302679,14,user_649f4327,0.749683
user_1e302679,15,user_b6b89f00,0.749089
user_1f1dc5e0,1,user_1f1dc5e0,0.825541
user_1f1dc5e0,2,user_eb0927d1,0.823257
user_1f1dc5e0,3,user_e6057285,0.813548
user_1f1dc5e0,4,user_38433566,0.787177
user_1f1dc5e0,5,user_500badda,0.779918
user_1f1dc5e0,6,user_bd47000f,0.779277
user_1f1dc5e0,7,user_3239132f,0.771763
user_1f1dc5e0,8,user_a4893af1,0.771188
user_1f1dc5e0,9,user_88b2faba,0.756964
user_1f1dc5e0,10,user_14a2d3c6,0.753685
user_1f1dc5e0,11,user_e5a6abbe,0.753551
user_1f1dc5e0,12,user_032e5bc8,0.753116
user_1f1dc5e0,13,user_b4214db6,0.752914
user_1f1dc5e0,14,user_0898fc4b,0.750524
user_1f1dc5e0,15,user_1ef33a43,0.750263
user_1f636ddc,1,user_1f636ddc,0.859939
user_1f636ddc,2,user_107259c3,0.836348
user_1f636ddc,3,user_70bbda36,0.791684
user_1f636ddc,4,user_7f623d19,0.786246
user_1f636ddc,5,user_e2e59795,0.772516
user_1f636ddc,6,user_e696f3ae,0.770877
user_1f636ddc,7,user_0d32f0ed,0.767533
user_1f636ddc,8,user_02016939,0.766649
user_1f636ddc,9,user_b4f295b3,0.765180
user_1f636ddc,10,user_6169d3b8,0.761053
user_1f636ddc,11,user_36e75535,0.759095
user_1f636ddc,12,user_500badda,0.754187
user_1f636ddc,13,user_89571ce8,0.750615
user_1f636ddc,14,user_5c9b579a,0.749554
user_1f636ddc,15,user_baeb91b3,0.747570
user_205d25f3,1,user_02016939,0.906439
user_205d25f3,2,user_70bbda36,0.894254
user_205d25f3,3,user_5526cbfd,0.859567
user_205d25f3,4,user_70580e9a,0.856678
user_205d25f3,5,user_6ae9ce92,0.853696
user_205d25f3,6,user_ded778b8,0.852824
user_205d25f3,7,user_930dc61d,0.851838
user_205d25f3,8,user_586752e4,0.851518
user_205d25f3,9,user_ed1aaed8,0.818416
user_205d25f3,10,user_147d1bbb,0.812863
user_205d25f3,11,user_03969305,0.812063
user_205d25f3,12,user_e802076d,0.808466
user_205d25f3,13,user_737dd050,0.803755
user_205d25f3,14,user_fba6bcd4,0.803536
user_205d25f3,15,user_2c69b83e,0.802278
user_20e741d0,1,user_81a80789,0.809548
user_20e741d0,2,user_1a7d6cd5,0.782423
user_20e741d0,3,user_1246b252,0.774733
user_20e741d0,4,user_1022be44,0.763266
user_20e741d0,5,user_3431c049,0.744248
user_20e741d0,6,user_166a3647,0.735436
user_20e741d0,7,user_7b5f54c0,0.735075
user_20e741d0,8,user_b63ea1d4,0.731938
user_20e741d0,9,user_414a6eaf,0.726812
user_20e741d0,10,user_8fb63eca,0.724611
user_20e741d0,11,user_3b1da5d9,0.718565
user_20e741d0,12,user_02fecea2,0.718490
user_20e741d0,13,user_52f895f1,0.716295
user_20e741d0,14,user_acd6ddfb,0.714924
user_20e741d0,15,user_cbabbcee,0.711743
user_2142b6e1,1,user_03410579,0.793093
user_2142b6e1,2,user_2142b6e1,0.788355
user_2142b6e1,3,user_1246b252,0.774363
user_2142b6e1,4,user_1a7d6cd5,0.774227
user_2142b6e1,5,user_0d32f0ed,0.772671
user_2142b6e1,6,user_b0129d9e,0.772478
user_2142b6e1,7,user_147d1bbb,0.769510
user_2142b6e1,8,user_8fb63eca,0.766855
user_2142b6e1,9,user_94cad3a5,0.759438
user_2142b6e1,10,user_70bbda36,0.758761
user_2142b6e1,11,user_dbbf562e,0.757151
user_2142b6e1,12,user_04d29f9c,0.756423
user_2142b6e1,13,user_4bd9303b,0.755682
user_2142b6e1,14,user_3431c049,0.754294
user_2142b6e1,15,user_89571ce8,0.753560
user_21b4fa31,1,user_21b4fa31,0.825127
user_21b4fa31,2,user_b6350ec1,0.733102
user_21b4fa31,3,user_2920b35e,0.730381
user_21b4fa31,4,user_9692f077,0.728544
user_21b4fa31,5,user_bd19a016,0.726796
user_21b4fa31,6,user_dd1d7b22,0.716470
user_21b4fa31,7,user_0c578ab5,0.713724
user_21b4fa31,8,user_fa60616d,0.713624
user_21b4fa31,9,user_b16e0cf8,0.711703
user_21b4fa31,10,user_df3c19a7,0.694060
user_21b4fa31,11,user_0cee87f3,0.689562
user_21b4fa31,12,user_03969305,0.688185
user_21b4fa31,13,user_095ff43e,0.686049
user_21b4fa31,14,user_3ff3188b,0.682919
user_21b4fa31,15,user_0f0ad720,0.680335
user_226be32f,1,user_0669bdf6,0.857140
user_226be32f,2,user_226be32f,0.835039
user_226be32f,3,user_dac2c359,0.807484
user_226be32f,4,user_14a2d3c6,0.804334
user_226be32f,5,user_e4f8ab0c,0.795290
user_226be32f,6,user_5ac1a174,0.790484
user_226be32f,7,user_e8a7be73,0.785877
user_226be32f,8,user_8d22714e,0.772919
user_226be32f,9,user_df8dc9bb,0.766763
user_226be32f,10,user_0cc626ee,0.765161
user_226be32f,11,user_bd05225b,0.763992
user_226be32f,12,user_858fa00c,0.759336
user_226be32f,13,user_a4a77a7d,0.758093
user_226be32f,14,user_bd47000f,0.754157
user_226be32f,15,user_83afc7b2,0.752978
user_2373103d,1,user_68d19df8,0.761597
user_2373103d,2,user_ff591131,0.732454
user_2373103d,3,user_2373103d,0.730351
user_2373103d,4,user_7fd91653,0.727188
user_2373103d,5,user_f368b9da,0.726536
user_2373103d,6,user_02d8a1f8,0.714597
user_2373103d,7,user_c5f32c0d,0.699989
user_2373103d,8,user_39b3eda0,0.699971
user_2373103d,9,user_5c5a0b40,0.699112
user_2373103d,10,user_032e5bc8,0.695819
user_2373103d,11,user_d96972e5,0.691820
user_2373103d,12,user_0669bdf6,0.691722
user_2373103d,13,user_f10e7063,0.691702
user_2373103d,14,user_886f7373,0.690465
user_2373103d,15,user_b23aa915,0.689145
user_23e46560,1,user_58892c7c,0.848593
user_23e46560,2,user_23e46560,0.811355
user_23e46560,3,user_07faa0fc,0.750766
user_23e46560,4,user_1b2d69c1,0.698641
user_23e46560,5,user_2eaaa117,0.643824
user_23e46560,6,user_a9ed5193,0.640643
user_23e46560,7,user_74c84045,0.578010
user_23e46560,8,user_85c97ea1,0.561452
user_23e46560,9,user_baa70592,0.552835
user_23e46560,10,user_e30558fe,0.523869
user_23e46560,11,user_1022be44,0.515120
user_23e46560,12,user_ab434739,0.499360
user_23e46560,13,user_74da5a13,0.488111
user_23e46560,14,user_903329bb,0.482952
user_23e46560,15,user_07db2c6a,0.480265
user_245fd42f,1,user_723406a0,0.906038
user_245fd42f,2,user_c39d41d7,0.865507
user_245fd42f,3,user_d955d7e2,0.850821
user_245fd42f,4,user_dd0bd02d,0.848422
user_245fd42f,5,user_5881b259,0.847010
user_245fd42f,6,user_dbc4828c,0.840701
user_245fd42f,7,user_eae91488,0.829028
user_245fd42f,8,user_a743aff9,0.818130
user_245fd42f,9,user_954805d7,0.812883
user_245fd42f,10,user_0a245f61,0.812315
user_245fd42f,11,user_a57e47b1,0.811759
user_245fd42f,12,user_73f34c5d,0.810398
user_245fd42f,13,user_7924afc9,0.803689
user_245fd42f,14,user_0a0bcaa6,0.801387
user_245fd42f,15,user_4b139395,0.800803
user_25652863,1,user_6fa47d61,0.865024
user_25652863,2,user_bf30f80d,0.861100
user_25652863,3,user_2efde048,0.848453
user_25652863,4,user_f5e1eee0,0.846628
user_25652863,5,user_f3377028,0.843600
user_25652863,6,user_08c32973,0.833896
user_25652863,7,user_372c2b3e,0.833572
user_25652863,8,user_4ea1ef09,0.824169
user_25652863,9,user_7de6f343,0.817223
user_25652863,10,user_25652863,0.816910
user_25652863,11,user_2c2a5c24,0.811135
user_25652863,12,user_2e60c125,0.810913
user_25652863,13,user_421ae417,0.808843
user_25652863,14,user_04f39d22,0.808260
user_25652863,15,user_ba8b1c05,0.807953
user_25798310,1,user_586752e4,0.843083
user_25798310,2,user_3b79395c,0.823996
user_25798310,3,user_9a307ebe,0.812617
user_25798310,4,user_ea67f9c6,0.810106
user_25798310,5,user_8713f22a,0.792699
user_25798310,6,user_c994138f,0.790721
user_25798310,7,user_9ee84e18,0.790540
user_25798310,8,user_107259c3,0.789640
user_25798310,9,user_02fecea2,0.788959
user_25798310,10,user_0128a546,0.787235
user_25798310,11,user_daf37424,0.787065
user_25798310,12,user_70bbda36,0.783976
user_25798310,13,user_7c7220a4,0.781093
user_25798310,14,user_c34e791e,0.780903
user_25798310,15,user_f930e37f,0.777788
user_25b48a9a,1,user_25b48a9a,0.850395
user_25b48a9a,2,user_2c69b83e,0.837869
user_25b48a9a,3,user_b63ea1d4,0.817741
user_25b48a9a,4,user_9a5457b0,0.817262
user_25b48a9a,5,user_e409a56d,0.815412
user_25b48a9a,6,user_57c1d6c0,0.814917
user_25b48a9a,7,user_16ac4154,0.809268
user_25b48a9a,8,user_67acd9b1,0.807601
user_25b48a9a,9,user_9351238d,0.806183
user_25b48a9a,10,user_02fecea2,0.797023
user_25b48a9a,11,user_3431c049,0.793338
user_25b48a9a,12,user_c34e791e,0.791306
user_25b48a9a,13,user_417702c5,0.784029
user_25b48a9a,14,user_e6dd44b0,0.781855
user_25b48a9a,15,user_3ac315cb,0.780934
user_26565155,1,user_b6d05d1d,0.823923
user_26565155,2,user_adab54a0,0.819011
user_26565155,3,user_56e6d0cd,0.813513
user_26565155,4,user_c34e791e,0.811299
user_26565155,5,user_d036c911,0.810625
user_26565155,6,user_dae4304f,0.804539
user_26565155,7,user_9dda4af9,0.803300
user_26565155,8,user_57c1d6c0,0.796095
user_26565155,9,user_daf37424,0.790364
user_26565155,10,user_4ab9d510,0.788731
user_26565155,11,user_8fe14601,0.786291
user_26565155,12,user_4db0d490,0.783372
user_26565155,13,user_29cd4556,0.780079
user_26565155,14,user_7aa3746b,0.779800
user_26565155,15,user_dd1d7b22,0.778238
user_26fa9d90,1,user_b2aba63a,0.855870
user_26fa9d90,2,user_04f39d22,0.854715
user_26fa9d90,3,user_67acd9b1,0.832820
user_26fa9d90,4,user_a3a4a20a,0.826789
user_26fa9d90,5,user_c34e791e,0.825542
user_26fa9d90,6,user_e409a56d,0.819602
user_26fa9d90,7,user_7de6f343,0.817493
user_26fa9d90,8,user_6d421600,0.806025
user_26fa9d90,9,user_e696f3ae,0.802738
user_26fa9d90,10,user_74cfb8ef,0.795874
user_26fa9d90,11,user_58bfeaad,0.793741
user_26fa9d90,12,user_9a5457b0,0.791713
user_26fa9d90,13,user_3ff3188b,0.791543
user_26fa9d90,14,user_ffe2efae,0.787788
user_26fa9d90,15,user_46bb5302,0.786580
user_27a3fa64,1,user_970963fd,0.786077
user_27a3fa64,2,user_bbe73426,0.723336
user_27a3fa64,3,user_69193575,0.667250
user_27a3fa64,4,user_6d071251,0.666630
user_27a3fa64,5,user_bf69de98,0.661907
user_27a3fa64,6,user_7b052f32,0.649631
user_27a3fa64,7,user_2373103d,0.647008
user_27a3fa64,8,user_4e800fa1,0.640873
user_27a3fa64,9,user_27a3fa64,0.638046
user_27a3fa64,10,user_f0b144fc,0.637234
user_27a3fa64,11,user_38dc2894,0.630326
user_27a3fa64,12,user_dc326993,0.627648
user_27a3fa64,13,user_cb2fe204,0.621792
user_27a3fa64,14,user_7f56f9a5,0.620626
user_27a3fa64,15,user_394c25cc,0.619223
user_2920b35e,1,user_2920b35e,0.874447
user_2920b35e,2,user_b6350ec1,0.808860
user_2920b35e,3,user_d6175d39,0.791913
user_2920b35e,4,user_f030b951,0.785846
user_2920b35e,5,user_dd1d7b22,0.775237
user_2920b35e,6,user_2efde048,0.768318
user_2920b35e,7,user_cc1c8897,0.763106
user_2920b35e,8,user_25652863,0.761138
user_2920b35e,9,user_9dda4af9,0.757867
user_2920b35e,10,user_3ff3188b,0.754122
user_2920b35e,11,user_b16e0cf8,0.752535
user_2920b35e,12,user_81c4dae1,0.751794
user_2920b35e,13,user_fba6bcd4,0.749267
user_2920b35e,14,user_0f0ad720,0.743476
user_2920b35e,15,user_df3c19a7,0.743470
user_29cd4556,1,user_6058434c,0.661564
user_29cd4556,2,user_1022be44,0.613011
user_29cd4556,3,user_a411fb06,0.590656
user_29cd4556,4,user_49b1ac46,0.585955
user_29cd4556,5,user_16b87e34,0.581743
user_29cd4556,6,user_07db2c6a,0.573146
user_29cd4556,7,user_41b20ee4,0.571572
user_29cd4556,8,user_338e1332,0.565533
user_29cd4556,9,user_ed3091a2,0.559776
user_29cd4556,10,user_e70b6a25,0.552234
user_29cd4556,11,user_4a40c36a,0.546005
user_29cd4556,12,user_6a28fa5d,0.545242
user_29cd4556,13,user_0a3f46b9,0.541674
user_29cd4556,14,user_ab8e847b,0.540275
user_29cd4556,15,user_ac6e9129,0.532656
user_2a704b9c,1,user_b49274ca,0.745674
user_2a704b9c,2,user_d036c911,0.712974
user_2a704b9c,3,user_82879210,0.712315
user_2a704b9c,4,user_f654c33b,0.690662
user_2a704b9c,5,user_c2f18cf7,0.690338
user_2a704b9c,6,user_eae91488,0.685264
user_2a704b9c,7,user_723406a0,0.684954
user_2a704b9c,8,user_8fe14601,0.670218
user_2a704b9c,9,user_07cb458d,0.665833
user_2a704b9c,10,user_b6d05d1d,0.664934
user_2a704b9c,11,user_adab54a0,0.662748
user_2a704b9c,12,user_50e2a836,0.662398
user_2a704b9c,13,user_84e93af7,0.662191
user_2a704b9c,14,user_1e08d102,0.660527
user_2a704b9c,15,user_3121653d,0.659839
user_2a94c885,1,user_0eb2abf1,0.909234
user_2a94c885,2,user_f4f9490d,0.882060
user_2a94c885,3,user_2dd5b531,0.880770
user_2a94c885,4,user_cf393213,0.872964
user_2a94c885,5,user_41d0c897,0.856504
user_2a94c885,6,user_cdd86523,0.837979
user_2a94c885,7,user_03969305,0.826582
user_2a94c885,8,user_a57e47b1,0.825627
user_2a94c885,9,user_1a2755b3,0.819887
user_2a94c885,10,user_0a3bcf86,0.817249
user_2a94c885,11,user_586752e4,0.816436
user_2a94c885,12,user_111cfe7d,0.811034
user_2a94c885,13,user_69df6330,0.809131
user_2a94c885,14,user_9571d0d5,0.807340
user_2a94c885,15,user_8a760553,0.807237
user_2b271761,1,user_259776c7,0.738029
user_2b271761,2,user_2b271761,0.736193
user_2b271761,3,user_ab5592eb,0.697440
user_2b271761,4,user_c41de62b,0.692818
user_2b271761,5,user_54b19b29,0.690363
user_2b271761,6,user_6fbf6191,0.682821
user_2b271761,7,user_2b03934e,0.675884
user_2b271761,8,user_83e30c57,0.658023
user_2b271761,9,user_d93b53bd,0.654818
user_2b271761,10,user_f107081e,0.652451
user_2b271761,11,user_8d968cfb,0.649892
user_2b271761,12,user_4ab9d510,0.646082
user_2b271761,13,user_2e05a7a0,0.643381
user_2b271761,14,user_b49274ca,0.642889
user_2b271761,15,user_0eb2abf1,0.641999
user_2b750e1c,1,user_efac3c1d,0.824256
user_2b750e1c,2,user_2eb5d860,0.789182
user_2b750e1c,3,user_4b139395,0.756138
user_2b750e1c,4,user_c96b90fe,0.749765
user_2b750e1c,5,user_d849ac6e,0.741897
user_2b750e1c,6,user_c67f26cc,0.732253
user_2b750e1c,7,user_c39d41d7,0.728138
user_2b750e1c,8,user_039d004e,0.704769
user_2b750e1c,9,user_2dd189e3,0.696396
user_2b750e1c,10,user_2b03934e,0.681368
user_2b750e1c,11,user_c6f50d12,0.679510
user_2b750e1c,12,user_6a98b381,0.671781
user_2b750e1c,13,user_1736acbe,0.667309
user_2b750e1c,14,user_91f807b9,0.666894
user_2b750e1c,15,user_5b698646,0.666790
user_2b79ef0b,1,user_0ff0b922,0.838861
user_2b79ef0b,2,user_2cb4b018,0.803729
user_2b79ef0b,3,user_500badda,0.801162
user_2b79ef0b,4,user_e802076d,0.797840
user_2b79ef0b,5,user_70bbda36,0.796199
user_2b79ef0b,6,user_e64d80ba,0.794666
user_2b79ef0b,7,user_ded778b8,0.791591
user_2b79ef0b,8,user_124651ff,0.789879
user_2b79ef0b,9,user_147d1bbb,0.789680
user_2b79ef0b,10,user_b4f295b3,0.788487
user_2b79ef0b,11,user_f0cf195f,0.775677
user_2b79ef0b,12,user_0898fc4b,0.771216
user_2b79ef0b,13,user_f75c71f0,0.769264
user_2b79ef0b,14,user_ba085464,0.768254
user_2b79ef0b,15,user_3ac315cb,0.765600
user_2c3eb234,1,user_2c3eb234,0.795516
user_2c3eb234,2,user_8a3bbeb2,0.757279
user_2c3eb234,3,user_0bd8ba7c,0.729956
user_2c3eb234,4,user_d20928cc,0.693421
user_2c3eb234,5,user_515ae840,0.685306
user_2c3eb234,6,user_f14dc486,0.679950
user_2c3eb234,7,user_b1c16312,0.662049
user_2c3eb234,8,user_d14b7d7b,0.654300
user_2c3eb234,9,user_4e42bf97,0.634677
user_2c3eb234,10,user_b8f24804,0.617359
user_2c3eb234,11,user_8006727d,0.612678
user_2c3eb234,12,user_8c0c7619,0.604809
user_2c3eb234,13,user_829844fd,0.599743
user_2c3eb234,14,user_ebe17c78,0.595149
user_2c3eb234,15,user_32934d38,0.589333
user_2c69b83e,1,user_886f7373,0.841505
user_2c69b83e,2,user_869fcb2b,0.830217
user_2c69b83e,3,user_e802076d,0.828647
user_2c69b83e,4,user_147d1bbb,0.825108
user_2c69b83e,5,user_c5f32c0d,0.822752
user_2c69b83e,6,user_df8dc9bb,0.821651
user_2c69b83e,7,user_83afc7b2,0.818745
user_2c69b83e,8,user_e59c000f,0.816111
user_2c69b83e,9,user_8d22714e,0.814947
user_2c69b83e,10,user_b350e22b,0.811968
user_2c69b83e,11,user_b23aa915,0.810765
user_2c69b83e,12,user_5c5a0b40,0.809544
user_2c69b83e,13,user_89e04335,0.807178
user_2c69b83e,14,user_b16e0cf8,0.805358
user_2c69b83e,15,user_a4a77a7d,0.804629
user_2c940ff8,1,user_2c940ff8,0.756054
user_2c940ff8,2,user_9bee2a7c,0.741368
user_2c940ff8,3,user_6fc85c06,0.733393
user_2c940ff8,4,user_ab86ab82,0.731507
user_2c940ff8,5,user_858fa00c,0.730948
user_2c940ff8,6,user_8f39f021,0.730873
user_2c940ff8,7,user_f52ced02,0.728437
user_2c940ff8,8,user_6fbf6191,0.727586
user_2c940ff8,9,user_b9036662,0.726463
user_2c940ff8,10,user_259776c7,0.722518
user_2c940ff8,11,user_2dd5b531,0.721748
user_2c940ff8,12,user_c4c70447,0.718173
user_2c940ff8,13,user_89e04335,0.714860
user_2c940ff8,14,user_8be3f554,0.714072
user_2c940ff8,15,user_cf393213,0.710509
user_2d74cd4c,1,user_daf53db6,0.773964
user_2d74cd4c,2,user_2f766c23,0.769525
user_2d74cd4c,3,user_9c5cd7fa,0.750466
user_2d74cd4c,4,user_582ff5b2,0.713869
user_2d74cd4c,5,user_f14dc486,0.708525
user_2d74cd4c,6,user_26565155,0.702009
user_2d74cd4c,7,user_4384dffe,0.699643
user_2d74cd4c,8,user_65d73ac1,0.699120
user_2d74cd4c,9,user_649f4327,0.689105
user_2d74cd4c,10,user_417702c5,0.683749
user_2d74cd4c,11,user_bbb0205e,0.682881
user_2d74cd4c,12,user_1c7b7780,0.682139
user_2d74cd4c,13,user_ba4f42bb,0.680582
user_2d74cd4c,14,user_efcacf59,0.679730
user_2d74cd4c,15,user_39939c54,0.679150
user_2dc10d2d,1,user_daf53db6,0.869610
user_2dc10d2d,2,user_126670d7,0.780497
user_2dc10d2d,3,user_649f4327,0.778237
user_2dc10d2d,4,user_9c5cd7fa,0.772592
user_2dc10d2d,5,user_25b48a9a,0.743061
user_2dc10d2d,6,user_c0392523,0.731657
user_2dc10d2d,7,user_c41de62b,0.729234
user_2dc10d2d,8,user_c8f82360,0.724848
user_2dc10d2d,9,user_417702c5,0.718340
user_2dc10d2d,10,user_bbb0205e,0.715893
user_2dc10d2d,11,user_2dc10d2d,0.715503
user_2dc10d2d,12,user_6bb64984,0.713400
user_2dc10d2d,13,user_0a3f46b9,0.693725
user_2dc10d2d,14,user_1c7b7780,0.688486
user_2dc10d2d,15,user_f43d6008,0.685570
user_2dd189e3,1,user_bd05225b,0.868596
user_2dd189e3,2,user_d1d16d30,0.862177
user_2dd189e3,3,user_5993b36a,0.860414
user_2dd189e3,4,user_a743aff9,0.857255
user_2dd189e3,5,user_5881b259,0.856540
user_2dd189e3,6,user_7fd91653,0.848493
user_2dd189e3,7,user_e6057285,0.846913
user_2dd189e3,8,user_7b052f32,0.844160
user_2dd189e3,9,user_7924afc9,0.838106
user_2dd189e3,10,user_c008345b,0.838010
user_2dd189e3,11,user_c39d41d7,0.837662
user_2dd189e3,12,user_f60a09b3,0.835106
user_2dd189e3,13,user_a01f16ac,0.832684
user_2dd189e3,14,user_5349c6cf,0.831911
user_2dd189e3,15,user_c06d9b71,0.829266
user_2eaaa117,1,user_02016939,0.830123
user_2eaaa117,2,user_fde27362,0.813384
user_2eaaa117,3,user_70bbda36,0.806936
user_2eaaa117,4,user_6ae9ce92,0.804269
user_2eaaa117,5,user_205d25f3,0.798569
user_2eaaa117,6,user_ded778b8,0.793646
user_2eaaa117,7,user_ba085464,0.778624
user_2eaaa117,8,user_500badda,0.773599
user_2eaaa117,9,user_930dc61d,0.773057
user_2eaaa117,10,user_43049634,0.763379
user_2eaaa117,11,user_fcf93ee8,0.762280
user_2eaaa117,12,user_586752e4,0.756376
user_2eaaa117,13,user_40efa894,0.756298
user_2eaaa117,14,user_1fb8e9e5,0.753648
user_2eaaa117,15,user_26fa9d90,0.752238
user_2eb5d860,1,user_c5c57a9d,0.738887
user_2eb5d860,2,user_2eb5d860,0.710114
user_2eb5d860,3,user_c67f26cc,0.703714
user_2eb5d860,4,user_2dd189e3,0.691383
user_2eb5d860,5,user_4b139395,0.634879
user_2eb5d860,6,user_d849ac6e,0.620302
user_2eb5d860,7,user_039d004e,0.607254
user_2eb5d860,8,user_c0eba9f2,0.597875
user_2eb5d860,9,user_efac3c1d,0.582865
user_2eb5d860,10,user_30802254,0.580033
user_2eb5d860,11,user_0f006eec,0.577573
user_2eb5d860,12,user_c96b90fe,0.569808
user_2eb5d860,13,user_433bdef0,0.548915
user_2eb5d860,14,user_906e2423,0.548062
user_2eb5d860,15,user_51779823,0.546413
user_2efde048,1,user_4ea1ef09,0.839336
user_2efde048,2,user_7de6f343,0.838862
user_2efde048,3,user_04f39d22,0.832879
user_2efde048,4,user_ba8b1c05,0.822314
user_2efde048,5,user_08c32973,0.821976
user_2efde048,6,user_64cd3098,0.818297
user_2efde048,7,user_421ae417,0.814287
user_2efde048,8,user_f3377028,0.811256
user_2efde048,9,user_7c3d63ce,0.809856
user_2efde048,10,user_74cfb8ef,0.797153
user_2efde048,11,user_2c2a5c24,0.795423
user_2efde048,12,user_83e45cc0,0.791078
user_2efde048,13,user_6fa47d61,0.789250
user_2efde048,14,user_795650bb,0.788872
user_2efde048,15,user_2e60c125,0.786713
user_2f1085dd,1,user_3353b96b,0.740730
user_2f1085dd,2,user_a411fb06,0.736472
user_2f1085dd,3,user_3666402b,0.734942
user_2f1085dd,4,user_9c88ee3d,0.733122
user_2f1085dd,5,user_ffe2efae,0.732987
user_2f1085dd,6,user_ab8e847b,0.729070
user_2f1085dd,7,user_3b79395c,0.707932
user_2f1085dd,8,user_338e1332,0.707724
user_2f1085dd,9,user_a16d1fb6,0.702375
user_2f1085dd,10,user_0128a546,0.701242
user_2f1085dd,11,user_9b6481e4,0.699444
user_2f1085dd,12,user_c7beef01,0.695040
user_2f1085dd,13,user_efb27a8e,0.691145
user_2f1085dd,14,user_94cad3a5,0.688219
user_2f1085dd,15,user_fa69a385,0.677753
user_2f766c23,1,user_aa2fbe83,0.856264
user_2f766c23,2,user_b325310b,0.854712
user_2f766c23,3,user_1b7f8c56,0.839679
user_2f766c23,4,user_649f4327,0.810586
user_2f766c23,5,user_afff552a,0.805866
user_2f766c23,6,user_e838707b,0.799099
user_2f766c23,7,user_940c7213,0.797939
user_2f766c23,8,user_3ac315cb,0.795819
user_2f766c23,9,user_d3663143,0.792769
user_2f766c23,10,user_b6b89f00,0.786840
user_2f766c23,11,user_fba6bcd4,0.785904
user_2f766c23,12,user_1a2755b3,0.776277
user_2f766c23,13,user_aabd2642,0.774863
user_2f766c23,14,user_1c7b7780,0.767988
user_2f766c23,15,user_16ac4154,0.765789
user_3049510b,1,user_c67f26cc,0.806441
user_3049510b,2,user_87e5d9b0,0.787234
user_3049510b,3,user_4144252d,0.779436
user_3049510b,4,user_bd05225b,0.776927
user_3049510b,5,user_5ac1a174,0.776709
user_3049510b,6,user_3049510b,0.766959
user_3049510b,7,user_4b139395,0.757337
user_3049510b,8,user_e8cdb142,0.752349
user_3049510b,9,user_5881b259,0.750154
user_3049510b,10,user_14a2d3c6,0.746860
user_3049510b,11,user_f4f9490d,0.742141
user_3049510b,12,user_1f1dc5e0,0.740342
user_3049510b,13,user_6a13946a,0.739848
user_3049510b,14,user_d758a0a1,0.739168
user_3049510b,15,user_c39d41d7,0.739009
user_30802254,1,user_e6057285,0.833479
user_30802254,2,user_cf393213,0.826822
user_30802254,3,user_84c14a6f,0.825143
user_30802254,4,user_30802254,0.822625
user_30802254,5,user_e838707b,0.807527
user_30802254,6,user_89e04335,0.802043
user_30802254,7,user_9600e8bf,0.801206
user_30802254,8,user_c204a1dd,0.797450
user_30802254,9,user_394c25cc,0.793330
user_30802254,10,user_586752e4,0.791985
user_30802254,11,user_f930e37f,0.790868
user_30802254,12,user_1b7f8c56,0.790138
user_30802254,13,user_cdd86523,0.790087
user_30802254,14,user_111cfe7d,0.786361
user_30802254,15,user_1a2755b3,0.783123
user_3121653d,1,user_5c82df31,0.721931
user_3121653d,2,user_405db206,0.718612
user_3121653d,3,user_7f56f9a5,0.717642
user_3121653d,4,user_e8613813,0.704814
user_3121653d,5,user_3121653d,0.683175
user_3121653d,6,user_fe67197f,0.679187
user_3121653d,7,user_6c2d672f,0.674742
user_3121653d,8,user_ecc1ca0a,0.672483
user_3121653d,9,user_4144252d,0.671209
user_3121653d,10,user_226be32f,0.670512
user_3121653d,11,user_0cc626ee,0.669375
user_3121653d,12,user_f75c71f0,0.666330
user_3121653d,13,user_25798310,0.664909
user_3121653d,14,user_1246b252,0.662970
user_3121653d,15,user_96013176,0.662952
user_32934d38,1,user_30802254,0.778786
user_32934d38,2,user_89e04335,0.754379
user_32934d38,3,user_5d1b0daf,0.748476
user_32934d38,4,user_a7c6197a,0.741745
user_32934d38,5,user_095ff43e,0.730572
user_32934d38,6,user_40a0bad3,0.726909
user_32934d38,7,user_96013176,0.725791
user_32934d38,8,user_c4c70447,0.725530
user_32934d38,9,user_fca58a87,0.724019
user_32934d38,10,user_cf393213,0.723042
user_32934d38,11,user_c39d41d7,0.720349
user_32934d38,12,user_8f8346ad,0.719092
user_32934d38,13,user_5881b259,0.718976
user_32934d38,14,user_94f185bc,0.718422
user_32934d38,15,user_df3c19a7,0.718188
user_32ae32f9,1,user_d3663143,0.834187
user_32ae32f9,2,user_1b7f8c56,0.824315
user_32ae32f9,3,user_2cb4b018,0.820808
user_32ae32f9,4,user_e838707b,0.818586
user_32ae32f9,5,user_f930e37f,0.795220
user_32ae32f9,6,user_9e39a95d,0.794162
user_32ae32f9,7,user_16ac4154,0.784699
user_32ae32f9,8,user_3ac315cb,0.783110
user_32ae32f9,9,user_95d648bc,0.778023
user_32ae32f9,10,user_7f56f9a5,0.776210
user_32ae32f9,11,user_acb51eed,0.765649
user_32ae32f9,12,user_aabd2642,0.764237
user_32ae32f9,13,user_dc326993,0.756065
user_32ae32f9,14,user_4f864d55,0.753021
user_32ae32f9,15,user_f51339f8,0.747476
user_32f31383,1,user_886f7373,0.846360
user_32f31383,2,user_f0b144fc,0.831516
user_32f31383,3,user_39b3eda0,0.799974
user_32f31383,4,user_bbe73426,0.795461
user_32f31383,5,user_0fefc28e,0.793801
user_32f31383,6,user_b337cb0c,0.793018
user_32f31383,7,user_394c25cc,0.790846
user_32f31383,8,user_a01f16ac,0.790836
user_32f31383,9,user_6d071251,0.788942
user_32f31383,10,user_e6057285,0.788830
user_32f31383,11,user_b5af9db9,0.779433
user_32f31383,12,user_2373103d,0.778716
user_32f31383,13,user_cb2fe204,0.777161
user_32f31383,14,user_5881b259,0.777105
user_32f31383,15,user_2e81a539,0.774377
user_3353b96b,1,user_baeb91b3,0.813865
user_3353b96b,2,user_ded778b8,0.792769
user_3353b96b,3,user_124651ff,0.772844
user_3353b96b,4,user_70bbda36,0.767541
user_3353b96b,5,user_3353b96b,0.759980
user_3353b96b,6,user_17054ec7,0.752176
user_3353b96b,7,user_b4f295b3,0.743659
user_3353b96b,8,user_930dc61d,0.728144
user_3353b96b,9,user_76638121,0.723937
user_3353b96b,10,user_107259c3,0.718336
user_3353b96b,11,user_0d32f0ed,0.716265
user_3353b96b,12,user_ea67f9c6,0.715243
user_3353b96b,13,user_02016939,0.714330
user_3353b96b,14,user_434f3511,0.711666
user_3353b96b,15,user_ac6d6bff,0.710911
user_338e1332,1,user_7de6f343,0.838917
user_338e1332,2,user_74cfb8ef,0.838391
user_338e1332,3,user_aabd2642,0.832104
user_338e1332,4,user_a7b901f2,0.826659
user_338e1332,5,user_54c1ebee,0.817174
user_338e1332,6,user_147d1bbb,0.815924
user_338e1332,7,user_6deada35,0.813216
user_338e1332,8,user_96013176,0.810112
user_338e1332,9,user_b0129d9e,0.807586
user_338e1332,10,user_920c074a,0.807143
user_338e1332,11,user_e5a6abbe,0.806780
user_338e1332,12,user_70bbda36,0.804466
user_338e1332,13,user_83e45cc0,0.804420
user_338e1332,14,user_364bb955,0.803222
user_338e1332,15,user_03969305,0.802596
user_34b1fb84,1,user_bf69de98,0.783669
user_34b1fb84,2,user_bbe73426,0.709454
user_34b1fb84,3,user_38dc2894,0.702923
user_34b1fb84,4,user_52c9252c,0.695787
user_34b1fb84,5,user_205d25f3,0.693228
user_34b1fb84,6,user_3049510b,0.691998
user_34b1fb84,7,user_1936a7c3,0.689909
user_34b1fb84,8,user_ef954c6e,0.680276
user_34b1fb84,9,user_72b93300,0.680268
user_34b1fb84,10,user_e6057285,0.678998
user_34b1fb84,11,user_0521a7ac,0.678768
user_34b1fb84,12,user_1f1dc5e0,0.678529
user_34b1fb84,13,user_394c25cc,0.673037
user_34b1fb84,14,user_886f7373,0.668415
user_34b1fb84,15,user_970963fd,0.666498
user_364bb955,1,user_364bb955,0.859099
user_364bb955,2,user_70bbda36,0.859087
user_364bb955,3,user_03410579,0.828865
user_364bb955,4,user_02fecea2,0.828493
user_364bb955,5,user_7b5f54c0,0.825305
user_364bb955,6,user_147d1bbb,0.824888
user_364bb955,7,user_b0129d9e,0.821380
user_364bb955,8,user_166a3647,0.821167
user_364bb955,9,user_3e284ba5,0.816858
user_364bb955,10,user_df8dc9bb,0.810765
user_364bb955,11,user_3239132f,0.804580
user_364bb955,12,user_54c1ebee,0.802983
user_364bb955,13,user_1a7d6cd5,0.802809
user_364bb955,14,user_81a80789,0.802566
user_364bb955,15,user_cbabbcee,0.800841
user_36dd1253,1,user_afff552a,0.812393
user_36dd1253,2,user_79f38f6d,0.799220
user_36dd1253,3,user_83afc7b2,0.798237
user_36dd1253,4,user_aa2fbe83,0.796907
user_36dd1253,5,user_fba6bcd4,0.793892
user_36dd1253,6,user_e8a7be73,0.793310
user_36dd1253,7,user_df8dc9bb,0.791417
user_36dd1253,8,user_36dd1253,0.786524
user_36dd1253,9,user_147d1bbb,0.784748
user_36dd1253,10,user_ed1aaed8,0.781319
user_36dd1253,11,user_0898fc4b,0.777188
user_36dd1253,12,user_1b7f8c56,0.777046
user_36dd1253,13,user_e802076d,0.773886
user_36dd1253,14,user_02016939,0.771102
user_36dd1253,15,user_8d22714e,0.769327
user_372c2b3e,1,user_372c2b3e,0.844313
user_372c2b3e,2,user_6fa47d61,0.842014
user_372c2b3e,3,user_72b93300,0.835817
user_372c2b3e,4,user_2efde048,0.820409
user_372c2b3e,5,user_7de6f343,0.800410
user_372c2b3e,6,user_f5e1eee0,0.800374
user_372c2b3e,7,user_25652863,0.800060
user_372c2b3e,8,user_4ea1ef09,0.798996
user_372c2b3e,9,user_f7fd2885,0.791462
user_372c2b3e,10,user_40efa894,0.788540
user_372c2b3e,11,user_ba8b1c05,0.783253
user_372c2b3e,12,user_f3377028,0.772762
user_372c2b3e,13,user_08c32973,0.772227
user_372c2b3e,14,user_2e60c125,0.769453
user_372c2b3e,15,user_bf30f80d,0.769174
user_378003e3,1,user_ae306850,0.845527
user_378003e3,2,user_81c4dae1,0.819297
user_378003e3,3,user_a3a4a20a,0.811417
user_378003e3,4,user_cc1c8897,0.804946
user_378003e3,5,user_fba6bcd4,0.795833
user_378003e3,6,user_3ff88cf0,0.795557
user_378003e3,7,user_476670f9,0.788791
user_378003e3,8,user_e6dd44b0,0.787766
user_378003e3,9,user_ed1aaed8,0.787531
user_378003e3,10,user_b14ec02b,0.786642
user_378003e3,11,user_e5a6abbe,0.785711
user_378003e3,12,user_2c69b83e,0.782771
user_378003e3,13,user_04f39d22,0.782638
user_378003e3,14,user_72b93300,0.781062
user_378003e3,15,user_9a307ebe,0.780856
user_37be663c,1,user_37be663c,0.628371
user_37be663c,2,user_94f4a027,0.524762
user_37be663c,3,user_c7beef01,0.510503
user_37be663c,4,user_ab8e847b,0.490169
user_37be663c,5,user_9b6481e4,0.478042
user_37be663c,6,user_41b20ee4,0.471045
user_37be663c,7,user_a0517bef,0.464803
user_37be663c,8,user_9e328c4e,0.459584
user_37be663c,9,user_0d32f0ed,0.451749
user_37be663c,10,user_ffe2efae,0.449203
user_37be663c,11,user_c130412b,0.447571
user_37be663c,12,user_3431c049,0.444583
user_37be663c,13,user_c1a70ab7,0.442462
user_37be663c,14,user_dbbf562e,0.442243
user_37be663c,15,user_3666402b,0.439296
user_38390331,1,user_9bee2a7c,0.814226
user_38390331,2,user_cf393213,0.771908
user_38390331,3,user_906e2423,0.770980
user_38390331,4,user_8f8346ad,0.770437
user_38390331,5,user_b9036662,0.766810
user_38390331,6,user_4f3b6241,0.759739
user_38390331,7,user_69a4dd06,0.753845
user_38390331,8,user_2dd5b531,0.752031
user_38390331,9,user_ec574395,0.751640
user_38390331,10,user_e1730a9c,0.748759
user_38390331,11,user_c4c70447,0.744732
user_38390331,12,user_54b19b29,0.744702
user_38390331,13,user_6bf0e007,0.744122
user_38390331,14,user_2e05a7a0,0.743524
user_38390331,15,user_94f185bc,0.738929
user_3850eb9e,1,user_3ff88cf0,0.910262
user_3850eb9e,2,user_b9d253e8,0.856340
user_3850eb9e,3,user_a7145605,0.852056
user_3850eb9e,4,user_3850eb9e,0.849955
user_3850eb9e,5,user_81c4dae1,0.843529
user_3850eb9e,6,user_43049634,0.819912
user_3850eb9e,7,user_ae306850,0.819414
user_3850eb9e,8,user_74e32d78,0.801955
user_3850eb9e,9,user_476670f9,0.797328
user_3850eb9e,10,user_b14ec02b,0.795093
user_3850eb9e,11,user_b563e90b,0.784629
user_3850eb9e,12,user_c92c8f83,0.781306
user_3850eb9e,13,user_cc1c8897,0.767265
user_3850eb9e,14,user_032f6993,0.764064
user_3850eb9e,15,user_db4c3fb9,0.760716
user_38ab51d4,1,user_d199bef3,0.749995
user_38ab51d4,2,user_1ef33a43,0.745073
user_38ab51d4,3,user_d6175d39,0.738972
user_38ab51d4,4,user_38f4dfac,0.729911
user_38ab51d4,5,user_17607ebc,0.718608
user_38ab51d4,6,user_7a7dda35,0.716522
user_38ab51d4,7,user_43a979d2,0.712234
user_38ab51d4,8,user_8663226a,0.711228
user_38ab51d4,9,user_73f34c5d,0.702149
user_38ab51d4,10,user_73623b4e,0.701404
user_38ab51d4,11,user_aa31484a,0.699837
user_38ab51d4,12,user_2373103d,0.698267
user_38ab51d4,13,user_b16e0cf8,0.689713
user_38ab51d4,14,user_e5a6abbe,0.688318
user_38ab51d4,15,user_5881b259,0.685822
user_3971c3e6,1,user_e6dd44b0,0.811591
user_3971c3e6,2,user_81a80789,0.805103
user_3971c3e6,3,user_cbabbcee,0.800663
user_3971c3e6,4,user_3b1da5d9,0.788385
user_3971c3e6,5,user_70bbda36,0.786662
user_3971c3e6,6,user_166a3647,0.785919
user_3971c3e6,7,user_df8dc9bb,0.785723
user_3971c3e6,8,user_02fecea2,0.779799
user_3971c3e6,9,user_2c69b83e,0.775481
user_3971c3e6,10,user_364bb955,0.774942
user_3971c3e6,11,user_b1a5a37e,0.772337
user_3971c3e6,12,user_b63ea1d4,0.771600
user_3971c3e6,13,user_9a5457b0,0.771433
user_3971c3e6,14,user_7b5f54c0,0.770258
user_3971c3e6,15,user_147d1bbb,0.769873
user_39939c54,1,user_c35d6565,0.774175
user_39939c54,2,user_84c14a6f,0.774032
user_39939c54,3,user_a57e47b1,0.771685
user_39939c54,4,user_cb2fe204,0.756898
user_39939c54,5,user_bd05225b,0.749179
user_39939c54,6,user_ebddf9c1,0.742789
user_39939c54,7,user_cdd86523,0.742038
user_39939c54,8,user_2e81a539,0.740249
user_39939c54,9,user_c008345b,0.739829
user_39939c54,10,user_72b93300,0.736957
user_39939c54,11,user_7a7dda35,0.736493
user_39939c54,12,user_dbc4828c,0.736163
user_39939c54,13,user_02d8a1f8,0.735213
user_39939c54,14,user_b49274ca,0.729631
user_39939c54,15,user_0898fc4b,0.728420
user_39aad1a2,1,user_39aad1a2,0.755795
user_39aad1a2,2,user_920c074a,0.752979
user_39aad1a2,3,user_9da8848a,0.734544
user_39aad1a2,4,user_bd05225b,0.729792
user_39aad1a2,5,user_7fd91653,0.726330
user_39aad1a2,6,user_d758a0a1,0.722866
user_39aad1a2,7,user_5881b259,0.721481
user_39aad1a2,8,user_b337cb0c,0.721387
user_39aad1a2,9,user_a57e47b1,0.720137
user_39aad1a2,10,user_a743aff9,0.717221
user_39aad1a2,11,user_ebddf9c1,0.715063
user_39aad1a2,12,user_405db206,0.713151
user_39aad1a2,13,user_2e81a539,0.713005
user_39aad1a2,14,user_dbc4828c,0.710933
user_39aad1a2,15,user_5349c6cf,0.710365
user_39f8897b,1,user_39f8897b,0.644549
user_39f8897b,2,user_2c3eb234,0.580829
user_39f8897b,3,user_8a3bbeb2,0.540629
user_39f8897b,4,user_98ca16a6,0.538461
user_39f8897b,5,user_41b20ee4,0.480198
user_39f8897b,6,user_0bd8ba7c,0.477488
user_39f8897b,7,user_19622b77,0.475001
user_39f8897b,8,user_515ae840,0.464793
user_39f8897b,9,user_b8f24804,0.451458
user_39f8897b,10,user_1e302679,0.450841
user_39f8897b,11,user_f1157204,0.441335
user_39f8897b,12,user_ecf8f97f,0.439316
user_39f8897b,13,user_4e42bf97,0.434888
user_39f8897b,14,user_c8f82360,0.430971
user_39f8897b,15,user_d14b7d7b,0.428986
user_3a55606c,1,user_a7f8db34,0.735850
user_3a55606c,2,user_6169d3b8,0.720684
user_3a55606c,3,user_e8cdb142,0.704404
user_3a55606c,4,user_ab434739,0.696067
user_3a55606c,5,user_0cc626ee,0.664554
user_3a55606c,6,user_bd47000f,0.664517
user_3a55606c,7,user_0669bdf6,0.661248
user_3a55606c,8,user_1ae8e7f5,0.660111
user_3a55606c,9,user_858fa00c,0.660045
user_3a55606c,10,user_4b139395,0.659829
user_3a55606c,11,user_ea67f9c6,0.658490
user_3a55606c,12,user_8e5e899b,0.656425
user_3a55606c,13,user_bd05225b,0.652707
user_3a55606c,14,user_226be32f,0.652449
user_3a55606c,15,user_8713f22a,0.650602
user_3b1da5d9,1,user_9b6481e4,0.765521
user_3b1da5d9,2,user_c7beef01,0.757957
user_3b1da5d9,3,user_6d421600,0.738122
user_3b1da5d9,4,user_9a5457b0,0.736244
user_3b1da5d9,5,user_3bc84c13,0.731600
user_3b1da5d9,6,user_3b1da5d9,0.720198
user_3b1da5d9,7,user_3431c049,0.714596
user_3b1da5d9,8,user_4a57e449,0.713363
user_3b1da5d9,9,user_8c11f026,0.709105
user_3b1da5d9,10,user_b2aba63a,0.706780
user_3b1da5d9,11,user_07ec3726,0.691651
user_3b1da5d9,12,user_9818dcae,0.690297
user_3b1da5d9,13,user_02fecea2,0.681028
user_3b1da5d9,14,user_f930e37f,0.680174
user_3b1da5d9,15,user_b1a5a37e,0.673912
user_3b90fb53,1,user_226be32f,0.511944
user_3b90fb53,2,user_02d8a1f8,0.505195
user_3b90fb53,3,user_18522854,0.498798
user_3b90fb53,4,user_ba463257,0.464193
user_3b90fb53,5,user_5d1b0daf,0.459554
user_3b90fb53,6,user_f107081e,0.452138
user_3b90fb53,7,user_3b90fb53,0.447707
user_3b90fb53,8,user_b45d0d20,0.443108
user_3b90fb53,9,user_1b460965,0.425454
user_3b90fb53,10,user_b2dd04c8,0.424379
user_3b90fb53,11,user_9c5071dd,0.423234
user_3b90fb53,12,user_b4d7e69a,0.422799
user_3b90fb53,13,user_40a0bad3,0.422566
user_3b90fb53,14,user_0b64b183,0.421501
user_3b90fb53,15,user_91f5e7af,0.420804
user_3bb7992e,1,user_fb64cb55,0.802636
user_3bb7992e,2,user_3bb7992e,0.789560
user_3bb7992e,3,user_372c2b3e,0.788221
user_3bb7992e,4,user_165a2706,0.784622
user_3bb7992e,5,user_40efa894,0.783484
user_3bb7992e,6,user_0f0ad720,0.781619
user_3bb7992e,7,user_25652863,0.776700
user_3bb7992e,8,user_835666af,0.774727
user_3bb7992e,9,user_1fb8e9e5,0.773299
user_3bb7992e,10,user_bd47000f,0.769487
user_3bb7992e,11,user_166a3647,0.767998
user_3bb7992e,12,user_8e97a154,0.767897
user_3bb7992e,13,user_5b714afd,0.767784
user_3bb7992e,14,user_7de6f343,0.767217
user_3bb7992e,15,user_a615a6d1,0.763251
user_3ce4c1f8,1,user_ab86ab82,0.751133
user_3ce4c1f8,2,user_33b2b77f,0.699953
user_3ce4c1f8,3,user_fb8f46c8,0.690297
user_3ce4c1f8,4,user_e696f3ae,0.679846
user_3ce4c1f8,5,user_815b7baf,0.679532
user_3ce4c1f8,6,user_ffe2efae,0.674440
user_3ce4c1f8,7,user_c34e791e,0.673981
user_3ce4c1f8,8,user_39aad1a2,0.673174
user_3ce4c1f8,9,user_abde0618,0.667458
user_3ce4c1f8,10,user_338e1332,0.667285
user_3ce4c1f8,11,user_91db6e48,0.665856
user_3ce4c1f8,12,user_3b79395c,0.657967
user_3ce4c1f8,13,user_2e05a7a0,0.657098
user_3ce4c1f8,14,user_ff7631ef,0.653906
user_3ce4c1f8,15,user_9a307ebe,0.650185
user_3e284ba5,1,user_3e284ba5,0.862013
user_3e284ba5,2,user_7b5f54c0,0.851846
user_3e284ba5,3,user_147d1bbb,0.841893
user_3e284ba5,4,user_cbabbcee,0.840913
user_3e284ba5,5,user_02fecea2,0.836054
user_3e284ba5,6,user_25798310,0.830240
user_3e284ba5,7,user_a7bfc229,0.827872
user_3e284ba5,8,user_bd05225b,0.821853
user_3e284ba5,9,user_1a7d6cd5,0.821139
user_3e284ba5,10,user_032e5bc8,0.816001
user_3e284ba5,11,user_6c2d672f,0.815828
user_3e284ba5,12,user_88b2faba,0.808247
user_3e284ba5,13,user_166a3647,0.807692
user_3e284ba5,14,user_e6dd44b0,0.807545
user_3e284ba5,15,user_7a8f7f3e,0.807124
user_3eb49f37,1,user_3eb49f37,0.746577
user_3eb49f37,2,user_efa5697b,0.725862
user_3eb49f37,3,user_ab30f0fb,0.697723
user_3eb49f37,4,user_d758a0a1,0.684291
user_3eb49f37,5,user_dac2c359,0.646716
user_3eb49f37,6,user_858fa00c,0.646448
user_3eb49f37,7,user_7d944883,0.640086
user_3eb49f37,8,user_058d9dc1,0.634882
user_3eb49f37,9,user_d4b7e22e,0.628194
user_3eb49f37,10,user_5ac1a174,0.623742
user_3eb49f37,11,user_f59d3941,0.622358
user_3eb49f37,12,user_dc20c886,0.607904
user_3eb49f37,13,user_d6a91e61,0.602992
user_3eb49f37,14,user_0ef44f54,0.601195
user_3eb49f37,15,user_d7fde080,0.596412
user_3f1d04a6,1,user_b45d0d20,0.729737
user_3f1d04a6,2,user_aae78e0d,0.674453
user_3f1d04a6,3,user_fe67197f,0.660285
user_3f1d04a6,4,user_89e04335,0.633054
user_3f1d04a6,5,user_ba085464,0.629670
user_3f1d04a6,6,user_124651ff,0.623718
user_3f1d04a6,7,user_e9d1886c,0.621746
user_3f1d04a6,8,user_b9b94432,0.620187
user_3f1d04a6,9,user_4f3b6241,0.619109
user_3f1d04a6,10,user_a346dfc4,0.616899
user_3f1d04a6,11,user_8713f22a,0.614562
user_3f1d04a6,12,user_7d6962d9,0.611142
user_3f1d04a6,13,user_ded778b8,0.609874
user_3f1d04a6,14,user_6c2d672f,0.608754
user_3f1d04a6,15,user_7c7220a4,0.606582
user_3f2894b5,1,user_03969305,0.869698
user_3f2894b5,2,user_f930e37f,0.860297
user_3f2894b5,3,user_e59c000f,0.843342
user_3f2894b5,4,user_dc326993,0.838935
user_3f2894b5,5,user_058c1800,0.832567
user_3f2894b5,6,user_c39d41d7,0.832192
user_3f2894b5,7,user_96013176,0.831830
user_3f2894b5,8,user_5881b259,0.827599
user_3f2894b5,9,user_433bdef0,0.825634
user_3f2894b5,10,user_9571d0d5,0.820061
user_3f2894b5,11,user_6fc85c06,0.819309
user_3f2894b5,12,user_94f185bc,0.818301
user_3f2894b5,13,user_adab54a0,0.816997
user_3f2894b5,14,user_405db206,0.816091
user_3f2894b5,15,user_e802076d,0.815065
user_3f798a8b,1,user_f7538815,0.806319
user_3f798a8b,2,user_dbc4828c,0.806154
user_3f798a8b,3,user_c39d41d7,0.800383
user_3f798a8b,4,user_cdd86523,0.799798
user_3f798a8b,5,user_0b64b183,0.796096
user_3f798a8b,6,user_c008345b,0.795954
user_3f798a8b,7,user_03969305,0.791735
user_3f798a8b,8,user_c96b90fe,0.782599
user_3f798a8b,9,user_c06d9b71,0.781807
user_3f798a8b,10,user_4f755977,0.781578
user_3f798a8b,11,user_ebddf9c1,0.781181
user_3f798a8b,12,user_1a2755b3,0.777856
user_3f798a8b,13,user_e6dd44b0,0.777518
user_3f798a8b,14,user_a57e47b1,0.774859
user_3f798a8b,15,user_a3a4a20a,0.771566
user_3ff3188b,1,user_3ff3188b,0.842934
user_3ff3188b,2,user_c34e791e,0.826280
user_3ff3188b,3,user_2c69b83e,0.815176
user_3ff3188b,4,user_98f18241,0.812827
user_3ff3188b,5,user_e696f3ae,0.805677
user_3ff3188b,6,user_9a307ebe,0.801552
user_3ff3188b,7,user_a3a4a20a,0.796290
user_3ff3188b,8,user_16ac4154,0.795331
user_3ff3188b,9,user_67acd9b1,0.792702
user_3ff3188b,10,user_c4c70447,0.792466
user_3ff3188b,11,user_7c7220a4,0.791366
user_3ff3188b,12,user_a9ed2c9e,0.791312
user_3ff3188b,13,user_cf393213,0.788276
user_3ff3188b,14,user_1b7f8c56,0.782775
user_3ff3188b,15,user_54b19b29,0.782022
user_3ff88cf0,1,user_46bb5302,0.790382
user_3ff88cf0,2,user_3ff88cf0,0.736452
user_3ff88cf0,3,user_a7145605,0.733525
user_3ff88cf0,4,user_c8f82360,0.728280
user_3ff88cf0,5,user_b14ec02b,0.724342
user_3ff88cf0,6,user_3850eb9e,0.706991
user_3ff88cf0,7,user_c809e3d2,0.693784
user_3ff88cf0,8,user_ab86ab82,0.693659
user_3ff88cf0,9,user_65d73ac1,0.688554
user_3ff88cf0,10,user_470c0785,0.686204
user_3ff88cf0,11,user_32934d38,0.685038
user_3ff88cf0,12,user_9c7183c8,0.682709
user_3ff88cf0,13,user_0bd8ba7c,0.672844
user_3ff88cf0,14,user_9b6481e4,0.670757
user_3ff88cf0,15,user_8006727d,0.668467
user_40a0bad3,1,user_40a0bad3,0.804619
user_40a0bad3,2,user_cf393213,0.799050
user_40a0bad3,3,user_cdd86523,0.792184
user_40a0bad3,4,user_2e05a7a0,0.779425
user_40a0bad3,5,user_18522854,0.777952
user_40a0bad3,6,user_25b48a9a,0.774535
user_40a0bad3,7,user_111cfe7d,0.774124
user_40a0bad3,8,user_a6c2e760,0.773680
user_40a0bad3,9,user_d67450a8,0.770752
user_40a0bad3,10,user_259776c7,0.770551
user_40a0bad3,11,user_74d27419,0.763438
user_40a0bad3,12,user_6fbf6191,0.753481
user_40a0bad3,13,user_65d73ac1,0.751936
user_40a0bad3,14,user_c8f82360,0.749762
user_40a0bad3,15,user_b2dd04c8,0.748455
user_40efa894,1,user_ba4f42bb,0.752125
user_40efa894,2,user_46bb5302,0.739768
user_40efa894,3,user_126670d7,0.733686
user_40efa894,4,user_795eb408,0.712420
user_40efa894,5,user_b1a5a37e,0.706962
user_40efa894,6,user_5159d3a1,0.698719
user_40efa894,7,user_61f90240,0.697570
user_40efa894,8,user_8be3f554,0.696846
user_40efa894,9,user_8c0c7619,0.696720
user_40efa894,10,user_04f39d22,0.688759
user_40efa894,11,user_e409a56d,0.681573
user_40efa894,12,user_f5e1eee0,0.679618
user_40efa894,13,user_58bfeaad,0.677409
user_40efa894,14,user_9ce96cbf,0.672850
user_40efa894,15,user_91db6e48,0.670665
user_41b20ee4,1,user_41b20ee4,0.831468
user_41b20ee4,2,user_acd6ddfb,0.733983
user_41b20ee4,3,user_b63ea1d4,0.711374
user_41b20ee4,4,user_19622b77,0.704396
user_41b20ee4,5,user_efb27a8e,0.684532
user_41b20ee4,6,user_9a5457b0,0.673946
user_41b20ee4,7,user_52f895f1,0.661238
user_41b20ee4,8,user_ab439a92,0.659302
user_41b20ee4,9,user_bbb0205e,0.654746
user_41b20ee4,10,user_ffe2efae,0.650394
user_41b20ee4,11,user_88e84020,0.648757
user_41b20ee4,12,user_338e1332,0.647490
user_41b20ee4,13,user_58bfeaad,0.643918
user_41b20ee4,14,user_b1c16312,0.641626
user_41b20ee4,15,user_1b460965,0.641563
user_433bdef0,1,user_9c5e4782,0.479487
user_433bdef0,2,user_d4c7b4c0,0.457202
user_433bdef0,3,user_970963fd,0.455699
user_433bdef0,4,user_4f8b6987,0.423356
user_433bdef0,5,user_1cbb30b1,0.419681
user_433bdef0,6,user_c536b01d,0.417322
user_433bdef0,7,user_a7c6197a,0.416947
user_433bdef0,8,user_39b3eda0,0.410538
user_433bdef0,9,user_f0b144fc,0.386113
user_433bdef0,10,user_159646d5,0.381501
user_433bdef0,11,user_a6c5a10c,0.379712
user_433bdef0,12,user_10e64e28,0.372616
user_433bdef0,13,user_69193575,0.367343
user_433bdef0,14,user_ff591131,0.366033
user_433bdef0,15,user_38dc2894,0.359335
user_434f3511,1,user_93cdb7a1,0.786528
user_434f3511,2,user_0c578ab5,0.782460
user_434f3511,3,user_e2e59795,0.776174
user_434f3511,4,user_ded778b8,0.773264
user_434f3511,5,user_70bbda36,0.772489
user_434f3511,6,user_7f56f9a5,0.768132
user_434f3511,7,user_ba085464,0.764247
user_434f3511,8,user_920c074a,0.757078
user_434f3511,9,user_2cb4b018,0.755358
user_434f3511,10,user_a7b901f2,0.751611
user_434f3511,11,user_2e81a539,0.750246
user_434f3511,12,user_02016939,0.749234
user_434f3511,13,user_205d25f3,0.749135
user_434f3511,14,user_124651ff,0.745842
user_434f3511,15,user_364bb955,0.745564
user_44567221,1,user_94cad3a5,0.597773
user_44567221,2,user_8fb63eca,0.581482
user_44567221,3,user_7fef9da8,0.575830
user_44567221,4,user_943e4045,0.550021
user_44567221,5,user_9fe4e0f5,0.520399
user_44567221,6,user_1302cb61,0.519490
user_44567221,7,user_6c2d672f,0.518542
user_44567221,8,user_5738db35,0.511814
user_44567221,9,user_89571ce8,0.504107
user_44567221,10,user_3b79395c,0.499644
user_44567221,11,user_3353b96b,0.493865
user_44567221,12,user_e3f9409b,0.489476
user_44567221,13,user_72bed676,0.489261
user_44567221,14,user_ffe2efae,0.483657
user_44567221,15,user_63b4be5f,0.481956
user_454733da,1,user_88f46c7b,0.737515
user_454733da,2,user_f827c7dd,0.682731
user_454733da,3,user_6a0b0e92,0.666915
user_454733da,4,user_454733da,0.644470
user_454733da,5,user_0ef44f54,0.643835
user_454733da,6,user_d955d7e2,0.613514
user_454733da,7,user_dcf52d26,0.609006
user_454733da,8,user_c8e749e2,0.606258
user_454733da,9,user_835666af,0.603838
user_454733da,10,user_37cd2dc9,0.594542
user_454733da,11,user_9b517815,0.590950
user_454733da,12,user_9da8848a,0.590319
user_454733da,13,user_d0a0f883,0.588274
user_454733da,14,user_dc20c886,0.585890
user_454733da,15,user_4b139395,0.584252
user_45926b89,1,user_82d93459,0.835849
user_45926b89,2,user_e6057285,0.827874
user_45926b89,3,user_1b7f8c56,0.826908
user_45926b89,4,user_032e5bc8,0.826000
user_45926b89,5,user_b350e22b,0.821894
user_45926b89,6,user_6fc85c06,0.804887
user_45926b89,7,user_e5a6abbe,0.803448
user_45926b89,8,user_acb51eed,0.802475
user_45926b89,9,user_1a2755b3,0.801543
user_45926b89,10,user_f60a09b3,0.800280
user_45926b89,11,user_940c7213,0.799096
user_45926b89,12,user_c008345b,0.795076
user_45926b89,13,user_aa2fbe83,0.794136
user_45926b89,14,user_cdd86523,0.793828
user_45926b89,15,user_2cb4b018,0.793792
user_45d008d3,1,user_9b517815,0.765186
user_45d008d3,2,user_37cd2dc9,0.703051
user_45d008d3,3,user_0ef44f54,0.676158
user_45d008d3,4,user_438fb63c,0.638917
user_45d008d3,5,user_5f4ee256,0.631239
user_45d008d3,6,user_9ffdf5e5,0.624929
user_45d008d3,7,user_c4b781ce,0.602638
user_45d008d3,8,user_78eff25f,0.586750
user_45d008d3,9,user_6a0b0e92,0.584496
user_45d008d3,10,user_dc20c886,0.583339
user_45d008d3,11,user_f827c7dd,0.564275
user_45d008d3,12,user_dcf52d26,0.560475
user_45d008d3,13,user_17355c30,0.559578
user_45d008d3,14,user_49b1ac46,0.544223
user_45d008d3,15,user_e4ab67b6,0.541650
user_4607d25d,1,user_4d4f73a6,0.840420
user_4607d25d,2,user_9351238d,0.804529
user_4607d25d,3,user_daf37424,0.803137
user_4607d25d,4,user_c994138f,0.802857
user_4607d25d,5,user_91db6e48,0.801218
user_4607d25d,6,user_e8e9acac,0.789492
user_4607d25d,7,user_586752e4,0.787934
user_4607d25d,8,user_3f2894b5,0.787180
user_4607d25d,9,user_67acd9b1,0.783509
user_4607d25d,10,user_56e6d0cd,0.777238
user_4607d25d,11,user_a04b2a78,0.775093
user_4607d25d,12,user_07ec3726,0.770869
user_4607d25d,13,user_737dd050,0.762554
user_4607d25d,14,user_9a5457b0,0.762019
user_4607d25d,15,user_8713f22a,0.760232
user_46e2e7ec,1,user_ba085464,0.829706
user_46e2e7ec,2,user_f5138e15,0.807956
user_46e2e7ec,3,user_7b2d0be1,0.700375
user_46e2e7ec,4,user_46e2e7ec,0.687079
user_46e2e7ec,5,user_6ae9ce92,0.679670
user_46e2e7ec,6,user_d9b8914f,0.678099
user_46e2e7ec,7,user_25652863,0.668246
user_46e2e7ec,8,user_795650bb,0.667690
user_46e2e7ec,9,user_7bbd1543,0.665357
user_46e2e7ec,10,user_124651ff,0.664764
user_46e2e7ec,11,user_1e3084a6,0.663445
user_46e2e7ec,12,user_be018f9d,0.662701
user_46e2e7ec,13,user_2cb4b018,0.661239
user_46e2e7ec,14,user_2b79ef0b,0.660526
user_46e2e7ec,15,user_ded778b8,0.654360
user_476670f9,1,user_ae306850,0.886992
user_476670f9,2,user_3ff88cf0,0.873136
user_476670f9,3,user_476670f9,0.853926
user_476670f9,4,user_a7145605,0.853305
user_476670f9,5,user_81c4dae1,0.840033
user_476670f9,6,user_43049634,0.839409
user_476670f9,7,user_b14ec02b,0.826458
user_476670f9,8,user_c92c8f83,0.817178
user_476670f9,9,user_74e32d78,0.813500
user_476670f9,10,user_e6dd44b0,0.811388
user_476670f9,11,user_cc1c8897,0.805006
user_476670f9,12,user_b9d253e8,0.799944
user_476670f9,13,user_db4c3fb9,0.797559
user_476670f9,14,user_3850eb9e,0.792778
user_476670f9,15,user_3b79395c,0.790027
user_4aaa8404,1,user_daf53db6,0.649002
user_4aaa8404,2,user_bbb0205e,0.641475
user_4aaa8404,3,user_543e79f5,0.625617
user_4aaa8404,4,user_b1c16312,0.614529
user_4aaa8404,5,user_9c5cd7fa,0.592787
user_4aaa8404,6,user_c41de62b,0.592085
user_4aaa8404,7,user_c0392523,0.585539
user_4aaa8404,8,user_6f6b71fc,0.579704
user_4aaa8404,9,user_24668d84,0.578263
user_4aaa8404,10,user_a4aab257,0.574233
user_4aaa8404,11,user_9818dcae,0.571276
user_4aaa8404,12,user_c1a70ab7,0.559867
user_4aaa8404,13,user_2dc10d2d,0.559722
user_4aaa8404,14,user_3ce4c1f8,0.559112
user_4aaa8404,15,user_d10d1f24,0.555093
user_4ab9d510,1,user_fba6bcd4,0.861872
user_4ab9d510,2,user_954805d7,0.861230
user_4ab9d510,3,user_c39d41d7,0.855533
user_4ab9d510,4,user_5881b259,0.852935
user_4ab9d510,5,user_7aa3746b,0.851101
user_4ab9d510,6,user_83afc7b2,0.846155
user_4ab9d510,7,user_03969305,0.844966
user_4ab9d510,8,user_a4a77a7d,0.834411
user_4ab9d510,9,user_636ad58f,0.832720
user_4ab9d510,10,user_b16e0cf8,0.831956
user_4ab9d510,11,user_c5f32c0d,0.831890
user_4ab9d510,12,user_0898fc4b,0.831337
user_4ab9d510,13,user_b6350ec1,0.831071
user_4ab9d510,14,user_4f755977,0.828953
user_4ab9d510,15,user_e6dd44b0,0.828492
user_4b139395,1,user_c67f26cc,0.899371
user_4b139395,2,user_2dd189e3,0.884869
user_4b139395,3,user_039d004e,0.877920
user_4b139395,4,user_4b139395,0.857541
user_4b139395,5,user_2eb5d860,0.767649
user_4b139395,6,user_3a55606c,0.758570
user_4b139395,7,user_906e2423,0.749374
user_4b139395,8,user_0cc626ee,0.737941
user_4b139395,9,user_c96b90fe,0.725072
user_4b139395,10,user_058c1800,0.723248
user_4b139395,11,user_c39d41d7,0.722413
user_4b139395,12,user_d849ac6e,0.716412
user_4b139395,13,user_c5c57a9d,0.716070
user_4b139395,14,user_bd05225b,0.713599
user_4b139395,15,user_b9036662,0.705321
user_4b8335bd,1,user_434f3511,0.817453
user_4b8335bd,2,user_5fddc7f1,0.792611
user_4b8335bd,3,user_7c7220a4,0.777503
user_4b8335bd,4,user_f070eee7,0.758533
user_4b8335bd,5,user_70bbda36,0.746403
user_4b8335bd,6,user_9a307ebe,0.745593
user_4b8335bd,7,user_ded778b8,0.744891
user_4b8335bd,8,user_e5f67397,0.735210
user_4b8335bd,9,user_02016939,0.730297
user_4b8335bd,10,user_bd47000f,0.730242
user_4b8335bd,11,user_daf59045,0.725350
user_4b8335bd,12,user_586752e4,0.720020
user_4b8335bd,13,user_f4f9490d,0.718428
user_4b8335bd,14,user_7de6f343,0.715621
user_4b8335bd,15,user_03969305,0.715539
user_4bd9303b,1,user_737dd050,0.801653
user_4bd9303b,2,user_8ae8c359,0.798230
user_4bd9303b,3,user_8e97a154,0.795018
user_4bd9303b,4,user_586752e4,0.792653
user_4bd9303b,5,user_5526cbfd,0.791748
user_4bd9303b,6,user_25798310,0.790020
user_4bd9303b,7,user_df8dc9bb,0.789915
user_4bd9303b,8,user_b350e22b,0.789829
user_4bd9303b,9,user_d691d016,0.789672
user_4bd9303b,10,user_147d1bbb,0.787563
user_4bd9303b,11,user_c994138f,0.787444
user_4bd9303b,12,user_885e8708,0.785513
user_4bd9303b,13,user_daf37424,0.784809
user_4bd9303b,14,user_8d22714e,0.784688
user_4bd9303b,15,user_38433566,0.782517
user_4cad4295,1,user_16ac4154,0.877302
user_4cad4295,2,user_02fecea2,0.845304
user_4cad4295,3,user_f930e37f,0.832456
user_4cad4295,4,user_9a5457b0,0.831358
user_4cad4295,5,user_1b7f8c56,0.824576
user_4cad4295,6,user_166a3647,0.822364
user_4cad4295,7,user_aabd2642,0.817680
user_4cad4295,8,user_94cad3a5,0.817483
user_4cad4295,9,user_70bbda36,0.815565
user_4cad4295,10,user_586752e4,0.813648
user_4cad4295,11,user_6c2d672f,0.813193
user_4cad4295,12,user_1a7d6cd5,0.810391
user_4cad4295,13,user_ded778b8,0.809158
user_4cad4295,14,user_3b1da5d9,0.802500
user_4cad4295,15,user_737dd050,0.802344
user_4d4f73a6,1,user_5881b259,0.863788
user_4d4f73a6,2,user_e6057285,0.841249
user_4d4f73a6,3,user_d758a0a1,0.829763
user_4d4f73a6,4,user_7b052f32,0.829334
user_4d4f73a6,5,user_d1d16d30,0.825538
user_4d4f73a6,6,user_1f1dc5e0,0.824354
user_4d4f73a6,7,user_1936a7c3,0.823258
user_4d4f73a6,8,user_cb2fe204,0.823167
user_4d4f73a6,9,user_5993b36a,0.822004
user_4d4f73a6,10,user_2e81a539,0.817482
user_4d4f73a6,11,user_a743aff9,0.815151
user_4d4f73a6,12,user_a01f16ac,0.809998
user_4d4f73a6,13,user_723406a0,0.806322
user_4d4f73a6,14,user_fca58a87,0.800647
user_4d4f73a6,15,user_bd05225b,0.799862
user_4e42bf97,1,user_f43d6008,0.770744
user_4e42bf97,2,user_9ce96cbf,0.766871
user_4e42bf97,3,user_126670d7,0.750645
user_4e42bf97,4,user_a8dc91a3,0.740878
user_4e42bf97,5,user_d14b7d7b,0.740258
user_4e42bf97,6,user_2e05a7a0,0.732371
user_4e42bf97,7,user_756e2f00,0.726882
user_4e42bf97,8,user_8c0c7619,0.726295
user_4e42bf97,9,user_61f90240,0.721264
user_4e42bf97,10,user_a4aab257,0.719033
user_4e42bf97,11,user_515ae840,0.709043
user_4e42bf97,12,user_b2dd04c8,0.708975
user_4e42bf97,13,user_55058479,0.708475
user_4e42bf97,14,user_650da71b,0.706373
user_4e42bf97,15,user_6fbf6191,0.705356
user_4e54f3d7,1,user_2c3eb234,0.519041
user_4e54f3d7,2,user_f14dc486,0.492692
user_4e54f3d7,3,user_8a3bbeb2,0.481425
user_4e54f3d7,4,user_19622b77,0.478241
user_4e54f3d7,5,user_0bd8ba7c,0.466859
user_4e54f3d7,6,user_32934d38,0.457905
user_4e54f3d7,7,user_d20928cc,0.451314
user_4e54f3d7,8,user_ecf8f97f,0.449140
user_4e54f3d7,9,user_942ff21e,0.445254
user_4e54f3d7,10,user_fe922ad0,0.441471
user_4e54f3d7,11,user_fe73d731,0.436566
user_4e54f3d7,12,user_66a7ce5a,0.434700
user_4e54f3d7,13,user_37be663c,0.431897
user_4e54f3d7,14,user_1eefeb8c,0.430571
user_4e54f3d7,15,user_a16d1fb6,0.428660
user_4f3b6241,1,user_81a80789,0.873804
user_4f3b6241,2,user_02fecea2,0.856465
user_4f3b6241,3,user_70bbda36,0.848203
user_4f3b6241,4,user_54c1ebee,0.839445
user_4f3b6241,5,user_25798310,0.838418
user_4f3b6241,6,user_586752e4,0.835862
user_4f3b6241,7,user_7b5f54c0,0.835697
user_4f3b6241,8,user_df8dc9bb,0.826744
user_4f3b6241,9,user_b63ea1d4,0.826333
user_4f3b6241,10,user_166a3647,0.826259
user_4f3b6241,11,user_364bb955,0.821715
user_4f3b6241,12,user_5c9b579a,0.821706
user_4f3b6241,13,user_c994138f,0.819216
user_4f3b6241,14,user_737dd050,0.811790
user_4f3b6241,15,user_147d1bbb,0.810194
user_4f8b6987,1,user_dc326993,0.826800
user_4f8b6987,2,user_394c25cc,0.779926
user_4f8b6987,3,user_6d071251,0.777012
user_4f8b6987,4,user_7924afc9,0.764489
user_4f8b6987,5,user_38dc2894,0.764394
user_4f8b6987,6,user_0697c470,0.757922
user_4f8b6987,7,user_7f56f9a5,0.757069
user_4f8b6987,8,user_6deada35,0.755265
user_4f8b6987,9,user_0cee87f3,0.750930
user_4f8b6987,10,user_02d03e8a,0.749731
user_4f8b6987,11,user_3ae49e46,0.747916
user_4f8b6987,12,user_c06d9b71,0.747724
user_4f8b6987,13,user_bf69de98,0.747437
user_4f8b6987,14,user_7a7dda35,0.747396
user_4f8b6987,15,user_a743aff9,0.746931
user_500badda,1,user_40efa894,0.813338
user_500badda,2,user_74cfb8ef,0.790791
user_500badda,3,user_f7fd2885,0.778928
user_500badda,4,user_795650bb,0.767565
user_500badda,5,user_25652863,0.755778
user_500badda,6,user_64cd3098,0.754084
user_500badda,7,user_daf59045,0.753953
user_500badda,8,user_7de6f343,0.753917
user_500badda,9,user_ba8b1c05,0.752213
user_500badda,10,user_53b85563,0.736452
user_500badda,11,user_eced69e7,0.734315
user_500badda,12,user_83e45cc0,0.733331
user_500badda,13,user_58bfeaad,0.732076
user_500badda,14,user_421ae417,0.731061
user_500badda,15,user_0f0ad720,0.731013
user_5062c872,1,user_ba8b1c05,0.846599
user_5062c872,2,user_40efa894,0.839566
user_5062c872,3,user_f3377028,0.831844
user_5062c872,4,user_6fa47d61,0.820818
user_5062c872,5,user_7de6f343,0.819932
user_5062c872,6,user_2efde048,0.817718
user_5062c872,7,user_bf30f80d,0.812788
user_5062c872,8,user_f7fd2885,0.810532
user_5062c872,9,user_08c32973,0.810463
user_5062c872,10,user_372c2b3e,0.803014
user_5062c872,11,user_64cd3098,0.798876
user_5062c872,12,user_2c2a5c24,0.797903
user_5062c872,13,user_2e60c125,0.796808
user_5062c872,14,user_7c3d63ce,0.792381
user_5062c872,15,user_f5e1eee0,0.786094
user_515ae840,1,user_515ae840,0.684003
user_515ae840,2,user_a6c2e760,0.654782
user_515ae840,3,user_ab5592eb,0.654489
user_515ae840,4,user_259776c7,0.648959
user_515ae840,5,user_6fbf6191,0.639480
user_515ae840,6,user_b7f60e64,0.636474
user_515ae840,7,user_5d1b0daf,0.626778
user_515ae840,8,user_ba463257,0.621250
user_515ae840,9,user_cf393213,0.620146
user_515ae840,10,user_0eeab432,0.618024
user_515ae840,11,user_f107081e,0.616522
user_515ae840,12,user_40a0bad3,0.616423
user_515ae840,13,user_74d27419,0.615771
user_515ae840,14,user_2b03934e,0.614874
user_515ae840,15,user_d67450a8,0.614114
user_524450e9,1,user_c5f32c0d,0.863322
user_524450e9,2,user_e59c000f,0.852522
user_524450e9,3,user_e6057285,0.851587
user_524450e9,4,user_54c1ebee,0.842790
user_524450e9,5,user_e802076d,0.841134
user_524450e9,6,user_02d03e8a,0.835186
user_524450e9,7,user_a4a77a7d,0.832780
user_524450e9,8,user_b16e0cf8,0.832510
user_524450e9,9,user_f60a09b3,0.830786
user_524450e9,10,user_adab54a0,0.830490
user_524450e9,11,user_0898fc4b,0.828099
user_524450e9,12,user_03969305,0.825604
user_524450e9,13,user_2dd5b531,0.820946
user_524450e9,14,user_886f7373,0.818572
user_524450e9,15,user_94f185bc,0.816447
user_529e3009,1,user_89f449b4,0.551167
user_529e3009,2,user_1e302679,0.534723
user_529e3009,3,user_529e3009,0.522367
user_529e3009,4,user_7c8639cd,0.520869
user_529e3009,5,user_a57a04fa,0.508217
user_529e3009,6,user_9991e1d8,0.487606
user_529e3009,7,user_e5beda2b,0.436007
user_529e3009,8,user_869fcb2b,0.404541
user_529e3009,9,user_f0b144fc,0.404347
user_529e3009,10,user_9600e8bf,0.401337
user_529e3009,11,user_80dc757f,0.400470
user_529e3009,12,user_0a3bcf86,0.398249
user_529e3009,13,user_8d85acb5,0.392212
user_529e3009,14,user_c008345b,0.390671
user_529e3009,15,user_ebe17c78,0.382523
user_52d3881c,1,user_52d3881c,0.858087
user_52d3881c,2,user_3971c3e6,0.807115
user_52d3881c,3,user_e5a6abbe,0.784149
user_52d3881c,4,user_7a7dda35,0.774622
user_52d3881c,5,user_bf69de98,0.773176
user_52d3881c,6,user_aabd2642,0.761741
user_52d3881c,7,user_4e54f3d7,0.748925
user_52d3881c,8,user_3535252b,0.747343
user_52d3881c,9,user_88b2faba,0.742121
user_52d3881c,10,user_d2c97c8e,0.740048
user_52d3881c,11,user_e6057285,0.737757
user_52d3881c,12,user_ef954c6e,0.736765
user_52d3881c,13,user_e88c308b,0.733964
user_52d3881c,14,user_9a307ebe,0.732111
user_52d3881c,15,user_ef05ad51,0.728393
user_53325367,1,user_53325367,0.795083
user_53325367,2,user_a743aff9,0.794068
user_53325367,3,user_7924afc9,0.787230
user_53325367,4,user_7c7220a4,0.782880
user_53325367,5,user_40a0bad3,0.779933
user_53325367,6,user_f930e37f,0.779132
user_53325367,7,user_89e04335,0.774037
user_53325367,8,user_7bbd1543,0.773891
user_53325367,9,user_6ae9ce92,0.773511
user_53325367,10,user_ded778b8,0.772494
user_53325367,11,user_02016939,0.770800
user_53325367,12,user_16ac4154,0.768716
user_53325367,13,user_ba085464,0.767566
user_53325367,14,user_69df6330,0.761589
user_53325367,15,user_03969305,0.760015
user_54c1ebee,1,user_586752e4,0.875690
user_54c1ebee,2,user_107259c3,0.853450
user_54c1ebee,3,user_7f56f9a5,0.836709
user_54c1ebee,4,user_ea67f9c6,0.836201
user_54c1ebee,5,user_b1d0760b,0.834979
user_54c1ebee,6,user_147d1bbb,0.834767
user_54c1ebee,7,user_70bbda36,0.834704
user_54c1ebee,8,user_54c1ebee,0.834270
user_54c1ebee,9,user_25798310,0.825940
user_54c1ebee,10,user_5a6f92a6,0.820896
user_54c1ebee,11,user_885e8708,0.815913
user_54c1ebee,12,user_5526cbfd,0.815462
user_54c1ebee,13,user_8e97a154,0.814901
user_54c1ebee,14,user_7b5f54c0,0.814463
user_54c1ebee,15,user_02016939,0.814247
user_56909460,1,user_df8dc9bb,0.845506
user_56909460,2,user_a75b4d6e,0.832587
user_56909460,3,user_79f04645,0.826361
user_56909460,4,user_6bf0e007,0.826328
user_56909460,5,user_5349c6cf,0.823686
user_56909460,6,user_d70942c1,0.809933
user_56909460,7,user_83afc7b2,0.808904
user_56909460,8,user_03969305,0.807413
user_56909460,9,user_29cd4556,0.806030
user_56909460,10,user_e8a7be73,0.805536
user_56909460,11,user_e802076d,0.804887
user_56909460,12,user_e59c000f,0.801545
user_56909460,13,user_a4a77a7d,0.800031
user_56909460,14,user_7a8f7f3e,0.797680
user_56909460,15,user_7aa3746b,0.789898
user_56980aa9,1,user_a4aab257,0.705818
user_56980aa9,2,user_d14b7d7b,0.700335
user_56980aa9,3,user_55058479,0.669698
user_56980aa9,4,user_b1c16312,0.668993
user_56980aa9,5,user_2c3eb234,0.667650
user_56980aa9,6,user_9ffdf5e5,0.662892
user_56980aa9,7,user_4e42bf97,0.634824
user_56980aa9,8,user_c32db875,0.621739
user_56980aa9,9,user_8006727d,0.618752
user_56980aa9,10,user_126670d7,0.614100
user_56980aa9,11,user_56980aa9,0.609857
user_56980aa9,12,user_6d2cb415,0.595660
user_56980aa9,13,user_b8f24804,0.587186
user_56980aa9,14,user_650da71b,0.586136
user_56980aa9,15,user_4bf6a4a0,0.576194
user_5738db35,1,user_5738db35,0.768323
user_5738db35,2,user_7c7220a4,0.743154
user_5738db35,3,user_f070eee7,0.740911
user_5738db35,4,user_03410579,0.719164
user_5738db35,5,user_ee05ee55,0.718123
user_5738db35,6,user_3e284ba5,0.712282
user_5738db35,7,user_fcf93ee8,0.707700
user_5738db35,8,user_cbabbcee,0.706369
user_5738db35,9,user_500badda,0.704556
user_5738db35,10,user_e6dd44b0,0.703790
user_5738db35,11,user_3239132f,0.702891
user_5738db35,12,user_bd47000f,0.698142
user_5738db35,13,user_1a7d6cd5,0.695790
user_5738db35,14,user_14a2d3c6,0.691149
user_5738db35,15,user_9a307ebe,0.688543
user_582ff5b2,1,user_d6175d39,0.878128
user_582ff5b2,2,user_8663226a,0.872469
user_582ff5b2,3,user_b16e0cf8,0.866274
user_582ff5b2,4,user_b6350ec1,0.865694
user_582ff5b2,5,user_fba6bcd4,0.858274
user_582ff5b2,6,user_17607ebc,0.855401
user_582ff5b2,7,user_73623b4e,0.852976
user_582ff5b2,8,user_9dda4af9,0.850478
user_582ff5b2,9,user_2373103d,0.847916
user_582ff5b2,10,user_e5a6abbe,0.843476
user_582ff5b2,11,user_07cb458d,0.843219
user_582ff5b2,12,user_c35d6565,0.841192
user_582ff5b2,13,user_aa31484a,0.840409
user_582ff5b2,14,user_02d03e8a,0.836065
user_582ff5b2,15,user_5c5a0b40,0.832549
user_586752e4,1,user_44567221,0.627976
user_586752e4,2,user_0c8c48ac,0.563303
user_586752e4,3,user_9c88ee3d,0.523410
user_586752e4,4,user_a411fb06,0.490644
user_586752e4,5,user_943e4045,0.480346
user_586752e4,6,user_3666402b,0.449311
user_586752e4,7,user_17054ec7,0.441824
user_586752e4,8,user_fb427339,0.422328
user_586752e4,9,user_49b1ac46,0.421923
user_586752e4,10,user_8e5e899b,0.421922
user_586752e4,11,user_c130412b,0.420027
user_586752e4,12,user_ecf8f97f,0.419754
user_586752e4,13,user_a5d9fab6,0.413624
user_586752e4,14,user_107259c3,0.413125
user_586752e4,15,user_1ae8e7f5,0.413098
user_58892c7c,1,user_74c84045,0.811322
user_58892c7c,2,user_1b2d69c1,0.789754
user_58892c7c,3,user_58892c7c,0.776614
user_58892c7c,4,user_e30558fe,0.733144
user_58892c7c,5,user_baa70592,0.684728
user_58892c7c,6,user_07faa0fc,0.679770
user_58892c7c,7,user_3bc84c13,0.671440
user_58892c7c,8,user_124651ff,0.667218
user_58892c7c,9,user_b1a5a37e,0.662793
user_58892c7c,10,user_ded778b8,0.661226
user_58892c7c,11,user_e6dd44b0,0.659403
user_58892c7c,12,user_2cb4b018,0.639017
user_58892c7c,13,user_107259c3,0.638689
user_58892c7c,14,user_fcf93ee8,0.638480
user_58892c7c,15,user_dca78fea,0.637573
user_58bfeaad,1,user_58bfeaad,0.844298
user_58bfeaad,2,user_7de6f343,0.834804
user_58bfeaad,3,user_6fa47d61,0.818784
user_58bfeaad,4,user_74cfb8ef,0.812486
user_58bfeaad,5,user_ba8b1c05,0.801712
user_58bfeaad,6,user_2c2a5c24,0.784325
user_58bfeaad,7,user_f5e1eee0,0.781858
user_58bfeaad,8,user_e409a56d,0.775587
user_58bfeaad,9,user_7c3d63ce,0.775380
user_58bfeaad,10,user_0bc8e727,0.773955
user_58bfeaad,11,user_421ae417,0.773433
user_58bfeaad,12,user_40efa894,0.770763
user_58bfeaad,13,user_f3377028,0.770658
user_58bfeaad,14,user_25652863,0.769135
user_58bfeaad,15,user_64cd3098,0.768259
user_59d9db83,1,user_f654c33b,0.812618
user_59d9db83,2,user_30802254,0.804760
user_59d9db83,3,user_b23aa915,0.794492
user_59d9db83,4,user_15179955,0.793090
user_59d9db83,5,user_17607ebc,0.789771
user_59d9db83,6,user_5c09bb3d,0.788700
user_59d9db83,7,user_bbe73426,0.782381
user_59d9db83,8,user_d1d16d30,0.781422
user_59d9db83,9,user_5881b259,0.780639
user_59d9db83,10,user_636ad58f,0.780422
user_59d9db83,11,user_80dc757f,0.776849
user_59d9db83,12,user_6d071251,0.775205
user_59d9db83,13,user_bf69de98,0.773913
user_59d9db83,14,user_dc32d458,0.773528
user_59d9db83,15,user_9600e8bf,0.773193
user_5a5bee64,1,user_25798310,0.864922
user_5a5bee64,2,user_147d1bbb,0.853878
user_5a5bee64,3,user_7b5f54c0,0.852212
user_5a5bee64,4,user_81a80789,0.847537
user_5a5bee64,5,user_3b1da5d9,0.841404
user_5a5bee64,6,user_2c69b83e,0.837602
user_5a5bee64,7,user_166a3647,0.832399
user_5a5bee64,8,user_aabd2642,0.829352
user_5a5bee64,9,user_70bbda36,0.827809
user_5a5bee64,10,user_b63ea1d4,0.824901
user_5a5bee64,11,user_acd6ddfb,0.811355
user_5a5bee64,12,user_26fa9d90,0.809882
user_5a5bee64,13,user_0f0ad720,0.808669
user_5a5bee64,14,user_8713f22a,0.806028
user_5a5bee64,15,user_032e5bc8,0.804894
user_5a6c91dd,1,user_36e75535,0.776531
user_5a6c91dd,2,user_5a5bee64,0.775695
user_5a6c91dd,3,user_405db206,0.736063
user_5a6c91dd,4,user_2e81a539,0.734014
user_5a6c91dd,5,user_1f636ddc,0.731191
user_5a6c91dd,6,user_476670f9,0.730596
user_5a6c91dd,7,user_885e8708,0.727762
user_5a6c91dd,8,user_5c9b579a,0.721185
user_5a6c91dd,9,user_226be32f,0.718226
user_5a6c91dd,10,user_bd05225b,0.717005
user_5a6c91dd,11,user_2f4cc646,0.716318
user_5a6c91dd,12,user_1246b252,0.716022
user_5a6c91dd,13,user_c994138f,0.715296
user_5a6c91dd,14,user_3121653d,0.713193
user_5a6c91dd,15,user_1dc24686,0.709699
user_5a6f92a6,1,user_d20928cc,0.730769
user_5a6f92a6,2,user_515ae840,0.691098
user_5a6f92a6,3,user_9ce96cbf,0.662253
user_5a6f92a6,4,user_2b03934e,0.661887
user_5a6f92a6,5,user_24668d84,0.650039
user_5a6f92a6,6,user_b7f60e64,0.643189
user_5a6f92a6,7,user_0bd8ba7c,0.638576
user_5a6f92a6,8,user_4bf6a4a0,0.629272
user_5a6f92a6,9,user_a2503734,0.624243
user_5a6f92a6,10,user_2c3eb234,0.624191
user_5a6f92a6,11,user_26565155,0.624015
user_5a6f92a6,12,user_829844fd,0.622645
user_5a6f92a6,13,user_b8f24804,0.621945
user_5a6f92a6,14,user_d14b7d7b,0.616349
user_5a6f92a6,15,user_0eeab432,0.614274
user_5ac1a174,1,user_8e5e899b,0.839260
user_5ac1a174,2,user_e8cdb142,0.839105
user_5ac1a174,3,user_5ac1a174,0.837319
user_5ac1a174,4,user_87e5d9b0,0.794781
user_5ac1a174,5,user_858fa00c,0.785620
user_5ac1a174,6,user_4144252d,0.784604
user_5ac1a174,7,user_233fda02,0.780481
user_5ac1a174,8,user_ff39b6cf,0.760573
user_5ac1a174,9,user_a7f8db34,0.759978
user_5ac1a174,10,user_903329bb,0.758243
user_5ac1a174,11,user_0cc626ee,0.753514
user_5ac1a174,12,user_29266f60,0.753335
user_5ac1a174,13,user_0669bdf6,0.752835
user_5ac1a174,14,user_058d9dc1,0.750167
user_5ac1a174,15,user_dac2c359,0.750089
user_5c09bb3d,1,user_1230e05a,0.800909
user_5c09bb3d,2,user_378003e3,0.778041
user_5c09bb3d,3,user_6f1b0197,0.752840
user_5c09bb3d,4,user_582ff5b2,0.747795
user_5c09bb3d,5,user_1736acbe,0.746737
user_5c09bb3d,6,user_96c3cc43,0.734878
user_5c09bb3d,7,user_75905116,0.727936
user_5c09bb3d,8,user_66a7ce5a,0.722479
user_5c09bb3d,9,user_85810097,0.722013
user_5c09bb3d,10,user_38f4dfac,0.716534
user_5c09bb3d,11,user_ca6074df,0.709947
user_5c09bb3d,12,user_d6175d39,0.708407
user_5c09bb3d,13,user_75bc9924,0.707829
user_5c09bb3d,14,user_39939c54,0.706518
user_5c09bb3d,15,user_9d65649f,0.703596
user_5c5a0b40,1,user_ab86ab82,0.755146
user_5c5a0b40,2,user_33b2b77f,0.749773
user_5c5a0b40,3,user_57c1d6c0,0.744768
user_5c5a0b40,4,user_164fe4b8,0.742805
user_5c5a0b40,5,user_1df51301,0.736201
user_5c5a0b40,6,user_daf37424,0.734348
user_5c5a0b40,7,user_8be3f554,0.733591
user_5c5a0b40,8,user_56e6d0cd,0.731748
user_5c5a0b40,9,user_65d73ac1,0.717166
user_5c5a0b40,10,user_4a57e449,0.715260
user_5c5a0b40,11,user_ffe2efae,0.711087
user_5c5a0b40,12,user_c994138f,0.706850
user_5c5a0b40,13,user_c34e791e,0.706100
user_5c5a0b40,14,user_9351238d,0.703974
user_5c5a0b40,15,user_91db6e48,0.699902
user_5c82df31,1,user_e59c000f,0.835241
user_5c82df31,2,user_2e81a539,0.818098
user_5c82df31,3,user_5c9b579a,0.802304
user_5c82df31,4,user_f10e7063,0.783580
user_5c82df31,5,user_83afc7b2,0.782222
user_5c82df31,6,user_df8dc9bb,0.780888
user_5c82df31,7,user_eda37c14,0.780058
user_5c82df31,8,user_18892460,0.777739
user_5c82df31,9,user_5c82df31,0.771389
user_5c82df31,10,user_7f56f9a5,0.769750
user_5c82df31,11,user_5993b36a,0.769048
user_5c82df31,12,user_f5fea76f,0.761041
user_5c82df31,13,user_bd05225b,0.760877
user_5c82df31,14,user_1936a7c3,0.757301
user_5c82df31,15,user_6fc85c06,0.756179
user_5d1b0daf,1,user_a4a77a7d,0.874592
user_5d1b0daf,2,user_b16e0cf8,0.874224
user_5d1b0daf,3,user_e59c000f,0.869362
user_5d1b0daf,4,user_b23aa915,0.867258
user_5d1b0daf,5,user_e6057285,0.858062
user_5d1b0daf,6,user_83afc7b2,0.857526
user_5d1b0daf,7,user_c5f32c0d,0.848972
user_5d1b0daf,8,user_ef954c6e,0.847638
user_5d1b0daf,9,user_5c5a0b40,0.847603
user_5d1b0daf,10,user_03969305,0.846822
user_5d1b0daf,11,user_886f7373,0.845923
user_5d1b0daf,12,user_d1d16d30,0.838836
user_5d1b0daf,13,user_5881b259,0.834726
user_5d1b0daf,14,user_f27da10a,0.834624
user_5d1b0daf,15,user_0669bdf6,0.834175
user_5f4ee256,1,user_e8cdb142,0.759876
user_5f4ee256,2,user_8e5e899b,0.716486
user_5f4ee256,3,user_903329bb,0.700406
user_5f4ee256,4,user_2c39731d,0.681123
user_5f4ee256,5,user_d0a0f883,0.674951
user_5f4ee256,6,user_07db2c6a,0.672627
user_5f4ee256,7,user_5ac1a174,0.656475
user_5f4ee256,8,user_4144252d,0.655232
user_5f4ee256,9,user_858fa00c,0.654790
user_5f4ee256,10,user_a5d9fab6,0.648460
user_5f4ee256,11,user_ff39b6cf,0.645863
user_5f4ee256,12,user_a7f8db34,0.643965
user_5f4ee256,13,user_d5379647,0.643305
user_5f4ee256,14,user_ed3091a2,0.640728
user_5f4ee256,15,user_0e82fe11,0.630301
user_6169d3b8,1,user_6169d3b8,0.802104
user_6169d3b8,2,user_107259c3,0.778957
user_6169d3b8,3,user_b4f295b3,0.726040
user_6169d3b8,4,user_6476648d,0.722263
user_6169d3b8,5,user_7f623d19,0.720493
user_6169d3b8,6,user_3353b96b,0.713325
user_6169d3b8,7,user_ea67f9c6,0.710781
user_6169d3b8,8,user_586752e4,0.709110
user_6169d3b8,9,user_9c88ee3d,0.705081
user_6169d3b8,10,user_6deada35,0.703029
user_6169d3b8,11,user_07db2c6a,0.693182
user_6169d3b8,12,user_17054ec7,0.688470
user_6169d3b8,13,user_76638121,0.687937
user_6169d3b8,14,user_f070eee7,0.687447
user_6169d3b8,15,user_baeb91b3,0.684748
user_61f90240,1,user_586752e4,0.852942
user_61f90240,2,user_ea67f9c6,0.849404
user_61f90240,3,user_c994138f,0.843183
user_61f90240,4,user_737dd050,0.842440
user_61f90240,5,user_25798310,0.841427
user_61f90240,6,user_147d1bbb,0.840800
user_61f90240,7,user_70bbda36,0.839106
user_61f90240,8,user_2c69b83e,0.837821
user_61f90240,9,user_54c1ebee,0.832379
user_61f90240,10,user_6deada35,0.830452
user_61f90240,11,user_107259c3,0.827399
user_61f90240,12,user_e5a6abbe,0.823457
user_61f90240,13,user_daf37424,0.820722
user_61f90240,14,user_5a6f92a6,0.813252
user_61f90240,15,user_9a307ebe,0.811308
user_63110023,1,user_c35d6565,0.882996
user_63110023,2,user_b49274ca,0.874192
user_63110023,3,user_9dda4af9,0.864754
user_63110023,4,user_b6d05d1d,0.854162
user_63110023,5,user_dd6e7bcb,0.853075
user_63110023,6,user_29cd4556,0.845269
user_63110023,7,user_657c72ca,0.842139
user_63110023,8,user_adab54a0,0.841657
user_63110023,9,user_8fe14601,0.832928
user_63110023,10,user_bdcc6e7d,0.828280
user_63110023,11,user_4db0d490,0.825298
user_63110023,12,user_c2f18cf7,0.824860
user_63110023,13,user_69df6330,0.822780
user_63110023,14,user_81c4dae1,0.819938
user_63110023,15,user_8d968cfb,0.819592
user_636d1da4,1,user_83afc7b2,0.859665
user_636d1da4,2,user_e59c000f,0.858265
user_636d1da4,3,user_38433566,0.857021
user_636d1da4,4,user_18892460,0.846087
user_636d1da4,5,user_e8a7be73,0.840064
user_636d1da4,6,user_e6057285,0.837357
user_636d1da4,7,user_6fc85c06,0.833542
user_636d1da4,8,user_5993b36a,0.827482
user_636d1da4,9,user_14a2d3c6,0.821984
user_636d1da4,10,user_bd05225b,0.821185
user_636d1da4,11,user_df8dc9bb,0.820771
user_636d1da4,12,user_9a307ebe,0.817709
user_636d1da4,13,user_79f38f6d,0.814162
user_636d1da4,14,user_c5f32c0d,0.812491
user_636d1da4,15,user_03969305,0.811662
user_6427334a,1,user_9d65649f,0.716567
user_6427334a,2,user_6427334a,0.707066
user_6427334a,3,user_5d1b0daf,0.699338
user_6427334a,4,user_17607ebc,0.685616
user_6427334a,5,user_092e219d,0.684683
user_6427334a,6,user_8663226a,0.682270
user_6427334a,7,user_111cfe7d,0.681608
user_6427334a,8,user_4384dffe,0.672671
user_6427334a,9,user_4db0d490,0.670211
user_6427334a,10,user_79f04645,0.668213
user_6427334a,11,user_6b86248b,0.666996
user_6427334a,12,user_3f798a8b,0.665223
user_6427334a,13,user_73623b4e,0.663972
user_6427334a,14,user_8fe14601,0.663349
user_6427334a,15,user_82879210,0.661320
user_6476648d,1,user_0128a546,0.766119
user_6476648d,2,user_9351238d,0.764826
user_6476648d,3,user_b63ea1d4,0.751879
user_6476648d,4,user_9a5457b0,0.747675
user_6476648d,5,user_67acd9b1,0.747204
user_6476648d,6,user_e8e9acac,0.734089
user_6476648d,7,user_02fecea2,0.723282
user_6476648d,8,user_4d4f73a6,0.720716
user_6476648d,9,user_858fa00c,0.720698
user_6476648d,10,user_ea67f9c6,0.720563
user_6476648d,11,user_586752e4,0.717116
user_6476648d,12,user_3b79395c,0.715088
user_6476648d,13,user_2c69b83e,0.708810
user_6476648d,14,user_8713f22a,0.700370
user_6476648d,15,user_9c88ee3d,0.695838
user_649f4327,1,user_1b7f8c56,0.871276
user_649f4327,2,user_95d648bc,0.862781
user_649f4327,3,user_aabd2642,0.861279
user_649f4327,4,user_54c1ebee,0.849378
user_649f4327,5,user_fba6bcd4,0.849254
user_649f4327,6,user_aa2fbe83,0.842777
user_649f4327,7,user_2e81a539,0.837161
user_649f4327,8,user_920c074a,0.831264
user_649f4327,9,user_ef05ad51,0.828492
user_649f4327,10,user_b325310b,0.825809
user_649f4327,11,user_2c69b83e,0.821597
user_649f4327,12,user_147d1bbb,0.820845
user_649f4327,13,user_ed1aaed8,0.820624
user_649f4327,14,user_1a2755b3,0.818335
user_649f4327,15,user_d3663143,0.816809
user_657c72ca,1,user_cdd86523,0.842860
user_657c72ca,2,user_636ad58f,0.824739
user_657c72ca,3,user_8a760553,0.824311
user_657c72ca,4,user_73f34c5d,0.809224
user_657c72ca,5,user_fde2d265,0.803775
user_657c72ca,6,user_111cfe7d,0.802160
user_657c72ca,7,user_c39d41d7,0.798335
user_657c72ca,8,user_9600e8bf,0.791635
user_657c72ca,9,user_d70942c1,0.790343
user_657c72ca,10,user_dbc4828c,0.788652
user_657c72ca,11,user_14a2d3c6,0.787152
user_657c72ca,12,user_a57e47b1,0.784782
user_657c72ca,13,user_50e2a836,0.782539
user_657c72ca,14,user_03969305,0.781431
user_657c72ca,15,user_5881b259,0.780188
user_6592f2e4,1,user_6592f2e4,0.679016
user_6592f2e4,2,user_245fd42f,0.544424
user_6592f2e4,3,user_d461f818,0.527827
user_6592f2e4,4,user_fb8f46c8,0.486371
user_6592f2e4,5,user_18522854,0.477368
user_6592f2e4,6,user_8a3bbeb2,0.471686
user_6592f2e4,7,user_b8f24804,0.471130
user_6592f2e4,8,user_0bd8ba7c,0.456017
user_6592f2e4,9,user_2cb4b018,0.443174
user_6592f2e4,10,user_acb51eed,0.436556
user_6592f2e4,11,user_c8f82360,0.435162
user_6592f2e4,12,user_1e302679,0.431465
user_6592f2e4,13,user_98ca16a6,0.423955
user_6592f2e4,14,user_63b4ae7a,0.419068
user_6592f2e4,15,user_beca29a3,0.417818
user_65d73ac1,1,user_417702c5,0.789760
user_65d73ac1,2,user_3ac315cb,0.789429
user_65d73ac1,3,user_3e1f9dc1,0.787843
user_65d73ac1,4,user_25b48a9a,0.782682
user_65d73ac1,5,user_9e39a95d,0.777621
user_65d73ac1,6,user_f7538815,0.775027
user_65d73ac1,7,user_65d73ac1,0.772224
user_65d73ac1,8,user_c34e791e,0.766081
user_65d73ac1,9,user_1b7f8c56,0.765058
user_65d73ac1,10,user_2cb4b018,0.764700
user_65d73ac1,11,user_1a2755b3,0.755978
user_65d73ac1,12,user_a3a4a20a,0.751257
user_65d73ac1,13,user_16ac4154,0.750854
user_65d73ac1,14,user_c8f82360,0.748512
user_65d73ac1,15,user_67acd9b1,0.748143
user_68349053,1,user_68349053,0.801120
user_68349053,2,user_f5e2976e,0.693014
user_68349053,3,user_1c7b7780,0.619395
user_68349053,4,user_ed1aaed8,0.578622
user_68349053,5,user_ac6d6bff,0.561854
user_68349053,6,user_d9b8914f,0.559088
user_68349053,7,user_f54058d0,0.558653
user_68349053,8,user_07db2c6a,0.556650
user_68349053,9,user_417702c5,0.551651
user_68349053,10,user_3e284ba5,0.550870
user_68349053,11,user_2f4cc646,0.545893
user_68349053,12,user_5a6c91dd,0.540607
user_68349053,13,user_2c69b83e,0.539650
user_68349053,14,user_be018f9d,0.538520
user_68349053,15,user_07cb458d,0.536357
user_68d19df8,1,user_b6d05d1d,0.879523
user_68d19df8,2,user_56e6d0cd,0.861456
user_68d19df8,3,user_c2f18cf7,0.841141
user_68d19df8,4,user_9dda4af9,0.836044
user_68d19df8,5,user_d036c911,0.821319
user_68d19df8,6,user_adab54a0,0.819719
user_68d19df8,7,user_3ff3188b,0.816623
user_68d19df8,8,user_c34e791e,0.809576
user_68d19df8,9,user_dae4304f,0.801775
user_68d19df8,10,user_8d968cfb,0.799335
user_68d19df8,11,user_4db0d490,0.796348
user_68d19df8,12,user_8be3f554,0.795146
user_68d19df8,13,user_e696f3ae,0.791624
user_68d19df8,14,user_57c1d6c0,0.790673
user_68d19df8,15,user_67acd9b1,0.787050
user_69193575,1,user_126670d7,0.788877
user_69193575,2,user_8c0c7619,0.755396
user_69193575,3,user_8f8346ad,0.749019
user_69193575,4,user_5d1b0daf,0.701872
user_69193575,5,user_650da71b,0.701347
user_69193575,6,user_a8dc91a3,0.700865
user_69193575,7,user_4bf6a4a0,0.697595
user_69193575,8,user_f43d6008,0.688822
user_69193575,9,user_0b5c256a,0.688569
user_69193575,10,user_2e05a7a0,0.683588
user_69193575,11,user_d14b7d7b,0.680684
user_69193575,12,user_6b311f43,0.675634
user_69193575,13,user_b429ec64,0.672506
user_69193575,14,user_9ce96cbf,0.668009
user_69193575,15,user_ec574395,0.667971
user_69a4dd06,1,user_ab5592eb,0.878551
user_69a4dd06,2,user_7aa3746b,0.834021
user_69a4dd06,3,user_954805d7,0.825135
user_69a4dd06,4,user_c39d41d7,0.821386
user_69a4dd06,5,user_03969305,0.798364
user_69a4dd06,6,user_8d968cfb,0.794468
user_69a4dd06,7,user_8a760553,0.791215
user_69a4dd06,8,user_dc32d458,0.790414
user_69a4dd06,9,user_5881b259,0.789345
user_69a4dd06,10,user_a4a77a7d,0.788778
user_69a4dd06,11,user_dbc4828c,0.787550
user_69a4dd06,12,user_a57e47b1,0.785053
user_69a4dd06,13,user_96013176,0.784621
user_69a4dd06,14,user_cdd86523,0.783383
user_69a4dd06,15,user_259776c7,0.782031
user_69df6330,1,user_69df6330,0.926521
user_69df6330,2,user_f654c33b,0.914531
user_69df6330,3,user_1a2755b3,0.899894
user_69df6330,4,user_5881b259,0.882437
user_69df6330,5,user_b49274ca,0.881196
user_69df6330,6,user_adab54a0,0.874080
user_69df6330,7,user_723406a0,0.873974
user_69df6330,8,user_c39d41d7,0.873957
user_69df6330,9,user_15179955,0.872182
user_69df6330,10,user_2dd5b531,0.865459
user_69df6330,11,user_c35d6565,0.862847
user_69df6330,12,user_dbc4828c,0.860435
user_69df6330,13,user_dc32d458,0.856274
user_69df6330,14,user_b16e0cf8,0.856158
user_69df6330,15,user_a743aff9,0.855192
user_6ab1739a,1,user_8fbb6d9c,0.899247
user_6ab1739a,2,user_2d74cd4c,0.818183
user_6ab1739a,3,user_b6b89f00,0.814649
user_6ab1739a,4,user_b325310b,0.804144
user_6ab1739a,5,user_f8e2246f,0.803513
user_6ab1739a,6,user_417702c5,0.799662
user_6ab1739a,7,user_08aa624b,0.797281
user_6ab1739a,8,user_99c67f2f,0.794733
user_6ab1739a,9,user_9e39a95d,0.794052
user_6ab1739a,10,user_6011e674,0.792350
user_6ab1739a,11,user_d3663143,0.786712
user_6ab1739a,12,user_6ab1739a,0.784958
user_6ab1739a,13,user_6bb64984,0.782823
user_6ab1739a,14,user_649f4327,0.782564
user_6ab1739a,15,user_71b9b8e0,0.780334
user_6ab8f7d4,1,user_0898fc4b,0.804998
user_6ab8f7d4,2,user_e6057285,0.769455
user_6ab8f7d4,3,user_f0cf195f,0.764435
user_6ab8f7d4,4,user_83afc7b2,0.763163
user_6ab8f7d4,5,user_f60a09b3,0.758720
user_6ab8f7d4,6,user_e59c000f,0.753232
user_6ab8f7d4,7,user_f4f9490d,0.751811
user_6ab8f7d4,8,user_1cfedba8,0.751353
user_6ab8f7d4,9,user_6fc85c06,0.750912
user_6ab8f7d4,10,user_0669bdf6,0.749538
user_6ab8f7d4,11,user_5993b36a,0.749208
user_6ab8f7d4,12,user_6a13946a,0.747969
user_6ab8f7d4,13,user_4c8199a7,0.746835
user_6ab8f7d4,14,user_acb51eed,0.746229
user_6ab8f7d4,15,user_8d22714e,0.744050
user_6d071251,1,user_75251485,0.665248
user_6d071251,2,user_f862100c,0.654967
user_6d071251,3,user_515ae840,0.636134
user_6d071251,4,user_b8f24804,0.610461
user_6d071251,5,user_4bf6a4a0,0.610203
user_6d071251,6,user_0eeab432,0.609651
user_6d071251,7,user_b429ec64,0.608293
user_6d071251,8,user_23ecc36a,0.604191
user_6d071251,9,user_d20928cc,0.603305
user_6d071251,10,user_26565155,0.600710
user_6d071251,11,user_2b03934e,0.600037
user_6d071251,12,user_f43d6008,0.594130
user_6d071251,13,user_9ce96cbf,0.589337
user_6d071251,14,user_c32db875,0.589243
user_6d071251,15,user_6d2cb415,0.586496
user_6d2cb415,1,user_b350e22b,0.839144
user_6d2cb415,2,user_bd05225b,0.828017
user_6d2cb415,3,user_5c82df31,0.825157
user_6d2cb415,4,user_df8dc9bb,0.822988
user_6d2cb415,5,user_fba6bcd4,0.819830
user_6d2cb415,6,user_e802076d,0.817023
user_6d2cb415,7,user_e59c000f,0.816830
user_6d2cb415,8,user_8ae8c359,0.815230
user_6d2cb415,9,user_c5f32c0d,0.811896
user_6d2cb415,10,user_5526cbfd,0.809811
user_6d2cb415,11,user_3239132f,0.809254
user_6d2cb415,12,user_03969305,0.808855
user_6d2cb415,13,user_5993b36a,0.808809
user_6d2cb415,14,user_d691d016,0.807485
user_6d2cb415,15,user_394c25cc,0.805553
user_6d421600,1,user_38390331,0.618106
user_6d421600,2,user_334144b4,0.575287
user_6d421600,3,user_201c8c78,0.562840
user_6d421600,4,user_193e9be3,0.540238
user_6d421600,5,user_8a3bbeb2,0.539989
user_6d421600,6,user_f7538815,0.531235
user_6d421600,7,user_6d421600,0.530797
user_6d421600,8,user_0bd8ba7c,0.526315
user_6d421600,9,user_a3a4a20a,0.524336
user_6d421600,10,user_32934d38,0.519894
user_6d421600,11,user_65d73ac1,0.517058
user_6d421600,12,user_85c97ea1,0.515325
user_6d421600,13,user_26565155,0.508997
user_6d421600,14,user_ab86ab82,0.508197
user_6d421600,15,user_53b85563,0.506716
user_6f1b0197,1,user_b49274ca,0.849086
user_6f1b0197,2,user_4db0d490,0.841348
user_6f1b0197,3,user_07cb458d,0.826998
user_6f1b0197,4,user_84e93af7,0.818920
user_6f1b0197,5,user_c39d41d7,0.815937
user_6f1b0197,6,user_73623b4e,0.809098
user_6f1b0197,7,user_b6350ec1,0.807168
user_6f1b0197,8,user_dbc4828c,0.807091
user_6f1b0197,9,user_adab54a0,0.797113
user_6f1b0197,10,user_405db206,0.794086
user_6f1b0197,11,user_fba6bcd4,0.789040
user_6f1b0197,12,user_954805d7,0.788369
user_6f1b0197,13,user_9dda4af9,0.787191
user_6f1b0197,14,user_68d19df8,0.785153
user_6f1b0197,15,user_5c5a0b40,0.784274
user_6fa47d61,1,user_6fa47d61,0.816735
user_6fa47d61,2,user_2e60c125,0.815597
user_6fa47d61,3,user_08c32973,0.765148
user_6fa47d61,4,user_bf30f80d,0.751197
user_6fa47d61,5,user_2efde048,0.750923
user_6fa47d61,6,user_5062c872,0.733734
user_6fa47d61,7,user_372c2b3e,0.710398
user_6fa47d61,8,user_f5e1eee0,0.708239
user_6fa47d61,9,user_201c8c78,0.700925
user_6fa47d61,10,user_25652863,0.697843
user_6fa47d61,11,user_85c97ea1,0.695288
user_6fa47d61,12,user_58bfeaad,0.692342
user_6fa47d61,13,user_f3377028,0.690777
user_6fa47d61,14,user_1a4bec69,0.682783
user_6fa47d61,15,user_ba8b1c05,0.676590
user_6fc85c06,1,user_56980aa9,0.744139
user_6fc85c06,2,user_906e2423,0.734145
user_6fc85c06,3,user_e4f8ab0c,0.725647
user_6fc85c06,4,user_9bee2a7c,0.711244
user_6fc85c06,5,user_3eb49f37,0.706361
user_6fc85c06,6,user_9ee84e18,0.703721
user_6fc85c06,7,user_6fc85c06,0.696298
user_6fc85c06,8,user_c4c70447,0.695069
user_6fc85c06,9,user_3f2fbc90,0.690224
user_6fc85c06,10,user_2e05a7a0,0.684800
user_6fc85c06,11,user_b9036662,0.681648
user_6fc85c06,12,user_8f39f021,0.678021
user_6fc85c06,13,user_039d004e,0.669252
user_6fc85c06,14,user_efa5697b,0.668030
user_6fc85c06,15,user_ba4a78fc,0.667277
user_6fccf8b5,1,user_8006727d,0.717624
user_6fccf8b5,2,user_ffe2efae,0.687235
user_6fccf8b5,3,user_4a57e449,0.680392
user_6fccf8b5,4,user_fe922ad0,0.677414
user_6fccf8b5,5,user_aaa1e595,0.670697
user_6fccf8b5,6,user_3f2894b5,0.669272
user_6fccf8b5,7,user_ab86ab82,0.668775
user_6fccf8b5,8,user_9b6481e4,0.667357
user_6fccf8b5,9,user_a16d1fb6,0.664784
user_6fccf8b5,10,user_07ec3726,0.658706
user_6fccf8b5,11,user_2e05a7a0,0.652821
user_6fccf8b5,12,user_a411fb06,0.642063
user_6fccf8b5,13,user_67acd9b1,0.639499
user_6fccf8b5,14,user_94cad3a5,0.638553
user_6fccf8b5,15,user_efb27a8e,0.638104
user_723406a0,1,user_0e82fe11,0.858070
user_723406a0,2,user_d758a0a1,0.822116
user_723406a0,3,user_14a2d3c6,0.814593
user_723406a0,4,user_e6057285,0.811414
user_723406a0,5,user_5881b259,0.807911
user_723406a0,6,user_eb0927d1,0.807485
user_723406a0,7,user_5993b36a,0.796264
user_723406a0,8,user_723406a0,0.792419
user_723406a0,9,user_5ac1a174,0.783644
user_723406a0,10,user_5a6f92a6,0.783542
user_723406a0,11,user_c39d41d7,0.781467
user_723406a0,12,user_586752e4,0.779269
user_723406a0,13,user_1a2755b3,0.776986
user_723406a0,14,user_5a283043,0.774742
user_723406a0,15,user_a743aff9,0.773528
user_72bed676,1,user_72bed676,0.805940
user_72bed676,2,user_e0c65725,0.744330
user_72bed676,3,user_89571ce8,0.738701
user_72bed676,4,user_94cad3a5,0.716128
user_72bed676,5,user_7f623d19,0.708255
user_72bed676,6,user_63b4be5f,0.707293
user_72bed676,7,user_7a8f7f3e,0.706021
user_72bed676,8,user_0d32f0ed,0.705679
user_72bed676,9,user_8fb63eca,0.704189
user_72bed676,10,user_9fe4e0f5,0.698738
user_72bed676,11,user_1a7d6cd5,0.696928
user_72bed676,12,user_b0129d9e,0.687640
user_72bed676,13,user_7f56f9a5,0.687494
user_72bed676,14,user_03410579,0.686262
user_72bed676,15,user_36e75535,0.682393
user_7322f4ef,1,user_59e8bc2a,0.603327
user_7322f4ef,2,user_f3f15c55,0.589902
user_7322f4ef,3,user_d023a78e,0.569912
user_7322f4ef,4,user_5b7d5e00,0.559018
user_7322f4ef,5,user_ad15a0a4,0.544207
user_7322f4ef,6,user_c883258f,0.513075
user_7322f4ef,7,user_22b484cb,0.503663
user_7322f4ef,8,user_903329bb,0.496511
user_7322f4ef,9,user_598cc905,0.475962
user_7322f4ef,10,user_835666af,0.473812
user_7322f4ef,11,user_d10d1f24,0.472969
user_7322f4ef,12,user_78eff25f,0.468022
user_7322f4ef,13,user_d0a0f883,0.455654
user_7322f4ef,14,user_dcf52d26,0.453717
user_7322f4ef,15,user_8285a696,0.449844
user_737d3148,1,user_a328a751,0.795862
user_737d3148,2,user_22adb798,0.767815
user_737d3148,3,user_92fe4471,0.711338
user_737d3148,4,user_eda37c14,0.663630
user_737d3148,5,user_f5fea76f,0.654078
user_737d3148,6,user_737d3148,0.649420
user_737d3148,7,user_f6c0aefc,0.647110
user_737d3148,8,user_414a6eaf,0.622616
user_737d3148,9,user_4e42bf97,0.595773
user_737d3148,10,user_20e741d0,0.586522
user_737d3148,11,user_979ee068,0.582402
user_737d3148,12,user_756e2f00,0.576438
user_737d3148,13,user_75251485,0.573496
user_737d3148,14,user_829844fd,0.572001
user_737d3148,15,user_9fc3c829,0.568085
user_73a4377d,1,user_83afc7b2,0.838688
user_73a4377d,2,user_a4a77a7d,0.830255
user_73a4377d,3,user_e59c000f,0.829817
user_73a4377d,4,user_f27da10a,0.812324
user_73a4377d,5,user_03969305,0.803464
user_73a4377d,6,user_5a6f92a6,0.798063
user_73a4377d,7,user_c5f32c0d,0.797696
user_73a4377d,8,user_18892460,0.797018
user_73a4377d,9,user_5881b259,0.796804
user_73a4377d,10,user_d758a0a1,0.790205
user_73a4377d,11,user_df8dc9bb,0.788520
user_73a4377d,12,user_bd05225b,0.787659
user_73a4377d,13,user_0898fc4b,0.786740
user_73a4377d,14,user_f60a09b3,0.786068
user_73a4377d,15,user_8d22714e,0.781388
user_73f34c5d,1,user_bd05225b,0.853133
user_73f34c5d,2,user_4144252d,0.840591
user_73f34c5d,3,user_f27da10a,0.821252
user_73f34c5d,4,user_b4214db6,0.819539
user_73f34c5d,5,user_5ac1a174,0.816319
user_73f34c5d,6,user_14a2d3c6,0.815634
user_73f34c5d,7,user_0cc626ee,0.811575
user_73f34c5d,8,user_88b2faba,0.809744
user_73f34c5d,9,user_0669bdf6,0.809614
user_73f34c5d,10,user_03969305,0.809385
user_73f34c5d,11,user_87e5d9b0,0.804131
user_73f34c5d,12,user_0e82fe11,0.800339
user_73f34c5d,13,user_107259c3,0.799086
user_73f34c5d,14,user_2e81a539,0.798437
user_73f34c5d,15,user_f75c71f0,0.798269
user_74025dc0,1,user_74025dc0,0.807209
user_74025dc0,2,user_ed1aaed8,0.789828
user_74025dc0,3,user_d691d016,0.779060
user_74025dc0,4,user_f930e37f,0.777809
user_74025dc0,5,user_e696f3ae,0.774283
user_74025dc0,6,user_e931b2cd,0.773848
user_74025dc0,7,user_96013176,0.768923
user_74025dc0,8,user_058c1800,0.766522
user_74025dc0,9,user_c994138f,0.764080
user_74025dc0,10,user_5526cbfd,0.763938
user_74025dc0,11,user_54c1ebee,0.763555
user_74025dc0,12,user_04f39d22,0.763323
user_74025dc0,13,user_67acd9b1,0.763197
user_74025dc0,14,user_c204a1dd,0.759903
user_74025dc0,15,user_d2c97c8e,0.759315
user_74cfb8ef,1,user_74cfb8ef,0.920182
user_74cfb8ef,2,user_7de6f343,0.887223
user_74cfb8ef,3,user_ba8b1c05,0.882026
user_74cfb8ef,4,user_421ae417,0.870472
user_74cfb8ef,5,user_04f39d22,0.860953
user_74cfb8ef,6,user_64cd3098,0.856891
user_74cfb8ef,7,user_40efa894,0.856517
user_74cfb8ef,8,user_daf59045,0.853780
user_74cfb8ef,9,user_2c2a5c24,0.842880
user_74cfb8ef,10,user_7c3d63ce,0.839040
user_74cfb8ef,11,user_0bc8e727,0.838116
user_74cfb8ef,12,user_6fa47d61,0.831063
user_74cfb8ef,13,user_83e45cc0,0.825502
user_74cfb8ef,14,user_98f18241,0.824029
user_74cfb8ef,15,user_e409a56d,0.822824
user_74e32d78,1,user_aa08d5a8,0.769087
user_74e32d78,2,user_8e48a3f8,0.629395
user_74e32d78,3,user_74da5a13,0.538047
user_74e32d78,4,user_9c7183c8,0.535744
user_74e32d78,5,user_687feee4,0.517654
user_74e32d78,6,user_b9d253e8,0.516896
user_74e32d78,7,user_b563e90b,0.513353
user_74e32d78,8,user_78eff25f,0.510894
user_74e32d78,9,user_a7145605,0.509792
user_74e32d78,10,user_c92c8f83,0.507963
user_74e32d78,11,user_3850eb9e,0.503754
user_74e32d78,12,user_3ff88cf0,0.498885
user_74e32d78,13,user_91321efa,0.493631
user_74e32d78,14,user_ca130b8f,0.488459
user_74e32d78,15,user_3bb7992e,0.487529
user_756e2f00,1,user_a8dc91a3,0.857094
user_756e2f00,2,user_756e2f00,0.831601
user_756e2f00,3,user_b6d05d1d,0.816910
user_756e2f00,4,user_ec574395,0.801809
user_756e2f00,5,user_29cd4556,0.798892
user_756e2f00,6,user_8fe14601,0.787423
user_756e2f00,7,user_94f185bc,0.771061
user_756e2f00,8,user_9ce96cbf,0.771034
user_756e2f00,9,user_0b5c256a,0.770486
user_756e2f00,10,user_8f8346ad,0.767975
user_756e2f00,11,user_c35d6565,0.760841
user_756e2f00,12,user_79f04645,0.753205
user_756e2f00,13,user_8be3f554,0.749613
user_756e2f00,14,user_f43d6008,0.748932
user_756e2f00,15,user_9dda4af9,0.747099
user_75905116,1,user_40efa894,0.912733
user_75905116,2,user_7de6f343,0.911052
user_75905116,3,user_ba8b1c05,0.901525
user_75905116,4,user_74cfb8ef,0.891392
user_75905116,5,user_4ea1ef09,0.885036
user_75905116,6,user_eced69e7,0.881090
user_75905116,7,user_04f39d22,0.868823
user_75905116,8,user_83e45cc0,0.866768
user_75905116,9,user_0bc8e727,0.866522
user_75905116,10,user_2c2a5c24,0.863542
user_75905116,11,user_421ae417,0.858113
user_75905116,12,user_7c3d63ce,0.856992
user_75905116,13,user_daf59045,0.850996
user_75905116,14,user_f7fd2885,0.850532
user_75905116,15,user_6fa47d61,0.850009
user_7709815a,1,user_f3a9f844,0.787120
user_7709815a,2,user_e14b88a8,0.669277
user_7709815a,3,user_043ea160,0.648629
user_7709815a,4,user_beca29a3,0.591381
user_7709815a,5,user_7d944883,0.565528
user_7709815a,6,user_8e5e899b,0.530191
user_7709815a,7,user_8e97a154,0.525964
user_7709815a,8,user_3b90fb53,0.513018
user_7709815a,9,user_2e81a539,0.507935
user_7709815a,10,user_fb8f46c8,0.507090
user_7709815a,11,user_4144252d,0.506816
user_7709815a,12,user_3ae49e46,0.504361
user_7709815a,13,user_eda37c14,0.502942
user_7709815a,14,user_36d44add,0.501176
user_7709815a,15,user_3049510b,0.500806
user_78eff25f,1,user_78eff25f,0.835597
user_78eff25f,2,user_dcf52d26,0.743060
user_78eff25f,3,user_0ef44f54,0.708838
user_78eff25f,4,user_9b517815,0.680430
user_78eff25f,5,user_f827c7dd,0.673528
user_78eff25f,6,user_37cd2dc9,0.664023
user_78eff25f,7,user_5d7cbf11,0.639558
user_78eff25f,8,user_8afa3eba,0.639184
user_78eff25f,9,user_f59d3941,0.633145
user_78eff25f,10,user_a6a094cf,0.625529
user_78eff25f,11,user_2c39731d,0.617716
user_78eff25f,12,user_dc20c886,0.596647
user_78eff25f,13,user_ff39b6cf,0.595343
user_78eff25f,14,user_6a0b0e92,0.593012
user_78eff25f,15,user_1e08d102,0.586485
user_7924afc9,1,user_7924afc9,0.872687
user_7924afc9,2,user_fde2d265,0.852645
user_7924afc9,3,user_b49274ca,0.848523
user_7924afc9,4,user_636ad58f,0.845971
user_7924afc9,5,user_ef954c6e,0.841960
user_7924afc9,6,user_c06d9b71,0.841074
user_7924afc9,7,user_f654c33b,0.837482
user_7924afc9,8,user_84e93af7,0.836380
user_7924afc9,9,user_c39d41d7,0.836304
user_7924afc9,10,user_5881b259,0.834422
user_7924afc9,11,user_adab54a0,0.830663
user_7924afc9,12,user_40a0bad3,0.830442
user_7924afc9,13,user_d1d16d30,0.828781
user_7924afc9,14,user_b16e0cf8,0.826718
user_7924afc9,15,user_5c5a0b40,0.825353
user_795eb408,1,user_500badda,0.797309
user_795eb408,2,user_107259c3,0.783502
user_795eb408,3,user_70bbda36,0.779727
user_795eb408,4,user_b4f295b3,0.778375
user_795eb408,5,user_b0129d9e,0.765300
user_795eb408,6,user_e64d80ba,0.757422
user_795eb408,7,user_166a3647,0.754963
user_795eb408,8,user_da51dede,0.753118
user_795eb408,9,user_737dd050,0.745973
user_795eb408,10,user_5a6f92a6,0.745063
user_795eb408,11,user_fcf93ee8,0.744313
user_795eb408,12,user_9a307ebe,0.740976
user_795eb408,13,user_81a80789,0.740767
user_795eb408,14,user_5c9b579a,0.740674
user_795eb408,15,user_25798310,0.739610
user_79f04645,1,user_17607ebc,0.897853
user_79f04645,2,user_f654c33b,0.889468
user_79f04645,3,user_8fe14601,0.878405
user_79f04645,4,user_02d03e8a,0.863005
user_79f04645,5,user_15179955,0.861409
user_79f04645,6,user_b16e0cf8,0.858972
user_79f04645,7,user_adab54a0,0.857279
user_79f04645,8,user_2373103d,0.851835
user_79f04645,9,user_0cee87f3,0.851814
user_79f04645,10,user_79f04645,0.851635
user_79f04645,11,user_7aa3746b,0.850578
user_79f04645,12,user_e802076d,0.846884
user_79f04645,13,user_b23aa915,0.846560
user_79f04645,14,user_c35d6565,0.844696
user_79f04645,15,user_29cd4556,0.843594
user_7a8f7f3e,1,user_900ffd5c,0.795141
user_7a8f7f3e,2,user_bb8be7e3,0.795055
user_7a8f7f3e,3,user_da51dede,0.784759
user_7a8f7f3e,4,user_7a8f7f3e,0.781960
user_7a8f7f3e,5,user_b4f295b3,0.752684
user_7a8f7f3e,6,user_e64d80ba,0.751398
user_7a8f7f3e,7,user_107259c3,0.746906
user_7a8f7f3e,8,user_70bbda36,0.746665
user_7a8f7f3e,9,user_500badda,0.737304
user_7a8f7f3e,10,user_6169d3b8,0.732641
user_7a8f7f3e,11,user_baeb91b3,0.724887
user_7a8f7f3e,12,user_9571d0d5,0.723917
user_7a8f7f3e,13,user_20a01575,0.716119
user_7a8f7f3e,14,user_5526cbfd,0.713839
user_7a8f7f3e,15,user_ea67f9c6,0.712872
user_7b052f32,1,user_df8dc9bb,0.777068
user_7b052f32,2,user_54c1ebee,0.743820
user_7b052f32,3,user_aabd2642,0.732680
user_7b052f32,4,user_9a307ebe,0.721726
user_7b052f32,5,user_25798310,0.714483
user_7b052f32,6,user_a6c5a10c,0.713655
user_7b052f32,7,user_83afc7b2,0.708622
user_7b052f32,8,user_e6057285,0.707426
user_7b052f32,9,user_5349c6cf,0.704401
user_7b052f32,10,user_e802076d,0.704177
user_7b052f32,11,user_a75b16f2,0.702056
user_7b052f32,12,user_147d1bbb,0.701150
user_7b052f32,13,user_a3a4a20a,0.698159
user_7b052f32,14,user_01916bd2,0.695950
user_7b052f32,15,user_1b7f8c56,0.695437
user_7b2d0be1,1,user_efb27a8e,0.790121
user_7b2d0be1,2,user_ecf8f97f,0.762265
user_7b2d0be1,3,user_3666402b,0.707078
user_7b2d0be1,4,user_a16d1fb6,0.705269
user_7b2d0be1,5,user_338e1332,0.692520
user_7b2d0be1,6,user_ab8e847b,0.688039
user_7b2d0be1,7,user_ffe2efae,0.681589
user_7b2d0be1,8,user_88e84020,0.676951
user_7b2d0be1,9,user_16b87e34,0.674120
user_7b2d0be1,10,user_19622b77,0.664569
user_7b2d0be1,11,user_c130412b,0.663976
user_7b2d0be1,12,user_37be663c,0.657768
user_7b2d0be1,13,user_41b20ee4,0.646032
user_7b2d0be1,14,user_aaa1e595,0.608822
user_7b2d0be1,15,user_52f895f1,0.604643
user_7b4c75ab,1,user_c81fae29,0.779063
user_7b4c75ab,2,user_5fddc7f1,0.683296
user_7b4c75ab,3,user_7b4c75ab,0.680358
user_7b4c75ab,4,user_ee05ee55,0.677833
user_7b4c75ab,5,user_f070eee7,0.675715
user_7b4c75ab,6,user_aa19d173,0.669737
user_7b4c75ab,7,user_d5b21e00,0.652139
user_7b4c75ab,8,user_5c9b579a,0.631205
user_7b4c75ab,9,user_17054ec7,0.628728
user_7b4c75ab,10,user_6169d3b8,0.617349
user_7b4c75ab,11,user_687feee4,0.600702
user_7b4c75ab,12,user_a5e548ce,0.600476
user_7b4c75ab,13,user_5738db35,0.599168
user_7b4c75ab,14,user_9ee84e18,0.598171
user_7b4c75ab,15,user_a346dfc4,0.596058
user_7c45fa70,1,user_7c45fa70,0.730705
user_7c45fa70,2,user_1022be44,0.516202
user_7c45fa70,3,user_840e0a93,0.460961
user_7c45fa70,4,user_6a28fa5d,0.457181
user_7c45fa70,5,user_8a3bbeb2,0.454333
user_7c45fa70,6,user_85c97ea1,0.451316
user_7c45fa70,7,user_7c8639cd,0.440461
user_7c45fa70,8,user_89f449b4,0.430793
user_7c45fa70,9,user_ab434739,0.426667
user_7c45fa70,10,user_c73333a5,0.423551
user_7c45fa70,11,user_bb8be7e3,0.422914
user_7c45fa70,12,user_058d9dc1,0.421540
user_7c45fa70,13,user_2eaaa117,0.420414
user_7c45fa70,14,user_c81fae29,0.420040
user_7c45fa70,15,user_d023a78e,0.418404
user_7c7220a4,1,user_19641691,0.697878
user_7c7220a4,2,user_b1d0760b,0.679985
user_7c7220a4,3,user_586752e4,0.679327
user_7c7220a4,4,user_baeb91b3,0.679287
user_7c7220a4,5,user_ea67f9c6,0.675389
user_7c7220a4,6,user_d4c7b4c0,0.672694
user_7c7220a4,7,user_107259c3,0.661986
user_7c7220a4,8,user_3bc84c13,0.661231
user_7c7220a4,9,user_17054ec7,0.656699
user_7c7220a4,10,user_02fecea2,0.655645
user_7c7220a4,11,user_93cdb7a1,0.654774
user_7c7220a4,12,user_66772d98,0.653139
user_7c7220a4,13,user_70bbda36,0.650169
user_7c7220a4,14,user_81a80789,0.641915
user_7c7220a4,15,user_e2e59795,0.639731
user_7f623d19,1,user_7f623d19,0.829490
user_7f623d19,2,user_107259c3,0.773242
user_7f623d19,3,user_6169d3b8,0.771951
user_7f623d19,4,user_2920b35e,0.754029
user_7f623d19,5,user_2c69b83e,0.751831
user_7f623d19,6,user_70bbda36,0.739775
user_7f623d19,7,user_7b5f54c0,0.735884
user_7f623d19,8,user_ea67f9c6,0.733735
user_7f623d19,9,user_8713f22a,0.731635
user_7f623d19,10,user_586752e4,0.728341
user_7f623d19,11,user_5c9b579a,0.723306
user_7f623d19,12,user_1f636ddc,0.722579
user_7f623d19,13,user_02016939,0.720640
user_7f623d19,14,user_b63ea1d4,0.719667
user_7f623d19,15,user_6deada35,0.719525
user_7fd91653,1,user_7fd91653,0.883387
user_7fd91653,2,user_0898fc4b,0.837655
user_7fd91653,3,user_c5f32c0d,0.835417
user_7fd91653,4,user_e6057285,0.830388
user_7fd91653,5,user_fba6bcd4,0.827095
user_7fd91653,6,user_5349c6cf,0.819961
user_7fd91653,7,user_e59c000f,0.817697
user_7fd91653,8,user_5881b259,0.815504
user_7fd91653,9,user_5993b36a,0.815313
user_7fd91653,10,user_e5a6abbe,0.812762
user_7fd91653,11,user_e802076d,0.812095
user_7fd91653,12,user_bd05225b,0.810167
user_7fd91653,13,user_df8dc9bb,0.803785
user_7fd91653,14,user_ef954c6e,0.797798
user_7fd91653,15,user_f60a09b3,0.797607
user_7fef9da8,1,user_e6057285,0.858132
user_7fef9da8,2,user_cf393213,0.855767
user_7fef9da8,3,user_94f185bc,0.849727
user_7fef9da8,4,user_89e04335,0.837688
user_7fef9da8,5,user_f930e37f,0.836671
user_7fef9da8,6,user_2dd5b531,0.833913
user_7fef9da8,7,user_fdc08e26,0.831393
user_7fef9da8,8,user_03969305,0.830006
user_7fef9da8,9,user_16ac4154,0.826585
user_7fef9da8,10,user_1b7f8c56,0.825680
user_7fef9da8,11,user_41d0c897,0.825010
user_7fef9da8,12,user_cdd86523,0.824280
user_7fef9da8,13,user_45926b89,0.823182
user_7fef9da8,14,user_6fc85c06,0.818433
user_7fef9da8,15,user_ebddf9c1,0.817225
user_8006727d,1,user_8f39f021,0.800530
user_8006727d,2,user_caa6a7b6,0.787218
user_8006727d,3,user_259776c7,0.780413
user_8006727d,4,user_bd6a40d5,0.777919
user_8006727d,5,user_cf393213,0.758426
user_8006727d,6,user_0eb2abf1,0.755876
user_8006727d,7,user_2dd5b531,0.755315
user_8006727d,8,user_67acd9b1,0.752334
user_8006727d,9,user_8be3f554,0.741303
user_8006727d,10,user_1a2755b3,0.740994
user_8006727d,11,user_cdd86523,0.734771
user_8006727d,12,user_89e04335,0.730770
user_8006727d,13,user_c4c70447,0.730742
user_8006727d,14,user_65d73ac1,0.724086
user_8006727d,15,user_3ff3188b,0.721975
user_80da26a6,1,user_886f7373,0.767392
user_80da26a6,2,user_5c5a0b40,0.746435
user_80da26a6,3,user_0a3bcf86,0.736361
user_80da26a6,4,user_a151ddab,0.733491
user_80da26a6,5,user_959adfc8,0.730441
user_80da26a6,6,user_0521a7ac,0.729451
user_80da26a6,7,user_02d03e8a,0.728790
user_80da26a6,8,user_869fcb2b,0.723190
user_80da26a6,9,user_394c25cc,0.723182
user_80da26a6,10,user_b23aa915,0.721679
user_80da26a6,11,user_e802076d,0.721176
user_80da26a6,12,user_c5f32c0d,0.720759
user_80da26a6,13,user_e6057285,0.720181
user_80da26a6,14,user_91f807b9,0.716838
user_80da26a6,15,user_0697c470,0.714758
user_80dc757f,1,user_4bf6a4a0,0.812570
user_80dc757f,2,user_63b4ae7a,0.806367
user_80dc757f,3,user_2c3eb234,0.789028
user_80dc757f,4,user_a4aab257,0.766397
user_80dc757f,5,user_d14b7d7b,0.761878
user_80dc757f,6,user_8c0c7619,0.757347
user_80dc757f,7,user_d20928cc,0.742398
user_80dc757f,8,user_126670d7,0.714784
user_80dc757f,9,user_650da71b,0.709844
user_80dc757f,10,user_b429ec64,0.688199
user_80dc757f,11,user_b8f24804,0.679131
user_80dc757f,12,user_19952166,0.674218
user_80dc757f,13,user_c0392523,0.667709
user_80dc757f,14,user_515ae840,0.664373
user_80dc757f,15,user_4e42bf97,0.658588
user_81a80789,1,user_397cfe20,0.689354
user_81a80789,2,user_67acd9b1,0.674973
user_81a80789,3,user_3bc84c13,0.668897
user_81a80789,4,user_ca6074df,0.641527
user_81a80789,5,user_89e04335,0.623583
user_81a80789,6,user_32934d38,0.622664
user_81a80789,7,user_9b6481e4,0.621120
user_81a80789,8,user_8006727d,0.620141
user_81a80789,9,user_81a80789,0.617149
user_81a80789,10,user_9818dcae,0.607417
user_81a80789,11,user_8c0c7619,0.605591
user_81a80789,12,user_406c399e,0.605511
user_81a80789,13,user_70bbda36,0.604868
user_81a80789,14,user_815b7baf,0.603352
user_81a80789,15,user_ded778b8,0.602988
user_823846de,1,user_efa5697b,0.872265
user_823846de,2,user_ab30f0fb,0.820779
user_823846de,3,user_884ffdb2,0.801672
user_823846de,4,user_3f2fbc90,0.783000
user_823846de,5,user_e4f8ab0c,0.772766
user_823846de,6,user_7d944883,0.754870
user_823846de,7,user_d4b7e22e,0.751581
user_823846de,8,user_3121653d,0.749424
user_823846de,9,user_4b139395,0.749399
user_823846de,10,user_a4a77a7d,0.748996
user_823846de,11,user_ed3091a2,0.744322
user_823846de,12,user_29cd4556,0.743206
user_823846de,13,user_0669bdf6,0.742154
user_823846de,14,user_9ee84e18,0.737927
user_823846de,15,user_d758a0a1,0.731652
user_8285a696,1,user_e802076d,0.885260
user_8285a696,2,user_c5f32c0d,0.875296
user_8285a696,3,user_c008345b,0.874717
user_8285a696,4,user_b16e0cf8,0.861664
user_8285a696,5,user_bd05225b,0.860604
user_8285a696,6,user_5c5a0b40,0.858485
user_8285a696,7,user_fba6bcd4,0.856337
user_8285a696,8,user_5881b259,0.855793
user_8285a696,9,user_88b2faba,0.855163
user_8285a696,10,user_e5a6abbe,0.855148
user_8285a696,11,user_147d1bbb,0.852986
user_8285a696,12,user_0898fc4b,0.851895
user_8285a696,13,user_e6057285,0.848249
user_8285a696,14,user_96013176,0.847132
user_8285a696,15,user_032e5bc8,0.845989
user_82879210,1,user_d036c911,0.856323
user_82879210,2,user_adab54a0,0.836230
user_82879210,3,user_b6d05d1d,0.825332
user_82879210,4,user_9dda4af9,0.816639
user_82879210,5,user_8f8346ad,0.806516
user_82879210,6,user_5d1b0daf,0.802125
user_82879210,7,user_b49274ca,0.800254
user_82879210,8,user_8fe14601,0.795381
user_82879210,9,user_c2f18cf7,0.791420
user_82879210,10,user_ca6074df,0.789935
user_82879210,11,user_4db0d490,0.782954
user_82879210,12,user_82879210,0.778645
user_82879210,13,user_f654c33b,0.776024
user_82879210,14,user_29cd4556,0.773602
user_82879210,15,user_c35d6565,0.770139
user_829844fd,1,user_0a3bcf86,0.786150
user_829844fd,2,user_8d968cfb,0.784343
user_829844fd,3,user_1ef33a43,0.778431
user_829844fd,4,user_eb0927d1,0.777608
user_829844fd,5,user_5b698646,0.775410
user_829844fd,6,user_8be3f554,0.773224
user_829844fd,7,user_b9036662,0.766320
user_829844fd,8,user_a2503734,0.766132
user_829844fd,9,user_54b19b29,0.762964
user_829844fd,10,user_c4c70447,0.753276
user_829844fd,11,user_e8d15537,0.748680
user_829844fd,12,user_b4214db6,0.747840
user_829844fd,13,user_6fbf6191,0.746704
user_829844fd,14,user_91f807b9,0.743738
user_829844fd,15,user_25b48a9a,0.741975
user_82d93459,1,user_bd05225b,0.858427
user_82d93459,2,user_fb64cb55,0.850739
user_82d93459,3,user_f27da10a,0.849193
user_82d93459,4,user_5993b36a,0.844138
user_82d93459,5,user_1b7f8c56,0.836813
user_82d93459,6,user_940c7213,0.833782
user_82d93459,7,user_95d648bc,0.833015
user_82d93459,8,user_0669bdf6,0.830131
user_82d93459,9,user_acb51eed,0.827370
user_82d93459,10,user_c5f32c0d,0.827127
user_82d93459,11,user_0cc626ee,0.825337
user_82d93459,12,user_aa2fbe83,0.823678
user_82d93459,13,user_14a2d3c6,0.823541
user_82d93459,14,user_8d22714e,0.822094
user_82d93459,15,user_737dd050,0.821817
user_83e45cc0,1,user_25652863,0.803785
user_83e45cc0,2,user_83e45cc0,0.794535
user_83e45cc0,3,user_3971c3e6,0.762405
user_83e45cc0,4,user_72b93300,0.753192
user_83e45cc0,5,user_d2c97c8e,0.749324
user_83e45cc0,6,user_4ea1ef09,0.748708
user_83e45cc0,7,user_40efa894,0.747712
user_83e45cc0,8,user_6fa47d61,0.746651
user_83e45cc0,9,user_2c2a5c24,0.738965
user_83e45cc0,10,user_372c2b3e,0.736607
user_83e45cc0,11,user_a615a6d1,0.736355
user_83e45cc0,12,user_0f0ad720,0.734091
user_83e45cc0,13,user_bf30f80d,0.732246
user_83e45cc0,14,user_74cfb8ef,0.730419
user_83e45cc0,15,user_2efde048,0.730049
user_84703a6e,1,user_d20928cc,0.773905
user_84703a6e,2,user_24668d84,0.688205
user_84703a6e,3,user_2c3eb234,0.656398
user_84703a6e,4,user_0bd8ba7c,0.635773
user_84703a6e,5,user_515ae840,0.604276
user_84703a6e,6,user_b429ec64,0.601954
user_84703a6e,7,user_829844fd,0.600405
user_84703a6e,8,user_61f90240,0.575143
user_84703a6e,9,user_f14dc486,0.573613
user_84703a6e,10,user_1e302679,0.573124
user_84703a6e,11,user_b2dd04c8,0.571966
user_84703a6e,12,user_4bf6a4a0,0.569412
user_84703a6e,13,user_ebe17c78,0.568898
user_84703a6e,14,user_b8f24804,0.567508
user_84703a6e,15,user_6fbf6191,0.566630
user_84c14a6f,1,user_15179955,0.859971
user_84c14a6f,2,user_f654c33b,0.859361
user_84c14a6f,3,user_b16e0cf8,0.854742
user_84c14a6f,4,user_adab54a0,0.850257
user_84c14a6f,5,user_2dd5b531,0.847207
user_84c14a6f,6,user_dd1d7b22,0.844530
user_84c14a6f,7,user_5881b259,0.840302
user_84c14a6f,8,user_1a2755b3,0.839531
user_84c14a6f,9,user_0eb2abf1,0.837055
user_84c14a6f,10,user_80dc757f,0.832170
user_84c14a6f,11,user_c39d41d7,0.829763
user_84c14a6f,12,user_45926b89,0.826275
user_84c14a6f,13,user_dae4304f,0.824574
user_84c14a6f,14,user_83e30c57,0.824467
user_84c14a6f,15,user_69df6330,0.824290
user_84fe1a7a,1,user_84fe1a7a,0.839646
user_84fe1a7a,2,user_bbe73426,0.752896
user_84fe1a7a,3,user_970963fd,0.727875
user_84fe1a7a,4,user_dca78fea,0.706207
user_84fe1a7a,5,user_80dc757f,0.693342
user_84fe1a7a,6,user_ee89e069,0.691496
user_84fe1a7a,7,user_2373103d,0.690824
user_84fe1a7a,8,user_fba6bcd4,0.688454
user_84fe1a7a,9,user_64d76dfd,0.687054
user_84fe1a7a,10,user_1f1dc5e0,0.687014
user_84fe1a7a,11,user_b325310b,0.682780
user_84fe1a7a,12,user_a7b901f2,0.679670
user_84fe1a7a,13,user_36d44add,0.679611
user_84fe1a7a,14,user_394c25cc,0.677970
user_84fe1a7a,15,user_bf69de98,0.676138
user_85810097,1,user_07cb458d,0.735371
user_85810097,2,user_acd6ddfb,0.725731
user_85810097,3,user_e5a6abbe,0.717277
user_85810097,4,user_cda36a95,0.707404
user_85810097,5,user_7b5f54c0,0.707295
user_85810097,6,user_147d1bbb,0.705156
user_85810097,7,user_88b2faba,0.695825
user_85810097,8,user_c35d6565,0.686879
user_85810097,9,user_dd6e7bcb,0.685217
user_85810097,10,user_b350e22b,0.682299
user_85810097,11,user_73623b4e,0.681311
user_85810097,12,user_d691d016,0.676036
user_85810097,13,user_e6dd44b0,0.675793
user_85810097,14,user_40a0bad3,0.674744
user_85810097,15,user_4db0d490,0.674299
user_8663226a,1,user_adab54a0,0.869752
user_8663226a,2,user_d036c911,0.869302
user_8663226a,3,user_8fe14601,0.864873
user_8663226a,4,user_b49274ca,0.853631
user_8663226a,5,user_f654c33b,0.852963
user_8663226a,6,user_b6d05d1d,0.850335
user_8663226a,7,user_9dda4af9,0.841019
user_8663226a,8,user_c35d6565,0.837180
user_8663226a,9,user_8663226a,0.830251
user_8663226a,10,user_29cd4556,0.827428
user_8663226a,11,user_4db0d490,0.824422
user_8663226a,12,user_15179955,0.824020
user_8663226a,13,user_d93b53bd,0.819395
user_8663226a,14,user_c39d41d7,0.813278
user_8663226a,15,user_657c72ca,0.810762
user_86685a27,1,user_ed3091a2,0.829131
user_86685a27,2,user_5ac1a174,0.815726
user_86685a27,3,user_17355c30,0.782264
user_86685a27,4,user_0e82fe11,0.763189
user_86685a27,5,user_90e5fee6,0.754094
user_86685a27,6,user_858fa00c,0.744488
user_86685a27,7,user_0cc626ee,0.742392
user_86685a27,8,user_3a55606c,0.740253
user_86685a27,9,user_d758a0a1,0.737372
user_86685a27,10,user_1bcbacb3,0.728452
user_86685a27,11,user_f827c7dd,0.727754
user_86685a27,12,user_c4b781ce,0.724999
user_86685a27,13,user_6a13946a,0.714896
user_86685a27,14,user_8d22714e,0.710392
user_86685a27,15,user_0669bdf6,0.707790
user_869fcb2b,1,user_7c8639cd,0.780791
user_869fcb2b,2,user_ded778b8,0.719204
user_869fcb2b,3,user_6fbf6191,0.706294
user_869fcb2b,4,user_fb8f46c8,0.700140
user_869fcb2b,5,user_6fc85c06,0.691480
user_869fcb2b,6,user_d96972e5,0.688631
user_869fcb2b,7,user_869fcb2b,0.688114
user_869fcb2b,8,user_25b48a9a,0.687511
user_869fcb2b,9,user_67acd9b1,0.685204
user_869fcb2b,10,user_9571d0d5,0.681120
user_869fcb2b,11,user_acb51eed,0.674415
user_869fcb2b,12,user_9ee84e18,0.671121
user_869fcb2b,13,user_529e3009,0.670456
user_869fcb2b,14,user_5c82df31,0.666876
user_869fcb2b,15,user_9a307ebe,0.663369
user_8713f22a,1,user_ba010eec,0.814086
user_8713f22a,2,user_885e8708,0.786055
user_8713f22a,3,user_8713f22a,0.715527
user_8713f22a,4,user_83585fc6,0.712446
user_8713f22a,5,user_df8dc9bb,0.709052
user_8713f22a,6,user_0d32f0ed,0.704671
user_8713f22a,7,user_c130412b,0.699648
user_8713f22a,8,user_6deada35,0.684673
user_8713f22a,9,user_36e75535,0.683701
user_8713f22a,10,user_586752e4,0.681898
user_8713f22a,11,user_25798310,0.680089
user_8713f22a,12,user_efb27a8e,0.678662
user_8713f22a,13,user_e2e59795,0.675550
user_8713f22a,14,user_7b5f54c0,0.674971
user_8713f22a,15,user_4bd9303b,0.674260
user_87e5d9b0,1,user_87e5d9b0,0.819504
user_87e5d9b0,2,user_8e5e899b,0.800114
user_87e5d9b0,3,user_2c39731d,0.735119
user_87e5d9b0,4,user_233fda02,0.734380
user_87e5d9b0,5,user_dc20c886,0.709649
user_87e5d9b0,6,user_a5d9fab6,0.702638
user_87e5d9b0,7,user_d7fde080,0.701911
user_87e5d9b0,8,user_ff39b6cf,0.690212
user_87e5d9b0,9,user_3b90fb53,0.689352
user_87e5d9b0,10,user_5ac1a174,0.687396
user_87e5d9b0,11,user_22b484cb,0.680133
user_87e5d9b0,12,user_87bbc3b5,0.664195
user_87e5d9b0,13,user_a7f8db34,0.658329
user_87e5d9b0,14,user_4144252d,0.655323
user_87e5d9b0,15,user_78eff25f,0.650981
user_885e8708,1,user_4d4f73a6,0.722897
user_885e8708,2,user_f54058d0,0.677368
user_885e8708,3,user_a6a094cf,0.665411
user_885e8708,4,user_f827c7dd,0.659287
user_885e8708,5,user_17355c30,0.644276
user_885e8708,6,user_86685a27,0.629076
user_885e8708,7,user_6a0b0e92,0.624670
user_885e8708,8,user_78eff25f,0.621623
user_885e8708,9,user_a04b2a78,0.618424
user_885e8708,10,user_91db6e48,0.601770
user_885e8708,11,user_eafc973e,0.590628
user_885e8708,12,user_52f895f1,0.586901
user_885e8708,13,user_c4b781ce,0.581624
user_885e8708,14,user_ed3091a2,0.577772
user_885e8708,15,user_f5c4370b,0.574267
user_88f46c7b,1,user_03969305,0.847914
user_88f46c7b,2,user_9571d0d5,0.835705
user_88f46c7b,3,user_2dd5b531,0.829451
user_88f46c7b,4,user_f930e37f,0.823002
user_88f46c7b,5,user_0a245f61,0.816691
user_88f46c7b,6,user_f4f9490d,0.804855
user_88f46c7b,7,user_e59c000f,0.802071
user_88f46c7b,8,user_1df51301,0.799836
user_88f46c7b,9,user_41d0c897,0.799091
user_88f46c7b,10,user_586752e4,0.798289
user_88f46c7b,11,user_94f185bc,0.794814
user_88f46c7b,12,user_eae91488,0.794277
user_88f46c7b,13,user_89e04335,0.786731
user_88f46c7b,14,user_b4214db6,0.786047
user_88f46c7b,15,user_cf393213,0.782687
user_89f449b4,1,user_3b79395c,0.769600
user_89f449b4,2,user_9a5457b0,0.754278
user_89f449b4,3,user_67acd9b1,0.747487
user_89f449b4,4,user_cdd86523,0.747021
user_89f449b4,5,user_e8e9acac,0.740807
user_89f449b4,6,user_f4f9490d,0.740022
user_89f449b4,7,user_259776c7,0.732616
user_89f449b4,8,user_c50a487d,0.728244
user_89f449b4,9,user_3e284ba5,0.727333
user_89f449b4,10,user_cf393213,0.721598
user_89f449b4,11,user_94cad3a5,0.718664
user_89f449b4,12,user_cbabbcee,0.717786
user_89f449b4,13,user_1a7d6cd5,0.717002
user_89f449b4,14,user_25b48a9a,0.716208
user_89f449b4,15,user_07ec3726,0.715502
user_8a760553,1,user_0eb2abf1,0.868795
user_8a760553,2,user_d036c911,0.835375
user_8a760553,3,user_b6d05d1d,0.786705
user_8a760553,4,user_41d0c897,0.767193
user_8a760553,5,user_8fe14601,0.764301
user_8a760553,6,user_39939c54,0.747115
user_8a760553,7,user_dd1d7b22,0.744538
user_8a760553,8,user_c2f18cf7,0.743297
user_8a760553,9,user_56e6d0cd,0.743195
user_8a760553,10,user_b49274ca,0.738127
user_8a760553,11,user_29cd4556,0.737853
user_8a760553,12,user_54b19b29,0.737752
user_8a760553,13,user_2dd5b531,0.732112
user_8a760553,14,user_adab54a0,0.731669
user_8a760553,15,user_4db0d490,0.727280
user_8ae8c359,1,user_43049634,0.790927
user_8ae8c359,2,user_04f39d22,0.771893
user_8ae8c359,3,user_ed1aaed8,0.765580
user_8ae8c359,4,user_e6dd44b0,0.761839
user_8ae8c359,5,user_8ae8c359,0.751638
user_8ae8c359,6,user_f54058d0,0.748414
user_8ae8c359,7,user_98f18241,0.745400
user_8ae8c359,8,user_364bb955,0.745163
user_8ae8c359,9,user_25b48a9a,0.744826
user_8ae8c359,10,user_95d648bc,0.744421
user_8ae8c359,11,user_5c9b579a,0.744200
user_8ae8c359,12,user_7de6f343,0.743476
user_8ae8c359,13,user_b1a5a37e,0.743273
user_8ae8c359,14,user_f930e37f,0.739908
user_8ae8c359,15,user_67acd9b1,0.739801
user_8afa3eba,1,user_33f2a818,0.690661
user_8afa3eba,2,user_c1aa2063,0.675415
user_8afa3eba,3,user_829844fd,0.667546
user_8afa3eba,4,user_7cb1ae65,0.635612
user_8afa3eba,5,user_b1c16312,0.599468
user_8afa3eba,6,user_79a1811b,0.574950
user_8afa3eba,7,user_9f6180c4,0.569683
user_8afa3eba,8,user_b45d0d20,0.569642
user_8afa3eba,9,user_7d6962d9,0.553974
user_8afa3eba,10,user_24668d84,0.553046
user_8afa3eba,11,user_d20928cc,0.548993
user_8afa3eba,12,user_3ce4c1f8,0.541885
user_8afa3eba,13,user_b2dd04c8,0.534851
user_8afa3eba,14,user_6d2cb415,0.527895
user_8afa3eba,15,user_515ae840,0.525509
user_8c6db6ed,1,user_903329bb,0.718986
user_8c6db6ed,2,user_22b484cb,0.694225
user_8c6db6ed,3,user_59e8bc2a,0.671758
user_8c6db6ed,4,user_1bcbacb3,0.661726
user_8c6db6ed,5,user_00723699,0.646171
user_8c6db6ed,6,user_5d7cbf11,0.644775
user_8c6db6ed,7,user_835666af,0.640548
user_8c6db6ed,8,user_d7fde080,0.632538
user_8c6db6ed,9,user_6a98b381,0.632130
user_8c6db6ed,10,user_2c39731d,0.623660
user_8c6db6ed,11,user_ff39b6cf,0.615286
user_8c6db6ed,12,user_8e5e899b,0.613160
user_8c6db6ed,13,user_d0a0f883,0.611783
user_8c6db6ed,14,user_5b7d5e00,0.610459
user_8c6db6ed,15,user_78eff25f,0.598444
user_8d22714e,1,user_8d22714e,0.799727
user_8d22714e,2,user_91f807b9,0.783299
user_8d22714e,3,user_394c25cc,0.750599
user_8d22714e,4,user_d955d7e2,0.749908
user_8d22714e,5,user_0a3bcf86,0.749574
user_8d22714e,6,user_b350e22b,0.743778
user_8d22714e,7,user_0521a7ac,0.742343
user_8d22714e,8,user_e6057285,0.741921
user_8d22714e,9,user_886f7373,0.741142
user_8d22714e,10,user_a151ddab,0.733952
user_8d22714e,11,user_869fcb2b,0.731701
user_8d22714e,12,user_5c5a0b40,0.727463
user_8d22714e,13,user_723406a0,0.721589
user_8d22714e,14,user_e802076d,0.720541
user_8d22714e,15,user_c5f32c0d,0.718925
user_8d85acb5,1,user_8d85acb5,0.649244
user_8d85acb5,2,user_ebe17c78,0.529252
user_8d85acb5,3,user_1e302679,0.485152
user_8d85acb5,4,user_32934d38,0.479447
user_8d85acb5,5,user_8a3bbeb2,0.470280
user_8d85acb5,6,user_c8f82360,0.454017
user_8d85acb5,7,user_89f449b4,0.425065
user_8d85acb5,8,user_2b03934e,0.424506
user_8d85acb5,9,user_1b460965,0.423637
user_8d85acb5,10,user_2b750e1c,0.421734
user_8d85acb5,11,user_2c3eb234,0.421019
user_8d85acb5,12,user_51779823,0.419652
user_8d85acb5,13,user_11e8421f,0.417167
user_8d85acb5,14,user_83b871b5,0.415618
user_8d85acb5,15,user_9c5cd7fa,0.410605
user_8d968cfb,1,user_e6057285,0.898741
user_8d968cfb,2,user_b16e0cf8,0.887176
user_8d968cfb,3,user_5881b259,0.885916
user_8d968cfb,4,user_e59c000f,0.874910
user_8d968cfb,5,user_5c5a0b40,0.872166
user_8d968cfb,6,user_dc32d458,0.864608
user_8d968cfb,7,user_54c1ebee,0.863073
user_8d968cfb,8,user_ef954c6e,0.859282
user_8d968cfb,9,user_96013176,0.857092
user_8d968cfb,10,user_c5f32c0d,0.855481
user_8d968cfb,11,user_03969305,0.853824
user_8d968cfb,12,user_586752e4,0.851224
user_8d968cfb,13,user_e802076d,0.850568
user_8d968cfb,14,user_f654c33b,0.849660
user_8d968cfb,15,user_a4a77a7d,0.849423
user_8da30894,1,user_fb64cb55,0.828866
user_8da30894,2,user_aa4cc34a,0.826847
user_8da30894,3,user_5d7cbf11,0.782614
user_8da30894,4,user_903329bb,0.774193
user_8da30894,5,user_835666af,0.773662
user_8da30894,6,user_acb51eed,0.765902
user_8da30894,7,user_737dd050,0.742318
user_8da30894,8,user_d10d1f24,0.739914
user_8da30894,9,user_f75c71f0,0.737943
user_8da30894,10,user_6c2d672f,0.735384
user_8da30894,11,user_1b7f8c56,0.735328
user_8da30894,12,user_6011e674,0.732688
user_8da30894,13,user_5993b36a,0.727778
user_8da30894,14,user_fe67197f,0.726294
user_8da30894,15,user_33c6501d,0.723752
user_8dd20d7f,1,user_8dd20d7f,0.737082
user_8dd20d7f,2,user_f930e37f,0.669986
user_8dd20d7f,3,user_ebddf9c1,0.653344
user_8dd20d7f,4,user_efb27a8e,0.653086
user_8dd20d7f,5,user_a75b16f2,0.648724
user_8dd20d7f,6,user_e6057285,0.648320
user_8dd20d7f,7,user_c994138f,0.646613
user_8dd20d7f,8,user_d2bd9832,0.644440
user_8dd20d7f,9,user_cf393213,0.643200
user_8dd20d7f,10,user_a7c6197a,0.642982
user_8dd20d7f,11,user_1246b252,0.642898
user_8dd20d7f,12,user_3b79395c,0.642294
user_8dd20d7f,13,user_25798310,0.641965
user_8dd20d7f,14,user_a6c2e760,0.641477
user_8dd20d7f,15,user_a3a4a20a,0.640891
user_8e48a3f8,1,user_166a3647,0.808981
user_8e48a3f8,2,user_8e48a3f8,0.788802
user_8e48a3f8,3,user_364bb955,0.784685
user_8e48a3f8,4,user_3b1da5d9,0.781893
user_8e48a3f8,5,user_476670f9,0.777983
user_8e48a3f8,6,user_da51dede,0.766511
user_8e48a3f8,7,user_fcf93ee8,0.766506
user_8e48a3f8,8,user_b0129d9e,0.764910
user_8e48a3f8,9,user_ae306850,0.763622
user_8e48a3f8,10,user_81a80789,0.762061
user_8e48a3f8,11,user_5c9b579a,0.761027
user_8e48a3f8,12,user_74cfb8ef,0.760454
user_8e48a3f8,13,user_02fecea2,0.755966
user_8e48a3f8,14,user_1a7d6cd5,0.755442
user_8e48a3f8,15,user_500badda,0.751948
user_8e97a154,1,user_885e8708,0.870335
user_8e97a154,2,user_107259c3,0.827156
user_8e97a154,3,user_df8dc9bb,0.819065
user_8e97a154,4,user_586752e4,0.812056
user_8e97a154,5,user_8e97a154,0.807780
user_8e97a154,6,user_ea67f9c6,0.799604
user_8e97a154,7,user_25798310,0.799175
user_8e97a154,8,user_166a3647,0.798458
user_8e97a154,9,user_147d1bbb,0.797625
user_8e97a154,10,user_0d32f0ed,0.796061
user_8e97a154,11,user_7a8f7f3e,0.791408
user_8e97a154,12,user_5c9b579a,0.791093
user_8e97a154,13,user_8713f22a,0.788905
user_8e97a154,14,user_1a7d6cd5,0.788848
user_8e97a154,15,user_737dd050,0.788759
user_8eac0a68,1,user_e5f67397,0.732033
user_8eac0a68,2,user_e9d1886c,0.710105
user_8eac0a68,3,user_0e408c4a,0.697176
user_8eac0a68,4,user_ba085464,0.674813
user_8eac0a68,5,user_1f09455f,0.663969
user_8eac0a68,6,user_6476648d,0.662419
user_8eac0a68,7,user_93cdb7a1,0.660181
user_8eac0a68,8,user_acb899e9,0.657807
user_8eac0a68,9,user_d9b8914f,0.654558
user_8eac0a68,10,user_e2e59795,0.651929
user_8eac0a68,11,user_8eac0a68,0.651800
user_8eac0a68,12,user_70bbda36,0.651235
user_8eac0a68,13,user_567057e7,0.647534
user_8eac0a68,14,user_40efa894,0.644209
user_8eac0a68,15,user_76638121,0.643112
user_8f08aa94,1,user_b1a5a37e,0.716825
user_8f08aa94,2,user_c34e791e,0.695775
user_8f08aa94,3,user_b6350ec1,0.674756
user_8f08aa94,4,user_03969305,0.670844
user_8f08aa94,5,user_e6dd44b0,0.668530
user_8f08aa94,6,user_ded778b8,0.666300
user_8f08aa94,7,user_a3a4a20a,0.660594
user_8f08aa94,8,user_9a307ebe,0.659694
user_8f08aa94,9,user_67acd9b1,0.659371
user_8f08aa94,10,user_f7538815,0.658705
user_8f08aa94,11,user_25b48a9a,0.656508
user_8f08aa94,12,user_70bbda36,0.656130
user_8f08aa94,13,user_2cb4b018,0.654916
user_8f08aa94,14,user_aa2fbe83,0.654329
user_8f08aa94,15,user_02fecea2,0.653482
user_8fe14601,1,user_fba6bcd4,0.855637
user_8fe14601,2,user_43a979d2,0.849978
user_8fe14601,3,user_b6350ec1,0.826290
user_8fe14601,4,user_17607ebc,0.823920
user_8fe14601,5,user_bd19a016,0.819481
user_8fe14601,6,user_c39d41d7,0.818413
user_8fe14601,7,user_73f34c5d,0.818277
user_8fe14601,8,user_df3c19a7,0.811134
user_8fe14601,9,user_03969305,0.809459
user_8fe14601,10,user_b16e0cf8,0.808433
user_8fe14601,11,user_dc32d458,0.803240
user_8fe14601,12,user_dbc4828c,0.802621
user_8fe14601,13,user_7aa3746b,0.799365
user_8fe14601,14,user_1a2755b3,0.797774
user_8fe14601,15,user_a00e0552,0.794093
user_90202189,1,user_26565155,0.773576
user_90202189,2,user_515ae840,0.759199
user_90202189,3,user_d20928cc,0.748911
user_90202189,4,user_f14dc486,0.715142
user_90202189,5,user_0bd8ba7c,0.714076
user_90202189,6,user_9ce96cbf,0.702533
user_90202189,7,user_8c0c7619,0.694221
user_90202189,8,user_66a7ce5a,0.689190
user_90202189,9,user_4bf6a4a0,0.678142
user_90202189,10,user_2b03934e,0.671826
user_90202189,11,user_75251485,0.660469
user_90202189,12,user_2c3eb234,0.657166
user_90202189,13,user_b429ec64,0.656991
user_90202189,14,user_d14b7d7b,0.655728
user_90202189,15,user_63b4ae7a,0.647565
user_902af20f,1,user_1a4bec69,0.918001
user_902af20f,2,user_a52dd639,0.879761
user_902af20f,3,user_4ea1ef09,0.825451
user_902af20f,4,user_08c32973,0.822839
user_902af20f,5,user_7de6f343,0.804925
user_902af20f,6,user_e409a56d,0.804860
user_902af20f,7,user_902af20f,0.800343
user_902af20f,8,user_2c2a5c24,0.794417
user_902af20f,9,user_3ff3188b,0.788310
user_902af20f,10,user_2efde048,0.787701
user_902af20f,11,user_421ae417,0.785388
user_902af20f,12,user_58bfeaad,0.780213
user_902af20f,13,user_04f39d22,0.777782
user_902af20f,14,user_40efa894,0.774614
user_902af20f,15,user_25652863,0.770615
user_903329bb,1,user_903329bb,0.856660
user_903329bb,2,user_fb64cb55,0.840303
user_903329bb,3,user_4144252d,0.829300
user_903329bb,4,user_8e5e899b,0.824498
user_903329bb,5,user_858fa00c,0.823915
user_903329bb,6,user_bd05225b,0.821844
user_903329bb,7,user_8e97a154,0.819326
user_903329bb,8,user_a4a77a7d,0.819009
user_903329bb,9,user_835666af,0.814721
user_903329bb,10,user_737dd050,0.812012
user_903329bb,11,user_0669bdf6,0.811332
user_903329bb,12,user_0cc626ee,0.810413
user_903329bb,13,user_165a2706,0.808590
user_903329bb,14,user_5ac1a174,0.808143
user_903329bb,15,user_e8cdb142,0.805630
user_906e2423,1,user_906e2423,0.790842
user_906e2423,2,user_433bdef0,0.766924
user_906e2423,3,user_756e2f00,0.707338
user_906e2423,4,user_2b03934e,0.702642
user_906e2423,5,user_515ae840,0.693917
user_906e2423,6,user_9ce96cbf,0.692755
user_906e2423,7,user_b2dd04c8,0.690989
user_906e2423,8,user_0f006eec,0.689950
user_906e2423,9,user_b7f60e64,0.689150
user_906e2423,10,user_8a669dcd,0.684784
user_906e2423,11,user_3f2fbc90,0.680678
user_906e2423,12,user_058c1800,0.677865
user_906e2423,13,user_a8dc91a3,0.674966
user_906e2423,14,user_6d2cb415,0.674811
user_906e2423,15,user_75251485,0.673474
user_916503d6,1,user_d3663143,0.875796
user_916503d6,2,user_f8e2246f,0.842161
user_916503d6,3,user_b325310b,0.825524
user_916503d6,4,user_b6b89f00,0.811520
user_916503d6,5,user_aa2fbe83,0.809893
user_916503d6,6,user_1b7f8c56,0.805899
user_916503d6,7,user_2d74cd4c,0.802612
user_916503d6,8,user_afff552a,0.801279
user_916503d6,9,user_9e39a95d,0.784906
user_916503d6,10,user_940c7213,0.783871
user_916503d6,11,user_c008345b,0.780398
user_916503d6,12,user_0a0bcaa6,0.776115
user_916503d6,13,user_95d648bc,0.770729
user_916503d6,14,user_8fbb6d9c,0.764723
user_916503d6,15,user_fba6bcd4,0.764281
user_920c074a,1,user_70bbda36,0.856005
user_920c074a,2,user_6deada35,0.818964
user_920c074a,3,user_3971c3e6,0.814891
user_920c074a,4,user_54c1ebee,0.814560
user_920c074a,5,user_02016939,0.813657
user_920c074a,6,user_ed1aaed8,0.813407
user_920c074a,7,user_e6dd44b0,0.811939
user_920c074a,8,user_b4f295b3,0.811352
user_920c074a,9,user_da51dede,0.811116
user_920c074a,10,user_2f4cc646,0.808491
user_920c074a,11,user_0ff0b922,0.804914
user_920c074a,12,user_7b5f54c0,0.802661
user_920c074a,13,user_e696f3ae,0.802013
user_920c074a,14,user_586752e4,0.801365
user_920c074a,15,user_02fecea2,0.796644
user_938164a5,1,user_8f8346ad,0.756964
user_938164a5,2,user_884ffdb2,0.756613
user_938164a5,3,user_ec574395,0.748754
user_938164a5,4,user_0b5c256a,0.744190
user_938164a5,5,user_91f807b9,0.741898
user_938164a5,6,user_b2dd04c8,0.741405
user_938164a5,7,user_75251485,0.741225
user_938164a5,8,user_9ce96cbf,0.740917
user_938164a5,9,user_74d27419,0.740241
user_938164a5,10,user_f43d6008,0.735783
user_938164a5,11,user_a2503734,0.734466
user_938164a5,12,user_5d1b0daf,0.733668
user_938164a5,13,user_829844fd,0.733231
user_938164a5,14,user_29cd4556,0.731574
user_938164a5,15,user_8be3f554,0.730470
user_943e4045,1,user_3353b96b,0.795742
user_943e4045,2,user_107259c3,0.767716
user_943e4045,3,user_ea67f9c6,0.747980
user_943e4045,4,user_9c88ee3d,0.742086
user_943e4045,5,user_1246b252,0.733526
user_943e4045,6,user_3b79395c,0.729685
user_943e4045,7,user_b4f295b3,0.726471
user_943e4045,8,user_7f623d19,0.726201
user_943e4045,9,user_76638121,0.715031
user_943e4045,10,user_1a7d6cd5,0.713950
user_943e4045,11,user_7c7220a4,0.710666
user_943e4045,12,user_0128a546,0.709723
user_943e4045,13,user_94cad3a5,0.706027
user_943e4045,14,user_17054ec7,0.701567
user_943e4045,15,user_b63ea1d4,0.695640
user_954805d7,1,user_c39d41d7,0.900556
user_954805d7,2,user_43a979d2,0.872250
user_954805d7,3,user_dbc4828c,0.865822
user_954805d7,4,user_5881b259,0.863322
user_954805d7,5,user_954805d7,0.862809
user_954805d7,6,user_17607ebc,0.858547
user_954805d7,7,user_b6350ec1,0.858038
user_954805d7,8,user_b16e0cf8,0.856176
user_954805d7,9,user_fba6bcd4,0.853106
user_954805d7,10,user_df3c19a7,0.852366
user_954805d7,11,user_636ad58f,0.851437
user_954805d7,12,user_68d19df8,0.845823
user_954805d7,13,user_723406a0,0.844272
user_954805d7,14,user_f654c33b,0.837175
user_954805d7,15,user_84e93af7,0.836789
user_959adfc8,1,user_394c25cc,0.758894
user_959adfc8,2,user_886f7373,0.754207
user_959adfc8,3,user_e802076d,0.752829
user_959adfc8,4,user_0521a7ac,0.742911
user_959adfc8,5,user_89e04335,0.726686
user_959adfc8,6,user_b350e22b,0.722268
user_959adfc8,7,user_a7c6197a,0.720555
user_959adfc8,8,user_38dc2894,0.716938
user_959adfc8,9,user_8dd20d7f,0.715220
user_959adfc8,10,user_959adfc8,0.710998
user_959adfc8,11,user_a151ddab,0.710689
user_959adfc8,12,user_7fd91653,0.707142
user_959adfc8,13,user_df8dc9bb,0.705649
user_959adfc8,14,user_869fcb2b,0.703636
user_959adfc8,15,user_96d9cb9a,0.703366
user_95d648bc,1,user_f14dc486,0.801283
user_95d648bc,2,user_9c5cd7fa,0.738267
user_95d648bc,3,user_26565155,0.724974
user_95d648bc,4,user_2f766c23,0.721591
user_95d648bc,5,user_daf53db6,0.702860
user_95d648bc,6,user_d20928cc,0.682202
user_95d648bc,7,user_795eb408,0.677268
user_95d648bc,8,user_bbb0205e,0.668780
user_95d648bc,9,user_65d73ac1,0.667435
user_95d648bc,10,user_c32db875,0.666412
user_95d648bc,11,user_b2dd04c8,0.649937
user_95d648bc,12,user_ba4f42bb,0.648323
user_95d648bc,13,user_4bf6a4a0,0.647241
user_95d648bc,14,user_0bd8ba7c,0.645803
user_95d648bc,15,user_66a7ce5a,0.644013
user_9600e8bf,1,user_55058479,0.842417
user_9600e8bf,2,user_9bee2a7c,0.827978
user_9600e8bf,3,user_2e05a7a0,0.817001
user_9600e8bf,4,user_74d27419,0.790278
user_9600e8bf,5,user_6fbf6191,0.788001
user_9600e8bf,6,user_91f807b9,0.780723
user_9600e8bf,7,user_b9036662,0.771102
user_9600e8bf,8,user_259776c7,0.767749
user_9600e8bf,9,user_906e2423,0.766511
user_9600e8bf,10,user_ab86ab82,0.755079
user_9600e8bf,11,user_07ec3726,0.754962
user_9600e8bf,12,user_2eb5d860,0.752191
user_9600e8bf,13,user_b2dd04c8,0.748224
user_9600e8bf,14,user_8f39f021,0.745271
user_9600e8bf,15,user_030cf51a,0.743972
user_96013176,1,user_cdd86523,0.790659
user_96013176,2,user_6fc85c06,0.770248
user_96013176,3,user_259776c7,0.754797
user_96013176,4,user_cf393213,0.743607
user_96013176,5,user_9571d0d5,0.733991
user_96013176,6,user_88b2faba,0.724919
user_96013176,7,user_c4c70447,0.717366
user_96013176,8,user_f4f9490d,0.713203
user_96013176,9,user_a57e47b1,0.712235
user_96013176,10,user_f60a09b3,0.710022
user_96013176,11,user_0cc626ee,0.708966
user_96013176,12,user_4c8199a7,0.708963
user_96013176,13,user_147d1bbb,0.708064
user_96013176,14,user_6ab8f7d4,0.707156
user_96013176,15,user_9a307ebe,0.705900
user_9692f077,1,user_fdc08e26,0.834695
user_9692f077,2,user_e6057285,0.832076
user_9692f077,3,user_a743aff9,0.830001
user_9692f077,4,user_2c69b83e,0.815435
user_9692f077,5,user_5881b259,0.814695
user_9692f077,6,user_1b7f8c56,0.814071
user_9692f077,7,user_0a245f61,0.811302
user_9692f077,8,user_fdcaaf41,0.809631
user_9692f077,9,user_9d786aa8,0.807491
user_9692f077,10,user_03969305,0.806826
user_9692f077,11,user_69df6330,0.805413
user_9692f077,12,user_c5f32c0d,0.805198
user_9692f077,13,user_7924afc9,0.804883
user_9692f077,14,user_eb0927d1,0.802891
user_9692f077,15,user_723406a0,0.802813
user_96c3cc43,1,user_79f04645,0.920789
user_96c3cc43,2,user_d70942c1,0.872703
user_96c3cc43,3,user_8fe14601,0.869141
user_96c3cc43,4,user_29cd4556,0.853218
user_96c3cc43,5,user_6bf0e007,0.839693
user_96c3cc43,6,user_ec574395,0.831783
user_96c3cc43,7,user_5349c6cf,0.829448
user_96c3cc43,8,user_fde2d265,0.824521
user_96c3cc43,9,user_43a979d2,0.821646
user_96c3cc43,10,user_954805d7,0.821525
user_96c3cc43,11,user_03969305,0.818158
user_96c3cc43,12,user_94f185bc,0.817568
user_96c3cc43,13,user_17607ebc,0.807117
user_96c3cc43,14,user_d93b53bd,0.799541
user_96c3cc43,15,user_9d65649f,0.796641
user_96d9cb9a,1,user_96d9cb9a,0.827451
user_96d9cb9a,2,user_89e04335,0.801443
user_96d9cb9a,3,user_a743aff9,0.790957
user_96d9cb9a,4,user_e59c000f,0.789058
user_96d9cb9a,5,user_ef954c6e,0.786677
user_96d9cb9a,6,user_6fc85c06,0.785932
user_96d9cb9a,7,user_7924afc9,0.784960
user_96d9cb9a,8,user_2dd5b531,0.784040
user_96d9cb9a,9,user_38dc2894,0.783927
user_96d9cb9a,10,user_94f185bc,0.783489
user_96d9cb9a,11,user_c06d9b71,0.782516
user_96d9cb9a,12,user_cf393213,0.769494
user_96d9cb9a,13,user_6bf0e007,0.766775
user_96d9cb9a,14,user_40a0bad3,0.766608
user_96d9cb9a,15,user_e1730a9c,0.764019
user_97330742,1,user_e14b88a8,0.735245
user_97330742,2,user_7b4c75ab,0.686788
user_97330742,3,user_92fe4471,0.656576
user_97330742,4,user_f5fea76f,0.655543
user_97330742,5,user_eda37c14,0.602882
user_97330742,6,user_979ee068,0.601287
user_97330742,7,user_22adb798,0.553092
user_97330742,8,user_737d3148,0.552442
user_97330742,9,user_414a6eaf,0.529458
user_97330742,10,user_98a676ce,0.504200
user_97330742,11,user_38f4dfac,0.502356
user_97330742,12,user_9fc3c829,0.500005
user_97330742,13,user_d5b21e00,0.497991
user_97330742,14,user_f3a9f844,0.497771
user_97330742,15,user_6a0b0e92,0.496307
user_979ee068,1,user_e59c000f,0.910569
user_979ee068,2,user_83afc7b2,0.888867
user_979ee068,3,user_03969305,0.883941
user_979ee068,4,user_e6057285,0.865583
user_979ee068,5,user_88b2faba,0.863862
user_979ee068,6,user_96013176,0.863168
user_979ee068,7,user_a4a77a7d,0.861830
user_979ee068,8,user_9a307ebe,0.861123
user_979ee068,9,user_bd05225b,0.859547
user_979ee068,10,user_586752e4,0.857115
user_979ee068,11,user_38433566,0.856968
user_979ee068,12,user_c5f32c0d,0.856572
user_979ee068,13,user_e5a6abbe,0.855502
user_979ee068,14,user_b16e0cf8,0.855462
user_979ee068,15,user_54c1ebee,0.854134
user_9818dcae,1,user_fdc08e26,0.809225
user_9818dcae,2,user_16ac4154,0.772892
user_9818dcae,3,user_7f56f9a5,0.761230
user_9818dcae,4,user_e696f3ae,0.757978
user_9818dcae,5,user_fdcaaf41,0.745057
user_9818dcae,6,user_1b7f8c56,0.741735
user_9818dcae,7,user_89e04335,0.741697
user_9818dcae,8,user_41d0c897,0.741242
user_9818dcae,9,user_f930e37f,0.738317
user_9818dcae,10,user_7c7220a4,0.737749
user_9818dcae,11,user_9571d0d5,0.737631
user_9818dcae,12,user_94cad3a5,0.735791
user_9818dcae,13,user_2dd5b531,0.735710
user_9818dcae,14,user_5a6f92a6,0.735547
user_9818dcae,15,user_45926b89,0.734661
user_98a676ce,1,user_6a13946a,0.755548
user_98a676ce,2,user_f4f9490d,0.731560
user_98a676ce,3,user_3049510b,0.709915
user_98a676ce,4,user_ff39b6cf,0.709295
user_98a676ce,5,user_87e5d9b0,0.698250
user_98a676ce,6,user_4144252d,0.690965
user_98a676ce,7,user_5ac1a174,0.687235
user_98a676ce,8,user_89e04335,0.686777
user_98a676ce,9,user_94cad3a5,0.683853
user_98a676ce,10,user_7c7220a4,0.683532
user_98a676ce,11,user_7f56f9a5,0.674854
user_98a676ce,12,user_f75c71f0,0.671131
user_98a676ce,13,user_14a2d3c6,0.662678
user_98a676ce,14,user_8e5e899b,0.660915
user_98a676ce,15,user_5a6f92a6,0.660373
user_98ca16a6,1,user_02d03e8a,0.873160
user_98ca16a6,2,user_96013176,0.869356
user_98ca16a6,3,user_e802076d,0.861272
user_98ca16a6,4,user_03969305,0.845145
user_98ca16a6,5,user_7aa3746b,0.844332
user_98ca16a6,6,user_e59c000f,0.842087
user_98ca16a6,7,user_40a0bad3,0.841386
user_98ca16a6,8,user_394c25cc,0.838361
user_98ca16a6,9,user_147d1bbb,0.835693
user_98ca16a6,10,user_5c5a0b40,0.835410
user_98ca16a6,11,user_dc32d458,0.833845
user_98ca16a6,12,user_e5a6abbe,0.833438
user_98ca16a6,13,user_5881b259,0.831505
user_98ca16a6,14,user_b16e0cf8,0.829380
user_98ca16a6,15,user_88b2faba,0.828851
user_98f18241,1,user_f7fd2885,0.657855
user_98f18241,2,user_502a8cea,0.650150
user_98f18241,3,user_53b85563,0.630403
user_98f18241,4,user_85c97ea1,0.628672
user_98f18241,5,user_567057e7,0.621181
user_98f18241,6,user_58bfeaad,0.608121
user_98f18241,7,user_192a215d,0.594054
user_98f18241,8,user_64cd3098,0.590877
user_98f18241,9,user_19622b77,0.588581
user_98f18241,10,user_ba8b1c05,0.588567
user_98f18241,11,user_acd6ddfb,0.588537
user_98f18241,12,user_ab439a92,0.587407
user_98f18241,13,user_98f18241,0.581746
user_98f18241,14,user_67fa915e,0.574867
user_98f18241,15,user_74cfb8ef,0.572483
user_9991e1d8,1,user_b8f24804,0.763329
user_9991e1d8,2,user_c8f82360,0.750724
user_9991e1d8,3,user_2e05a7a0,0.747189
user_9991e1d8,4,user_0f006eec,0.732813
user_9991e1d8,5,user_2c3eb234,0.730500
user_9991e1d8,6,user_07ec3726,0.720085
user_9991e1d8,7,user_32934d38,0.716248
user_9991e1d8,8,user_98ca16a6,0.715113
user_9991e1d8,9,user_74d27419,0.711064
user_9991e1d8,10,user_ab86ab82,0.705601
user_9991e1d8,11,user_9bee2a7c,0.697867
user_9991e1d8,12,user_d14b7d7b,0.695923
user_9991e1d8,13,user_8c0c7619,0.690148
user_9991e1d8,14,user_b429ec64,0.688583
user_9991e1d8,15,user_5159d3a1,0.686989
user_99c67f2f,1,user_99c67f2f,0.853103
user_99c67f2f,2,user_2d74cd4c,0.762244
user_99c67f2f,3,user_6bb64984,0.756234
user_99c67f2f,4,user_08aa624b,0.736261
user_99c67f2f,5,user_6011e674,0.734721
user_99c67f2f,6,user_8fbb6d9c,0.727531
user_99c67f2f,7,user_b325310b,0.721463
user_99c67f2f,8,user_71b9b8e0,0.701964
user_99c67f2f,9,user_649f4327,0.696971
user_99c67f2f,10,user_f8e2246f,0.695750
user_99c67f2f,11,user_417702c5,0.685875
user_99c67f2f,12,user_b6b89f00,0.684194
user_99c67f2f,13,user_daf53db6,0.675682
user_99c67f2f,14,user_194b92fc,0.674986
user_99c67f2f,15,user_9c5cd7fa,0.664178
user_9a307ebe,1,user_9a307ebe,0.877418
user_9a307ebe,2,user_03969305,0.816379
user_9a307ebe,3,user_2dd5b531,0.811427
user_9a307ebe,4,user_b16e0cf8,0.810110
user_9a307ebe,5,user_a4a77a7d,0.804098
user_9a307ebe,6,user_e59c000f,0.801555
user_9a307ebe,7,user_02016939,0.799874
user_9a307ebe,8,user_aa2fbe83,0.797244
user_9a307ebe,9,user_dae4304f,0.796790
user_9a307ebe,10,user_b23aa915,0.794910
user_9a307ebe,11,user_83afc7b2,0.792175
user_9a307ebe,12,user_adab54a0,0.790500
user_9a307ebe,13,user_ef954c6e,0.789110
user_9a307ebe,14,user_cf393213,0.787274
user_9a307ebe,15,user_dd1d7b22,0.786372
user_9a5457b0,1,user_c5f32c0d,0.884281
user_9a5457b0,2,user_5526cbfd,0.876639
user_9a5457b0,3,user_df8dc9bb,0.859555
user_9a5457b0,4,user_147d1bbb,0.858406
user_9a5457b0,5,user_03969305,0.857945
user_9a5457b0,6,user_e59c000f,0.851210
user_9a5457b0,7,user_88b2faba,0.850141
user_9a5457b0,8,user_8d22714e,0.846962
user_9a5457b0,9,user_bd05225b,0.846498
user_9a5457b0,10,user_6fc85c06,0.842300
user_9a5457b0,11,user_54c1ebee,0.838932
user_9a5457b0,12,user_b4d7e69a,0.837850
user_9a5457b0,13,user_9571d0d5,0.837315
user_9a5457b0,14,user_25798310,0.836421
user_9a5457b0,15,user_e5a6abbe,0.836236
user_9b517815,1,user_f827c7dd,0.731367
user_9b517815,2,user_6a0b0e92,0.721452
user_9b517815,3,user_858fa00c,0.720351
user_9b517815,4,user_226be32f,0.696513
user_9b517815,5,user_0cc626ee,0.693077
user_9b517815,6,user_e8cdb142,0.692977
user_9b517815,7,user_835666af,0.687096
user_9b517815,8,user_bd05225b,0.684403
user_9b517815,9,user_032e5bc8,0.683976
user_9b517815,10,user_88f46c7b,0.674906
user_9b517815,11,user_5a6c91dd,0.669885
user_9b517815,12,user_0669bdf6,0.669689
user_9b517815,13,user_8d22714e,0.667325
user_9b517815,14,user_4d4f73a6,0.662018
user_9b517815,15,user_f27da10a,0.659593
user_9b6481e4,1,user_8a3bbeb2,0.725178
user_9b6481e4,2,user_8c11f026,0.708416
user_9b6481e4,3,user_9b6481e4,0.684791
user_9b6481e4,4,user_0bd8ba7c,0.626153
user_9b6481e4,5,user_c7beef01,0.619471
user_9b6481e4,6,user_9818dcae,0.615793
user_9b6481e4,7,user_3bc84c13,0.615719
user_9b6481e4,8,user_81a80789,0.564377
user_9b6481e4,9,user_46bb5302,0.559763
user_9b6481e4,10,user_ebe17c78,0.553190
user_9b6481e4,11,user_52f895f1,0.546452
user_9b6481e4,12,user_07ec3726,0.545458
user_9b6481e4,13,user_0d32f0ed,0.544760
user_9b6481e4,14,user_4a57e449,0.540400
user_9b6481e4,15,user_397cfe20,0.537544
user_9bee2a7c,1,user_039d004e,0.821405
user_9bee2a7c,2,user_9bee2a7c,0.819760
user_9bee2a7c,3,user_906e2423,0.812516
user_9bee2a7c,4,user_b9036662,0.789938
user_9bee2a7c,5,user_2dd189e3,0.789298
user_9bee2a7c,6,user_c67f26cc,0.782910
user_9bee2a7c,7,user_56980aa9,0.779096
user_9bee2a7c,8,user_4b139395,0.769150
user_9bee2a7c,9,user_2eb5d860,0.759188
user_9bee2a7c,10,user_91f807b9,0.754512
user_9bee2a7c,11,user_454733da,0.753717
user_9bee2a7c,12,user_55058479,0.741818
user_9bee2a7c,13,user_6fc85c06,0.737506
user_9bee2a7c,14,user_74d27419,0.735931
user_9bee2a7c,15,user_69a4dd06,0.735877
user_9c5cd7fa,1,user_737dd050,0.883731
user_9c5cd7fa,2,user_586752e4,0.827801
user_9c5cd7fa,3,user_8e97a154,0.824537
user_9c5cd7fa,4,user_70bbda36,0.816796
user_9c5cd7fa,5,user_166a3647,0.813391
user_9c5cd7fa,6,user_147d1bbb,0.805374
user_9c5cd7fa,7,user_25798310,0.797946
user_9c5cd7fa,8,user_fb64cb55,0.793455
user_9c5cd7fa,9,user_5a6f92a6,0.789304
user_9c5cd7fa,10,user_daf37424,0.785257
user_9c5cd7fa,11,user_26fa9d90,0.784405
user_9c5cd7fa,12,user_81a80789,0.777395
user_9c5cd7fa,13,user_df8dc9bb,0.773257
user_9c5cd7fa,14,user_afff552a,0.770635
user_9c5cd7fa,15,user_02016939,0.770570
user_9c5e4782,1,user_cdd86523,0.802647
user_9c5e4782,2,user_e5a6abbe,0.799617
user_9c5e4782,3,user_dc326993,0.799581
user_9c5e4782,4,user_fdcaaf41,0.799138
user_9c5e4782,5,user_a3a4a20a,0.797499
user_9c5e4782,6,user_1b7f8c56,0.794655
user_9c5e4782,7,user_f930e37f,0.794229
user_9c5e4782,8,user_5993b36a,0.791214
user_9c5e4782,9,user_6fc85c06,0.789904
user_9c5e4782,10,user_aabd2642,0.786705
user_9c5e4782,11,user_7924afc9,0.786220
user_9c5e4782,12,user_88b2faba,0.785063
user_9c5e4782,13,user_147d1bbb,0.780490
user_9c5e4782,14,user_03969305,0.778009
user_9c5e4782,15,user_a57e47b1,0.774504
user_9c7183c8,1,user_3ff88cf0,0.879462
user_9c7183c8,2,user_a7145605,0.841419
user_9c7183c8,3,user_b14ec02b,0.814797
user_9c7183c8,4,user_ae306850,0.812662
user_9c7183c8,5,user_81c4dae1,0.805410
user_9c7183c8,6,user_3850eb9e,0.803665
user_9c7183c8,7,user_43049634,0.801059
user_9c7183c8,8,user_9c7183c8,0.792167
user_9c7183c8,9,user_c92c8f83,0.779654
user_9c7183c8,10,user_04f39d22,0.777612
user_9c7183c8,11,user_6d421600,0.765686
user_9c7183c8,12,user_46bb5302,0.758307
user_9c7183c8,13,user_b2aba63a,0.756084
user_9c7183c8,14,user_74e32d78,0.752716
user_9c7183c8,15,user_a3a4a20a,0.740459
user_9ce96cbf,1,user_8c0c7619,0.721267
user_9ce96cbf,2,user_9ce96cbf,0.674283
user_9ce96cbf,3,user_63b4ae7a,0.653856
user_9ce96cbf,4,user_126670d7,0.646947
user_9ce96cbf,5,user_d14b7d7b,0.634833
user_9ce96cbf,6,user_bbb0205e,0.634667
user_9ce96cbf,7,user_c32db875,0.619878
user_9ce96cbf,8,user_a4aab257,0.618989
user_9ce96cbf,9,user_0a3f46b9,0.613553
user_9ce96cbf,10,user_3f2894b5,0.609630
user_9ce96cbf,11,user_3535252b,0.604191
user_9ce96cbf,12,user_9d9fba70,0.601251
user_9ce96cbf,13,user_4bf6a4a0,0.594191
user_9ce96cbf,14,user_b429ec64,0.589739
user_9ce96cbf,15,user_470c0785,0.586957
user_9d8095fc,1,user_9e328c4e,0.718192
user_9d8095fc,2,user_763b4ffe,0.682067
user_9d8095fc,3,user_8a3bbeb2,0.641208
user_9d8095fc,4,user_41b20ee4,0.620011
user_9d8095fc,5,user_9818dcae,0.605940
user_9d8095fc,6,user_52f895f1,0.583722
user_9d8095fc,7,user_397cfe20,0.569879
user_9d8095fc,8,user_0bd8ba7c,0.568774
user_9d8095fc,9,user_37be663c,0.558276
user_9d8095fc,10,user_ab8e847b,0.552035
user_9d8095fc,11,user_c1a70ab7,0.549318
user_9d8095fc,12,user_3666402b,0.539080
user_9d8095fc,13,user_9b6481e4,0.536119
user_9d8095fc,14,user_ffe2efae,0.534442
user_9d8095fc,15,user_19622b77,0.533298
user_9d9fba70,1,user_e59c000f,0.849586
user_9d9fba70,2,user_03969305,0.845757
user_9d9fba70,3,user_7fd91653,0.834708
user_9d9fba70,4,user_a4a77a7d,0.832297
user_9d9fba70,5,user_4b139395,0.825972
user_9d9fba70,6,user_f27da10a,0.823099
user_9d9fba70,7,user_6fc85c06,0.822558
user_9d9fba70,8,user_7924afc9,0.819385
user_9d9fba70,9,user_e5a6abbe,0.815905
user_9d9fba70,10,user_94f185bc,0.812240
user_9d9fba70,11,user_9571d0d5,0.811675
user_9d9fba70,12,user_45926b89,0.807768
user_9d9fba70,13,user_c5f32c0d,0.807605
user_9d9fba70,14,user_2dd5b531,0.807257
user_9d9fba70,15,user_0669bdf6,0.806357
user_9dda4af9,1,user_470c0785,0.838683
user_9dda4af9,2,user_032f6993,0.644847
user_9dda4af9,3,user_9c7183c8,0.644345
user_9dda4af9,4,user_46bb5302,0.641370
user_9dda4af9,5,user_0bd8ba7c,0.639377
user_9dda4af9,6,user_74da5a13,0.625060
user_9dda4af9,7,user_b9d253e8,0.620664
user_9dda4af9,8,user_3ff88cf0,0.606508
user_9dda4af9,9,user_a7145605,0.604545
user_9dda4af9,10,user_bbb0205e,0.596853
user_9dda4af9,11,user_3850eb9e,0.590858
user_9dda4af9,12,user_5e61d6d9,0.589735
user_9dda4af9,13,user_53b85563,0.579661
user_9dda4af9,14,user_502a8cea,0.579484
user_9dda4af9,15,user_f14dc486,0.574828
user_9e328c4e,1,user_9e328c4e,0.794338
user_9e328c4e,2,user_9b6481e4,0.777658
user_9e328c4e,3,user_ffe2efae,0.748373
user_9e328c4e,4,user_c8f82360,0.746408
user_9e328c4e,5,user_c7beef01,0.745109
user_9e328c4e,6,user_9a5457b0,0.743550
user_9e328c4e,7,user_3b79395c,0.742697
user_9e328c4e,8,user_ab86ab82,0.742496
user_9e328c4e,9,user_3bc84c13,0.741628
user_9e328c4e,10,user_b2aba63a,0.740099
user_9e328c4e,11,user_16ac4154,0.731096
user_9e328c4e,12,user_07ec3726,0.726922
user_9e328c4e,13,user_815b7baf,0.725708
user_9e328c4e,14,user_46bb5302,0.725201
user_9e328c4e,15,user_fb8f46c8,0.724063
user_9e39a95d,1,user_649f4327,0.816163
user_9e39a95d,2,user_daf53db6,0.801132
user_9e39a95d,3,user_25b48a9a,0.783814
user_9e39a95d,4,user_c8f82360,0.782274
user_9e39a95d,5,user_126670d7,0.767336
user_9e39a95d,6,user_8f8346ad,0.760638
user_9e39a95d,7,user_46bb5302,0.758833
user_9e39a95d,8,user_5159d3a1,0.748409
user_9e39a95d,9,user_bbb0205e,0.741876
user_9e39a95d,10,user_c0392523,0.741833
user_9e39a95d,11,user_194b92fc,0.741377
user_9e39a95d,12,user_74d27419,0.740550
user_9e39a95d,13,user_ab86ab82,0.739267
user_9e39a95d,14,user_417702c5,0.738418
user_9e39a95d,15,user_c34e791e,0.735723
user_9f81cfba,1,user_07cb458d,0.792714
user_9f81cfba,2,user_cda36a95,0.776452
user_9f81cfba,3,user_d6175d39,0.774698
user_9f81cfba,4,user_e6dd44b0,0.770775
user_9f81cfba,5,user_7b5f54c0,0.766372
user_9f81cfba,6,user_25652863,0.765665
user_9f81cfba,7,user_88b2faba,0.752930
user_9f81cfba,8,user_68d19df8,0.751841
user_9f81cfba,9,user_b6350ec1,0.751354
user_9f81cfba,10,user_dd6e7bcb,0.751128
user_9f81cfba,11,user_bdcc6e7d,0.742895
user_9f81cfba,12,user_2920b35e,0.739737
user_9f81cfba,13,user_c35d6565,0.737995
user_9f81cfba,14,user_fba6bcd4,0.737127
user_9f81cfba,15,user_84e93af7,0.735535
user_9fc3c829,1,user_eda37c14,0.849311
user_9fc3c829,2,user_f5fea76f,0.778582
user_9fc3c829,3,user_92fe4471,0.777233
user_9fc3c829,4,user_737d3148,0.757784
user_9fc3c829,5,user_5c9b579a,0.742761
user_9fc3c829,6,user_233fda02,0.739739
user_9fc3c829,7,user_2e81a539,0.735704
user_9fc3c829,8,user_3b90fb53,0.724999
user_9fc3c829,9,user_414a6eaf,0.723789
user_9fc3c829,10,user_22adb798,0.718043
user_9fc3c829,11,user_f10e7063,0.716251
user_9fc3c829,12,user_4144252d,0.704377
user_9fc3c829,13,user_9ee84e18,0.702532
user_9fc3c829,14,user_858fa00c,0.698525
user_9fc3c829,15,user_bd05225b,0.695527
user_9ff844ba,1,user_4db0d490,0.874012
user_9ff844ba,2,user_b49274ca,0.829419
user_9ff844ba,3,user_fc1cfe0b,0.794090
user_9ff844ba,4,user_adab54a0,0.790433
user_9ff844ba,5,user_91f807b9,0.778882
user_9ff844ba,6,user_65d73ac1,0.773912
user_9ff844ba,7,user_56980aa9,0.772544
user_9ff844ba,8,user_29cd4556,0.766669
user_9ff844ba,9,user_69df6330,0.762071
user_9ff844ba,10,user_91db6e48,0.761233
user_9ff844ba,11,user_74d27419,0.760203
user_9ff844ba,12,user_e8d15537,0.755668
user_9ff844ba,13,user_8be3f554,0.755003
user_9ff844ba,14,user_111cfe7d,0.753609
user_9ff844ba,15,user_0cc626ee,0.750700
user_a01f16ac,1,user_df8dc9bb,0.833028
user_a01f16ac,2,user_f0cf195f,0.821373
user_a01f16ac,3,user_a01f16ac,0.814956
user_a01f16ac,4,user_7b052f32,0.809789
user_a01f16ac,5,user_1936a7c3,0.808647
user_a01f16ac,6,user_147d1bbb,0.796585
user_a01f16ac,7,user_7f56f9a5,0.794336
user_a01f16ac,8,user_e802076d,0.793740
user_a01f16ac,9,user_c008345b,0.792330
user_a01f16ac,10,user_0c578ab5,0.791713
user_a01f16ac,11,user_bd05225b,0.791036
user_a01f16ac,12,user_c5f32c0d,0.787393
user_a01f16ac,13,user_920c074a,0.787128
user_a01f16ac,14,user_aabd2642,0.786652
user_a01f16ac,15,user_e6057285,0.785383
user_a0fa40f1,1,user_e59c000f,0.871443
user_a0fa40f1,2,user_83afc7b2,0.860333
user_a0fa40f1,3,user_e5a6abbe,0.853722
user_a0fa40f1,4,user_c5f32c0d,0.851984
user_a0fa40f1,5,user_5c5a0b40,0.849515
user_a0fa40f1,6,user_ef954c6e,0.838463
user_a0fa40f1,7,user_e6057285,0.834617
user_a0fa40f1,8,user_e802076d,0.833234
user_a0fa40f1,9,user_a01f16ac,0.832489
user_a0fa40f1,10,user_636ad58f,0.830148
user_a0fa40f1,11,user_8d22714e,0.828675
user_a0fa40f1,12,user_bd05225b,0.827148
user_a0fa40f1,13,user_54c1ebee,0.826378
user_a0fa40f1,14,user_38433566,0.825444
user_a0fa40f1,15,user_b16e0cf8,0.824059
user_a151ddab,1,user_a151ddab,0.887089
user_a151ddab,2,user_3239132f,0.813923
user_a151ddab,3,user_0898fc4b,0.798131
user_a151ddab,4,user_ff591131,0.794131
user_a151ddab,5,user_3971c3e6,0.793269
user_a151ddab,6,user_e6057285,0.790427
user_a151ddab,7,user_b350e22b,0.778623
user_a151ddab,8,user_e931b2cd,0.776672
user_a151ddab,9,user_886f7373,0.775217
user_a151ddab,10,user_14a2d3c6,0.770950
user_a151ddab,11,user_5c5a0b40,0.766381
user_a151ddab,12,user_0669bdf6,0.764476
user_a151ddab,13,user_e59c000f,0.764390
user_a151ddab,14,user_f0cf195f,0.764277
user_a151ddab,15,user_5c82df31,0.762139
user_a1b097c2,1,user_a75b4d6e,0.835587
user_a1b097c2,2,user_df8dc9bb,0.814118
user_a1b097c2,3,user_d70942c1,0.808593
user_a1b097c2,4,user_e8a7be73,0.805736
user_a1b097c2,5,user_0669bdf6,0.804820
user_a1b097c2,6,user_6bf0e007,0.795474
user_a1b097c2,7,user_a4a77a7d,0.794813
user_a1b097c2,8,user_5349c6cf,0.794203
user_a1b097c2,9,user_79f04645,0.791261
user_a1b097c2,10,user_8d22714e,0.791140
user_a1b097c2,11,user_c4b781ce,0.790032
user_a1b097c2,12,user_29cd4556,0.787723
user_a1b097c2,13,user_e59c000f,0.783657
user_a1b097c2,14,user_83afc7b2,0.781056
user_a1b097c2,15,user_e802076d,0.779793
user_a2825b06,1,user_8be3f554,0.819679
user_a2825b06,2,user_c2f18cf7,0.816661
user_a2825b06,3,user_b6d05d1d,0.809614
user_a2825b06,4,user_4db0d490,0.806088
user_a2825b06,5,user_5b698646,0.805680
user_a2825b06,6,user_2eb5d860,0.803330
user_a2825b06,7,user_54b19b29,0.802408
user_a2825b06,8,user_c39d41d7,0.799243
user_a2825b06,9,user_2dd5b531,0.797917
user_a2825b06,10,user_67acd9b1,0.796679
user_a2825b06,11,user_0eb2abf1,0.792669
user_a2825b06,12,user_b9036662,0.791650
user_a2825b06,13,user_25b48a9a,0.788988
user_a2825b06,14,user_57c1d6c0,0.788940
user_a2825b06,15,user_8f8346ad,0.788465
user_a2f8bfd2,1,user_c59ebe9c,0.897559
user_a2f8bfd2,2,user_3b1da5d9,0.761122
user_a2f8bfd2,3,user_a2f8bfd2,0.723411
user_a2f8bfd2,4,user_8713f22a,0.647097
user_a2f8bfd2,5,user_885e8708,0.645635
user_a2f8bfd2,6,user_ba010eec,0.642125
user_a2f8bfd2,7,user_83585fc6,0.632487
user_a2f8bfd2,8,user_ea67f9c6,0.626577
user_a2f8bfd2,9,user_2c69b83e,0.625884
user_a2f8bfd2,10,user_9a5457b0,0.620445
user_a2f8bfd2,11,user_f54058d0,0.618403
user_a2f8bfd2,12,user_166a3647,0.617041
user_a2f8bfd2,13,user_5526cbfd,0.611134
user_a2f8bfd2,14,user_df8dc9bb,0.609264
user_a2f8bfd2,15,user_79f38f6d,0.607913
user_a346dfc4,1,user_ab8e847b,0.702026
user_a346dfc4,2,user_942ff21e,0.700696
user_a346dfc4,3,user_a16d1fb6,0.692990
user_a346dfc4,4,user_9d9fba70,0.686159
user_a346dfc4,5,user_52f895f1,0.678554
user_a346dfc4,6,user_c130412b,0.669646
user_a346dfc4,7,user_efb27a8e,0.666501
user_a346dfc4,8,user_19622b77,0.654516
user_a346dfc4,9,user_683369b1,0.651316
user_a346dfc4,10,user_aaa1e595,0.650425
user_a346dfc4,11,user_a0517bef,0.649101
user_a346dfc4,12,user_338e1332,0.642708
user_a346dfc4,13,user_4d4f73a6,0.638354
user_a346dfc4,14,user_fe922ad0,0.637208
user_a346dfc4,15,user_16b87e34,0.634721
user_a4893af1,1,user_166a3647,0.775998
user_a4893af1,2,user_d691d016,0.771904
user_a4893af1,3,user_25798310,0.767510
user_a4893af1,4,user_7b5f54c0,0.766571
user_a4893af1,5,user_8fb63eca,0.759175
user_a4893af1,6,user_3e284ba5,0.759134
user_a4893af1,7,user_1246b252,0.749234
user_a4893af1,8,user_0b1b1d1c,0.748838
user_a4893af1,9,user_3239132f,0.747154
user_a4893af1,10,user_147d1bbb,0.742656
user_a4893af1,11,user_02fecea2,0.741840
user_a4893af1,12,user_df8dc9bb,0.741136
user_a4893af1,13,user_737dd050,0.740389
user_a4893af1,14,user_1a7d6cd5,0.739808
user_a4893af1,15,user_81a80789,0.734082
user_a4a77a7d,1,user_a4a77a7d,0.867241
user_a4a77a7d,2,user_ab30f0fb,0.862704
user_a4a77a7d,3,user_0669bdf6,0.846632
user_a4a77a7d,4,user_4b139395,0.836385
user_a4a77a7d,5,user_058d9dc1,0.834975
user_a4a77a7d,6,user_e4f8ab0c,0.833973
user_a4a77a7d,7,user_dac2c359,0.831727
user_a4a77a7d,8,user_0e82fe11,0.825811
user_a4a77a7d,9,user_0cc626ee,0.818611
user_a4a77a7d,10,user_c39d41d7,0.817791
user_a4a77a7d,11,user_bd05225b,0.817513
user_a4a77a7d,12,user_14a2d3c6,0.817299
user_a4a77a7d,13,user_5ac1a174,0.814489
user_a4a77a7d,14,user_efa5697b,0.812106
user_a4a77a7d,15,user_3f2fbc90,0.810308
user_a4aab257,1,user_e5a6abbe,0.843412
user_a4aab257,2,user_ef954c6e,0.836652
user_a4aab257,3,user_b350e22b,0.832187
user_a4aab257,4,user_40a0bad3,0.826863
user_a4aab257,5,user_6fc85c06,0.819541
user_a4aab257,6,user_ebddf9c1,0.816563
user_a4aab257,7,user_5a283043,0.806169
user_a4aab257,8,user_7fd91653,0.803421
user_a4aab257,9,user_c5f32c0d,0.802210
user_a4aab257,10,user_5c82df31,0.800937
user_a4aab257,11,user_f60a09b3,0.799777
user_a4aab257,12,user_226be32f,0.799181
user_a4aab257,13,user_0669bdf6,0.796660
user_a4aab257,14,user_5c5a0b40,0.792464
user_a4aab257,15,user_9571d0d5,0.789831
user_a4ae4e77,1,user_5881b259,0.824067
user_a4ae4e77,2,user_45be01a5,0.806365
user_a4ae4e77,3,user_c5f32c0d,0.800221
user_a4ae4e77,4,user_f27da10a,0.798149
user_a4ae4e77,5,user_0669bdf6,0.794494
user_a4ae4e77,6,user_f60a09b3,0.794141
user_a4ae4e77,7,user_83afc7b2,0.791083
user_a4ae4e77,8,user_d70942c1,0.785637
user_a4ae4e77,9,user_0a245f61,0.784650
user_a4ae4e77,10,user_eb0927d1,0.783021
user_a4ae4e77,11,user_0fefc28e,0.782899
user_a4ae4e77,12,user_8d22714e,0.778869
user_a4ae4e77,13,user_bd05225b,0.778445
user_a4ae4e77,14,user_e6057285,0.777947
user_a4ae4e77,15,user_7fd91653,0.774319
user_a52dd639,1,user_a52dd639,0.895277
user_a52dd639,2,user_1a4bec69,0.838572
user_a52dd639,3,user_67fa915e,0.772005
user_a52dd639,4,user_e409a56d,0.766731
user_a52dd639,5,user_25652863,0.753747
user_a52dd639,6,user_6fa47d61,0.741452
user_a52dd639,7,user_2efde048,0.740684
user_a52dd639,8,user_2c2a5c24,0.716848
user_a52dd639,9,user_7de6f343,0.712725
user_a52dd639,10,user_40efa894,0.711429
user_a52dd639,11,user_81c4dae1,0.706551
user_a52dd639,12,user_58bfeaad,0.704889
user_a52dd639,13,user_902af20f,0.703625
user_a52dd639,14,user_b2aba63a,0.702520
user_a52dd639,15,user_08c32973,0.702422
user_a57a04fa,1,user_8e5e899b,0.744012
user_a57a04fa,2,user_87e5d9b0,0.725774
user_a57a04fa,3,user_ff39b6cf,0.721091
user_a57a04fa,4,user_233fda02,0.688212
user_a57a04fa,5,user_d7fde080,0.686459
user_a57a04fa,6,user_29266f60,0.682586
user_a57a04fa,7,user_d5b21e00,0.682236
user_a57a04fa,8,user_caaef3ca,0.672458
user_a57a04fa,9,user_c81fae29,0.672223
user_a57a04fa,10,user_5ac1a174,0.653738
user_a57a04fa,11,user_4144252d,0.653737
user_a57a04fa,12,user_89197ce5,0.646536
user_a57a04fa,13,user_3b90fb53,0.643019
user_a57a04fa,14,user_78eff25f,0.636954
user_a57a04fa,15,user_dc20c886,0.634436
user_a57e47b1,1,user_a57e47b1,0.891961
user_a57e47b1,2,user_fdcaaf41,0.857312
user_a57e47b1,3,user_88b2faba,0.846782
user_a57e47b1,4,user_03969305,0.842962
user_a57e47b1,5,user_5881b259,0.841198
user_a57e47b1,6,user_e802076d,0.838619
user_a57e47b1,7,user_e59c000f,0.836822
user_a57e47b1,8,user_7924afc9,0.836554
user_a57e47b1,9,user_e6057285,0.836181
user_a57e47b1,10,user_2dd5b531,0.829312
user_a57e47b1,11,user_d1d16d30,0.826356
user_a57e47b1,12,user_cdd86523,0.825844
user_a57e47b1,13,user_e5a6abbe,0.824194
user_a57e47b1,14,user_147d1bbb,0.823771
user_a57e47b1,15,user_f4f9490d,0.823116
user_a6a094cf,1,user_86685a27,0.449770
user_a6a094cf,2,user_598cc905,0.429707
user_a6a094cf,3,user_a6a094cf,0.399730
user_a6a094cf,4,user_f5c4370b,0.379734
user_a6a094cf,5,user_e70b6a25,0.378180
user_a6a094cf,6,user_6058434c,0.366568
user_a6a094cf,7,user_ecd7b02a,0.340447
user_a6a094cf,8,user_84703a6e,0.332739
user_a6a094cf,9,user_49b1ac46,0.318087
user_a6a094cf,10,user_a5d9fab6,0.316419
user_a6a094cf,11,user_c4b781ce,0.316139
user_a6a094cf,12,user_1bcbacb3,0.312003
user_a6a094cf,13,user_dcf52d26,0.308006
user_a6a094cf,14,user_17355c30,0.306211
user_a6a094cf,15,user_b2f3c0d2,0.296243
user_a743aff9,1,user_a743aff9,0.876612
user_a743aff9,2,user_69df6330,0.872487
user_a743aff9,3,user_7924afc9,0.845666
user_a743aff9,4,user_e8d15537,0.828650
user_a743aff9,5,user_c60d65b5,0.818672
user_a743aff9,6,user_1936a7c3,0.808217
user_a743aff9,7,user_4b139395,0.801503
user_a743aff9,8,user_5993b36a,0.798888
user_a743aff9,9,user_6fc85c06,0.795553
user_a743aff9,10,user_27a3fa64,0.791981
user_a743aff9,11,user_bd05225b,0.778504
user_a743aff9,12,user_b9036662,0.775871
user_a743aff9,13,user_c39d41d7,0.769571
user_a743aff9,14,user_f27da10a,0.768087
user_a743aff9,15,user_1b7f8c56,0.767167
user_a8dc91a3,1,user_5159d3a1,0.785149
user_a8dc91a3,2,user_25b48a9a,0.778150
user_a8dc91a3,3,user_67acd9b1,0.769460
user_a8dc91a3,4,user_b9036662,0.754619
user_a8dc91a3,5,user_2e05a7a0,0.747841
user_a8dc91a3,6,user_e8e9acac,0.744227
user_a8dc91a3,7,user_9ee84e18,0.742669
user_a8dc91a3,8,user_9bee2a7c,0.742323
user_a8dc91a3,9,user_6fbf6191,0.740850
user_a8dc91a3,10,user_c4c70447,0.737481
user_a8dc91a3,11,user_6fc85c06,0.736166
user_a8dc91a3,12,user_9571d0d5,0.735029
user_a8dc91a3,13,user_16ac4154,0.731440
user_a8dc91a3,14,user_f930e37f,0.728018
user_a8dc91a3,15,user_3f2894b5,0.725593
user_a973cf8e,1,user_f7538815,0.829504
user_a973cf8e,2,user_9e39a95d,0.799207
user_a973cf8e,3,user_3ac315cb,0.794900
user_a973cf8e,4,user_2cb4b018,0.792878
user_a973cf8e,5,user_1b7f8c56,0.786232
user_a973cf8e,6,user_1a2755b3,0.782474
user_a973cf8e,7,user_8fbb6d9c,0.778517
user_a973cf8e,8,user_d3663143,0.777135
user_a973cf8e,9,user_3e1f9dc1,0.772077
user_a973cf8e,10,user_b325310b,0.765815
user_a973cf8e,11,user_fa60616d,0.755176
user_a973cf8e,12,user_afff552a,0.752735
user_a973cf8e,13,user_aa2fbe83,0.749068
user_a973cf8e,14,user_0b64b183,0.746042
user_a973cf8e,15,user_4f755977,0.745463
user_a9ed5193,1,user_baa70592,0.867282
user_a9ed5193,2,user_1b2d69c1,0.853307
user_a9ed5193,3,user_e30558fe,0.832470
user_a9ed5193,4,user_74c84045,0.820382
user_a9ed5193,5,user_58892c7c,0.792044
user_a9ed5193,6,user_07faa0fc,0.690202
user_a9ed5193,7,user_3ff3188b,0.661191
user_a9ed5193,8,user_81c4dae1,0.661102
user_a9ed5193,9,user_f030b951,0.659980
user_a9ed5193,10,user_98f18241,0.655970
user_a9ed5193,11,user_e6dd44b0,0.642730
user_a9ed5193,12,user_40efa894,0.639549
user_a9ed5193,13,user_e9d1886c,0.635234
user_a9ed5193,14,user_3971c3e6,0.631393
user_a9ed5193,15,user_b4214db6,0.628526
user_aa4cc34a,1,user_aa4cc34a,0.815146
user_aa4cc34a,2,user_fb64cb55,0.762550
user_aa4cc34a,3,user_9ee84e18,0.759791
user_aa4cc34a,4,user_903329bb,0.738718
user_aa4cc34a,5,user_107259c3,0.736331
user_aa4cc34a,6,user_b4f295b3,0.734411
user_aa4cc34a,7,user_3353b96b,0.733431
user_aa4cc34a,8,user_737dd050,0.730768
user_aa4cc34a,9,user_0128a546,0.730386
user_aa4cc34a,10,user_17054ec7,0.728856
user_aa4cc34a,11,user_ea67f9c6,0.725638
user_aa4cc34a,12,user_7af2ed90,0.717128
user_aa4cc34a,13,user_233fda02,0.712615
user_aa4cc34a,14,user_586752e4,0.709052
user_aa4cc34a,15,user_8e5e899b,0.704735
user_aaa1e595,1,user_c994138f,0.821270
user_aaa1e595,2,user_586752e4,0.816762
user_aaa1e595,3,user_f930e37f,0.816360
user_aaa1e595,4,user_ffe2efae,0.812610
user_aaa1e595,5,user_67acd9b1,0.810780
user_aaa1e595,6,user_daf37424,0.801138
user_aaa1e595,7,user_70bbda36,0.795725
user_aaa1e595,8,user_3b79395c,0.791607
user_aaa1e595,9,user_9351238d,0.791443
user_aaa1e595,10,user_9571d0d5,0.790521
user_aaa1e595,11,user_3431c049,0.788677
user_aaa1e595,12,user_b2aba63a,0.785534
user_aaa1e595,13,user_02fecea2,0.784735
user_aaa1e595,14,user_e696f3ae,0.782509
user_aaa1e595,15,user_9a5457b0,0.779445
user_ab434739,1,user_5fddc7f1,0.828527
user_ab434739,2,user_ab434739,0.826264
user_ab434739,3,user_e5f67397,0.807464
user_ab434739,4,user_aa19d173,0.758538
user_ab434739,5,user_6169d3b8,0.750198
user_ab434739,6,user_ba085464,0.746627
user_ab434739,7,user_c73333a5,0.746526
user_ab434739,8,user_74cfb8ef,0.739418
user_ab434739,9,user_fcf93ee8,0.737843
user_ab434739,10,user_7c7220a4,0.736679
user_ab434739,11,user_107259c3,0.736253
user_ab434739,12,user_1022be44,0.735853
user_ab434739,13,user_434f3511,0.728218
user_ab434739,14,user_687feee4,0.727641
user_ab434739,15,user_f070eee7,0.726980
user_ab439a92,1,user_19622b77,0.673901
user_ab439a92,2,user_795eb408,0.646194
user_ab439a92,3,user_515ae840,0.643873
user_ab439a92,4,user_ab439a92,0.636387
user_ab439a92,5,user_c1a70ab7,0.635952
user_ab439a92,6,user_41b20ee4,0.628723
user_ab439a92,7,user_683369b1,0.625554
user_ab439a92,8,user_0bd8ba7c,0.618780
user_ab439a92,9,user_338e1332,0.615193
user_ab439a92,10,user_bbb0205e,0.601198
user_ab439a92,11,user_16b87e34,0.594007
user_ab439a92,12,user_f14dc486,0.592449
user_ab439a92,13,user_2c3eb234,0.590831
user_ab439a92,14,user_94f4a027,0.582901
user_ab439a92,15,user_8006727d,0.576438
user_ab5592eb,1,user_2b03934e,0.784994
user_ab5592eb,2,user_9d65649f,0.771995
user_ab5592eb,3,user_ab5592eb,0.767644
user_ab5592eb,4,user_a8dc91a3,0.766634
user_ab5592eb,5,user_caebed72,0.760635
user_ab5592eb,6,user_fde2d265,0.749966
user_ab5592eb,7,user_38f4dfac,0.746717
user_ab5592eb,8,user_0eeab432,0.738491
user_ab5592eb,9,user_d0c1bf72,0.737066
user_ab5592eb,10,user_36d44add,0.736603
user_ab5592eb,11,user_79f04645,0.734362
user_ab5592eb,12,user_15179955,0.734232
user_ab5592eb,13,user_29cd4556,0.725022
user_ab5592eb,14,user_8fe14601,0.724645
user_ab5592eb,15,user_510aaba3,0.721124
user_ab8e847b,1,user_7709815a,0.761369
user_ab8e847b,2,user_ab8e847b,0.737271
user_ab8e847b,3,user_83585fc6,0.727905
user_ab8e847b,4,user_7f623d19,0.703350
user_ab8e847b,5,user_ffe2efae,0.695777
user_ab8e847b,6,user_c7beef01,0.695616
user_ab8e847b,7,user_aaa1e595,0.691906
user_ab8e847b,8,user_c130412b,0.684511
user_ab8e847b,9,user_94cad3a5,0.682340
user_ab8e847b,10,user_2142b6e1,0.680598
user_ab8e847b,11,user_3431c049,0.678275
user_ab8e847b,12,user_0128a546,0.668392
user_ab8e847b,13,user_a16d1fb6,0.668206
user_ab8e847b,14,user_dbbf562e,0.664641
user_ab8e847b,15,user_815b7baf,0.657898
user_abde0618,1,user_5fddc7f1,0.767420
user_abde0618,2,user_ee05ee55,0.759516
user_abde0618,3,user_abde0618,0.749711
user_abde0618,4,user_f070eee7,0.734155
user_abde0618,5,user_a5e548ce,0.732906
user_abde0618,6,user_fcf93ee8,0.721455
user_abde0618,7,user_7c7220a4,0.716642
user_abde0618,8,user_bd47000f,0.711026
user_abde0618,9,user_5738db35,0.704525
user_abde0618,10,user_124651ff,0.691304
user_abde0618,11,user_500badda,0.688872
user_abde0618,12,user_6c2d672f,0.688690
user_abde0618,13,user_1a7d6cd5,0.687080
user_abde0618,14,user_ded778b8,0.674639
user_abde0618,15,user_e5f67397,0.672566
user_ac6d6bff,1,user_52f895f1,0.707700
user_ac6d6bff,2,user_ab8e847b,0.701153
user_ac6d6bff,3,user_ac6d6bff,0.690100
user_ac6d6bff,4,user_c130412b,0.672606
user_ac6d6bff,5,user_ffe2efae,0.672127
user_ac6d6bff,6,user_2142b6e1,0.664753
user_ac6d6bff,7,user_3666402b,0.645323
user_ac6d6bff,8,user_fe922ad0,0.630989
user_ac6d6bff,9,user_efb27a8e,0.623656
user_ac6d6bff,10,user_16b87e34,0.622533
user_ac6d6bff,11,user_94cad3a5,0.618069
user_ac6d6bff,12,user_4d4f73a6,0.618062
user_ac6d6bff,13,user_8713f22a,0.612255
user_ac6d6bff,14,user_ea67f9c6,0.609906
user_ac6d6bff,15,user_9a5457b0,0.609479
user_ac6e9129,1,user_c81fae29,0.822667
user_ac6e9129,2,user_1022be44,0.763392
user_ac6e9129,3,user_07db2c6a,0.706481
user_ac6e9129,4,user_a5e548ce,0.703944
user_ac6e9129,5,user_d5b21e00,0.693112
user_ac6e9129,6,user_687feee4,0.688905
user_ac6e9129,7,user_5fddc7f1,0.687437
user_ac6e9129,8,user_8e5e899b,0.686582
user_ac6e9129,9,user_17054ec7,0.684433
user_ac6e9129,10,user_ac6e9129,0.678788
user_ac6e9129,11,user_aa19d173,0.675079
user_ac6e9129,12,user_6a28fa5d,0.674137
user_ac6e9129,13,user_4b8335bd,0.661110
user_ac6e9129,14,user_ab434739,0.640711
user_ac6e9129,15,user_caaef3ca,0.635220
user_acb51eed,1,user_acb51eed,0.844975
user_acb51eed,2,user_2cb4b018,0.838168
user_acb51eed,3,user_940c7213,0.827988
user_acb51eed,4,user_aa2fbe83,0.814669
user_acb51eed,5,user_95d648bc,0.812512
user_acb51eed,6,user_fb64cb55,0.811819
user_acb51eed,7,user_b6b89f00,0.811334
user_acb51eed,8,user_f8e2246f,0.810449
user_acb51eed,9,user_b325310b,0.803270
user_acb51eed,10,user_00723699,0.792896
user_acb51eed,11,user_afff552a,0.792876
user_acb51eed,12,user_c008345b,0.789750
user_acb51eed,13,user_1b7f8c56,0.789433
user_acb51eed,14,user_6bb64984,0.778379
user_acb51eed,15,user_7af2ed90,0.776307
user_acb899e9,1,user_acb899e9,0.789527
user_acb899e9,2,user_6476648d,0.743109
user_acb899e9,3,user_7c7220a4,0.711784
user_acb899e9,4,user_205d25f3,0.709356
user_acb899e9,5,user_93cdb7a1,0.701280
user_acb899e9,6,user_b4f295b3,0.694965
user_acb899e9,7,user_f070eee7,0.693766
user_acb899e9,8,user_e2e59795,0.688833
user_acb899e9,9,user_76638121,0.686981
user_acb899e9,10,user_500badda,0.686961
user_acb899e9,11,user_124651ff,0.684279
user_acb899e9,12,user_7bbd1543,0.682456
user_acb899e9,13,user_434f3511,0.679297
user_acb899e9,14,user_e9d1886c,0.675599
user_acb899e9,15,user_fdcaaf41,0.673331
user_acd6ddfb,1,user_fba6bcd4,0.890352
user_acd6ddfb,2,user_b6350ec1,0.869987
user_acd6ddfb,3,user_3971c3e6,0.854648
user_acd6ddfb,4,user_2920b35e,0.852380
user_acd6ddfb,5,user_e6dd44b0,0.849560
user_acd6ddfb,6,user_b16e0cf8,0.848177
user_acd6ddfb,7,user_02016939,0.847137
user_acd6ddfb,8,user_d6175d39,0.843253
user_acd6ddfb,9,user_ed1aaed8,0.839760
user_acd6ddfb,10,user_88b2faba,0.833510
user_acd6ddfb,11,user_3ff3188b,0.831620
user_acd6ddfb,12,user_c39d41d7,0.831084
user_acd6ddfb,13,user_40efa894,0.829553
user_acd6ddfb,14,user_f030b951,0.828355
user_acd6ddfb,15,user_0898fc4b,0.826690
user_ad15a0a4,1,user_fb64cb55,0.881022
user_ad15a0a4,2,user_aa4cc34a,0.856874
user_ad15a0a4,3,user_903329bb,0.839643
user_ad15a0a4,4,user_6011e674,0.817845
user_ad15a0a4,5,user_d10d1f24,0.809809
user_ad15a0a4,6,user_2dc10d2d,0.801626
user_ad15a0a4,7,user_835666af,0.798328
user_ad15a0a4,8,user_737dd050,0.775829
user_ad15a0a4,9,user_00723699,0.757352
user_ad15a0a4,10,user_940c7213,0.745830
user_ad15a0a4,11,user_acb51eed,0.741299
user_ad15a0a4,12,user_7af2ed90,0.735011
user_ad15a0a4,13,user_8e97a154,0.727201
user_ad15a0a4,14,user_417702c5,0.721347
user_ad15a0a4,15,user_59e8bc2a,0.721146
user_b1c16312,1,user_38433566,0.771594
user_b1c16312,2,user_96a45b45,0.762274
user_b1c16312,3,user_d67450a8,0.762231
user_b1c16312,4,user_423c81dc,0.759678
user_b1c16312,5,user_39aad1a2,0.746490
user_b1c16312,6,user_f930e37f,0.745912
user_b1c16312,7,user_a2503734,0.744118
user_b1c16312,8,user_858fa00c,0.728891
user_b1c16312,9,user_91f807b9,0.727625
user_b1c16312,10,user_ab439a92,0.722099
user_b1c16312,11,user_e8a7be73,0.721903
user_b1c16312,12,user_9351238d,0.720151
user_b1c16312,13,user_a4893af1,0.719952
user_b1c16312,14,user_8ae8c359,0.714818
user_b1c16312,15,user_4c8199a7,0.713811
user_b23aa915,1,user_4bf6a4a0,0.747991
user_b23aa915,2,user_d14b7d7b,0.709672
user_b23aa915,3,user_126670d7,0.709603
user_b23aa915,4,user_8c0c7619,0.703106
user_b23aa915,5,user_f43d6008,0.689910
user_b23aa915,6,user_164fe4b8,0.689678
user_b23aa915,7,user_f107081e,0.687569
user_b23aa915,8,user_55058479,0.679679
user_b23aa915,9,user_63b4ae7a,0.678637
user_b23aa915,10,user_2e05a7a0,0.675933
user_b23aa915,11,user_3535252b,0.666970
user_b23aa915,12,user_2c3eb234,0.659885
user_b23aa915,13,user_efcacf59,0.657974
user_b23aa915,14,user_515ae840,0.657532
user_b23aa915,15,user_a4aab257,0.656619
user_b2aba63a,1,user_b2aba63a,0.712375
user_b2aba63a,2,user_f5e1eee0,0.693016
user_b2aba63a,3,user_1a4bec69,0.684970
user_b2aba63a,4,user_2efde048,0.663113
user_b2aba63a,5,user_04f39d22,0.659320
user_b2aba63a,6,user_9c7183c8,0.654683
user_b2aba63a,7,user_58bfeaad,0.653598
user_b2aba63a,8,user_815b7baf,0.650398
user_b2aba63a,9,user_e409a56d,0.649439
user_b2aba63a,10,user_126670d7,0.646128
user_b2aba63a,11,user_5159d3a1,0.641293
user_b2aba63a,12,user_45d008d3,0.639160
user_b2aba63a,13,user_ab86ab82,0.636807
user_b2aba63a,14,user_372c2b3e,0.632325
user_b2aba63a,15,user_00a2f533,0.631830
user_b2dd04c8,1,user_e6057285,0.840570
user_b2dd04c8,2,user_eb0927d1,0.797048
user_b2dd04c8,3,user_38433566,0.783979
user_b2dd04c8,4,user_89e04335,0.771528
user_b2dd04c8,5,user_e59c000f,0.768578
user_b2dd04c8,6,user_1f1dc5e0,0.768236
user_b2dd04c8,7,user_82d93459,0.763274
user_b2dd04c8,8,user_5881b259,0.762268
user_b2dd04c8,9,user_c204a1dd,0.758411
user_b2dd04c8,10,user_8d22714e,0.755887
user_b2dd04c8,11,user_f0cf195f,0.755177
user_b2dd04c8,12,user_0898fc4b,0.754825
user_b2dd04c8,13,user_0521a7ac,0.754521
user_b2dd04c8,14,user_a151ddab,0.749224
user_b2dd04c8,15,user_032e5bc8,0.748598
user_b2f3c0d2,1,user_abde0618,0.669517
user_b2f3c0d2,2,user_00723699,0.631806
user_b2f3c0d2,3,user_56909460,0.593807
user_b2f3c0d2,4,user_4c8199a7,0.591886
user_b2f3c0d2,5,user_1ef33a43,0.589401
user_b2f3c0d2,6,user_e7f25600,0.584050
user_b2f3c0d2,7,user_4893b4d0,0.575662
user_b2f3c0d2,8,user_7a7dda35,0.575170
user_b2f3c0d2,9,user_858fa00c,0.571428
user_b2f3c0d2,10,user_032e5bc8,0.570502
user_b2f3c0d2,11,user_82d93459,0.566115
user_b2f3c0d2,12,user_88b2faba,0.565529
user_b2f3c0d2,13,user_524450e9,0.564102
user_b2f3c0d2,14,user_b4214db6,0.561258
user_b2f3c0d2,15,user_b7f60e64,0.561213
user_b325310b,1,user_6bb64984,0.916723
user_b325310b,2,user_2d74cd4c,0.890084
user_b325310b,3,user_b325310b,0.877971
user_b325310b,4,user_b6b89f00,0.869948
user_b325310b,5,user_99c67f2f,0.868522
user_b325310b,6,user_f8e2246f,0.856390
user_b325310b,7,user_8fbb6d9c,0.852231
user_b325310b,8,user_417702c5,0.849336
user_b325310b,9,user_08aa624b,0.846706
user_b325310b,10,user_9dda4af9,0.844280
user_b325310b,11,user_6011e674,0.835428
user_b325310b,12,user_71b9b8e0,0.834730
user_b325310b,13,user_649f4327,0.825239
user_b325310b,14,user_fb64cb55,0.808663
user_b325310b,15,user_d3663143,0.803687
user_b337cb0c,1,user_b337cb0c,0.896093
user_b337cb0c,2,user_ef954c6e,0.856712
user_b337cb0c,3,user_5881b259,0.850500
user_b337cb0c,4,user_d1d16d30,0.845608
user_b337cb0c,5,user_a01f16ac,0.844219
user_b337cb0c,6,user_0b64b183,0.843974
user_b337cb0c,7,user_c06d9b71,0.840720
user_b337cb0c,8,user_f0cf195f,0.840097
user_b337cb0c,9,user_e6057285,0.839881
user_b337cb0c,10,user_e5a6abbe,0.838647
user_b337cb0c,11,user_fba6bcd4,0.835740
user_b337cb0c,12,user_7fd91653,0.834366
user_b337cb0c,13,user_1a2755b3,0.826590
user_b337cb0c,14,user_ebddf9c1,0.826456
user_b337cb0c,15,user_40a0bad3,0.824548
user_b49274ca,1,user_f654c33b,0.867635
user_b49274ca,2,user_80dc757f,0.843214
user_b49274ca,3,user_0cee87f3,0.835515
user_b49274ca,4,user_15179955,0.831721
user_b49274ca,5,user_7aa3746b,0.827530
user_b49274ca,6,user_adab54a0,0.827303
user_b49274ca,7,user_c35d6565,0.825791
user_b49274ca,8,user_b16e0cf8,0.824654
user_b49274ca,9,user_5c5a0b40,0.818690
user_b49274ca,10,user_e802076d,0.816837
user_b49274ca,11,user_1a2755b3,0.814593
user_b49274ca,12,user_daf37424,0.812930
user_b49274ca,13,user_b23aa915,0.812374
user_b49274ca,14,user_b49274ca,0.809790
user_b49274ca,15,user_36d44add,0.808859
user_b4d7e69a,1,user_c06d9b71,0.871469
user_b4d7e69a,2,user_ef954c6e,0.858900
user_b4d7e69a,3,user_7924afc9,0.853328
user_b4d7e69a,4,user_ebddf9c1,0.850348
user_b4d7e69a,5,user_e5a6abbe,0.846928
user_b4d7e69a,6,user_40a0bad3,0.841943
user_b4d7e69a,7,user_89e04335,0.839812
user_b4d7e69a,8,user_e802076d,0.837782
user_b4d7e69a,9,user_2dd5b531,0.832282
user_b4d7e69a,10,user_b337cb0c,0.829713
user_b4d7e69a,11,user_45926b89,0.829409
user_b4d7e69a,12,user_80dc757f,0.828323
user_b4d7e69a,13,user_b350e22b,0.826486
user_b4d7e69a,14,user_5a283043,0.825823
user_b4d7e69a,15,user_d1d16d30,0.823251
user_b4f295b3,1,user_3353b96b,0.770434
user_b4f295b3,2,user_107259c3,0.713638
user_b4f295b3,3,user_b4f295b3,0.703620
user_b4f295b3,4,user_7c7220a4,0.699389
user_b4f295b3,5,user_f070eee7,0.689588
user_b4f295b3,6,user_0128a546,0.686869
user_b4f295b3,7,user_7f623d19,0.682305
user_b4f295b3,8,user_9c88ee3d,0.677917
user_b4f295b3,9,user_17054ec7,0.665536
user_b4f295b3,10,user_baeb91b3,0.661751
user_b4f295b3,11,user_e64d80ba,0.659584
user_b4f295b3,12,user_94cad3a5,0.641496
user_b4f295b3,13,user_1a7d6cd5,0.640818
user_b4f295b3,14,user_ea67f9c6,0.640739
user_b4f295b3,15,user_5738db35,0.637867
user_b563e90b,1,user_74da5a13,0.766142
user_b563e90b,2,user_b9d253e8,0.755749
user_b563e90b,3,user_b563e90b,0.754872
user_b563e90b,4,user_aa08d5a8,0.736876
user_b563e90b,5,user_3ff88cf0,0.725388
user_b563e90b,6,user_a7145605,0.720665
user_b563e90b,7,user_3850eb9e,0.720317
user_b563e90b,8,user_b14ec02b,0.710261
user_b563e90b,9,user_8e48a3f8,0.693148
user_b563e90b,10,user_74e32d78,0.688705
user_b563e90b,11,user_cc1c8897,0.684179
user_b563e90b,12,user_687feee4,0.677843
user_b563e90b,13,user_c92c8f83,0.672577
user_b563e90b,14,user_83b871b5,0.668909
user_b563e90b,15,user_aa19d173,0.665538
user_b5af9db9,1,user_b16e0cf8,0.864250
user_b5af9db9,2,user_e59c000f,0.863751
user_b5af9db9,3,user_a4a77a7d,0.856573
user_b5af9db9,4,user_03969305,0.855757
user_b5af9db9,5,user_14a2d3c6,0.851498
user_b5af9db9,6,user_d70942c1,0.844190
user_b5af9db9,7,user_17607ebc,0.840692
user_b5af9db9,8,user_83afc7b2,0.839158
user_b5af9db9,9,user_e6057285,0.838518
user_b5af9db9,10,user_5881b259,0.836971
user_b5af9db9,11,user_e802076d,0.836378
user_b5af9db9,12,user_b5af9db9,0.834486
user_b5af9db9,13,user_9a307ebe,0.830806
user_b5af9db9,14,user_fba6bcd4,0.829111
user_b5af9db9,15,user_c5f32c0d,0.825997
user_b628264a,1,user_d955d7e2,0.837224
user_b628264a,2,user_8d22714e,0.760174
user_b628264a,3,user_bd05225b,0.734954
user_b628264a,4,user_835666af,0.734552
user_b628264a,5,user_858fa00c,0.734109
user_b628264a,6,user_723406a0,0.728844
user_b628264a,7,user_88f46c7b,0.720782
user_b628264a,8,user_f10e7063,0.709973
user_b628264a,9,user_91f807b9,0.709460
user_b628264a,10,user_4b139395,0.699884
user_b628264a,11,user_5993b36a,0.696269
user_b628264a,12,user_50e2a836,0.694732
user_b628264a,13,user_a2825b06,0.694695
user_b628264a,14,user_7d944883,0.692394
user_b628264a,15,user_b628264a,0.690881
user_b6350ec1,1,user_b16e0cf8,0.889882
user_b6350ec1,2,user_f654c33b,0.877796
user_b6350ec1,3,user_b6350ec1,0.864804
user_b6350ec1,4,user_adab54a0,0.861893
user_b6350ec1,5,user_c39d41d7,0.850298
user_b6350ec1,6,user_5c5a0b40,0.848466
user_b6350ec1,7,user_5881b259,0.847226
user_b6350ec1,8,user_7aa3746b,0.839722
user_b6350ec1,9,user_dc32d458,0.838981
user_b6350ec1,10,user_9dda4af9,0.838693
user_b6350ec1,11,user_17607ebc,0.837477
user_b6350ec1,12,user_dd1d7b22,0.833125
user_b6350ec1,13,user_fba6bcd4,0.831795
user_b6350ec1,14,user_1a2755b3,0.831669
user_b6350ec1,15,user_c5f32c0d,0.830938
user_b63ea1d4,1,user_b63ea1d4,0.877646
user_b63ea1d4,2,user_81a80789,0.865320
user_b63ea1d4,3,user_7b5f54c0,0.860070
user_b63ea1d4,4,user_d6175d39,0.850196
user_b63ea1d4,5,user_acd6ddfb,0.847060
user_b63ea1d4,6,user_25798310,0.836735
user_b63ea1d4,7,user_2f4cc646,0.835514
user_b63ea1d4,8,user_aabd2642,0.831538
user_b63ea1d4,9,user_54c1ebee,0.820064
user_b63ea1d4,10,user_3b1da5d9,0.818977
user_b63ea1d4,11,user_6deada35,0.815365
user_b63ea1d4,12,user_e6dd44b0,0.809598
user_b63ea1d4,13,user_3971c3e6,0.809185
user_b63ea1d4,14,user_2c69b83e,0.808363
user_b63ea1d4,15,user_70bbda36,0.806276
user_b6b89f00,1,user_c8f82360,0.726487
user_b6b89f00,2,user_25b48a9a,0.719835
user_b6b89f00,3,user_9a5457b0,0.718551
user_b6b89f00,4,user_c41de62b,0.706488
user_b6b89f00,5,user_649f4327,0.705835
user_b6b89f00,6,user_9bee2a7c,0.694872
user_b6b89f00,7,user_16ac4154,0.693859
user_b6b89f00,8,user_55058479,0.685827
user_b6b89f00,9,user_9b6481e4,0.685400
user_b6b89f00,10,user_5159d3a1,0.678748
user_b6b89f00,11,user_4f3b6241,0.669905
user_b6b89f00,12,user_3353b96b,0.667142
user_b6b89f00,13,user_c34e791e,0.664497
user_b6b89f00,14,user_9e328c4e,0.663179
user_b6b89f00,15,user_2e05a7a0,0.654366
user_b7ba6422,1,user_fc1cfe0b,0.717755
user_b7ba6422,2,user_67acd9b1,0.699821
user_b7ba6422,3,user_f930e37f,0.690572
user_b7ba6422,4,user_126670d7,0.688551
user_b7ba6422,5,user_07ec3726,0.682563
user_b7ba6422,6,user_25b48a9a,0.681210
user_b7ba6422,7,user_e8e9acac,0.680307
user_b7ba6422,8,user_ee8d5ec5,0.676848
user_b7ba6422,9,user_b9036662,0.675052
user_b7ba6422,10,user_9571d0d5,0.673156
user_b7ba6422,11,user_56980aa9,0.671666
user_b7ba6422,12,user_f75c71f0,0.667687
user_b7ba6422,13,user_16ac4154,0.665482
user_b7ba6422,14,user_8be3f554,0.663387
user_b7ba6422,15,user_b7ba6422,0.663364
user_b888c512,1,user_423c81dc,0.798792
user_b888c512,2,user_ab30f0fb,0.766104
user_b888c512,3,user_a743aff9,0.755016
user_b888c512,4,user_39aad1a2,0.752707
user_b888c512,5,user_0a0bcaa6,0.732177
user_b888c512,6,user_eafc973e,0.731600
user_b888c512,7,user_5881b259,0.729172
user_b888c512,8,user_fdcaaf41,0.723060
user_b888c512,9,user_723406a0,0.714577
user_b888c512,10,user_94f185bc,0.711982
user_b888c512,11,user_eb0927d1,0.706672
user_b888c512,12,user_7924afc9,0.705657
user_b888c512,13,user_1b7f8c56,0.704292
user_b888c512,14,user_f930e37f,0.702476
user_b888c512,15,user_aabd2642,0.701338
user_b8f24804,1,user_cdd86523,0.768890
user_b8f24804,2,user_89e04335,0.765784
user_b8f24804,3,user_f930e37f,0.758069
user_b8f24804,4,user_cf393213,0.757608
user_b8f24804,5,user_6fc85c06,0.753135
user_b8f24804,6,user_fb8f46c8,0.747424
user_b8f24804,7,user_96d9cb9a,0.746842
user_b8f24804,8,user_69df6330,0.742616
user_b8f24804,9,user_fde2d265,0.740544
user_b8f24804,10,user_7924afc9,0.738445
user_b8f24804,11,user_e1730a9c,0.737759
user_b8f24804,12,user_1b7f8c56,0.737125
user_b8f24804,13,user_3ae49e46,0.733837
user_b8f24804,14,user_c4c70447,0.733329
user_b8f24804,15,user_e59c000f,0.731024
user_b9036662,1,user_e802076d,0.803415
user_b9036662,2,user_f0cf195f,0.800842
user_b9036662,3,user_5c82df31,0.786409
user_b9036662,4,user_0521a7ac,0.780589
user_b9036662,5,user_6fc85c06,0.779705
user_b9036662,6,user_0a3bcf86,0.779501
user_b9036662,7,user_e6057285,0.773457
user_b9036662,8,user_b350e22b,0.771946
user_b9036662,9,user_66772d98,0.764666
user_b9036662,10,user_959adfc8,0.763424
user_b9036662,11,user_394c25cc,0.762352
user_b9036662,12,user_ded778b8,0.756537
user_b9036662,13,user_886f7373,0.755583
user_b9036662,14,user_f51339f8,0.755362
user_b9036662,15,user_eb0927d1,0.754780
user_ba010eec,1,user_94f4a027,0.574716
user_ba010eec,2,user_397cfe20,0.570721
user_ba010eec,3,user_3666402b,0.546633
user_ba010eec,4,user_41b20ee4,0.539189
user_ba010eec,5,user_37be663c,0.525840
user_ba010eec,6,user_fa69a385,0.523869
user_ba010eec,7,user_c130412b,0.516771
user_ba010eec,8,user_a0517bef,0.510598
user_ba010eec,9,user_0bd8ba7c,0.504425
user_ba010eec,10,user_ab8e847b,0.497894
user_ba010eec,11,user_44567221,0.493866
user_ba010eec,12,user_19622b77,0.493182
user_ba010eec,13,user_2c3eb234,0.488317
user_ba010eec,14,user_c7beef01,0.486848
user_ba010eec,15,user_52f895f1,0.483010
user_ba463257,1,user_ba463257,0.654799
user_ba463257,2,user_582ff5b2,0.634334
user_ba463257,3,user_ca6074df,0.608347
user_ba463257,4,user_1736acbe,0.607861
user_ba463257,5,user_5d1b0daf,0.603222
user_ba463257,6,user_19952166,0.602861
user_ba463257,7,user_a8dc91a3,0.594876
user_ba463257,8,user_9dda4af9,0.589572
user_ba463257,9,user_0eeab432,0.588919
user_ba463257,10,user_c35d6565,0.588483
user_ba463257,11,user_9d65649f,0.585731
user_ba463257,12,user_07cb458d,0.585633
user_ba463257,13,user_f43d6008,0.575479
user_ba463257,14,user_96c3cc43,0.572591
user_ba463257,15,user_d036c911,0.572137
user_ba8b1c05,1,user_3b1da5d9,0.685977
user_ba8b1c05,2,user_3bc84c13,0.678337
user_ba8b1c05,3,user_b63ea1d4,0.672313
user_ba8b1c05,4,user_ffe2efae,0.663670
user_ba8b1c05,5,user_7f623d19,0.662857
user_ba8b1c05,6,user_ba010eec,0.661732
user_ba8b1c05,7,user_52f895f1,0.650925
user_ba8b1c05,8,user_0d32f0ed,0.646132
user_ba8b1c05,9,user_8713f22a,0.644795
user_ba8b1c05,10,user_58bfeaad,0.642348
user_ba8b1c05,11,user_efb27a8e,0.640390
user_ba8b1c05,12,user_74cfb8ef,0.638724
user_ba8b1c05,13,user_acd6ddfb,0.637336
user_ba8b1c05,14,user_3431c049,0.635320
user_ba8b1c05,15,user_2c69b83e,0.632052
user_baeb91b3,1,user_baeb91b3,0.890890
user_baeb91b3,2,user_ded778b8,0.870337
user_baeb91b3,3,user_70bbda36,0.831901
user_baeb91b3,4,user_124651ff,0.821039
user_baeb91b3,5,user_02016939,0.813115
user_baeb91b3,6,user_0d32f0ed,0.807864
user_baeb91b3,7,user_7bbd1543,0.799803
user_baeb91b3,8,user_6ae9ce92,0.791617
user_baeb91b3,9,user_ba085464,0.787260
user_baeb91b3,10,user_5526cbfd,0.777729
user_baeb91b3,11,user_93cdb7a1,0.768298
user_baeb91b3,12,user_e64d80ba,0.766548
user_baeb91b3,13,user_b4f295b3,0.764655
user_baeb91b3,14,user_7f623d19,0.764561
user_baeb91b3,15,user_586752e4,0.763416
user_baf68fe9,1,user_baf68fe9,0.809379
user_baf68fe9,2,user_bdcc6e7d,0.648826
user_baf68fe9,3,user_ab5592eb,0.624303
user_baf68fe9,4,user_ba463257,0.605803
user_baf68fe9,5,user_f030b951,0.603797
user_baf68fe9,6,user_5a5bee64,0.599863
user_baf68fe9,7,user_7aa3746b,0.595065
user_baf68fe9,8,user_2b03934e,0.588230
user_baf68fe9,9,user_c35d6565,0.586234
user_baf68fe9,10,user_3121653d,0.585539
user_baf68fe9,11,user_657c72ca,0.584771
user_baf68fe9,12,user_07cb458d,0.584283
user_baf68fe9,13,user_65d73ac1,0.583573
user_baf68fe9,14,user_57c1d6c0,0.581051
user_baf68fe9,15,user_d67450a8,0.577116
user_bb8be7e3,1,user_03410579,0.809052
user_bb8be7e3,2,user_5c9b579a,0.798670
user_bb8be7e3,3,user_02fecea2,0.795271
user_bb8be7e3,4,user_d691d016,0.790247
user_bb8be7e3,5,user_0b1b1d1c,0.780952
user_bb8be7e3,6,user_b0129d9e,0.780277
user_bb8be7e3,7,user_3e284ba5,0.778896
user_bb8be7e3,8,user_364bb955,0.774430
user_bb8be7e3,9,user_147d1bbb,0.772098
user_bb8be7e3,10,user_7b5f54c0,0.767062
user_bb8be7e3,11,user_1246b252,0.764948
user_bb8be7e3,12,user_c1718b7b,0.762834
user_bb8be7e3,13,user_70bbda36,0.759699
user_bb8be7e3,14,user_96013176,0.759499
user_bb8be7e3,15,user_72bed676,0.759200
user_bbcbf015,1,user_9b517815,0.655846
user_bbcbf015,2,user_78eff25f,0.655392
user_bbcbf015,3,user_0ef44f54,0.654158
user_bbcbf015,4,user_5f4ee256,0.626274
user_bbcbf015,5,user_6a0b0e92,0.612294
user_bbcbf015,6,user_37cd2dc9,0.610801
user_bbcbf015,7,user_5d7cbf11,0.588465
user_bbcbf015,8,user_c4b781ce,0.579528
user_bbcbf015,9,user_dcf52d26,0.563940
user_bbcbf015,10,user_438fb63c,0.561852
user_bbcbf015,11,user_a6a094cf,0.556058
user_bbcbf015,12,user_dc20c886,0.555464
user_bbcbf015,13,user_5d35f631,0.550847
user_bbcbf015,14,user_f59d3941,0.539414
user_bbcbf015,15,user_8afa3eba,0.537644
user_bbe73426,1,user_18522854,0.736323
user_bbe73426,2,user_f107081e,0.707520
user_bbe73426,3,user_23ecc36a,0.694736
user_bbe73426,4,user_6b311f43,0.690508
user_bbe73426,5,user_8be3f554,0.672633
user_bbe73426,6,user_2b03934e,0.670242
user_bbe73426,7,user_5d1b0daf,0.664061
user_bbe73426,8,user_2e05a7a0,0.662129
user_bbe73426,9,user_406c399e,0.661055
user_bbe73426,10,user_a8dc91a3,0.659665
user_bbe73426,11,user_0eeab432,0.658895
user_bbe73426,12,user_b2dd04c8,0.654881
user_bbe73426,13,user_5a6c91dd,0.651640
user_bbe73426,14,user_c6f50d12,0.648102
user_bbe73426,15,user_b8f24804,0.636208
user_bd19a016,1,user_3ff3188b,0.854340
user_bd19a016,2,user_dd1d7b22,0.839390
user_bd19a016,3,user_2dd5b531,0.836311
user_bd19a016,4,user_c34e791e,0.832413
user_bd19a016,5,user_e696f3ae,0.832024
user_bd19a016,6,user_f654c33b,0.831627
user_bd19a016,7,user_83e30c57,0.825429
user_bd19a016,8,user_dae4304f,0.823265
user_bd19a016,9,user_fdc08e26,0.821364
user_bd19a016,10,user_1a2755b3,0.820396
user_bd19a016,11,user_45926b89,0.819852
user_bd19a016,12,user_adab54a0,0.818953
user_bd19a016,13,user_c39d41d7,0.814174
user_bd19a016,14,user_aa2fbe83,0.811976
user_bd19a016,15,user_29cd4556,0.811757
user_bd47000f,1,user_5881b259,0.848781
user_bd47000f,2,user_f0cf195f,0.831248
user_bd47000f,3,user_3239132f,0.824761
user_bd47000f,4,user_b4214db6,0.822664
user_bd47000f,5,user_e6057285,0.821662
user_bd47000f,6,user_cbabbcee,0.820943
user_bd47000f,7,user_d96972e5,0.817919
user_bd47000f,8,user_0898fc4b,0.814678
user_bd47000f,9,user_a151ddab,0.813924
user_bd47000f,10,user_bd05225b,0.813287
user_bd47000f,11,user_df8dc9bb,0.803715
user_bd47000f,12,user_eb0927d1,0.803182
user_bd47000f,13,user_c39d41d7,0.796819
user_bd47000f,14,user_89e04335,0.794441
user_bd47000f,15,user_e802076d,0.793688
user_bdcc6e7d,1,user_9d65649f,0.822870
user_bdcc6e7d,2,user_e802076d,0.792379
user_bdcc6e7d,3,user_111cfe7d,0.792212
user_bdcc6e7d,4,user_03969305,0.777129
user_bdcc6e7d,5,user_79f04645,0.773450
user_bdcc6e7d,6,user_ec574395,0.763094
user_bdcc6e7d,7,user_29cd4556,0.759615
user_bdcc6e7d,8,user_94f185bc,0.755971
user_bdcc6e7d,9,user_8fe14601,0.755759
user_bdcc6e7d,10,user_6bf0e007,0.754068
user_bdcc6e7d,11,user_88b2faba,0.752112
user_bdcc6e7d,12,user_cdd86523,0.749629
user_bdcc6e7d,13,user_4db0d490,0.745471
user_bdcc6e7d,14,user_69a4dd06,0.743842
user_bdcc6e7d,15,user_8a760553,0.742376
user_be06391b,1,user_be06391b,0.805671
user_be06391b,2,user_0521a7ac,0.768939
user_be06391b,3,user_aa2fbe83,0.761820
user_be06391b,4,user_886f7373,0.760770
user_be06391b,5,user_5993b36a,0.751415
user_be06391b,6,user_e838707b,0.743395
user_be06391b,7,user_e5a6abbe,0.741804
user_be06391b,8,user_acb51eed,0.738619
user_be06391b,9,user_84fe1a7a,0.735918
user_be06391b,10,user_3049510b,0.731430
user_be06391b,11,user_afff552a,0.730925
user_be06391b,12,user_b337cb0c,0.729878
user_be06391b,13,user_394c25cc,0.729013
user_be06391b,14,user_64d76dfd,0.728895
user_be06391b,15,user_1f1dc5e0,0.728130
user_beca29a3,1,user_beca29a3,0.715909
user_beca29a3,2,user_f3a9f844,0.528098
user_beca29a3,3,user_0cd29f02,0.477143
user_beca29a3,4,user_8739102b,0.460772
user_beca29a3,5,user_636d1da4,0.407202
user_beca29a3,6,user_043ea160,0.404861
user_beca29a3,7,user_e14b88a8,0.400004
user_beca29a3,8,user_72b93300,0.393904
user_beca29a3,9,user_6deada35,0.380231
user_beca29a3,10,user_e838707b,0.374815
user_beca29a3,11,user_18892460,0.372478
user_beca29a3,12,user_ef05ad51,0.371576
user_beca29a3,13,user_33c6501d,0.370883
user_beca29a3,14,user_acb51eed,0.369896
user_beca29a3,15,user_2cb4b018,0.369817
user_bf30f80d,1,user_4ea1ef09,0.854812
user_bf30f80d,2,user_40efa894,0.835203
user_bf30f80d,3,user_7de6f343,0.830340
user_bf30f80d,4,user_421ae417,0.826469
user_bf30f80d,5,user_25652863,0.823983
user_bf30f80d,6,user_74cfb8ef,0.816170
user_bf30f80d,7,user_ba8b1c05,0.812399
user_bf30f80d,8,user_bf30f80d,0.804056
user_bf30f80d,9,user_2e60c125,0.798870
user_bf30f80d,10,user_e409a56d,0.791650
user_bf30f80d,11,user_2c2a5c24,0.790628
user_bf30f80d,12,user_eced69e7,0.787713
user_bf30f80d,13,user_6fa47d61,0.785522
user_bf30f80d,14,user_08c32973,0.779598
user_bf30f80d,15,user_53b85563,0.777590
user_c008345b,1,user_ef954c6e,0.882775
user_c008345b,2,user_c06d9b71,0.879095
user_c008345b,3,user_5881b259,0.876225
user_c008345b,4,user_d1d16d30,0.875336
user_c008345b,5,user_2dd5b531,0.873868
user_c008345b,6,user_7924afc9,0.869163
user_c008345b,7,user_e59c000f,0.866796
user_c008345b,8,user_e802076d,0.865345
user_c008345b,9,user_e6057285,0.864933
user_c008345b,10,user_03969305,0.860438
user_c008345b,11,user_a743aff9,0.858274
user_c008345b,12,user_b16e0cf8,0.854333
user_c008345b,13,user_69df6330,0.854317
user_c008345b,14,user_c5f32c0d,0.850517
user_c008345b,15,user_c008345b,0.847224
user_c0392523,1,user_afff552a,0.857020
user_c0392523,2,user_aa2fbe83,0.837354
user_c0392523,3,user_5a6f92a6,0.817059
user_c0392523,4,user_940c7213,0.808738
user_c0392523,5,user_acb51eed,0.796406
user_c0392523,6,user_1b7f8c56,0.794482
user_c0392523,7,user_ef954c6e,0.794482
user_c0392523,8,user_8e97a154,0.788310
user_c0392523,9,user_2cb4b018,0.787891
user_c0392523,10,user_e6057285,0.787504
user_c0392523,11,user_165a2706,0.785694
user_c0392523,12,user_b325310b,0.783257
user_c0392523,13,user_a4a77a7d,0.777094
user_c0392523,14,user_a151ddab,0.776722
user_c0392523,15,user_0521a7ac,0.776510
user_c06d9b71,1,user_c06d9b71,0.901701
user_c06d9b71,2,user_f654c33b,0.867443
user_c06d9b71,3,user_ef954c6e,0.867415
user_c06d9b71,4,user_5c5a0b40,0.865593
user_c06d9b71,5,user_e5a6abbe,0.862014
user_c06d9b71,6,user_2dd5b531,0.860024
user_c06d9b71,7,user_adab54a0,0.859156
user_c06d9b71,8,user_5881b259,0.854231
user_c06d9b71,9,user_d1d16d30,0.853472
user_c06d9b71,10,user_45926b89,0.850707
user_c06d9b71,11,user_b49274ca,0.843427
user_c06d9b71,12,user_80dc757f,0.841364
user_c06d9b71,13,user_c39d41d7,0.840586
user_c06d9b71,14,user_50e2a836,0.837034
user_c06d9b71,15,user_40a0bad3,0.836956
user_c0eba9f2,1,user_c0eba9f2,0.820099
user_c0eba9f2,2,user_7b052f32,0.750997
user_c0eba9f2,3,user_920c074a,0.740692
user_c0eba9f2,4,user_394c25cc,0.739828
user_c0eba9f2,5,user_0fefc28e,0.732363
user_c0eba9f2,6,user_3239132f,0.731697
user_c0eba9f2,7,user_7f56f9a5,0.723601
user_c0eba9f2,8,user_03410579,0.723093
user_c0eba9f2,9,user_a6c5a10c,0.715930
user_c0eba9f2,10,user_39b3eda0,0.715446
user_c0eba9f2,11,user_500badda,0.712138
user_c0eba9f2,12,user_e6057285,0.711799
user_c0eba9f2,13,user_1f1dc5e0,0.711429
user_c0eba9f2,14,user_5c82df31,0.709069
user_c0eba9f2,15,user_5993b36a,0.706593
user_c130412b,1,user_1246b252,0.825926
user_c130412b,2,user_1a7d6cd5,0.806768
user_c130412b,3,user_166a3647,0.806114
user_c130412b,4,user_b0129d9e,0.805210
user_c130412b,5,user_03410579,0.795276
user_c130412b,6,user_25798310,0.792463
user_c130412b,7,user_89571ce8,0.792018
user_c130412b,8,user_107259c3,0.790265
user_c130412b,9,user_586752e4,0.790019
user_c130412b,10,user_8fb63eca,0.788044
user_c130412b,11,user_c994138f,0.786875
user_c130412b,12,user_737dd050,0.785582
user_c130412b,13,user_df8dc9bb,0.783467
user_c130412b,14,user_476670f9,0.783096
user_c130412b,15,user_70bbda36,0.782967
user_c154e834,1,user_67acd9b1,0.770441
user_c154e834,2,user_f930e37f,0.766064
user_c154e834,3,user_b9b94432,0.761524
user_c154e834,4,user_9a5457b0,0.757321
user_c154e834,5,user_c4c70447,0.755755
user_c154e834,6,user_1df51301,0.750556
user_c154e834,7,user_3b79395c,0.746963
user_c154e834,8,user_e696f3ae,0.744219
user_c154e834,9,user_94cad3a5,0.743127
user_c154e834,10,user_c154e834,0.742245
user_c154e834,11,user_9351238d,0.736574
user_c154e834,12,user_058c1800,0.735049
user_c154e834,13,user_e0c65725,0.734328
user_c154e834,14,user_03969305,0.729866
user_c154e834,15,user_fdc08e26,0.727237
user_c157ca97,1,user_52d3881c,0.807949
user_c157ca97,2,user_c157ca97,0.669091
user_c157ca97,3,user_e88c308b,0.654585
user_c157ca97,4,user_3971c3e6,0.633881
user_c157ca97,5,user_164fe4b8,0.618421
user_c157ca97,6,user_aabd2642,0.614735
user_c157ca97,7,user_3535252b,0.599540
user_c157ca97,8,user_043ea160,0.599517
user_c157ca97,9,user_d2c97c8e,0.599111
user_c157ca97,10,user_9a307ebe,0.595561
user_c157ca97,11,user_ef05ad51,0.588132
user_c157ca97,12,user_3ae49e46,0.574254
user_c157ca97,13,user_d499c752,0.572985
user_c157ca97,14,user_338e1332,0.571594
user_c157ca97,15,user_f4cc9f3d,0.570566
user_c204a1dd,1,user_bbcbf015,0.693364
user_c204a1dd,2,user_3049510b,0.685804
user_c204a1dd,3,user_bbe73426,0.676134
user_c204a1dd,4,user_d1d16d30,0.673175
user_c204a1dd,5,user_84fe1a7a,0.664394
user_c204a1dd,6,user_dc32d458,0.662292
user_c204a1dd,7,user_82c86537,0.653477
user_c204a1dd,8,user_1f1dc5e0,0.652496
user_c204a1dd,9,user_dae4304f,0.647154
user_c204a1dd,10,user_36d44add,0.646263
user_c204a1dd,11,user_89e04335,0.646106
user_c204a1dd,12,user_e6057285,0.644815
user_c204a1dd,13,user_1936a7c3,0.643996
user_c204a1dd,14,user_5881b259,0.643713
user_c204a1dd,15,user_095ff43e,0.643575
user_c2f18cf7,1,user_54c1ebee,0.861581
user_c2f18cf7,2,user_45926b89,0.859726
user_c2f18cf7,3,user_2dd5b531,0.852686
user_c2f18cf7,4,user_e6057285,0.848262
user_c2f18cf7,5,user_e696f3ae,0.839036
user_c2f18cf7,6,user_9a307ebe,0.831194
user_c2f18cf7,7,user_fdc08e26,0.829366
user_c2f18cf7,8,user_3ff3188b,0.825417
user_c2f18cf7,9,user_e59c000f,0.822465
user_c2f18cf7,10,user_03969305,0.821386
user_c2f18cf7,11,user_41d0c897,0.819867
user_c2f18cf7,12,user_e802076d,0.818264
user_c2f18cf7,13,user_586752e4,0.815594
user_c2f18cf7,14,user_94f185bc,0.815481
user_c2f18cf7,15,user_ef954c6e,0.813398
user_c3040c7c,1,user_38433566,0.782726
user_c3040c7c,2,user_96a45b45,0.775399
user_c3040c7c,3,user_e6057285,0.765452
user_c3040c7c,4,user_524450e9,0.743173
user_c3040c7c,5,user_18892460,0.742266
user_c3040c7c,6,user_8ae8c359,0.739524
user_c3040c7c,7,user_d691d016,0.734723
user_c3040c7c,8,user_364bb955,0.728454
user_c3040c7c,9,user_eb0927d1,0.725632
user_c3040c7c,10,user_147d1bbb,0.725617
user_c3040c7c,11,user_54c1ebee,0.725608
user_c3040c7c,12,user_5c9b579a,0.725122
user_c3040c7c,13,user_885e8708,0.722258
user_c3040c7c,14,user_2e81a539,0.721871
user_c3040c7c,15,user_3239132f,0.721208
user_c39d41d7,1,user_2c69b83e,0.870540
user_c39d41d7,2,user_b63ea1d4,0.865499
user_c39d41d7,3,user_fdc08e26,0.849466
user_c39d41d7,4,user_16ac4154,0.840720
user_c39d41d7,5,user_9351238d,0.839315
user_c39d41d7,6,user_67acd9b1,0.839010
user_c39d41d7,7,user_e696f3ae,0.836722
user_c39d41d7,8,user_586752e4,0.835624
user_c39d41d7,9,user_daf37424,0.830731
user_c39d41d7,10,user_9a5457b0,0.830188
user_c39d41d7,11,user_c994138f,0.822765
user_c39d41d7,12,user_f930e37f,0.822502
user_c39d41d7,13,user_9a307ebe,0.820564
user_c39d41d7,14,user_3ff3188b,0.818542
user_c39d41d7,15,user_8713f22a,0.814967
user_c41de62b,1,user_fb64cb55,0.762280
user_c41de62b,2,user_5b7d5e00,0.757555
user_c41de62b,3,user_6011e674,0.754080
user_c41de62b,4,user_d10d1f24,0.746041
user_c41de62b,5,user_903329bb,0.742696
user_c41de62b,6,user_59e8bc2a,0.729328
user_c41de62b,7,user_f3f15c55,0.728327
user_c41de62b,8,user_835666af,0.695743
user_c41de62b,9,user_417702c5,0.693889
user_c41de62b,10,user_65d73ac1,0.693381
user_c41de62b,11,user_9ee84e18,0.692268
user_c41de62b,12,user_7af2ed90,0.684384
user_c41de62b,13,user_6f6b71fc,0.683478
user_c41de62b,14,user_2817ec11,0.682037
user_c41de62b,15,user_d023a78e,0.681389
user_c4c70447,1,user_88b2faba,0.873968
user_c4c70447,2,user_e5a6abbe,0.870091
user_c4c70447,3,user_8a760553,0.859163
user_c4c70447,4,user_03969305,0.856666
user_c4c70447,5,user_c5f32c0d,0.856506
user_c4c70447,6,user_147d1bbb,0.842779
user_c4c70447,7,user_cdd86523,0.839382
user_c4c70447,8,user_c39d41d7,0.835677
user_c4c70447,9,user_b16e0cf8,0.833090
user_c4c70447,10,user_bd05225b,0.832122
user_c4c70447,11,user_4b139395,0.831266
user_c4c70447,12,user_5993b36a,0.830115
user_c4c70447,13,user_6deada35,0.826165
user_c4c70447,14,user_a4a77a7d,0.825373
user_c4c70447,15,user_96013176,0.824150
user_c50a487d,1,user_aabd2642,0.834250
user_c50a487d,2,user_e6dd44b0,0.832584
user_c50a487d,3,user_ed1aaed8,0.827670
user_c50a487d,4,user_fba6bcd4,0.827055
user_c50a487d,5,user_98f18241,0.804336
user_c50a487d,6,user_43049634,0.804076
user_c50a487d,7,user_2c69b83e,0.802450
user_c50a487d,8,user_2e81a539,0.798740
user_c50a487d,9,user_88b2faba,0.797818
user_c50a487d,10,user_4f755977,0.796032
user_c50a487d,11,user_f54058d0,0.791603
user_c50a487d,12,user_a57e47b1,0.791046
user_c50a487d,13,user_1b7f8c56,0.789333
user_c50a487d,14,user_dbc4828c,0.788432
user_c50a487d,15,user_95d648bc,0.787685
user_c536b01d,1,user_1b7f8c56,0.811013
user_c536b01d,2,user_c06d9b71,0.807111
user_c536b01d,3,user_aabd2642,0.805311
user_c536b01d,4,user_fdcaaf41,0.796847
user_c536b01d,5,user_7924afc9,0.790870
user_c536b01d,6,user_ef954c6e,0.784783
user_c536b01d,7,user_dc326993,0.781654
user_c536b01d,8,user_5a283043,0.776492
user_c536b01d,9,user_7fd91653,0.776210
user_c536b01d,10,user_7f56f9a5,0.771149
user_c536b01d,11,user_0fefc28e,0.770104
user_c536b01d,12,user_d3663143,0.769800
user_c536b01d,13,user_405db206,0.769497
user_c536b01d,14,user_a743aff9,0.769374
user_c536b01d,15,user_ebddf9c1,0.766662
user_c59ebe9c,1,user_df8dc9bb,0.847727
user_c59ebe9c,2,user_885e8708,0.817985
user_c59ebe9c,3,user_79f38f6d,0.813290
user_c59ebe9c,4,user_7a8f7f3e,0.803370
user_c59ebe9c,5,user_7f56f9a5,0.797323
user_c59ebe9c,6,user_107259c3,0.793996
user_c59ebe9c,7,user_5526cbfd,0.785440
user_c59ebe9c,8,user_147d1bbb,0.785087
user_c59ebe9c,9,user_03969305,0.782723
user_c59ebe9c,10,user_e8a7be73,0.782231
user_c59ebe9c,11,user_c59ebe9c,0.781778
user_c59ebe9c,12,user_83afc7b2,0.779761
user_c59ebe9c,13,user_14a2d3c6,0.772639
user_c59ebe9c,14,user_3b1da5d9,0.768429
user_c59ebe9c,15,user_e59c000f,0.768230
user_c5c57a9d,1,user_126670d7,0.765504
user_c5c57a9d,2,user_61f90240,0.727977
user_c5c57a9d,3,user_bbb0205e,0.715813
user_c5c57a9d,4,user_3535252b,0.711005
user_c5c57a9d,5,user_b429ec64,0.709890
user_c5c57a9d,6,user_8c0c7619,0.705039
user_c5c57a9d,7,user_4bf6a4a0,0.698080
user_c5c57a9d,8,user_c32db875,0.697107
user_c5c57a9d,9,user_0a3f46b9,0.694882
user_c5c57a9d,10,user_efcacf59,0.691663
user_c5c57a9d,11,user_f43d6008,0.691432
user_c5c57a9d,12,user_5d1b0daf,0.688036
user_c5c57a9d,13,user_a4aab257,0.687738
user_c5c57a9d,14,user_8be3f554,0.685217
user_c5c57a9d,15,user_75251485,0.680352
user_c5f32c0d,1,user_636ad58f,0.888527
user_c5f32c0d,2,user_5881b259,0.857132
user_c5f32c0d,3,user_69df6330,0.854090
user_c5f32c0d,4,user_c5f32c0d,0.852757
user_c5f32c0d,5,user_8d22714e,0.852322
user_c5f32c0d,6,user_5993b36a,0.850064
user_c5f32c0d,7,user_a01f16ac,0.844386
user_c5f32c0d,8,user_bd05225b,0.840007
user_c5f32c0d,9,user_5c5a0b40,0.839747
user_c5f32c0d,10,user_b16e0cf8,0.833771
user_c5f32c0d,11,user_0898fc4b,0.833737
user_c5f32c0d,12,user_c008345b,0.833128
user_c5f32c0d,13,user_c39d41d7,0.832535
user_c5f32c0d,14,user_f654c33b,0.831266
user_c5f32c0d,15,user_e5a6abbe,0.829267
user_c60d65b5,1,user_69df6330,0.785096
user_c60d65b5,2,user_a743aff9,0.763926
user_c60d65b5,3,user_e8d15537,0.746623
user_c60d65b5,4,user_8f39f021,0.742877
user_c60d65b5,5,user_5a283043,0.736141
user_c60d65b5,6,user_0a0bcaa6,0.735636
user_c60d65b5,7,user_c60d65b5,0.711495
user_c60d65b5,8,user_c96b90fe,0.702768
user_c60d65b5,9,user_c06d9b71,0.700912
user_c60d65b5,10,user_fde2d265,0.699734
user_c60d65b5,11,user_cdd86523,0.697493
user_c60d65b5,12,user_7924afc9,0.697033
user_c60d65b5,13,user_fdcaaf41,0.693701
user_c60d65b5,14,user_b9036662,0.689714
user_c60d65b5,15,user_e1730a9c,0.688280
user_c67f26cc,1,user_c67f26cc,0.751842
user_c67f26cc,2,user_abde0618,0.746537
user_c67f26cc,3,user_ff7631ef,0.734611
user_c67f26cc,4,user_fb8f46c8,0.721286
user_c67f26cc,5,user_4b139395,0.720314
user_c67f26cc,6,user_6ab8f7d4,0.701708
user_c67f26cc,7,user_f930e37f,0.689891
user_c67f26cc,8,user_2eb5d860,0.688705
user_c67f26cc,9,user_39aad1a2,0.679608
user_c67f26cc,10,user_906e2423,0.676902
user_c67f26cc,11,user_2dd189e3,0.676875
user_c67f26cc,12,user_56909460,0.672554
user_c67f26cc,13,user_0898fc4b,0.666418
user_c67f26cc,14,user_91db6e48,0.664162
user_c67f26cc,15,user_0cc626ee,0.663263
user_c709e252,1,user_08aa624b,0.664794
user_c709e252,2,user_6011e674,0.660663
user_c709e252,3,user_d10d1f24,0.654725
user_c709e252,4,user_daf53db6,0.642866
user_c709e252,5,user_903329bb,0.639999
user_c709e252,6,user_f3f15c55,0.634233
user_c709e252,7,user_9c5cd7fa,0.633674
user_c709e252,8,user_99c67f2f,0.627984
user_c709e252,9,user_2817ec11,0.620926
user_c709e252,10,user_6ab1739a,0.620903
user_c709e252,11,user_543e79f5,0.620755
user_c709e252,12,user_00723699,0.617346
user_c709e252,13,user_2dc10d2d,0.609032
user_c709e252,14,user_8fbb6d9c,0.606692
user_c709e252,15,user_71b9b8e0,0.604786
user_c809e3d2,1,user_372c2b3e,0.831997
user_c809e3d2,2,user_d2c97c8e,0.816670
user_c809e3d2,3,user_72b93300,0.814337
user_c809e3d2,4,user_f5e1eee0,0.814059
user_c809e3d2,5,user_6fa47d61,0.796987
user_c809e3d2,6,user_40efa894,0.796813
user_c809e3d2,7,user_7de6f343,0.784619
user_c809e3d2,8,user_ba8b1c05,0.783674
user_c809e3d2,9,user_2efde048,0.782815
user_c809e3d2,10,user_4ea1ef09,0.780605
user_c809e3d2,11,user_f3377028,0.778146
user_c809e3d2,12,user_82c86537,0.776851
user_c809e3d2,13,user_7c3d63ce,0.773178
user_c809e3d2,14,user_43049634,0.770706
user_c809e3d2,15,user_74cfb8ef,0.768367
user_c81fae29,1,user_a7f8db34,0.721150
user_c81fae29,2,user_2c39731d,0.667852
user_c81fae29,3,user_8e5e899b,0.646643
user_c81fae29,4,user_e8cdb142,0.644057
user_c81fae29,5,user_87e5d9b0,0.626359
user_c81fae29,6,user_d7fde080,0.617488
user_c81fae29,7,user_ab434739,0.616092
user_c81fae29,8,user_18227c28,0.611740
user_c81fae29,9,user_ff39b6cf,0.604667
user_c81fae29,10,user_87bbc3b5,0.593041
user_c81fae29,11,user_6169d3b8,0.591737
user_c81fae29,12,user_b628264a,0.587188
user_c81fae29,13,user_22b484cb,0.577653
user_c81fae29,14,user_8afa3eba,0.571411
user_c81fae29,15,user_a5d9fab6,0.570431
user_c883258f,1,user_c883258f,0.778830
user_c883258f,2,user_8e5e899b,0.745137
user_c883258f,3,user_dc20c886,0.733270
user_c883258f,4,user_e8cdb142,0.732061
user_c883258f,5,user_87e5d9b0,0.729859
user_c883258f,6,user_ff39b6cf,0.728787
user_c883258f,7,user_2c39731d,0.712843
user_c883258f,8,user_3b90fb53,0.711230
user_c883258f,9,user_8afa3eba,0.698907
user_c883258f,10,user_4144252d,0.697827
user_c883258f,11,user_858fa00c,0.689326
user_c883258f,12,user_903329bb,0.687070
user_c883258f,13,user_b628264a,0.684569
user_c883258f,14,user_29266f60,0.683563
user_c883258f,15,user_22b484cb,0.683000
user_c8e749e2,1,user_a2503734,0.828151
user_c8e749e2,2,user_0a3bcf86,0.776296
user_c8e749e2,3,user_1ef33a43,0.765104
user_c8e749e2,4,user_eb0927d1,0.764831
user_c8e749e2,5,user_b4214db6,0.762522
user_c8e749e2,6,user_9ce96cbf,0.760337
user_c8e749e2,7,user_74d27419,0.754882
user_c8e749e2,8,user_8be3f554,0.753996
user_c8e749e2,9,user_829844fd,0.753094
user_c8e749e2,10,user_61f90240,0.753049
user_c8e749e2,11,user_a151ddab,0.746930
user_c8e749e2,12,user_e6057285,0.743322
user_c8e749e2,13,user_cf393213,0.741255
user_c8e749e2,14,user_5d1b0daf,0.729805
user_c8e749e2,15,user_a8dc91a3,0.728352
user_c903d3bb,1,user_c903d3bb,0.926351
user_c903d3bb,2,user_13fb2e34,0.890226
user_c903d3bb,3,user_cbabbcee,0.822368
user_c903d3bb,4,user_09dea596,0.819063
user_c903d3bb,5,user_03410579,0.810796
user_c903d3bb,6,user_66772d98,0.792903
user_c903d3bb,7,user_940c7213,0.786350
user_c903d3bb,8,user_500badda,0.782809
user_c903d3bb,9,user_a7bfc229,0.778746
user_c903d3bb,10,user_fcf93ee8,0.777226
user_c903d3bb,11,user_70bbda36,0.773781
user_c903d3bb,12,user_3239132f,0.772532
user_c903d3bb,13,user_54c1ebee,0.772093
user_c903d3bb,14,user_3e284ba5,0.771078
user_c903d3bb,15,user_e6057285,0.769381
user_c96b90fe,1,user_8f8346ad,0.835564
user_c96b90fe,2,user_c34e791e,0.826956
user_c96b90fe,3,user_6fbf6191,0.822010
user_c96b90fe,4,user_2dd5b531,0.811276
user_c96b90fe,5,user_b6d05d1d,0.803635
user_c96b90fe,6,user_54b19b29,0.802507
user_c96b90fe,7,user_41d0c897,0.797918
user_c96b90fe,8,user_dae4304f,0.786402
user_c96b90fe,9,user_cf393213,0.785588
user_c96b90fe,10,user_adab54a0,0.780475
user_c96b90fe,11,user_25b48a9a,0.775061
user_c96b90fe,12,user_0eb2abf1,0.772603
user_c96b90fe,13,user_57c1d6c0,0.769070
user_c96b90fe,14,user_d036c911,0.763790
user_c96b90fe,15,user_ec574395,0.762877
user_c994138f,1,user_7f56f9a5,0.779677
user_c994138f,2,user_64d76dfd,0.757158
user_c994138f,3,user_3049510b,0.755874
user_c994138f,4,user_95d648bc,0.752483
user_c994138f,5,user_ef05ad51,0.747523
user_c994138f,6,user_205d25f3,0.746718
user_c994138f,7,user_1b7f8c56,0.738748
user_c994138f,8,user_7b052f32,0.734770
user_c994138f,9,user_84fe1a7a,0.734457
user_c994138f,10,user_e6057285,0.726520
user_c994138f,11,user_920c074a,0.723972
user_c994138f,12,user_aa2fbe83,0.722733
user_c994138f,13,user_b605d5c9,0.721240
user_c994138f,14,user_0521a7ac,0.719085
user_c994138f,15,user_a01f16ac,0.718217
user_caa6a7b6,1,user_d1d16d30,0.868780
user_caa6a7b6,2,user_7b052f32,0.840193
user_caa6a7b6,3,user_14a2d3c6,0.840080
user_caa6a7b6,4,user_e6057285,0.837547
user_caa6a7b6,5,user_c06d9b71,0.822560
user_caa6a7b6,6,user_1936a7c3,0.811045
user_caa6a7b6,7,user_f60a09b3,0.809280
user_caa6a7b6,8,user_a743aff9,0.808805
user_caa6a7b6,9,user_cdd86523,0.797041
user_caa6a7b6,10,user_5881b259,0.794217
user_caa6a7b6,11,user_7fd91653,0.791875
user_caa6a7b6,12,user_62b122b9,0.790344
user_caa6a7b6,13,user_1f1dc5e0,0.788486
user_caa6a7b6,14,user_e802076d,0.787825
user_caa6a7b6,15,user_a01f16ac,0.787097
user_caebed72,1,user_2d74cd4c,0.882559
user_caebed72,2,user_b325310b,0.868351
user_caebed72,3,user_b6b89f00,0.861990
user_caebed72,4,user_f8e2246f,0.861521
user_caebed72,5,user_6bb64984,0.852701
user_caebed72,6,user_afff552a,0.847234
user_caebed72,7,user_8fbb6d9c,0.837729
user_caebed72,8,user_1b7f8c56,0.835319
user_caebed72,9,user_9dda4af9,0.833164
user_caebed72,10,user_aa2fbe83,0.820889
user_caebed72,11,user_08aa624b,0.820504
user_caebed72,12,user_d3663143,0.819597
user_caebed72,13,user_9e39a95d,0.818613
user_caebed72,14,user_fb64cb55,0.815329
user_caebed72,15,user_c5f32c0d,0.814170
user_cb2fe204,1,user_75251485,0.654662
user_cb2fe204,2,user_c6f50d12,0.620466
user_cb2fe204,3,user_a2503734,0.614756
user_cb2fe204,4,user_6a98b381,0.610275
user_cb2fe204,5,user_2eb5d860,0.607167
user_cb2fe204,6,user_51779823,0.597407
user_cb2fe204,7,user_737dd050,0.588126
user_cb2fe204,8,user_d2bd9832,0.586226
user_cb2fe204,9,user_959adfc8,0.581137
user_cb2fe204,10,user_4b139395,0.573159
user_cb2fe204,11,user_07db2c6a,0.569813
user_cb2fe204,12,user_835666af,0.568802
user_cb2fe204,13,user_fb64cb55,0.568515
user_cb2fe204,14,user_94cad3a5,0.568018
user_cb2fe204,15,user_058d9dc1,0.567079
user_cb8245f7,1,user_f030b951,0.830467
user_cb8245f7,2,user_0e408c4a,0.805706
user_cb8245f7,3,user_2efde048,0.805136
user_cb8245f7,4,user_0ff0b922,0.802964
user_cb8245f7,5,user_02016939,0.789329
user_cb8245f7,6,user_ded778b8,0.787993
user_cb8245f7,7,user_e802076d,0.786227
user_cb8245f7,8,user_1a2755b3,0.785547
user_cb8245f7,9,user_81c4dae1,0.773780
user_cb8245f7,10,user_70bbda36,0.771949
user_cb8245f7,11,user_9a307ebe,0.770465
user_cb8245f7,12,user_bd19a016,0.769153
user_cb8245f7,13,user_a3a4a20a,0.768168
user_cb8245f7,14,user_f7fd2885,0.766671
user_cb8245f7,15,user_72b93300,0.762025
user_cdd86523,1,user_cdd86523,0.818435
user_cdd86523,2,user_f930e37f,0.812300
user_cdd86523,3,user_cf393213,0.790412
user_cdd86523,4,user_c4c70447,0.783493
user_cdd86523,5,user_07ec3726,0.783473
user_cdd86523,6,user_18522854,0.774978
user_cdd86523,7,user_67acd9b1,0.769625
user_cdd86523,8,user_2c69b83e,0.768976
user_cdd86523,9,user_a57e47b1,0.764795
user_cdd86523,10,user_d2bd9832,0.762465
user_cdd86523,11,user_aabd2642,0.762240
user_cdd86523,12,user_8be3f554,0.762143
user_cdd86523,13,user_fdc08e26,0.760805
user_cdd86523,14,user_ebddf9c1,0.760758
user_cdd86523,15,user_259776c7,0.759536
user_cf393213,1,user_394c25cc,0.785362
user_cf393213,2,user_38dc2894,0.769958
user_cf393213,3,user_4e800fa1,0.741863
user_cf393213,4,user_e838707b,0.734677
user_cf393213,5,user_dc326993,0.727660
user_cf393213,6,user_7f56f9a5,0.725800
user_cf393213,7,user_e6057285,0.723382
user_cf393213,8,user_5c82df31,0.719320
user_cf393213,9,user_a6c5a10c,0.708073
user_cf393213,10,user_d691d016,0.705018
user_cf393213,11,user_89e04335,0.704212
user_cf393213,12,user_8be3f554,0.703146
user_cf393213,13,user_3049510b,0.697044
user_cf393213,14,user_cf393213,0.696500
user_cf393213,15,user_886f7373,0.695886
user_d023a78e,1,user_d023a78e,0.827538
user_d023a78e,2,user_fb64cb55,0.623080
user_d023a78e,3,user_ba4a78fc,0.622150
user_d023a78e,4,user_9ee84e18,0.621412
user_d023a78e,5,user_6ab1739a,0.610470
user_d023a78e,6,user_59e8bc2a,0.609302
user_d023a78e,7,user_454733da,0.594697
user_d023a78e,8,user_f827c7dd,0.593193
user_d023a78e,9,user_56980aa9,0.588360
user_d023a78e,10,user_903329bb,0.585885
user_d023a78e,11,user_835666af,0.581759
user_d023a78e,12,user_e4ab67b6,0.581049
user_d023a78e,13,user_165a2706,0.577931
user_d023a78e,14,user_5b7d5e00,0.577868
user_d023a78e,15,user_c41de62b,0.577212
user_d036c911,1,user_b16e0cf8,0.881248
user_d036c911,2,user_dae4304f,0.880543
user_d036c911,3,user_adab54a0,0.874452
user_d036c911,4,user_dd1d7b22,0.867413
user_d036c911,5,user_3ff3188b,0.867146
user_d036c911,6,user_0cee87f3,0.861041
user_d036c911,7,user_9a307ebe,0.854291
user_d036c911,8,user_54c1ebee,0.853956
user_d036c911,9,user_02016939,0.853102
user_d036c911,10,user_c5f32c0d,0.852675
user_d036c911,11,user_f654c33b,0.852365
user_d036c911,12,user_f030b951,0.848159
user_d036c911,13,user_bd19a016,0.845813
user_d036c911,14,user_03969305,0.845609
user_d036c911,15,user_e6057285,0.843214
user_d074356a,1,user_98ca16a6,0.508174
user_d074356a,2,user_90202189,0.496955
user_d074356a,3,user_abde0618,0.491198
user_d074356a,4,user_226be32f,0.490345
user_d074356a,5,user_fb8f46c8,0.487911
user_d074356a,6,user_815b7baf,0.478073
user_d074356a,7,user_b1c16312,0.477336
user_d074356a,8,user_414a6eaf,0.474399
user_d074356a,9,user_b8f24804,0.473234
user_d074356a,10,user_9b6481e4,0.470245
user_d074356a,11,user_e8e9acac,0.466539
user_d074356a,12,user_476670f9,0.466122
user_d074356a,13,user_fe922ad0,0.465017
user_d074356a,14,user_2c3eb234,0.460937
user_d074356a,15,user_07ec3726,0.459622
user_d10d1f24,1,user_99c67f2f,0.842485
user_d10d1f24,2,user_6011e674,0.816389
user_d10d1f24,3,user_d10d1f24,0.814247
user_d10d1f24,4,user_2d74cd4c,0.801915
user_d10d1f24,5,user_6bb64984,0.801262
user_d10d1f24,6,user_b325310b,0.797282
user_d10d1f24,7,user_2dc10d2d,0.793035
user_d10d1f24,8,user_71b9b8e0,0.779649
user_d10d1f24,9,user_f8e2246f,0.775667
user_d10d1f24,10,user_649f4327,0.775283
user_d10d1f24,11,user_00723699,0.774700
user_d10d1f24,12,user_b6b89f00,0.769401
user_d10d1f24,13,user_7af2ed90,0.760950
user_d10d1f24,14,user_543e79f5,0.759265
user_d10d1f24,15,user_c8f82360,0.758908
user_d14b7d7b,1,user_baeb91b3,0.802424
user_d14b7d7b,2,user_107259c3,0.787700
user_d14b7d7b,3,user_e2e59795,0.778619
user_d14b7d7b,4,user_ded778b8,0.772082
user_d14b7d7b,5,user_70bbda36,0.768938
user_d14b7d7b,6,user_d50d7985,0.762444
user_d14b7d7b,7,user_7c7220a4,0.760850
user_d14b7d7b,8,user_fde27362,0.759206
user_d14b7d7b,9,user_02016939,0.751935
user_d14b7d7b,10,user_17054ec7,0.750206
user_d14b7d7b,11,user_586752e4,0.749742
user_d14b7d7b,12,user_6169d3b8,0.742208
user_d14b7d7b,13,user_ea67f9c6,0.734597
user_d14b7d7b,14,user_d4c7b4c0,0.730865
user_d14b7d7b,15,user_19641691,0.729590
user_d1d16d30,1,user_2e05a7a0,0.762209
user_d1d16d30,2,user_8be3f554,0.735448
user_d1d16d30,3,user_efcacf59,0.733236
user_d1d16d30,4,user_ab86ab82,0.724210
user_d1d16d30,5,user_ee8d5ec5,0.718763
user_d1d16d30,6,user_f107081e,0.704489
user_d1d16d30,7,user_164fe4b8,0.698777
user_d1d16d30,8,user_3535252b,0.681402
user_d1d16d30,9,user_4a57e449,0.676104
user_d1d16d30,10,user_a8dc91a3,0.671518
user_d1d16d30,11,user_c8f82360,0.670525
user_d1d16d30,12,user_5159d3a1,0.668142
user_d1d16d30,13,user_cf393213,0.667418
user_d1d16d30,14,user_a6c2e760,0.660100
user_d1d16d30,15,user_6b311f43,0.656556
user_d2c97c8e,1,user_04f39d22,0.858912
user_d2c97c8e,2,user_74cfb8ef,0.853944
user_d2c97c8e,3,user_421ae417,0.853345
user_d2c97c8e,4,user_7c3d63ce,0.851212
user_d2c97c8e,5,user_7de6f343,0.842460
user_d2c97c8e,6,user_43049634,0.834523
user_d2c97c8e,7,user_98f18241,0.832945
user_d2c97c8e,8,user_daf59045,0.832444
user_d2c97c8e,9,user_83e45cc0,0.827528
user_d2c97c8e,10,user_40efa894,0.826197
user_d2c97c8e,11,user_ba8b1c05,0.819284
user_d2c97c8e,12,user_205d25f3,0.814416
user_d2c97c8e,13,user_d2c97c8e,0.811755
user_d2c97c8e,14,user_0bc8e727,0.811331
user_d2c97c8e,15,user_7bbd1543,0.809653
user_d4b7e22e,1,user_efa5697b,0.783750
user_d4b7e22e,2,user_d4b7e22e,0.756819
user_d4b7e22e,3,user_ab30f0fb,0.735316
user_d4b7e22e,4,user_3eb49f37,0.731644
user_d4b7e22e,5,user_8285a696,0.698401
user_d4b7e22e,6,user_9ee84e18,0.691789
user_d4b7e22e,7,user_e4f8ab0c,0.686121
user_d4b7e22e,8,user_423c81dc,0.685293
user_d4b7e22e,9,user_3f2fbc90,0.683408
user_d4b7e22e,10,user_7d944883,0.681072
user_d4b7e22e,11,user_7322f4ef,0.670264
user_d4b7e22e,12,user_dac2c359,0.669380
user_d4b7e22e,13,user_058d9dc1,0.663580
user_d4b7e22e,14,user_039d004e,0.663508
user_d4b7e22e,15,user_4d4f73a6,0.663393
user_d50d7985,1,user_70bbda36,0.868234
user_d50d7985,2,user_02016939,0.857872
user_d50d7985,3,user_ded778b8,0.836485
user_d50d7985,4,user_df8dc9bb,0.809755
user_d50d7985,5,user_147d1bbb,0.801830
user_d50d7985,6,user_b16e0cf8,0.793085
user_d50d7985,7,user_e802076d,0.791300
user_d50d7985,8,user_f0cf195f,0.790951
user_d50d7985,9,user_bd47000f,0.790803
user_d50d7985,10,user_83afc7b2,0.790455
user_d50d7985,11,user_930dc61d,0.782840
user_d50d7985,12,user_0c578ab5,0.779159
user_d50d7985,13,user_6ae9ce92,0.776584
user_d50d7985,14,user_0898fc4b,0.775835
user_d50d7985,15,user_124651ff,0.775352
user_d5d4fc6e,1,user_829844fd,0.711375
user_d5d4fc6e,2,user_9f6180c4,0.682732
user_d5d4fc6e,3,user_75251485,0.645993
user_d5d4fc6e,4,user_515ae840,0.635829
user_d5d4fc6e,5,user_49b1ac46,0.627516
user_d5d4fc6e,6,user_b1c16312,0.616984
user_d5d4fc6e,7,user_6d2cb415,0.613345
user_d5d4fc6e,8,user_d20928cc,0.611549
user_d5d4fc6e,9,user_b7f60e64,0.608268
user_d5d4fc6e,10,user_d5d4fc6e,0.600299
user_d5d4fc6e,11,user_9ce96cbf,0.596603
user_d5d4fc6e,12,user_4e42bf97,0.592048
user_d5d4fc6e,13,user_f43d6008,0.591968
user_d5d4fc6e,14,user_756e2f00,0.588015
user_d5d4fc6e,15,user_a4aab257,0.586794
user_d761140c,1,user_79f04645,0.812797
user_d761140c,2,user_2e81a539,0.802387
user_d761140c,3,user_bd05225b,0.797988
user_d761140c,4,user_03969305,0.797767
user_d761140c,5,user_6bf0e007,0.797456
user_d761140c,6,user_e59c000f,0.796488
user_d761140c,7,user_5349c6cf,0.793561
user_d761140c,8,user_29cd4556,0.791969
user_d761140c,9,user_b4214db6,0.791277
user_d761140c,10,user_e6dd44b0,0.789813
user_d761140c,11,user_88b2faba,0.787317
user_d761140c,12,user_9d65649f,0.779346
user_d761140c,13,user_14a2d3c6,0.778880
user_d761140c,14,user_0669bdf6,0.777511
user_d761140c,15,user_3121653d,0.774672
user_d849ac6e,1,user_69df6330,0.861657
user_d849ac6e,2,user_adab54a0,0.861489
user_d849ac6e,3,user_3f2fbc90,0.850549
user_d849ac6e,4,user_b49274ca,0.845934
user_d849ac6e,5,user_4db0d490,0.844432
user_d849ac6e,6,user_c39d41d7,0.843311
user_d849ac6e,7,user_15179955,0.840793
user_d849ac6e,8,user_7924afc9,0.839444
user_d849ac6e,9,user_8a760553,0.837443
user_d849ac6e,10,user_c5f32c0d,0.831836
user_d849ac6e,11,user_29cd4556,0.830380
user_d849ac6e,12,user_5c5a0b40,0.828761
user_d849ac6e,13,user_b16e0cf8,0.828076
user_d849ac6e,14,user_f27da10a,0.827698
user_d849ac6e,15,user_f654c33b,0.826653
user_d955d7e2,1,user_8d22714e,0.866802
user_d955d7e2,2,user_5b714afd,0.812168
user_d955d7e2,3,user_0669bdf6,0.809587
user_d955d7e2,4,user_1cfedba8,0.802572
user_d955d7e2,5,user_bd47000f,0.796639
user_d955d7e2,6,user_032e5bc8,0.795591
user_d955d7e2,7,user_0898fc4b,0.792862
user_d955d7e2,8,user_45be01a5,0.791441
user_d955d7e2,9,user_bd05225b,0.789246
user_d955d7e2,10,user_c5f32c0d,0.788049
user_d955d7e2,11,user_91f807b9,0.786301
user_d955d7e2,12,user_0f0ad720,0.786238
user_d955d7e2,13,user_7fd91653,0.785071
user_d955d7e2,14,user_e8a7be73,0.778893
user_d955d7e2,15,user_5881b259,0.777969
user_da51dede,1,user_da51dede,0.796013
user_da51dede,2,user_500badda,0.795509
user_da51dede,3,user_81c4dae1,0.781660
user_da51dede,4,user_83afc7b2,0.775280
user_da51dede,5,user_df8dc9bb,0.773441
user_da51dede,6,user_40efa894,0.771969
user_da51dede,7,user_372c2b3e,0.770482
user_da51dede,8,user_0898fc4b,0.766701
user_da51dede,9,user_3971c3e6,0.765078
user_da51dede,10,user_5b714afd,0.763976
user_da51dede,11,user_0f0ad720,0.760301
user_da51dede,12,user_62b122b9,0.758678
user_da51dede,13,user_7a8f7f3e,0.758611
user_da51dede,14,user_c5f32c0d,0.757199
user_da51dede,15,user_db4c3fb9,0.756996
user_dac2c359,1,user_efa5697b,0.810997
user_dac2c359,2,user_ab30f0fb,0.759667
user_dac2c359,3,user_dac2c359,0.754978
user_dac2c359,4,user_a4a77a7d,0.741320
user_dac2c359,5,user_d4b7e22e,0.737657
user_dac2c359,6,user_8285a696,0.735600
user_dac2c359,7,user_058d9dc1,0.729249
user_dac2c359,8,user_7d944883,0.727232
user_dac2c359,9,user_d758a0a1,0.719319
user_dac2c359,10,user_3f2fbc90,0.716653
user_dac2c359,11,user_96013176,0.714707
user_dac2c359,12,user_3eb49f37,0.710458
user_dac2c359,13,user_d6a91e61,0.702896
user_dac2c359,14,user_e4f8ab0c,0.698788
user_dac2c359,15,user_c994138f,0.695289
user_daf37424,1,user_e802076d,0.858311
user_daf37424,2,user_f654c33b,0.856769
user_daf37424,3,user_15179955,0.856463
user_daf37424,4,user_5881b259,0.854650
user_daf37424,5,user_c39d41d7,0.854227
user_daf37424,6,user_d1d16d30,0.850085
user_daf37424,7,user_40a0bad3,0.846972
user_daf37424,8,user_b16e0cf8,0.846499
user_daf37424,9,user_1a2755b3,0.844589
user_daf37424,10,user_0cee87f3,0.843975
user_daf37424,11,user_dd1d7b22,0.841512
user_daf37424,12,user_02d03e8a,0.839814
user_daf37424,13,user_03969305,0.838364
user_daf37424,14,user_dbc4828c,0.838120
user_daf37424,15,user_7924afc9,0.837895
user_db4c3fb9,1,user_db4c3fb9,0.816818
user_db4c3fb9,2,user_3ff88cf0,0.789696
user_db4c3fb9,3,user_b9d253e8,0.786323
user_db4c3fb9,4,user_ae306850,0.785882
user_db4c3fb9,5,user_72b93300,0.776376
user_db4c3fb9,6,user_b563e90b,0.775541
user_db4c3fb9,7,user_b14ec02b,0.773154
user_db4c3fb9,8,user_cc1c8897,0.762184
user_db4c3fb9,9,user_81c4dae1,0.756272
user_db4c3fb9,10,user_43049634,0.754854
user_db4c3fb9,11,user_a01f16ac,0.754040
user_db4c3fb9,12,user_62b122b9,0.751678
user_db4c3fb9,13,user_83b871b5,0.747995
user_db4c3fb9,14,user_4ea1ef09,0.746564
user_db4c3fb9,15,user_a7145605,0.745422
user_dbbf562e,1,user_9b6481e4,0.788020
user_dbbf562e,2,user_3353b96b,0.763705
user_dbbf562e,3,user_c7beef01,0.757325
user_dbbf562e,4,user_9c88ee3d,0.755041
user_dbbf562e,5,user_94cad3a5,0.749206
user_dbbf562e,6,user_9bee2a7c,0.729079
user_dbbf562e,7,user_ffe2efae,0.721954
user_dbbf562e,8,user_8006727d,0.717591
user_dbbf562e,9,user_07ec3726,0.716970
user_dbbf562e,10,user_0128a546,0.709860
user_dbbf562e,11,user_4f3b6241,0.709337
user_dbbf562e,12,user_55058479,0.706844
user_dbbf562e,13,user_4a57e449,0.706418
user_dbbf562e,14,user_f930e37f,0.705253
user_dbbf562e,15,user_815b7baf,0.703170
user_dc326993,1,user_c994138f,0.871969
user_dc326993,2,user_daf37424,0.851292
user_dc326993,3,user_54c1ebee,0.839055
user_dc326993,4,user_737dd050,0.834773
user_dc326993,5,user_d691d016,0.832167
user_dc326993,6,user_8dd20d7f,0.827586
user_dc326993,7,user_b350e22b,0.826176
user_dc326993,8,user_e696f3ae,0.820797
user_dc326993,9,user_67acd9b1,0.817525
user_dc326993,10,user_fdc08e26,0.815781
user_dc326993,11,user_70bbda36,0.814308
user_dc326993,12,user_586752e4,0.812682
user_dc326993,13,user_df8dc9bb,0.808823
user_dc326993,14,user_9a307ebe,0.808372
user_dc326993,15,user_147d1bbb,0.803732
user_dc32d458,1,user_bd05225b,0.869311
user_dc32d458,2,user_0669bdf6,0.853231
user_dc32d458,3,user_e6057285,0.850560
user_dc32d458,4,user_83afc7b2,0.850511
user_dc32d458,5,user_14a2d3c6,0.848450
user_dc32d458,6,user_f27da10a,0.847246
user_dc32d458,7,user_c5f32c0d,0.845878
user_dc32d458,8,user_5881b259,0.842430
user_dc32d458,9,user_a01f16ac,0.839536
user_dc32d458,10,user_88b2faba,0.838407
user_dc32d458,11,user_d1d16d30,0.837703
user_dc32d458,12,user_5993b36a,0.835065
user_dc32d458,13,user_e5a6abbe,0.834509
user_dc32d458,14,user_df8dc9bb,0.834027
user_dc32d458,15,user_ef954c6e,0.830612
user_dca78fea,1,user_dca78fea,0.710795
user_dca78fea,2,user_10e64e28,0.653913
user_dca78fea,3,user_788a8bb7,0.629310
user_dca78fea,4,user_f7fd2885,0.627369
user_dca78fea,5,user_3971c3e6,0.622773
user_dca78fea,6,user_93cdb7a1,0.613695
user_dca78fea,7,user_83b871b5,0.608881
user_dca78fea,8,user_d499c752,0.605014
user_dca78fea,9,user_0521a7ac,0.603732
user_dca78fea,10,user_394c25cc,0.598844
user_dca78fea,11,user_fa60616d,0.598482
user_dca78fea,12,user_2920b35e,0.590975
user_dca78fea,13,user_c9007141,0.590467
user_dca78fea,14,user_66772d98,0.587438
user_dca78fea,15,user_a74b4eeb,0.585054
user_dd0bd02d,1,user_723406a0,0.839141
user_dd0bd02d,2,user_d955d7e2,0.827295
user_dd0bd02d,3,user_dd0bd02d,0.781491
user_dd0bd02d,4,user_884ffdb2,0.763527
user_dd0bd02d,5,user_8d22714e,0.756140
user_dd0bd02d,6,user_c39d41d7,0.748966
user_dd0bd02d,7,user_4db0d490,0.747723
user_dd0bd02d,8,user_8d968cfb,0.746272
user_dd0bd02d,9,user_3121653d,0.745031
user_dd0bd02d,10,user_83e30c57,0.740765
user_dd0bd02d,11,user_c2f18cf7,0.739951
user_dd0bd02d,12,user_29cd4556,0.739154
user_dd0bd02d,13,user_dbc4828c,0.737345
user_dd0bd02d,14,user_9351238d,0.733802
user_dd0bd02d,15,user_68d19df8,0.733674
user_df8dc9bb,1,user_5349c6cf,0.828075
user_df8dc9bb,2,user_df8dc9bb,0.815770
user_df8dc9bb,3,user_7b052f32,0.801323
user_df8dc9bb,4,user_e802076d,0.788295
user_df8dc9bb,5,user_01916bd2,0.782280
user_df8dc9bb,6,user_cbabbcee,0.774678
user_df8dc9bb,7,user_124651ff,0.769413
user_df8dc9bb,8,user_f0cf195f,0.764518
user_df8dc9bb,9,user_7fd91653,0.762005
user_df8dc9bb,10,user_f51339f8,0.761787
user_df8dc9bb,11,user_d96972e5,0.757727
user_df8dc9bb,12,user_e7ff2beb,0.757687
user_df8dc9bb,13,user_c06d9b71,0.755618
user_df8dc9bb,14,user_03969305,0.755260
user_df8dc9bb,15,user_d1d16d30,0.750866
user_dffc0da5,1,user_acb51eed,0.802110
user_dffc0da5,2,user_f0cf195f,0.789359
user_dffc0da5,3,user_bd47000f,0.787750
user_dffc0da5,4,user_0898fc4b,0.781740
user_dffc0da5,5,user_f60a09b3,0.779496
user_dffc0da5,6,user_eb0927d1,0.778257
user_dffc0da5,7,user_5c82df31,0.777825
user_dffc0da5,8,user_e8a7be73,0.773650
user_dffc0da5,9,user_6fc85c06,0.768149
user_dffc0da5,10,user_bd05225b,0.767235
user_dffc0da5,11,user_d96972e5,0.765942
user_dffc0da5,12,user_869fcb2b,0.762981
user_dffc0da5,13,user_ded778b8,0.759341
user_dffc0da5,14,user_8d22714e,0.757864
user_dffc0da5,15,user_5993b36a,0.756924
user_e0c65725,1,user_2c69b83e,0.827627
user_e0c65725,2,user_7b5f54c0,0.814162
user_e0c65725,3,user_25798310,0.813645
user_e0c65725,4,user_b4d7e69a,0.803116
user_e0c65725,5,user_acd6ddfb,0.799061
user_e0c65725,6,user_c994138f,0.793572
user_e0c65725,7,user_96013176,0.793029
user_e0c65725,8,user_4db0d490,0.790615
user_e0c65725,9,user_07cb458d,0.790322
user_e0c65725,10,user_c5f32c0d,0.789894
user_e0c65725,11,user_405db206,0.781515
user_e0c65725,12,user_9351238d,0.781050
user_e0c65725,13,user_6deada35,0.780932
user_e0c65725,14,user_91db6e48,0.779498
user_e0c65725,15,user_02fecea2,0.778654
user_e10c98bb,1,user_efcacf59,0.778993
user_e10c98bb,2,user_e838707b,0.739390
user_e10c98bb,3,user_3535252b,0.735939
user_e10c98bb,4,user_8be3f554,0.705266
user_e10c98bb,5,user_c8f82360,0.689412
user_e10c98bb,6,user_cf393213,0.689140
user_e10c98bb,7,user_b8daec75,0.669840
user_e10c98bb,8,user_61f90240,0.658793
user_e10c98bb,9,user_bbb0205e,0.652911
user_e10c98bb,10,user_1b7f8c56,0.652848
user_e10c98bb,11,user_649f4327,0.647013
user_e10c98bb,12,user_9ce96cbf,0.642867
user_e10c98bb,13,user_18522854,0.642524
user_e10c98bb,14,user_00723699,0.641791
user_e10c98bb,15,user_a6c2e760,0.639030
user_e14b88a8,1,user_1246b252,0.785128
user_e14b88a8,2,user_e14b88a8,0.780967
user_e14b88a8,3,user_7a8f7f3e,0.774739
user_e14b88a8,4,user_f10e7063,0.770572
user_e14b88a8,5,user_89571ce8,0.764499
user_e14b88a8,6,user_25798310,0.760527
user_e14b88a8,7,user_147d1bbb,0.760126
user_e14b88a8,8,user_6c2d672f,0.757927
user_e14b88a8,9,user_2e81a539,0.751693
user_e14b88a8,10,user_7b5f54c0,0.745676
user_e14b88a8,11,user_03410579,0.745398
user_e14b88a8,12,user_bd05225b,0.745361
user_e14b88a8,13,user_107259c3,0.743928
user_e14b88a8,14,user_4144252d,0.742458
user_e14b88a8,15,user_d758a0a1,0.739355
user_e1730a9c,1,user_e1730a9c,0.790149
user_e1730a9c,2,user_f43d6008,0.742260
user_e1730a9c,3,user_8f8346ad,0.712415
user_e1730a9c,4,user_ec574395,0.706421
user_e1730a9c,5,user_6fbf6191,0.684807
user_e1730a9c,6,user_b6d05d1d,0.680438
user_e1730a9c,7,user_5d1b0daf,0.680261
user_e1730a9c,8,user_126670d7,0.679525
user_e1730a9c,9,user_74d27419,0.679240
user_e1730a9c,10,user_0b5c256a,0.673015
user_e1730a9c,11,user_b49274ca,0.669088
user_e1730a9c,12,user_a8dc91a3,0.668205
user_e1730a9c,13,user_ca6074df,0.664298
user_e1730a9c,14,user_8be3f554,0.661778
user_e1730a9c,15,user_94f185bc,0.657765
user_e409a56d,1,user_7de6f343,0.874001
user_e409a56d,2,user_e409a56d,0.873696
user_e409a56d,3,user_25652863,0.871280
user_e409a56d,4,user_74cfb8ef,0.862623
user_e409a56d,5,user_58bfeaad,0.858410
user_e409a56d,6,user_40efa894,0.852464
user_e409a56d,7,user_6fa47d61,0.839249
user_e409a56d,8,user_53b85563,0.839129
user_e409a56d,9,user_421ae417,0.825785
user_e409a56d,10,user_2c2a5c24,0.825712
user_e409a56d,11,user_ba8b1c05,0.820985
user_e409a56d,12,user_2efde048,0.819888
user_e409a56d,13,user_e6dd44b0,0.819597
user_e409a56d,14,user_08c32973,0.809689
user_e409a56d,15,user_3b1da5d9,0.806770
user_e4ab67b6,1,user_858fa00c,0.814594
user_e4ab67b6,2,user_5ac1a174,0.808334
user_e4ab67b6,3,user_8e5e899b,0.806905
user_e4ab67b6,4,user_d96972e5,0.805069
user_e4ab67b6,5,user_6fc85c06,0.791090
user_e4ab67b6,6,user_e59c000f,0.784886
user_e4ab67b6,7,user_6a13946a,0.777635
user_e4ab67b6,8,user_0cc626ee,0.774436
user_e4ab67b6,9,user_d758a0a1,0.773366
user_e4ab67b6,10,user_586752e4,0.771858
user_e4ab67b6,11,user_0e82fe11,0.771461
user_e4ab67b6,12,user_4144252d,0.768982
user_e4ab67b6,13,user_ed3091a2,0.767941
user_e4ab67b6,14,user_87e5d9b0,0.765592
user_e4ab67b6,15,user_233fda02,0.763075
user_e4f8ab0c,1,user_e4f8ab0c,0.865229
user_e4f8ab0c,2,user_b9036662,0.796584
user_e4f8ab0c,3,user_56980aa9,0.793071
user_e4f8ab0c,4,user_f930e37f,0.783608
user_e4f8ab0c,5,user_25b48a9a,0.782995
user_e4f8ab0c,6,user_9ee84e18,0.776714
user_e4f8ab0c,7,user_6fc85c06,0.774534
user_e4f8ab0c,8,user_5526cbfd,0.761254
user_e4f8ab0c,9,user_058c1800,0.760129
user_e4f8ab0c,10,user_9bee2a7c,0.753348
user_e4f8ab0c,11,user_9571d0d5,0.751586
user_e4f8ab0c,12,user_226be32f,0.751136
user_e4f8ab0c,13,user_6fbf6191,0.749851
user_e4f8ab0c,14,user_c4c70447,0.748735
user_e4f8ab0c,15,user_4f3b6241,0.743828
user_e51692a6,1,user_ee05ee55,0.764512
user_e51692a6,2,user_d2c97c8e,0.745092
user_e51692a6,3,user_3e284ba5,0.729344
user_e51692a6,4,user_fcf93ee8,0.724991
user_e51692a6,5,user_3971c3e6,0.724823
user_e51692a6,6,user_93cdb7a1,0.723241
user_e51692a6,7,user_9a307ebe,0.720279
user_e51692a6,8,user_03410579,0.716434
user_e51692a6,9,user_5a6f92a6,0.715361
user_e51692a6,10,user_500badda,0.713596
user_e51692a6,11,user_acb899e9,0.709132
user_e51692a6,12,user_abde0618,0.707843
user_e51692a6,13,user_f070eee7,0.707353
user_e51692a6,14,user_70bbda36,0.707282
user_e51692a6,15,user_7c7220a4,0.707043
user_e59c000f,1,user_e59c000f,0.905589
user_e59c000f,2,user_6fc85c06,0.867893
user_e59c000f,3,user_e6057285,0.857486
user_e59c000f,4,user_83afc7b2,0.855951
user_e59c000f,5,user_e802076d,0.853843
user_e59c000f,6,user_03969305,0.849585
user_e59c000f,7,user_f60a09b3,0.844694
user_e59c000f,8,user_394c25cc,0.842822
user_e59c000f,9,user_df8dc9bb,0.842666
user_e59c000f,10,user_a4a77a7d,0.842161
user_e59c000f,11,user_5881b259,0.842091
user_e59c000f,12,user_7b052f32,0.842085
user_e59c000f,13,user_1936a7c3,0.841946
user_e59c000f,14,user_7924afc9,0.841446
user_e59c000f,15,user_89e04335,0.838606
user_e5f67397,1,user_a411fb06,0.590486
user_e5f67397,2,user_3353b96b,0.558194
user_e5f67397,3,user_17054ec7,0.508132
user_e5f67397,4,user_4a40c36a,0.478572
user_e5f67397,5,user_3666402b,0.475551
user_e5f67397,6,user_ab8e847b,0.471723
user_e5f67397,7,user_1022be44,0.470392
user_e5f67397,8,user_91321efa,0.465429
user_e5f67397,9,user_6058434c,0.461344
user_e5f67397,10,user_08e9ce6e,0.458822
user_e5f67397,11,user_e8e9acac,0.454112
user_e5f67397,12,user_9c88ee3d,0.453281
user_e5f67397,13,user_4b8335bd,0.451673
user_e5f67397,14,user_8eac0a68,0.451419
user_e5f67397,15,user_fa69a385,0.450522
user_e64d80ba,1,user_e64d80ba,0.879584
user_e64d80ba,2,user_b4f295b3,0.869331
user_e64d80ba,3,user_0ff0b922,0.860682
user_e64d80ba,4,user_70bbda36,0.803457
user_e64d80ba,5,user_107259c3,0.791053
user_e64d80ba,6,user_ba085464,0.785596
user_e64d80ba,7,user_586752e4,0.783179
user_e64d80ba,8,user_2b79ef0b,0.778712
user_e64d80ba,9,user_02016939,0.775847
user_e64d80ba,10,user_500badda,0.767004
user_e64d80ba,11,user_f75c71f0,0.765186
user_e64d80ba,12,user_364bb955,0.763591
user_e64d80ba,13,user_03410579,0.762982
user_e64d80ba,14,user_ded778b8,0.762107
user_e64d80ba,15,user_5c9b579a,0.760769
user_e6dd44b0,1,user_8d968cfb,0.846249
user_e6dd44b0,2,user_3ff3188b,0.828434
user_e6dd44b0,3,user_8be3f554,0.823950
user_e6dd44b0,4,user_c35d6565,0.813528
user_e6dd44b0,5,user_9dda4af9,0.812839
user_e6dd44b0,6,user_183b3783,0.812542
user_e6dd44b0,7,user_4db0d490,0.809361
user_e6dd44b0,8,user_657c72ca,0.809029
user_e6dd44b0,9,user_15179955,0.806315
user_e6dd44b0,10,user_96013176,0.803651
user_e6dd44b0,11,user_69df6330,0.802455
user_e6dd44b0,12,user_405db206,0.797619
user_e6dd44b0,13,user_e5a6abbe,0.794790
user_e6dd44b0,14,user_a8c2208d,0.793603
user_e6dd44b0,15,user_9d65649f,0.793345
user_e7a55eac,1,user_c5f32c0d,0.829046
user_e7a55eac,2,user_886f7373,0.823049
user_e7a55eac,3,user_a01f16ac,0.815566
user_e7a55eac,4,user_54c1ebee,0.813474
user_e7a55eac,5,user_bd05225b,0.812737
user_e7a55eac,6,user_5881b259,0.812209
user_e7a55eac,7,user_3239132f,0.810080
user_e7a55eac,8,user_83afc7b2,0.807993
user_e7a55eac,9,user_5993b36a,0.807497
user_e7a55eac,10,user_df8dc9bb,0.805337
user_e7a55eac,11,user_5c5a0b40,0.804783
user_e7a55eac,12,user_394c25cc,0.803399
user_e7a55eac,13,user_636ad58f,0.801356
user_e7a55eac,14,user_147d1bbb,0.799852
user_e7a55eac,15,user_5526cbfd,0.795896
user_e802076d,1,user_111cfe7d,0.819524
user_e802076d,2,user_e802076d,0.815959
user_e802076d,3,user_cdd86523,0.804094
user_e802076d,4,user_0a3bcf86,0.789421
user_e802076d,5,user_0eb2abf1,0.783298
user_e802076d,6,user_fde2d265,0.777516
user_e802076d,7,user_f930e37f,0.774816
user_e802076d,8,user_cf393213,0.773918
user_e802076d,9,user_74d27419,0.772519
user_e802076d,10,user_1a2755b3,0.769311
user_e802076d,11,user_d67450a8,0.766808
user_e802076d,12,user_91db6e48,0.765677
user_e802076d,13,user_ded778b8,0.760178
user_e802076d,14,user_03969305,0.760159
user_e802076d,15,user_32934d38,0.752496
user_e838707b,1,user_bbe73426,0.784853
user_e838707b,2,user_205d25f3,0.766079
user_e838707b,3,user_bf69de98,0.753902
user_e838707b,4,user_1f1dc5e0,0.732458
user_e838707b,5,user_1b7f8c56,0.728059
user_e838707b,6,user_52c9252c,0.727340
user_e838707b,7,user_970963fd,0.727151
user_e838707b,8,user_95d648bc,0.721228
user_e838707b,9,user_27a3fa64,0.717910
user_e838707b,10,user_fba6bcd4,0.714918
user_e838707b,11,user_1936a7c3,0.714640
user_e838707b,12,user_6d071251,0.714476
user_e838707b,13,user_e6057285,0.712824
user_e838707b,14,user_b325310b,0.710783
user_e838707b,15,user_cb2fe204,0.710275
user_e8613813,1,user_7f56f9a5,0.816749
user_e8613813,2,user_920c074a,0.810152
user_e8613813,3,user_93cdb7a1,0.805518
user_e8613813,4,user_f930e37f,0.804082
user_e8613813,5,user_aabd2642,0.790261
user_e8613813,6,user_5c9b579a,0.786557
user_e8613813,7,user_b0129d9e,0.782610
user_e8613813,8,user_63b4be5f,0.776012
user_e8613813,9,user_2e81a539,0.776009
user_e8613813,10,user_d2c97c8e,0.762301
user_e8613813,11,user_b1d0760b,0.759661
user_e8613813,12,user_364bb955,0.757902
user_e8613813,13,user_03410579,0.754216
user_e8613813,14,user_fdc08e26,0.753798
user_e8613813,15,user_885e8708,0.753545
user_e88c308b,1,user_3ff3188b,0.821219
user_e88c308b,2,user_e696f3ae,0.802427
user_e88c308b,3,user_04f39d22,0.796025
user_e88c308b,4,user_fa60616d,0.790935
user_e88c308b,5,user_c34e791e,0.788354
user_e88c308b,6,user_dd1d7b22,0.783001
user_e88c308b,7,user_98f18241,0.782444
user_e88c308b,8,user_e9d1886c,0.779823
user_e88c308b,9,user_fba6bcd4,0.773973
user_e88c308b,10,user_03969305,0.772442
user_e88c308b,11,user_9a307ebe,0.770961
user_e88c308b,12,user_02016939,0.769967
user_e88c308b,13,user_6476648d,0.769212
user_e88c308b,14,user_bd19a016,0.768402
user_e88c308b,15,user_40efa894,0.763684
user_e8a7be73,1,user_96013176,0.836491
user_e8a7be73,2,user_e802076d,0.824975
user_e8a7be73,3,user_03969305,0.811225
user_e8a7be73,4,user_586752e4,0.806093
user_e8a7be73,5,user_84c14a6f,0.806045
user_e8a7be73,6,user_8a760553,0.805462
user_e8a7be73,7,user_e59c000f,0.802801
user_e8a7be73,8,user_394c25cc,0.802675
user_e8a7be73,9,user_8292753c,0.801948
user_e8a7be73,10,user_88b2faba,0.799417
user_e8a7be73,11,user_147d1bbb,0.796475
user_e8a7be73,12,user_886f7373,0.796422
user_e8a7be73,13,user_c204a1dd,0.793660
user_e8a7be73,14,user_dc32d458,0.791354
user_e8a7be73,15,user_a151ddab,0.788150
user_e8e9acac,1,user_02fecea2,0.799797
user_e8e9acac,2,user_67acd9b1,0.795046
user_e8e9acac,3,user_8fb63eca,0.786303
user_e8e9acac,4,user_70bbda36,0.773994
user_e8e9acac,5,user_54c1ebee,0.770074
user_e8e9acac,6,user_7b5f54c0,0.761381
user_e8e9acac,7,user_e696f3ae,0.757037
user_e8e9acac,8,user_3431c049,0.756924
user_e8e9acac,9,user_166a3647,0.752877
user_e8e9acac,10,user_1a7d6cd5,0.751556
user_e8e9acac,11,user_586752e4,0.751325
user_e8e9acac,12,user_e8e9acac,0.750252
user_e8e9acac,13,user_737dd050,0.747652
user_e8e9acac,14,user_b63ea1d4,0.744923
user_e8e9acac,15,user_ffe2efae,0.742769
user_e9d1886c,1,user_e9d1886c,0.813998
user_e9d1886c,2,user_04f39d22,0.802599
user_e9d1886c,3,user_b2aba63a,0.793934
user_e9d1886c,4,user_e696f3ae,0.778574
user_e9d1886c,5,user_98f18241,0.768299
user_e9d1886c,6,user_f030b951,0.762844
user_e9d1886c,7,user_d2c97c8e,0.762369
user_e9d1886c,8,user_daf59045,0.762134
user_e9d1886c,9,user_72b93300,0.753258
user_e9d1886c,10,user_c34e791e,0.752993
user_e9d1886c,11,user_1f09455f,0.750218
user_e9d1886c,12,user_40efa894,0.748102
user_e9d1886c,13,user_9a307ebe,0.746756
user_e9d1886c,14,user_a3a4a20a,0.746687
user_e9d1886c,15,user_3ff3188b,0.742736
user_ea67f9c6,1,user_9692f077,0.663965
user_ea67f9c6,2,user_2920b35e,0.649404
user_ea67f9c6,3,user_38f4dfac,0.649002
user_ea67f9c6,4,user_8292753c,0.636954
user_ea67f9c6,5,user_8713f22a,0.636695
user_ea67f9c6,6,user_5a6c91dd,0.636673
user_ea67f9c6,7,user_a7f8db34,0.614408
user_ea67f9c6,8,user_b7f60e64,0.611572
user_ea67f9c6,9,user_6169d3b8,0.610126
user_ea67f9c6,10,user_07db2c6a,0.609826
user_ea67f9c6,11,user_2b03934e,0.608711
user_ea67f9c6,12,user_8e5e899b,0.608431
user_ea67f9c6,13,user_a151ddab,0.608054
user_ea67f9c6,14,user_ea67f9c6,0.604711
user_ea67f9c6,15,user_ce424e88,0.602888
user_ebe17c78,1,user_cdd86523,0.714043
user_ebe17c78,2,user_9bee2a7c,0.709824
user_ebe17c78,3,user_f930e37f,0.701183
user_ebe17c78,4,user_9ff844ba,0.692413
user_ebe17c78,5,user_54b19b29,0.682474
user_ebe17c78,6,user_0eb2abf1,0.681934
user_ebe17c78,7,user_6fbf6191,0.681192
user_ebe17c78,8,user_cf393213,0.675536
user_ebe17c78,9,user_6fc85c06,0.673043
user_ebe17c78,10,user_74d27419,0.671497
user_ebe17c78,11,user_4a57e449,0.669249
user_ebe17c78,12,user_111cfe7d,0.669164
user_ebe17c78,13,user_5159d3a1,0.666719
user_ebe17c78,14,user_41d0c897,0.662192
user_ebe17c78,15,user_07ec3726,0.661605
user_ec574395,1,user_a8dc91a3,0.833878
user_ec574395,2,user_8f8346ad,0.830912
user_ec574395,3,user_8be3f554,0.817518
user_ec574395,4,user_cf393213,0.807768
user_ec574395,5,user_2dd5b531,0.802736
user_ec574395,6,user_41d0c897,0.799867
user_ec574395,7,user_29cd4556,0.794756
user_ec574395,8,user_94f185bc,0.790669
user_ec574395,9,user_6bf0e007,0.790337
user_ec574395,10,user_ec574395,0.789868
user_ec574395,11,user_89e04335,0.785180
user_ec574395,12,user_406c399e,0.776272
user_ec574395,13,user_03969305,0.770653
user_ec574395,14,user_a151ddab,0.767371
user_ec574395,15,user_e59c000f,0.764929
user_ecba8131,1,user_970963fd,0.693371
user_ecba8131,2,user_30802254,0.687016
user_ecba8131,3,user_6d071251,0.682589
user_ecba8131,4,user_f0b144fc,0.655453
user_ecba8131,5,user_bf69de98,0.653405
user_ecba8131,6,user_80dc757f,0.649056
user_ecba8131,7,user_89e04335,0.646702
user_ecba8131,8,user_bbe73426,0.645219
user_ecba8131,9,user_4e800fa1,0.640991
user_ecba8131,10,user_64d76dfd,0.638316
user_ecba8131,11,user_dc326993,0.638194
user_ecba8131,12,user_15179955,0.637737
user_ecba8131,13,user_9600e8bf,0.626440
user_ecba8131,14,user_d199bef3,0.626285
user_ecba8131,15,user_183b3783,0.625506
user_ecc1ca0a,1,user_ecc1ca0a,0.720985
user_ecc1ca0a,2,user_82d93459,0.720613
user_ecc1ca0a,3,user_ff591131,0.712961
user_ecc1ca0a,4,user_5c82df31,0.695214
user_ecc1ca0a,5,user_959adfc8,0.694777
user_ecc1ca0a,6,user_d691d016,0.691804
user_ecc1ca0a,7,user_e4f8ab0c,0.691802
user_ecc1ca0a,8,user_96013176,0.691145
user_ecc1ca0a,9,user_a151ddab,0.688185
user_ecc1ca0a,10,user_586752e4,0.670695
user_ecc1ca0a,11,user_c9007141,0.668287
user_ecc1ca0a,12,user_39aad1a2,0.666933
user_ecc1ca0a,13,user_8292753c,0.661297
user_ecc1ca0a,14,user_7d944883,0.658153
user_ecc1ca0a,15,user_3bb7992e,0.657209
user_ed1aaed8,1,user_e8e9acac,0.805465
user_ed1aaed8,2,user_67acd9b1,0.792254
user_ed1aaed8,3,user_b2aba63a,0.790732
user_ed1aaed8,4,user_ffe2efae,0.783938
user_ed1aaed8,5,user_9a5457b0,0.771704
user_ed1aaed8,6,user_4d4f73a6,0.758635
user_ed1aaed8,7,user_3f2894b5,0.751884
user_ed1aaed8,8,user_9ee84e18,0.740044
user_ed1aaed8,9,user_8006727d,0.737927
user_ed1aaed8,10,user_46bb5302,0.729285
user_ed1aaed8,11,user_9351238d,0.727314
user_ed1aaed8,12,user_25b48a9a,0.726244
user_ed1aaed8,13,user_3b79395c,0.725048
user_ed1aaed8,14,user_02fecea2,0.717800
user_ed1aaed8,15,user_4a57e449,0.711013
user_ee05ee55,1,user_ee05ee55,0.811837
user_ee05ee55,2,user_f070eee7,0.722625
user_ee05ee55,3,user_a5e548ce,0.722528
user_ee05ee55,4,user_fcf93ee8,0.721128
user_ee05ee55,5,user_5738db35,0.719808
user_ee05ee55,6,user_6169d3b8,0.714759
user_ee05ee55,7,user_e8e9acac,0.712050
user_ee05ee55,8,user_1a7d6cd5,0.712012
user_ee05ee55,9,user_3b79395c,0.702471
user_ee05ee55,10,user_107259c3,0.694261
user_ee05ee55,11,user_9ee84e18,0.690060
user_ee05ee55,12,user_ab434739,0.690043
user_ee05ee55,13,user_17054ec7,0.690036
user_ee05ee55,14,user_4d4f73a6,0.689099
user_ee05ee55,15,user_e8ff8a9a,0.684508
user_ee14f818,1,user_2c69b83e,0.839117
user_ee14f818,2,user_25798310,0.822891
user_ee14f818,3,user_7b5f54c0,0.810153
user_ee14f818,4,user_147d1bbb,0.807918
user_ee14f818,5,user_81a80789,0.807909
user_ee14f818,6,user_9a307ebe,0.804443
user_ee14f818,7,user_03969305,0.802939
user_ee14f818,8,user_b63ea1d4,0.802933
user_ee14f818,9,user_e5a6abbe,0.801050
user_ee14f818,10,user_70bbda36,0.796843
user_ee14f818,11,user_df8dc9bb,0.796148
user_ee14f818,12,user_c39d41d7,0.794264
user_ee14f818,13,user_c5f32c0d,0.792849
user_ee14f818,14,user_fdc08e26,0.792696
user_ee14f818,15,user_586752e4,0.792383
user_ee8d5ec5,1,user_ee8d5ec5,0.770022
user_ee8d5ec5,2,user_dd6e7bcb,0.722781
user_ee8d5ec5,3,user_f60a09b3,0.689378
user_ee8d5ec5,4,user_b350e22b,0.683859
user_ee8d5ec5,5,user_88b2faba,0.679763
user_ee8d5ec5,6,user_7f56f9a5,0.666809
user_ee8d5ec5,7,user_03969305,0.662975
user_ee8d5ec5,8,user_5526cbfd,0.657548
user_ee8d5ec5,9,user_40a0bad3,0.657340
user_ee8d5ec5,10,user_8d22714e,0.655437
user_ee8d5ec5,11,user_6fc85c06,0.653885
user_ee8d5ec5,12,user_c5f32c0d,0.649245
user_ee8d5ec5,13,user_94f185bc,0.646248
user_ee8d5ec5,14,user_9571d0d5,0.644549
user_ee8d5ec5,15,user_ef954c6e,0.644199
user_ef954c6e,1,user_0eb2abf1,0.869327
user_ef954c6e,2,user_a57e47b1,0.853538
user_ef954c6e,3,user_cdd86523,0.839790
user_ef954c6e,4,user_f4f9490d,0.825303
user_ef954c6e,5,user_c06d9b71,0.824864
user_ef954c6e,6,user_ef954c6e,0.817502
user_ef954c6e,7,user_40a0bad3,0.816202
user_ef954c6e,8,user_cf393213,0.815873
user_ef954c6e,9,user_dd1d7b22,0.812962
user_ef954c6e,10,user_a743aff9,0.811997
user_ef954c6e,11,user_5a283043,0.809065
user_ef954c6e,12,user_fdcaaf41,0.809050
user_ef954c6e,13,user_2dd5b531,0.806333
user_ef954c6e,14,user_69df6330,0.801326
user_ef954c6e,15,user_45926b89,0.797349
user_efcacf59,1,user_970963fd,0.761036
user_efcacf59,2,user_4f8b6987,0.688877
user_efcacf59,3,user_c536b01d,0.684972
user_efcacf59,4,user_6d071251,0.656752
user_efcacf59,5,user_bf69de98,0.656677
user_efcacf59,6,user_64d76dfd,0.635520
user_efcacf59,7,user_efcacf59,0.625723
user_efcacf59,8,user_f0b144fc,0.625513
user_efcacf59,9,user_69193575,0.621238
user_efcacf59,10,user_9600e8bf,0.616053
user_efcacf59,11,user_886f7373,0.611590
user_efcacf59,12,user_bbe73426,0.609344
user_efcacf59,13,user_1f1dc5e0,0.606615
user_efcacf59,14,user_ece9bfd2,0.606273
user_efcacf59,15,user_4e800fa1,0.605126
user_f030b951,1,user_daf37424,0.836155
user_f030b951,2,user_9dda4af9,0.829818
user_f030b951,3,user_c35d6565,0.829221
user_f030b951,4,user_96013176,0.828941
user_f030b951,5,user_c994138f,0.821868
user_f030b951,6,user_e6dd44b0,0.819839
user_f030b951,7,user_e802076d,0.818011
user_f030b951,8,user_7aa3746b,0.814761
user_f030b951,9,user_a151ddab,0.811185
user_f030b951,10,user_dd6e7bcb,0.804746
user_f030b951,11,user_5c5a0b40,0.804633
user_f030b951,12,user_e59c000f,0.803698
user_f030b951,13,user_f030b951,0.802774
user_f030b951,14,user_8292753c,0.802647
user_f030b951,15,user_3121653d,0.800348
user_f070eee7,1,user_f070eee7,0.857543
user_f070eee7,2,user_7c7220a4,0.827622
user_f070eee7,3,user_5a6f92a6,0.826398
user_f070eee7,4,user_500badda,0.806389
user_f070eee7,5,user_9a307ebe,0.804174
user_f070eee7,6,user_83afc7b2,0.801365
user_f070eee7,7,user_fcf93ee8,0.798096
user_f070eee7,8,user_107259c3,0.798037
user_f070eee7,9,user_7a8f7f3e,0.786464
user_f070eee7,10,user_03410579,0.784698
user_f070eee7,11,user_df8dc9bb,0.777707
user_f070eee7,12,user_e59c000f,0.777627
user_f070eee7,13,user_5c9b579a,0.774720
user_f070eee7,14,user_70bbda36,0.765893
user_f070eee7,15,user_e8a7be73,0.765256
user_f0b144fc,1,user_a4a77a7d,0.853793
user_f0b144fc,2,user_ab30f0fb,0.813635
user_f0b144fc,3,user_29cd4556,0.804032
user_f0b144fc,4,user_3f2fbc90,0.796659
user_f0b144fc,5,user_79f04645,0.793338
user_f0b144fc,6,user_83afc7b2,0.792146
user_f0b144fc,7,user_df8dc9bb,0.790429
user_f0b144fc,8,user_0669bdf6,0.789243
user_f0b144fc,9,user_03969305,0.785412
user_f0b144fc,10,user_efa5697b,0.781895
user_f0b144fc,11,user_7aa3746b,0.779240
user_f0b144fc,12,user_0cc626ee,0.775919
user_f0b144fc,13,user_d758a0a1,0.775413
user_f0b144fc,14,user_e4f8ab0c,0.771945
user_f0b144fc,15,user_9571d0d5,0.771239
user_f0cf195f,1,user_f0cf195f,0.817740
user_f0cf195f,2,user_2cb4b018,0.696958
user_f0cf195f,3,user_ef954c6e,0.683276
user_f0cf195f,4,user_b337cb0c,0.675754
user_f0cf195f,5,user_e5a6abbe,0.671884
user_f0cf195f,6,user_aabd2642,0.667082
user_f0cf195f,7,user_cbabbcee,0.663151
user_f0cf195f,8,user_01916bd2,0.662608
user_f0cf195f,9,user_4e54f3d7,0.660070
user_f0cf195f,10,user_88b2faba,0.659300
user_f0cf195f,11,user_95d648bc,0.658234
user_f0cf195f,12,user_0c578ab5,0.657128
user_f0cf195f,13,user_3a39cc49,0.656748
user_f0cf195f,14,user_ef05ad51,0.654905
user_f0cf195f,15,user_00723699,0.654725
user_f107081e,1,user_c06d9b71,0.795461
user_f107081e,2,user_afff552a,0.777310
user_f107081e,3,user_b337cb0c,0.776480
user_f107081e,4,user_80dc757f,0.755734
user_f107081e,5,user_7924afc9,0.755446
user_f107081e,6,user_ef954c6e,0.755161
user_f107081e,7,user_2cb4b018,0.754881
user_f107081e,8,user_d8335067,0.748117
user_f107081e,9,user_1b7f8c56,0.745975
user_f107081e,10,user_acb51eed,0.740898
user_f107081e,11,user_b605d5c9,0.740079
user_f107081e,12,user_9e39a95d,0.739536
user_f107081e,13,user_7fd91653,0.737176
user_f107081e,14,user_d1d16d30,0.731361
user_f107081e,15,user_a01f16ac,0.726532
user_f27da10a,1,user_b6350ec1,0.826682
user_f27da10a,2,user_ed1aaed8,0.824675
user_f27da10a,3,user_2920b35e,0.822095
user_f27da10a,4,user_1f09455f,0.809721
user_f27da10a,5,user_70bbda36,0.808215
user_f27da10a,6,user_70580e9a,0.803615
user_f27da10a,7,user_02016939,0.800250
user_f27da10a,8,user_03969305,0.797577
user_f27da10a,9,user_e409a56d,0.795267
user_f27da10a,10,user_40efa894,0.784921
user_f27da10a,11,user_f030b951,0.783687
user_f27da10a,12,user_e6dd44b0,0.782095
user_f27da10a,13,user_7de6f343,0.781819
user_f27da10a,14,user_04f39d22,0.778806
user_f27da10a,15,user_b16e0cf8,0.778320
user_f3377028,1,user_7de6f343,0.891401
user_f3377028,2,user_04f39d22,0.880564
user_f3377028,3,user_6fa47d61,0.873996
user_f3377028,4,user_f3377028,0.855703
user_f3377028,5,user_421ae417,0.854743
user_f3377028,6,user_38fbcf73,0.841049
user_f3377028,7,user_ba8b1c05,0.840314
user_f3377028,8,user_6d421600,0.838711
user_f3377028,9,user_74cfb8ef,0.834685
user_f3377028,10,user_0bc8e727,0.832734
user_f3377028,11,user_daf59045,0.832384
user_f3377028,12,user_08c32973,0.831009
user_f3377028,13,user_795650bb,0.825630
user_f3377028,14,user_2c2a5c24,0.825207
user_f3377028,15,user_e409a56d,0.823670
user_f368b9da,1,user_c35d6565,0.841642
user_f368b9da,2,user_ca6074df,0.839398
user_f368b9da,3,user_b6d05d1d,0.838538
user_f368b9da,4,user_a8dc91a3,0.820754
user_f368b9da,5,user_adab54a0,0.814088
user_f368b9da,6,user_8fe14601,0.813919
user_f368b9da,7,user_4db0d490,0.810970
user_f368b9da,8,user_9dda4af9,0.810456
user_f368b9da,9,user_5d1b0daf,0.808823
user_f368b9da,10,user_8f8346ad,0.806063
user_f368b9da,11,user_bdcc6e7d,0.802497
user_f368b9da,12,user_4384dffe,0.799028
user_f368b9da,13,user_3f2fbc90,0.797815
user_f368b9da,14,user_65d73ac1,0.793029
user_f368b9da,15,user_8be3f554,0.792808
user_f43d6008,1,user_7924afc9,0.793686
user_f43d6008,2,user_b49274ca,0.785723
user_f43d6008,3,user_50e2a836,0.785107
user_f43d6008,4,user_a743aff9,0.784759
user_f43d6008,5,user_405db206,0.779887
user_f43d6008,6,user_723406a0,0.777791
user_f43d6008,7,user_69df6330,0.771269
user_f43d6008,8,user_5881b259,0.771088
user_f43d6008,9,user_f27da10a,0.770718
user_f43d6008,10,user_fdc08e26,0.769182
user_f43d6008,11,user_c5f32c0d,0.768504
user_f43d6008,12,user_c39d41d7,0.768282
user_f43d6008,13,user_9571d0d5,0.764248
user_f43d6008,14,user_68d19df8,0.763007
user_f43d6008,15,user_0cc626ee,0.761661
user_f4f9490d,1,user_87e5d9b0,0.831386
user_f4f9490d,2,user_8e5e899b,0.822702
user_f4f9490d,3,user_233fda02,0.799320
user_f4f9490d,4,user_4144252d,0.795265
user_f4f9490d,5,user_bd05225b,0.781682
user_f4f9490d,6,user_29266f60,0.780198
user_f4f9490d,7,user_5ac1a174,0.780171
user_f4f9490d,8,user_858fa00c,0.777251
user_f4f9490d,9,user_107259c3,0.773086
user_f4f9490d,10,user_147d1bbb,0.771513
user_f4f9490d,11,user_166a3647,0.770583
user_f4f9490d,12,user_25798310,0.765958
user_f4f9490d,13,user_586752e4,0.765663
user_f4f9490d,14,user_df8dc9bb,0.760741
user_f4f9490d,15,user_f4f9490d,0.759267
user_f5138e15,1,user_f5138e15,0.763636
user_f5138e15,2,user_bd6a40d5,0.592201
user_f5138e15,3,user_ba085464,0.576884
user_f5138e15,4,user_caa6a7b6,0.565628
user_f5138e15,5,user_fe67197f,0.537615
user_f5138e15,6,user_8f39f021,0.528330
user_f5138e15,7,user_a973cf8e,0.528131
user_f5138e15,8,user_32934d38,0.519228
user_f5138e15,9,user_fa60616d,0.518573
user_f5138e15,10,user_dca78fea,0.515009
user_f5138e15,11,user_93cdb7a1,0.512005
user_f5138e15,12,user_bb8be7e3,0.507529
user_f5138e15,13,user_89e04335,0.507395
user_f5138e15,14,user_476670f9,0.506251
user_f5138e15,15,user_b325310b,0.502824
user_f52ced02,1,user_48669fd6,0.656826
user_f52ced02,2,user_2c940ff8,0.649253
user_f52ced02,3,user_e3f9409b,0.631437
user_f52ced02,4,user_6fc85c06,0.625918
user_f52ced02,5,user_858fa00c,0.619574
user_f52ced02,6,user_f52ced02,0.617100
user_f52ced02,7,user_6ab8f7d4,0.603893
user_f52ced02,8,user_f10e7063,0.600527
user_f52ced02,9,user_b9036662,0.599963
user_f52ced02,10,user_d758a0a1,0.593034
user_f52ced02,11,user_3eb49f37,0.590416
user_f52ced02,12,user_0f006eec,0.588410
user_f52ced02,13,user_906e2423,0.587523
user_f52ced02,14,user_9571d0d5,0.573871
user_f52ced02,15,user_7fd91653,0.573124
user_f54058d0,1,user_f54058d0,0.919743
user_f54058d0,2,user_ed1aaed8,0.823419
user_f54058d0,3,user_4bd9303b,0.760920
user_f54058d0,4,user_ab439a92,0.723901
user_f54058d0,5,user_91db6e48,0.706353
user_f54058d0,6,user_2f4cc646,0.696249
user_f54058d0,7,user_8e92b8c1,0.691936
user_f54058d0,8,user_54c1ebee,0.688393
user_f54058d0,9,user_147d1bbb,0.687654
user_f54058d0,10,user_7b5f54c0,0.685873
user_f54058d0,11,user_9351238d,0.682476
user_f54058d0,12,user_5a6c91dd,0.681900
user_f54058d0,13,user_e6dd44b0,0.681457
user_f54058d0,14,user_c994138f,0.680965
user_f54058d0,15,user_daf37424,0.678593
user_f5e2976e,1,user_f5e2976e,0.894248
user_f5e2976e,2,user_1c7b7780,0.783206
user_f5e2976e,3,user_7bbd1543,0.764150
user_f5e2976e,4,user_21b4fa31,0.732073
user_f5e2976e,5,user_421ae417,0.706003
user_f5e2976e,6,user_ba085464,0.704121
user_f5e2976e,7,user_be018f9d,0.702003
user_f5e2976e,8,user_e51692a6,0.701232
user_f5e2976e,9,user_0bc8e727,0.699444
user_f5e2976e,10,user_417702c5,0.697862
user_f5e2976e,11,user_16ac4154,0.690494
user_f5e2976e,12,user_0a0bcaa6,0.686073
user_f5e2976e,13,user_3ac315cb,0.681207
user_f5e2976e,14,user_4f755977,0.675838
user_f5e2976e,15,user_0e408c4a,0.675325
user_f5fea76f,1,user_f5fea76f,0.784348
user_f5fea76f,2,user_22adb798,0.762655
user_f5fea76f,3,user_eda37c14,0.735118
user_f5fea76f,4,user_414a6eaf,0.728266
user_f5fea76f,5,user_979ee068,0.714298
user_f5fea76f,6,user_92fe4471,0.704434
user_f5fea76f,7,user_9fc3c829,0.681891
user_f5fea76f,8,user_737d3148,0.679521
user_f5fea76f,9,user_7b4c75ab,0.655875
user_f5fea76f,10,user_f10e7063,0.630443
user_f5fea76f,11,user_4c8199a7,0.610252
user_f5fea76f,12,user_226be32f,0.607491
user_f5fea76f,13,user_858fa00c,0.603630
user_f5fea76f,14,user_82d93459,0.599612
user_f5fea76f,15,user_e8cdb142,0.597828
user_f60a09b3,1,user_23ecc36a,0.670843
user_f60a09b3,2,user_1e08d102,0.626943
user_f60a09b3,3,user_f827c7dd,0.618106
user_f60a09b3,4,user_18522854,0.588181
user_f60a09b3,5,user_b429ec64,0.583363
user_f60a09b3,6,user_75251485,0.581055
user_f60a09b3,7,user_a2503734,0.577021
user_f60a09b3,8,user_906e2423,0.559478
user_f60a09b3,9,user_b2dd04c8,0.559435
user_f60a09b3,10,user_0f006eec,0.559101
user_f60a09b3,11,user_ba4a78fc,0.555145
user_f60a09b3,12,user_d67450a8,0.550039
user_f60a09b3,13,user_b1c16312,0.547224
user_f60a09b3,14,user_f43d6008,0.536040
user_f60a09b3,15,user_c32db875,0.535646
user_f7538815,1,user_f7538815,0.850340
user_f7538815,2,user_f1649486,0.707713
user_f7538815,3,user_b6350ec1,0.704402
user_f7538815,4,user_9dda4af9,0.697473
user_f7538815,5,user_bdcc6e7d,0.690934
user_f7538815,6,user_daf37424,0.682522
user_f7538815,7,user_3ff3188b,0.680079
user_f7538815,8,user_c35d6565,0.674898
user_f7538815,9,user_57c1d6c0,0.670782
user_f7538815,10,user_d6175d39,0.668608
user_f7538815,11,user_07cb458d,0.665848
user_f7538815,12,user_3ac315cb,0.665847
user_f7538815,13,user_7aa3746b,0.662988
user_f7538815,14,user_1a2755b3,0.662386
user_f7538815,15,user_65d73ac1,0.660206
user_f75c71f0,1,user_f75c71f0,0.853627
user_f75c71f0,2,user_394c25cc,0.837113
user_f75c71f0,3,user_f51339f8,0.828852
user_f75c71f0,4,user_7f56f9a5,0.813364
user_f75c71f0,5,user_0521a7ac,0.799753
user_f75c71f0,6,user_e6057285,0.798637
user_f75c71f0,7,user_5993b36a,0.789437
user_f75c71f0,8,user_a743aff9,0.787420
user_f75c71f0,9,user_ebddf9c1,0.787308
user_f75c71f0,10,user_5881b259,0.781825
user_f75c71f0,11,user_1936a7c3,0.779993
user_f75c71f0,12,user_2e81a539,0.779366
user_f75c71f0,13,user_5c82df31,0.778790
user_f75c71f0,14,user_fc1cfe0b,0.778208
user_f75c71f0,15,user_4e800fa1,0.775900
user_f7bb8af1,1,user_9a307ebe,0.836998
user_f7bb8af1,2,user_c34e791e,0.833505
user_f7bb8af1,3,user_3ff3188b,0.814812
user_f7bb8af1,4,user_3b79395c,0.814639
user_f7bb8af1,5,user_e696f3ae,0.809484
user_f7bb8af1,6,user_91db6e48,0.806625
user_f7bb8af1,7,user_67acd9b1,0.805039
user_f7bb8af1,8,user_03969305,0.803335
user_f7bb8af1,9,user_daf37424,0.798817
user_f7bb8af1,10,user_e59c000f,0.797727
user_f7bb8af1,11,user_dae4304f,0.797376
user_f7bb8af1,12,user_586752e4,0.795894
user_f7bb8af1,13,user_c994138f,0.791188
user_f7bb8af1,14,user_9ee84e18,0.790082
user_f7bb8af1,15,user_2dd5b531,0.789696
user_f7fd2885,1,user_2e60c125,0.600278
user_f7fd2885,2,user_192a215d,0.564198
user_f7fd2885,3,user_201c8c78,0.560370
user_f7fd2885,4,user_6fa47d61,0.559354
user_f7fd2885,5,user_bf30f80d,0.549765
user_f7fd2885,6,user_f5e1eee0,0.547707
user_f7fd2885,7,user_38fbcf73,0.545104
user_f7fd2885,8,user_5062c872,0.539831
user_f7fd2885,9,user_08c32973,0.539798
user_f7fd2885,10,user_85c97ea1,0.534833
user_f7fd2885,11,user_502a8cea,0.534301
user_f7fd2885,12,user_83e45cc0,0.531555
user_f7fd2885,13,user_f3377028,0.526967
user_f7fd2885,14,user_58bfeaad,0.526133
user_f7fd2885,15,user_0bd8ba7c,0.524447
user_f827c7dd,1,user_9b517815,0.684179
user_f827c7dd,2,user_e4ab67b6,0.664241
user_f827c7dd,3,user_f827c7dd,0.654264
user_f827c7dd,4,user_906e2423,0.632101
user_f827c7dd,5,user_37cd2dc9,0.626431
user_f827c7dd,6,user_78eff25f,0.625078
user_f827c7dd,7,user_49b1ac46,0.614534
user_f827c7dd,8,user_1bcbacb3,0.607024
user_f827c7dd,9,user_3a55606c,0.595775
user_f827c7dd,10,user_438fb63c,0.592021
user_f827c7dd,11,user_4d4f73a6,0.591951
user_f827c7dd,12,user_6a0b0e92,0.589787
user_f827c7dd,13,user_0ef44f54,0.589531
user_f827c7dd,14,user_dcf52d26,0.586298
user_f827c7dd,15,user_ed3091a2,0.585236
user_f8e2246f,1,user_6bb64984,0.785463
user_f8e2246f,2,user_c41de62b,0.753522
user_f8e2246f,3,user_f8e2246f,0.744453
user_f8e2246f,4,user_6011e674,0.726578
user_f8e2246f,5,user_b6b89f00,0.720791
user_f8e2246f,6,user_25b48a9a,0.719735
user_f8e2246f,7,user_417702c5,0.719371
user_f8e2246f,8,user_daf53db6,0.719195
user_f8e2246f,9,user_649f4327,0.714320
user_f8e2246f,10,user_fb64cb55,0.712549
user_f8e2246f,11,user_4f864d55,0.705614
user_f8e2246f,12,user_00723699,0.698202
user_f8e2246f,13,user_2dc10d2d,0.689412
user_f8e2246f,14,user_7af2ed90,0.687735
user_f8e2246f,15,user_82d93459,0.685997
user_f930e37f,1,user_51779823,0.820384
user_f930e37f,2,user_c6f50d12,0.786731
user_f930e37f,3,user_75251485,0.743918
user_f930e37f,4,user_91f807b9,0.710406
user_f930e37f,5,user_454733da,0.690453
user_f930e37f,6,user_a2503734,0.660731
user_f930e37f,7,user_126670d7,0.657983
user_f930e37f,8,user_d955d7e2,0.645470
user_f930e37f,9,user_8be3f554,0.644519
user_f930e37f,10,user_74d27419,0.644141
user_f930e37f,11,user_8f8346ad,0.643946
user_f930e37f,12,user_a4aab257,0.641650
user_f930e37f,13,user_b429ec64,0.640223
user_f930e37f,14,user_f930e37f,0.638605
user_f930e37f,15,user_2eb5d860,0.635669
user_f959eee4,1,user_f959eee4,0.834361
user_f959eee4,2,user_63b4ae7a,0.499064
user_f959eee4,3,user_0bd8ba7c,0.445996
user_f959eee4,4,user_d14b7d7b,0.430604
user_f959eee4,5,user_6b311f43,0.427468
user_f959eee4,6,user_2c3eb234,0.426694
user_f959eee4,7,user_d20928cc,0.421790
user_f959eee4,8,user_efcacf59,0.420654
user_f959eee4,9,user_8c0c7619,0.407062
user_f959eee4,10,user_833d8832,0.402531
user_f959eee4,11,user_32934d38,0.401227
user_f959eee4,12,user_f14dc486,0.395495
user_f959eee4,13,user_ecf8f97f,0.394933
user_f959eee4,14,user_b429ec64,0.391359
user_f959eee4,15,user_2b03934e,0.389680
user_fa60616d,1,user_fa60616d,0.742818
user_fa60616d,2,user_b6350ec1,0.741143
user_fa60616d,3,user_a993555f,0.731715
user_fa60616d,4,user_d6175d39,0.721851
user_fa60616d,5,user_2920b35e,0.717840
user_fa60616d,6,user_3971c3e6,0.708051
user_fa60616d,7,user_dc32d458,0.703558
user_fa60616d,8,user_c994138f,0.703206
user_fa60616d,9,user_9692f077,0.697872
user_fa60616d,10,user_b16e0cf8,0.696584
user_fa60616d,11,user_0697c470,0.694496
user_fa60616d,12,user_1a2755b3,0.693642
user_fa60616d,13,user_f030b951,0.692925
user_fa60616d,14,user_ed1aaed8,0.692741
user_fa60616d,15,user_96013176,0.691446
user_fa69a385,1,user_3b79395c,0.789555
user_fa69a385,2,user_8006727d,0.749230
user_fa69a385,3,user_c50a487d,0.734826
user_fa69a385,4,user_9a5457b0,0.733192
user_fa69a385,5,user_02fecea2,0.732478
user_fa69a385,6,user_94cad3a5,0.725040
user_fa69a385,7,user_3353b96b,0.724938
user_fa69a385,8,user_67acd9b1,0.717045
user_fa69a385,9,user_1a7d6cd5,0.713742
user_fa69a385,10,user_9bee2a7c,0.702560
user_fa69a385,11,user_9b6481e4,0.698180
user_fa69a385,12,user_5738db35,0.697474
user_fa69a385,13,user_4f3b6241,0.688914
user_fa69a385,14,user_55058479,0.687628
user_fa69a385,15,user_ab86ab82,0.685966
user_fb427339,1,user_da51dede,0.755526
user_fb427339,2,user_900ffd5c,0.745551
user_fb427339,3,user_bb8be7e3,0.742760
user_fb427339,4,user_b0129d9e,0.683933
user_fb427339,5,user_1f636ddc,0.677801
user_fb427339,6,user_03410579,0.662834
user_fb427339,7,user_e2e59795,0.659305
user_fb427339,8,user_72bed676,0.659059
user_fb427339,9,user_0c578ab5,0.658575
user_fb427339,10,user_ba085464,0.650894
user_fb427339,11,user_7a8f7f3e,0.647963
user_fb427339,12,user_89571ce8,0.645847
user_fb427339,13,user_93cdb7a1,0.642469
user_fb427339,14,user_1e3084a6,0.642383
user_fb427339,15,user_a7b901f2,0.639205
user_fb64cb55,1,user_26565155,0.686469
user_fb64cb55,2,user_75251485,0.684160
user_fb64cb55,3,user_795eb408,0.678325
user_fb64cb55,4,user_a2503734,0.678267
user_fb64cb55,5,user_daf53db6,0.670122
user_fb64cb55,6,user_d20928cc,0.666340
user_fb64cb55,7,user_4bf6a4a0,0.661892
user_fb64cb55,8,user_2c940ff8,0.646600
user_fb64cb55,9,user_b429ec64,0.642791
user_fb64cb55,10,user_126670d7,0.642353
user_fb64cb55,11,user_61f90240,0.641950
user_fb64cb55,12,user_858fa00c,0.638438
user_fb64cb55,13,user_8c0c7619,0.636905
user_fb64cb55,14,user_515ae840,0.636227
user_fb64cb55,15,user_49b1ac46,0.631906
user_fb8f46c8,1,user_815b7baf,0.686082
user_fb8f46c8,2,user_7b5f54c0,0.685494
user_fb8f46c8,3,user_81a80789,0.678820
user_fb8f46c8,4,user_d691d016,0.675566
user_fb8f46c8,5,user_90202189,0.667720
user_fb8f46c8,6,user_166a3647,0.664505
user_fb8f46c8,7,user_737dd050,0.663511
user_fb8f46c8,8,user_ffe2efae,0.660704
user_fb8f46c8,9,user_9d9fba70,0.660336
user_fb8f46c8,10,user_fb8f46c8,0.660023
user_fb8f46c8,11,user_2f4cc646,0.659732
user_fb8f46c8,12,user_1246b252,0.655577
user_fb8f46c8,13,user_8fb63eca,0.654576
user_fb8f46c8,14,user_d2bd9832,0.653076
user_fb8f46c8,15,user_476670f9,0.649284
user_fbed237d,1,user_86685a27,0.696440
user_fbed237d,2,user_ed3091a2,0.696084
user_fbed237d,3,user_a6a094cf,0.688276
user_fbed237d,4,user_c81fae29,0.684777
user_fbed237d,5,user_78eff25f,0.656267
user_fbed237d,6,user_687feee4,0.652659
user_fbed237d,7,user_1bcbacb3,0.650939
user_fbed237d,8,user_835666af,0.645041
user_fbed237d,9,user_c8e749e2,0.643249
user_fbed237d,10,user_5fddc7f1,0.630927
user_fbed237d,11,user_5ac1a174,0.629494
user_fbed237d,12,user_0e82fe11,0.628625
user_fbed237d,13,user_89197ce5,0.628230
user_fbed237d,14,user_3bb7992e,0.622649
user_fbed237d,15,user_f59d3941,0.620848
user_fc1cfe0b,1,user_e4f8ab0c,0.749357
user_fc1cfe0b,2,user_f75c71f0,0.739942
user_fc1cfe0b,3,user_fc1cfe0b,0.737685
user_fc1cfe0b,4,user_4b139395,0.712291
user_fc1cfe0b,5,user_90e5fee6,0.712223
user_fc1cfe0b,6,user_6a0b0e92,0.710440
user_fc1cfe0b,7,user_0cc626ee,0.707044
user_fc1cfe0b,8,user_3f2fbc90,0.704128
user_fc1cfe0b,9,user_ab30f0fb,0.702356
user_fc1cfe0b,10,user_4db0d490,0.701802
user_fc1cfe0b,11,user_cdd86523,0.686374
user_fc1cfe0b,12,user_0669bdf6,0.685886
user_fc1cfe0b,13,user_b49274ca,0.683734
user_fc1cfe0b,14,user_56980aa9,0.681894
user_fc1cfe0b,15,user_058d9dc1,0.679851
user_fca58a87,1,user_d023a78e,0.619367
user_fca58a87,2,user_a2503734,0.590232
user_fca58a87,3,user_1bcbacb3,0.576519
user_fca58a87,4,user_f3f15c55,0.575582
user_fca58a87,5,user_75251485,0.571701
user_fca58a87,6,user_8da30894,0.565531
user_fca58a87,7,user_5b7d5e00,0.562814
user_fca58a87,8,user_835666af,0.558081
user_fca58a87,9,user_18522854,0.548515
user_fca58a87,10,user_9ffdf5e5,0.548400
user_fca58a87,11,user_49b1ac46,0.546738
user_fca58a87,12,user_9ee84e18,0.533236
user_fca58a87,13,user_ad15a0a4,0.532568
user_fca58a87,14,user_59e8bc2a,0.528657
user_fca58a87,15,user_829844fd,0.524984
user_fcf93ee8,1,user_3353b96b,0.780083
user_fcf93ee8,2,user_3b79395c,0.772905
user_fcf93ee8,3,user_6169d3b8,0.768267
user_fcf93ee8,4,user_0128a546,0.757986
user_fcf93ee8,5,user_107259c3,0.757921
user_fcf93ee8,6,user_8713f22a,0.752325
user_fcf93ee8,7,user_ea67f9c6,0.746541
user_fcf93ee8,8,user_e8e9acac,0.737598
user_fcf93ee8,9,user_9c88ee3d,0.733430
user_fcf93ee8,10,user_ffe2efae,0.732739
user_fcf93ee8,11,user_9ee84e18,0.731075
user_fcf93ee8,12,user_58bfeaad,0.730301
user_fcf93ee8,13,user_b2aba63a,0.726026
user_fcf93ee8,14,user_7f623d19,0.723423
user_fcf93ee8,15,user_9a307ebe,0.721463
user_fdc08e26,1,user_c7beef01,0.704935
user_fdc08e26,2,user_9a5457b0,0.675008
user_fdc08e26,3,user_3431c049,0.671021
user_fdc08e26,4,user_4f3b6241,0.667785
user_fdc08e26,5,user_dbbf562e,0.659452
user_fdc08e26,6,user_9e328c4e,0.642406
user_fdc08e26,7,user_aaa1e595,0.637280
user_fdc08e26,8,user_9b6481e4,0.636631
user_fdc08e26,9,user_ab86ab82,0.632600
user_fdc08e26,10,user_1246b252,0.632142
user_fdc08e26,11,user_94cad3a5,0.627102
user_fdc08e26,12,user_0d32f0ed,0.626774
user_fdc08e26,13,user_07ec3726,0.626412
user_fdc08e26,14,user_88e84020,0.626233
user_fdc08e26,15,user_efb27a8e,0.625244
user_fdcaaf41,1,user_107259c3,0.823705
user_fdcaaf41,2,user_baeb91b3,0.820155
user_fdcaaf41,3,user_0d32f0ed,0.810179
user_fdcaaf41,4,user_1246b252,0.795221
user_fdcaaf41,5,user_e2e59795,0.793770
user_fdcaaf41,6,user_b0129d9e,0.793136
user_fdcaaf41,7,user_7c7220a4,0.788408
user_fdcaaf41,8,user_02fecea2,0.787759
user_fdcaaf41,9,user_166a3647,0.783446
user_fdcaaf41,10,user_ea67f9c6,0.780439
user_fdcaaf41,11,user_81a80789,0.780388
user_fdcaaf41,12,user_b4f295b3,0.772857
user_fdcaaf41,13,user_17054ec7,0.771093
user_fdcaaf41,14,user_7b5f54c0,0.767435
user_fdcaaf41,15,user_1a7d6cd5,0.766283
user_fde2d265,1,user_6bf0e007,0.857853
user_fde2d265,2,user_a8dc91a3,0.844778
user_fde2d265,3,user_94f185bc,0.832587
user_fde2d265,4,user_ec574395,0.824524
user_fde2d265,5,user_29cd4556,0.816631
user_fde2d265,6,user_650da71b,0.816099
user_fde2d265,7,user_fde2d265,0.815360
user_fde2d265,8,user_79f04645,0.804620
user_fde2d265,9,user_8fe14601,0.798115
user_fde2d265,10,user_380ddd3f,0.795650
user_fde2d265,11,user_69a4dd06,0.789893
user_fde2d265,12,user_e802076d,0.780513
user_fde2d265,13,user_9d65649f,0.777944
user_fde2d265,14,user_8f8346ad,0.777197
user_fde2d265,15,user_03969305,0.773726
user_fe922ad0,1,user_524450e9,0.732818
user_fe922ad0,2,user_abde0618,0.730187
user_fe922ad0,3,user_a151ddab,0.719894
user_fe922ad0,4,user_0898fc4b,0.717852
user_fe922ad0,5,user_032e5bc8,0.715758
user_fe922ad0,6,user_ff7631ef,0.714302
user_fe922ad0,7,user_ff591131,0.713723
user_fe922ad0,8,user_4c8199a7,0.706576
user_fe922ad0,9,user_bd47000f,0.703713
user_fe922ad0,10,user_858fa00c,0.699378
user_fe922ad0,11,user_df8dc9bb,0.690893
user_fe922ad0,12,user_8d22714e,0.689392
user_fe922ad0,13,user_4893b4d0,0.689061
user_fe922ad0,14,user_e6057285,0.685578
user_fe922ad0,15,user_6a13946a,0.685536
user_ff39b6cf,1,user_c59ebe9c,0.663139
user_ff39b6cf,2,user_63b4be5f,0.652076
user_ff39b6cf,3,user_9da8848a,0.647724
user_ff39b6cf,4,user_7f56f9a5,0.643718
user_ff39b6cf,5,user_fdcaaf41,0.641929
user_ff39b6cf,6,user_885e8708,0.625655
user_ff39b6cf,7,user_5c9b579a,0.620332
user_ff39b6cf,8,user_4144252d,0.619333
user_ff39b6cf,9,user_920c074a,0.617785
user_ff39b6cf,10,user_1d775dd8,0.616888
user_ff39b6cf,11,user_b0129d9e,0.612954
user_ff39b6cf,12,user_6a13946a,0.607660
user_ff39b6cf,13,user_f51339f8,0.607391
user_ff39b6cf,14,user_3b1da5d9,0.605936
user_ff39b6cf,15,user_aabd2642,0.603696
user_ff591131,1,user_ff591131,0.825230
user_ff591131,2,user_f60a09b3,0.824716
user_ff591131,3,user_5c82df31,0.815921
user_ff591131,4,user_6fc85c06,0.806578
user_ff591131,5,user_7fd91653,0.763320
user_ff591131,6,user_39b3eda0,0.748027
user_ff591131,7,user_0669bdf6,0.746249
user_ff591131,8,user_c5f32c0d,0.741034
user_ff591131,9,user_e6057285,0.739854
user_ff591131,10,user_7924afc9,0.738740
user_ff591131,11,user_e59c000f,0.736092
user_ff591131,12,user_83afc7b2,0.735719
user_ff591131,13,user_524450e9,0.734506
user_ff591131,14,user_1cfedba8,0.732139
user_ff591131,15,user_4b139395,0.731052
