query_user_id,rank,candidate_user_id,score
user_0168255c,1,user_b16e0cf8,0.880570
user_0168255c,2,user_02d03e8a,0.878058
user_0168255c,3,user_b23aa915,0.875695
user_0168255c,4,user_adab54a0,0.869392
user_0168255c,5,user_f654c33b,0.865415
user_0168255c,6,user_ef954c6e,0.844007
user_0168255c,7,user_a4a77a7d,0.842113
user_0168255c,8,user_17607ebc,0.838892
user_0168255c,9,user_886f7373,0.834616
user_0168255c,10,user_5881b259,0.832378
user_0168255c,11,user_5c5a0b40,0.829941
user_0168255c,12,user_c5f32c0d,0.829476
user_0168255c,13,user_bf69de98,0.828815
user_0168255c,14,user_afff552a,0.827671
user_0168255c,15,user_80dc757f,0.827088
user_02016939,1,user_b45d0d20,0.815679
user_02016939,2,user_aae78e0d,0.603565
user_02016939,3,user_33f2a818,0.590462
user_02016939,4,user_2f766c23,0.576161
user_02016939,5,user_7d6962d9,0.574984
user_02016939,6,user_3ce4c1f8,0.566493
user_02016939,7,user_4607d25d,0.550722
user_02016939,8,user_567057e7,0.548772
user_02016939,9,user_9fefea54,0.540518
user_02016939,10,user_1fb646f2,0.534226
user_02016939,11,user_d9b8914f,0.524671
user_02016939,12,user_f14dc486,0.522711
user_02016939,13,user_543e79f5,0.507423
user_02016939,14,user_2920b35e,0.505443
user_02016939,15,user_6ae9ce92,0.504603
user_0285dee3,1,user_5d35f631,0.816173
user_0285dee3,2,user_79f04645,0.798181
user_0285dee3,3,user_c4b781ce,0.787836
user_0285dee3,4,user_5349c6cf,0.760231
user_0285dee3,5,user_01916bd2,0.748753
user_0285dee3,6,user_d70942c1,0.746044
user_0285dee3,7,user_9d65649f,0.742973
user_0285dee3,8,user_a8dc91a3,0.741037
user_0285dee3,9,user_756e2f00,0.740358
user_0285dee3,10,user_29cd4556,0.735722
user_0285dee3,11,user_43a979d2,0.732130
user_0285dee3,12,user_954805d7,0.726262
user_0285dee3,13,user_69a4dd06,0.720326
user_0285dee3,14,user_0285dee3,0.715033
user_0285dee3,15,user_8fe14601,0.713715
user_02d03e8a,1,user_906e2423,0.747381
user_02d03e8a,2,user_55058479,0.735213
user_02d03e8a,3,user_9bee2a7c,0.703495
user_02d03e8a,4,user_2e05a7a0,0.702698
user_02d03e8a,5,user_69a4dd06,0.700969
user_02d03e8a,6,user_6d2cb415,0.690375
user_02d03e8a,7,user_6fbf6191,0.685348
user_02d03e8a,8,user_74d27419,0.668598
user_02d03e8a,9,user_8006727d,0.666515
user_02d03e8a,10,user_56980aa9,0.664684
user_02d03e8a,11,user_96d9cb9a,0.663898
user_02d03e8a,12,user_380ddd3f,0.663222
user_02d03e8a,13,user_45d008d3,0.661993
user_02d03e8a,14,user_b9036662,0.661505
user_02d03e8a,15,user_cf393213,0.656903
user_02d8a1f8,1,user_afff552a,0.875398
user_02d8a1f8,2,user_b16e0cf8,0.843166
user_02d8a1f8,3,user_aa2fbe83,0.840268
user_02d8a1f8,4,user_dc32d458,0.828724
user_02d8a1f8,5,user_fba6bcd4,0.828114
user_02d8a1f8,6,user_b325310b,0.824401
user_02d8a1f8,7,user_17607ebc,0.822768
user_02d8a1f8,8,user_5881b259,0.819643
user_02d8a1f8,9,user_ee89e069,0.816494
user_02d8a1f8,10,user_1a2755b3,0.815677
user_02d8a1f8,11,user_d1d16d30,0.810827
user_02d8a1f8,12,user_f654c33b,0.810243
user_02d8a1f8,13,user_a01f16ac,0.809340
user_02d8a1f8,14,user_a00e0552,0.809303
user_02d8a1f8,15,user_095ff43e,0.808574
user_02fecea2,1,user_03410579,0.762088
user_02fecea2,2,user_364bb955,0.752267
user_02fecea2,3,user_b0129d9e,0.748652
user_02fecea2,4,user_1a7d6cd5,0.748355
user_02fecea2,5,user_02fecea2,0.746738
user_02fecea2,6,user_2cb4b018,0.736932
user_02fecea2,7,user_6c2d672f,0.733252
user_02fecea2,8,user_63b4be5f,0.731417
user_02fecea2,9,user_aabd2642,0.730349
user_02fecea2,10,user_93cdb7a1,0.727567
user_02fecea2,11,user_920c074a,0.725381
user_02fecea2,12,user_f51339f8,0.722932
user_02fecea2,13,user_13fb2e34,0.720332
user_02fecea2,14,user_500badda,0.716676
user_02fecea2,15,user_0d32f0ed,0.716613
user_03410579,1,user_18522854,0.662879
user_03410579,2,user_efcacf59,0.662432
user_03410579,3,user_cf393213,0.659326
user_03410579,4,user_6b86248b,0.655939
user_03410579,5,user_e51692a6,0.654604
user_03410579,6,user_33b2b77f,0.652668
user_03410579,7,user_46bb5302,0.650908
user_03410579,8,user_65d73ac1,0.648895
user_03410579,9,user_e838707b,0.641626
user_03410579,10,user_8be3f554,0.638165
user_03410579,11,user_c8f82360,0.637142
user_03410579,12,user_d67450a8,0.634677
user_03410579,13,user_183b3783,0.634245
user_03410579,14,user_a993555f,0.634113
user_03410579,15,user_c4c70447,0.633419
user_043ea160,1,user_043ea160,0.796166
user_043ea160,2,user_89e04335,0.716398
user_043ea160,3,user_38dc2894,0.715183
user_043ea160,4,user_d2c97c8e,0.703877
user_043ea160,5,user_394c25cc,0.702681
user_043ea160,6,user_3ae49e46,0.701075
user_043ea160,7,user_7f56f9a5,0.696337
user_043ea160,8,user_e838707b,0.694476
user_043ea160,9,user_f930e37f,0.688422
user_043ea160,10,user_8be3f554,0.678424
user_043ea160,11,user_b350e22b,0.677996
user_043ea160,12,user_94cad3a5,0.676205
user_043ea160,13,user_9a307ebe,0.674753
user_043ea160,14,user_d849ac6e,0.669511
user_043ea160,15,user_f6188968,0.666786
user_04d29f9c,1,user_dd1d7b22,0.773384
user_04d29f9c,2,user_0cee87f3,0.748329
user_04d29f9c,3,user_1a2755b3,0.746545
user_04d29f9c,4,user_bd19a016,0.744910
user_04d29f9c,5,user_df3c19a7,0.739045
user_04d29f9c,6,user_fde2d265,0.737636
user_04d29f9c,7,user_15179955,0.737310
user_04d29f9c,8,user_84e93af7,0.733058
user_04d29f9c,9,user_f030b951,0.723006
user_04d29f9c,10,user_40a0bad3,0.721287
user_04d29f9c,11,user_c39d41d7,0.720283
user_04d29f9c,12,user_3ff3188b,0.711728
user_04d29f9c,13,user_3e1f9dc1,0.708516
user_04d29f9c,14,user_43a979d2,0.707932
user_04d29f9c,15,user_d1d16d30,0.705258
user_04d8419e,1,user_32934d38,0.784018
user_04d8419e,2,user_07ec3726,0.763383
user_04d8419e,3,user_4a57e449,0.742091
user_04d8419e,4,user_c7beef01,0.726767
user_04d8419e,5,user_0bd8ba7c,0.726764
user_04d8419e,6,user_c8f82360,0.708446
user_04d8419e,7,user_9b6481e4,0.706711
user_04d8419e,8,user_8a3bbeb2,0.704495
user_04d8419e,9,user_fe922ad0,0.693221
user_04d8419e,10,user_d67450a8,0.691452
user_04d8419e,11,user_2e05a7a0,0.689394
user_04d8419e,12,user_18522854,0.689131
user_04d8419e,13,user_8006727d,0.686024
user_04d8419e,14,user_9bee2a7c,0.680469
user_04d8419e,15,user_b8f24804,0.679785
user_0521a7ac,1,user_7cb1ae65,0.609998
user_0521a7ac,2,user_c1aa2063,0.591455
user_0521a7ac,3,user_33f2a818,0.575440
user_0521a7ac,4,user_0dfb7397,0.521562
user_0521a7ac,5,user_b1c16312,0.515634
user_0521a7ac,6,user_b8f24804,0.506923
user_0521a7ac,7,user_d5d4fc6e,0.496045
user_0521a7ac,8,user_6d2cb415,0.494747
user_0521a7ac,9,user_a4aab257,0.491557
user_0521a7ac,10,user_9ffdf5e5,0.488766
user_0521a7ac,11,user_b2dd04c8,0.485019
user_0521a7ac,12,user_829844fd,0.483783
user_0521a7ac,13,user_d20928cc,0.474518
user_0521a7ac,14,user_79a1811b,0.471725
user_0521a7ac,15,user_51779823,0.466605
user_058c1800,1,user_c4c70447,0.829849
user_058c1800,2,user_6fc85c06,0.791599
user_058c1800,3,user_058c1800,0.778199
user_058c1800,4,user_e59c000f,0.774576
user_058c1800,5,user_84c14a6f,0.768335
user_058c1800,6,user_6a13946a,0.764422
user_058c1800,7,user_94f185bc,0.764249
user_058c1800,8,user_a75b16f2,0.763991
user_058c1800,9,user_f930e37f,0.759785
user_058c1800,10,user_f60a09b3,0.758216
user_058c1800,11,user_0898fc4b,0.757988
user_058c1800,12,user_5c82df31,0.755646
user_058c1800,13,user_ff7631ef,0.750126
user_058c1800,14,user_7fd91653,0.745634
user_058c1800,15,user_40a0bad3,0.744212
user_0697c470,1,user_0cc626ee,0.810588
user_0697c470,2,user_058d9dc1,0.723219
user_0697c470,3,user_e8d15537,0.713622
user_0697c470,4,user_030cf51a,0.707383
user_0697c470,5,user_0a0bcaa6,0.697586
user_0697c470,6,user_6b311f43,0.693609
user_0697c470,7,user_3f2fbc90,0.693126
user_0697c470,8,user_858fa00c,0.687138
user_0697c470,9,user_69df6330,0.683800
user_0697c470,10,user_dae4304f,0.681352
user_0697c470,11,user_efac3c1d,0.680267
user_0697c470,12,user_c008345b,0.679880
user_0697c470,13,user_3121653d,0.679443
user_0697c470,14,user_25b48a9a,0.677917
user_0697c470,15,user_884ffdb2,0.676402
user_07cb458d,1,user_7b5f54c0,0.810653
user_07cb458d,2,user_aabd2642,0.787891
user_07cb458d,3,user_b63ea1d4,0.787256
user_07cb458d,4,user_2c69b83e,0.771284
user_07cb458d,5,user_54c1ebee,0.766847
user_07cb458d,6,user_b4d7e69a,0.762946
user_07cb458d,7,user_81a80789,0.762806
user_07cb458d,8,user_1246b252,0.758253
user_07cb458d,9,user_5526cbfd,0.751881
user_07cb458d,10,user_25798310,0.751026
user_07cb458d,11,user_83585fc6,0.750151
user_07cb458d,12,user_fdc08e26,0.747347
user_07cb458d,13,user_920c074a,0.747146
user_07cb458d,14,user_acd6ddfb,0.742471
user_07cb458d,15,user_3e284ba5,0.741574
user_07db2c6a,1,user_8713f22a,0.763655
user_07db2c6a,2,user_25798310,0.756715
user_07db2c6a,3,user_c5f32c0d,0.751775
user_07db2c6a,4,user_88b2faba,0.747890
user_07db2c6a,5,user_bd05225b,0.745871
user_07db2c6a,6,user_5526cbfd,0.745858
user_07db2c6a,7,user_1ef33a43,0.743741
user_07db2c6a,8,user_5c82df31,0.741049
user_07db2c6a,9,user_0f0ad720,0.739456
user_07db2c6a,10,user_ff591131,0.738280
user_07db2c6a,11,user_4144252d,0.738020
user_07db2c6a,12,user_3971c3e6,0.737016
user_07db2c6a,13,user_7b5f54c0,0.736732
user_07db2c6a,14,user_fe67197f,0.736027
user_07db2c6a,15,user_02016939,0.735434
user_07faa0fc,1,user_07faa0fc,0.845326
user_07faa0fc,2,user_58892c7c,0.820685
user_07faa0fc,3,user_1b2d69c1,0.774812
user_07faa0fc,4,user_74c84045,0.752045
user_07faa0fc,5,user_23e46560,0.709656
user_07faa0fc,6,user_2eaaa117,0.690658
user_07faa0fc,7,user_903329bb,0.655429
user_07faa0fc,8,user_e30558fe,0.643462
user_07faa0fc,9,user_543e79f5,0.641449
user_07faa0fc,10,user_233fda02,0.638898
user_07faa0fc,11,user_00723699,0.628101
user_07faa0fc,12,user_17054ec7,0.621697
user_07faa0fc,13,user_8e5e899b,0.618172
user_07faa0fc,14,user_a7f8db34,0.616772
user_07faa0fc,15,user_baa70592,0.615060
user_08aa624b,1,user_08aa624b,0.893458
user_08aa624b,2,user_2d74cd4c,0.889799
user_08aa624b,3,user_b325310b,0.872677
user_08aa624b,4,user_f8e2246f,0.849038
user_08aa624b,5,user_6bb64984,0.845586
user_08aa624b,6,user_b6b89f00,0.842579
user_08aa624b,7,user_ee89e069,0.838196
user_08aa624b,8,user_afff552a,0.809948
user_08aa624b,9,user_8fbb6d9c,0.801179
user_08aa624b,10,user_9dda4af9,0.795473
user_08aa624b,11,user_940c7213,0.790775
user_08aa624b,12,user_71b9b8e0,0.790413
user_08aa624b,13,user_1b7f8c56,0.778547
user_08aa624b,14,user_99c67f2f,0.776065
user_08aa624b,15,user_9e39a95d,0.774096
user_08c32973,1,user_08c32973,0.894755
user_08c32973,2,user_2efde048,0.834631
user_08c32973,3,user_04f39d22,0.822691
user_08c32973,4,user_f5e1eee0,0.822366
user_08c32973,5,user_4ea1ef09,0.818335
user_08c32973,6,user_1a4bec69,0.817561
user_08c32973,7,user_bf30f80d,0.815640
user_08c32973,8,user_81c4dae1,0.808253
user_08c32973,9,user_f3377028,0.802180
user_08c32973,10,user_6fa47d61,0.799949
user_08c32973,11,user_e409a56d,0.792743
user_08c32973,12,user_c34e791e,0.792165
user_08c32973,13,user_58bfeaad,0.789880
user_08c32973,14,user_2c2a5c24,0.784116
user_08c32973,15,user_7de6f343,0.781278
user_08e9ce6e,1,user_372c2b3e,0.801210
user_08e9ce6e,2,user_7de6f343,0.797027
user_08e9ce6e,3,user_72b93300,0.787031
user_08e9ce6e,4,user_0898fc4b,0.779254
user_08e9ce6e,5,user_a615a6d1,0.776492
user_08e9ce6e,6,user_3bb7992e,0.771820
user_08e9ce6e,7,user_fbed237d,0.769851
user_08e9ce6e,8,user_74cfb8ef,0.767346
user_08e9ce6e,9,user_70bbda36,0.766847
user_08e9ce6e,10,user_586752e4,0.764982
user_08e9ce6e,11,user_39aad1a2,0.764710
user_08e9ce6e,12,user_166a3647,0.761757
user_08e9ce6e,13,user_e6dd44b0,0.761433
user_08e9ce6e,14,user_0f0ad720,0.760648
user_08e9ce6e,15,user_6fa47d61,0.758104
user_092e219d,1,user_e5a6abbe,0.871422
user_092e219d,2,user_9dda4af9,0.851587
user_092e219d,3,user_c39d41d7,0.851075
user_092e219d,4,user_c35d6565,0.850429
user_092e219d,5,user_b16e0cf8,0.848248
user_092e219d,6,user_5881b259,0.835013
user_092e219d,7,user_5c5a0b40,0.833716
user_092e219d,8,user_b6350ec1,0.833268
user_092e219d,9,user_17607ebc,0.832672
user_092e219d,10,user_fba6bcd4,0.830825
user_092e219d,11,user_c5f32c0d,0.828104
user_092e219d,12,user_1a2755b3,0.824596
user_092e219d,13,user_73623b4e,0.824197
user_092e219d,14,user_02d03e8a,0.823960
user_092e219d,15,user_4db0d490,0.823502
user_0a0bcaa6,1,user_adab54a0,0.851422
user_0a0bcaa6,2,user_daf37424,0.848775
user_0a0bcaa6,3,user_b16e0cf8,0.845568
user_0a0bcaa6,4,user_586752e4,0.839803
user_0a0bcaa6,5,user_e802076d,0.829564
user_0a0bcaa6,6,user_9dda4af9,0.826525
user_0a0bcaa6,7,user_54c1ebee,0.824672
user_0a0bcaa6,8,user_1a2755b3,0.824427
user_0a0bcaa6,9,user_147d1bbb,0.822815
user_0a0bcaa6,10,user_5c5a0b40,0.822142
user_0a0bcaa6,11,user_c5f32c0d,0.819290
user_0a0bcaa6,12,user_c994138f,0.818065
user_0a0bcaa6,13,user_737dd050,0.817476
user_0a0bcaa6,14,user_e5a6abbe,0.817429
user_0a0bcaa6,15,user_70bbda36,0.817155
user_0a245f61,1,user_111cfe7d,0.844233
user_0a245f61,2,user_91f807b9,0.839803
user_0a245f61,3,user_8f8346ad,0.831830
user_0a245f61,4,user_0b5c256a,0.816412
user_0a245f61,5,user_a8dc91a3,0.811355
user_0a245f61,6,user_29cd4556,0.811250
user_0a245f61,7,user_4db0d490,0.805071
user_0a245f61,8,user_ec574395,0.802213
user_0a245f61,9,user_74d27419,0.797920
user_0a245f61,10,user_a8c2208d,0.797413
user_0a245f61,11,user_406c399e,0.796748
user_0a245f61,12,user_5c5a0b40,0.796578
user_0a245f61,13,user_a4a77a7d,0.796206
user_0a245f61,14,user_adab54a0,0.795162
user_0a245f61,15,user_b6d05d1d,0.789676
user_0b5c256a,1,user_8be3f554,0.812639
user_0b5c256a,2,user_5d1b0daf,0.808453
user_0b5c256a,3,user_15179955,0.807633
user_0b5c256a,4,user_fde2d265,0.805151
user_0b5c256a,5,user_a8dc91a3,0.799658
user_0b5c256a,6,user_83e30c57,0.798231
user_0b5c256a,7,user_a6c2e760,0.795923
user_0b5c256a,8,user_2b03934e,0.795838
user_0b5c256a,9,user_111cfe7d,0.793824
user_0b5c256a,10,user_8f8346ad,0.793293
user_0b5c256a,11,user_406c399e,0.792157
user_0b5c256a,12,user_4db0d490,0.791814
user_0b5c256a,13,user_74d27419,0.789249
user_0b5c256a,14,user_405db206,0.785579
user_0b5c256a,15,user_8a760553,0.784923
user_0b64b183,1,user_032e5bc8,0.855996
user_0b64b183,2,user_5993b36a,0.849441
user_0b64b183,3,user_bd05225b,0.849365
user_0b64b183,4,user_147d1bbb,0.842592
user_0b64b183,5,user_0898fc4b,0.841983
user_0b64b183,6,user_e5a6abbe,0.841835
user_0b64b183,7,user_03969305,0.832646
user_0b64b183,8,user_25798310,0.832251
user_0b64b183,9,user_0669bdf6,0.829446
user_0b64b183,10,user_b337cb0c,0.828649
user_0b64b183,11,user_88b2faba,0.828262
user_0b64b183,12,user_e6dd44b0,0.827324
user_0b64b183,13,user_c5f32c0d,0.825615
user_0b64b183,14,user_586752e4,0.820096
user_0b64b183,15,user_e6057285,0.819493
user_0c578ab5,1,user_f930e37f,0.798146
user_0c578ab5,2,user_7f56f9a5,0.790664
user_0c578ab5,3,user_586752e4,0.774717
user_0c578ab5,4,user_f51339f8,0.770872
user_0c578ab5,5,user_3ae49e46,0.768860
user_0c578ab5,6,user_94cad3a5,0.763849
user_0c578ab5,7,user_89e04335,0.761022
user_0c578ab5,8,user_394c25cc,0.757905
user_0c578ab5,9,user_dc326993,0.750643
user_0c578ab5,10,user_2e81a539,0.750547
user_0c578ab5,11,user_fdc08e26,0.750167
user_0c578ab5,12,user_5526cbfd,0.748684
user_0c578ab5,13,user_7c7220a4,0.743485
user_0c578ab5,14,user_3bc84c13,0.742494
user_0c578ab5,15,user_107259c3,0.737200
user_0c8c48ac,1,user_8d22714e,0.773456
user_0c8c48ac,2,user_8e97a154,0.772933
user_0c8c48ac,3,user_0cc626ee,0.762136
user_0c8c48ac,4,user_737dd050,0.756840
user_0c8c48ac,5,user_165a2706,0.756393
user_0c8c48ac,6,user_90e5fee6,0.751384
user_0c8c48ac,7,user_f27da10a,0.743623
user_0c8c48ac,8,user_0669bdf6,0.737165
user_0c8c48ac,9,user_e59c000f,0.731629
user_0c8c48ac,10,user_5a6f92a6,0.726528
user_0c8c48ac,11,user_979ee068,0.720822
user_0c8c48ac,12,user_869fcb2b,0.719726
user_0c8c48ac,13,user_586752e4,0.717694
user_0c8c48ac,14,user_f862100c,0.717436
user_0c8c48ac,15,user_a4a77a7d,0.713496
user_0cc626ee,1,user_f27da10a,0.842715
user_0cc626ee,2,user_0cc626ee,0.837119
user_0cc626ee,3,user_e59c000f,0.819045
user_0cc626ee,4,user_c5f32c0d,0.813728
user_0cc626ee,5,user_df8dc9bb,0.811146
user_0cc626ee,6,user_83afc7b2,0.803794
user_0cc626ee,7,user_5c5a0b40,0.801427
user_0cc626ee,8,user_8d22714e,0.798643
user_0cc626ee,9,user_03969305,0.798596
user_0cc626ee,10,user_a4a77a7d,0.796094
user_0cc626ee,11,user_147d1bbb,0.795117
user_0cc626ee,12,user_e5a6abbe,0.793291
user_0cc626ee,13,user_e802076d,0.789679
user_0cc626ee,14,user_b23aa915,0.785197
user_0cc626ee,15,user_0669bdf6,0.785052
user_0cd29f02,1,user_970963fd,0.646020
user_0cd29f02,2,user_84fe1a7a,0.619653
user_0cd29f02,3,user_4f8b6987,0.597957
user_0cd29f02,4,user_bbe73426,0.590104
user_0cd29f02,5,user_fba6bcd4,0.589560
user_0cd29f02,6,user_d1d16d30,0.588607
user_0cd29f02,7,user_ee89e069,0.585865
user_0cd29f02,8,user_53325367,0.585460
user_0cd29f02,9,user_a61b0d31,0.578496
user_0cd29f02,10,user_2373103d,0.578254
user_0cd29f02,11,user_0cd29f02,0.577224
user_0cd29f02,12,user_36d44add,0.574680
user_0cd29f02,13,user_5c09bb3d,0.566273
user_0cd29f02,14,user_c35d6565,0.562663
user_0cd29f02,15,user_ece9bfd2,0.561281
user_0f0ad720,1,user_c5f32c0d,0.779231
user_0f0ad720,2,user_7b5f54c0,0.778820
user_0f0ad720,3,user_2f4cc646,0.777985
user_0f0ad720,4,user_032e5bc8,0.776596
user_0f0ad720,5,user_737dd050,0.775794
user_0f0ad720,6,user_8d22714e,0.775363
user_0f0ad720,7,user_daf37424,0.775162
user_0f0ad720,8,user_147d1bbb,0.774598
user_0f0ad720,9,user_d691d016,0.774358
user_0f0ad720,10,user_226be32f,0.771610
user_0f0ad720,11,user_0669bdf6,0.771325
user_0f0ad720,12,user_25798310,0.770868
user_0f0ad720,13,user_3239132f,0.766915
user_0f0ad720,14,user_bd05225b,0.765528
user_0f0ad720,15,user_c994138f,0.764471
user_107259c3,1,user_107259c3,0.856170
user_107259c3,2,user_6169d3b8,0.837514
user_107259c3,3,user_586752e4,0.822892
user_107259c3,4,user_b4f295b3,0.813379
user_107259c3,5,user_baeb91b3,0.798079
user_107259c3,6,user_70bbda36,0.794578
user_107259c3,7,user_f070eee7,0.792744
user_107259c3,8,user_02016939,0.791831
user_107259c3,9,user_26fa9d90,0.787271
user_107259c3,10,user_8e97a154,0.780870
user_107259c3,11,user_7c7220a4,0.780525
user_107259c3,12,user_25798310,0.778550
user_107259c3,13,user_6deada35,0.775907
user_107259c3,14,user_1ae8e7f5,0.775684
user_107259c3,15,user_fcf93ee8,0.770586
user_10e64e28,1,user_dae4304f,0.829348
user_10e64e28,2,user_9a307ebe,0.825865
user_10e64e28,3,user_8be3f554,0.825118
user_10e64e28,4,user_c34e791e,0.822754
user_10e64e28,5,user_a3a4a20a,0.814410
user_10e64e28,6,user_9dda4af9,0.809450
user_10e64e28,7,user_e696f3ae,0.806849
user_10e64e28,8,user_adab54a0,0.796404
user_10e64e28,9,user_c35d6565,0.793304
user_10e64e28,10,user_b6d05d1d,0.792005
user_10e64e28,11,user_daf37424,0.789557
user_10e64e28,12,user_89e04335,0.787436
user_10e64e28,13,user_3971c3e6,0.787284
user_10e64e28,14,user_83afc7b2,0.785955
user_10e64e28,15,user_e6057285,0.785028
user_111cfe7d,1,user_f60a09b3,0.860588
user_111cfe7d,2,user_6fc85c06,0.845714
user_111cfe7d,3,user_e6057285,0.840263
user_111cfe7d,4,user_5a6f92a6,0.835409
user_111cfe7d,5,user_e59c000f,0.833284
user_111cfe7d,6,user_14a2d3c6,0.827602
user_111cfe7d,7,user_89e04335,0.821984
user_111cfe7d,8,user_83afc7b2,0.814676
user_111cfe7d,9,user_5c82df31,0.810810
user_111cfe7d,10,user_0669bdf6,0.808299
user_111cfe7d,11,user_f27da10a,0.804650
user_111cfe7d,12,user_e8a7be73,0.803399
user_111cfe7d,13,user_c06d9b71,0.802377
user_111cfe7d,14,user_79f38f6d,0.800719
user_111cfe7d,15,user_f4f9490d,0.797549
user_11e8421f,1,user_11e8421f,0.643992
user_11e8421f,2,user_8d85acb5,0.633362
user_11e8421f,3,user_3e1f9dc1,0.617940
user_11e8421f,4,user_39f8897b,0.588589
user_11e8421f,5,user_124651ff,0.586117
user_11e8421f,6,user_cbabbcee,0.571009
user_11e8421f,7,user_6c2d672f,0.561580
user_11e8421f,8,user_f7538815,0.560953
user_11e8421f,9,user_8c11f026,0.559183
user_11e8421f,10,user_0bc8e727,0.552841
user_11e8421f,11,user_795650bb,0.547391
user_11e8421f,12,user_9ff844ba,0.546217
user_11e8421f,13,user_763b4ffe,0.545419
user_11e8421f,14,user_8ac8f24f,0.537004
user_11e8421f,15,user_2cb4b018,0.533146
user_1230e05a,1,user_2920b35e,0.733048
user_1230e05a,2,user_1230e05a,0.706948
user_1230e05a,3,user_1ef33a43,0.686810
user_1230e05a,4,user_9692f077,0.681208
user_1230e05a,5,user_f030b951,0.670986
user_1230e05a,6,user_d6175d39,0.657158
user_1230e05a,7,user_b4214db6,0.644011
user_1230e05a,8,user_1f09455f,0.639146
user_1230e05a,9,user_8663226a,0.632973
user_1230e05a,10,user_38f4dfac,0.626118
user_1230e05a,11,user_657c72ca,0.623830
user_1230e05a,12,user_70580e9a,0.620965
user_1230e05a,13,user_3ff3188b,0.617799
user_1230e05a,14,user_dd1d7b22,0.616578
user_1230e05a,15,user_a993555f,0.614608
user_126670d7,1,user_f43d6008,0.778097
user_126670d7,2,user_a4aab257,0.751504
user_126670d7,3,user_126670d7,0.740054
user_126670d7,4,user_b8f24804,0.737911
user_126670d7,5,user_4bf6a4a0,0.696524
user_126670d7,6,user_18522854,0.681353
user_126670d7,7,user_d20928cc,0.675272
user_126670d7,8,user_6d2cb415,0.674460
user_126670d7,9,user_650da71b,0.673419
user_126670d7,10,user_c32db875,0.669929
user_126670d7,11,user_8c0c7619,0.669560
user_126670d7,12,user_b429ec64,0.667875
user_126670d7,13,user_75251485,0.662927
user_126670d7,14,user_515ae840,0.654415
user_126670d7,15,user_5d1b0daf,0.650636
user_1302cb61,1,user_81a80789,0.787907
user_1302cb61,2,user_b0129d9e,0.780423
user_1302cb61,3,user_66772d98,0.775435
user_1302cb61,4,user_93cdb7a1,0.765598
user_1302cb61,5,user_364bb955,0.758575
user_1302cb61,6,user_03410579,0.756151
user_1302cb61,7,user_1a7d6cd5,0.742589
user_1302cb61,8,user_0d32f0ed,0.739547
user_1302cb61,9,user_166a3647,0.737046
user_1302cb61,10,user_0c578ab5,0.737007
user_1302cb61,11,user_b1d0760b,0.734955
user_1302cb61,12,user_02fecea2,0.724655
user_1302cb61,13,user_7b5f54c0,0.720915
user_1302cb61,14,user_d4c7b4c0,0.720034
user_1302cb61,15,user_a7b901f2,0.717738
user_13f8ee07,1,user_ebddf9c1,0.605098
user_13f8ee07,2,user_bbcbf015,0.601300
user_13f8ee07,3,user_636d1da4,0.599059
user_13f8ee07,4,user_dc326993,0.594737
user_13f8ee07,5,user_63b4be5f,0.593330
user_13f8ee07,6,user_0a0bcaa6,0.586463
user_13f8ee07,7,user_0fefc28e,0.583119
user_13f8ee07,8,user_9c5071dd,0.577213
user_13f8ee07,9,user_3ae49e46,0.574501
user_13f8ee07,10,user_f930e37f,0.571848
user_13f8ee07,11,user_4e800fa1,0.571446
user_13f8ee07,12,user_7b052f32,0.566702
user_13f8ee07,13,user_c06d9b71,0.566237
user_13f8ee07,14,user_a57e47b1,0.565191
user_13f8ee07,15,user_920c074a,0.561532
user_13fb2e34,1,user_4144252d,0.865957
user_13fb2e34,2,user_13fb2e34,0.815890
user_13fb2e34,3,user_c903d3bb,0.792327
user_13fb2e34,4,user_8e5e899b,0.776248
user_13fb2e34,5,user_ff39b6cf,0.770531
user_13fb2e34,6,user_fcf93ee8,0.767317
user_13fb2e34,7,user_09dea596,0.760742
user_13fb2e34,8,user_cbabbcee,0.749813
user_13fb2e34,9,user_d2bd9832,0.747996
user_13fb2e34,10,user_e8ff8a9a,0.744425
user_13fb2e34,11,user_1a7d6cd5,0.744260
user_13fb2e34,12,user_586752e4,0.743876
user_13fb2e34,13,user_233fda02,0.743664
user_13fb2e34,14,user_87e5d9b0,0.739861
user_13fb2e34,15,user_03410579,0.739184
user_147d1bbb,1,user_c1a70ab7,0.779703
user_147d1bbb,2,user_41b20ee4,0.736650
user_147d1bbb,3,user_bbb0205e,0.726231
user_147d1bbb,4,user_0bd8ba7c,0.708493
user_147d1bbb,5,user_52f895f1,0.702798
user_147d1bbb,6,user_d14b7d7b,0.699689
user_147d1bbb,7,user_fa69a385,0.698989
user_147d1bbb,8,user_94f4a027,0.692149
user_147d1bbb,9,user_63b4ae7a,0.688834
user_147d1bbb,10,user_a4aab257,0.686989
user_147d1bbb,11,user_2c3eb234,0.681690
user_147d1bbb,12,user_19622b77,0.666394
user_147d1bbb,13,user_8c0c7619,0.664177
user_147d1bbb,14,user_338e1332,0.658035
user_147d1bbb,15,user_8006727d,0.656291
user_14a2d3c6,1,user_61f90240,0.723759
user_14a2d3c6,2,user_e8e9acac,0.716245
user_14a2d3c6,3,user_858fa00c,0.713492
user_14a2d3c6,4,user_14a2d3c6,0.710668
user_14a2d3c6,5,user_9ee84e18,0.703323
user_14a2d3c6,6,user_0669bdf6,0.703150
user_14a2d3c6,7,user_4d4f73a6,0.698809
user_14a2d3c6,8,user_dac2c359,0.694038
user_14a2d3c6,9,user_f4f9490d,0.692541
user_14a2d3c6,10,user_e4f8ab0c,0.691724
user_14a2d3c6,11,user_233fda02,0.690050
user_14a2d3c6,12,user_835666af,0.689867
user_14a2d3c6,13,user_a4a77a7d,0.686902
user_14a2d3c6,14,user_3239132f,0.685892
user_14a2d3c6,15,user_586752e4,0.683403
user_159646d5,1,user_5bc74ae7,0.700628
user_159646d5,2,user_b9d253e8,0.673036
user_159646d5,3,user_3850eb9e,0.636752
user_159646d5,4,user_3b90fb53,0.633944
user_159646d5,5,user_032f6993,0.610985
user_159646d5,6,user_00723699,0.607415
user_159646d5,7,user_74da5a13,0.600482
user_159646d5,8,user_82d93459,0.598539
user_159646d5,9,user_87e5d9b0,0.597914
user_159646d5,10,user_ff591131,0.596137
user_159646d5,11,user_858fa00c,0.594886
user_159646d5,12,user_74e32d78,0.590885
user_159646d5,13,user_61f90240,0.581128
user_159646d5,14,user_a151ddab,0.580851
user_159646d5,15,user_8ae8c359,0.580602
user_164057cc,1,user_aa2fbe83,0.863419
user_164057cc,2,user_940c7213,0.820803
user_164057cc,3,user_1b7f8c56,0.803530
user_164057cc,4,user_acb51eed,0.802749
user_164057cc,5,user_f8e2246f,0.799767
user_164057cc,6,user_afff552a,0.799070
user_164057cc,7,user_83afc7b2,0.788584
user_164057cc,8,user_ef954c6e,0.787115
user_164057cc,9,user_7af2ed90,0.782899
user_164057cc,10,user_c008345b,0.782812
user_164057cc,11,user_79f38f6d,0.782617
user_164057cc,12,user_500badda,0.778300
user_164057cc,13,user_5993b36a,0.778053
user_164057cc,14,user_a01f16ac,0.775679
user_164057cc,15,user_e5a6abbe,0.774445
user_164fe4b8,1,user_fb427339,0.579115
user_164fe4b8,2,user_c130412b,0.571157
user_164fe4b8,3,user_ba010eec,0.550198
user_164fe4b8,4,user_0d32f0ed,0.534225
user_164fe4b8,5,user_52f895f1,0.533246
user_164fe4b8,6,user_1eefeb8c,0.532725
user_164fe4b8,7,user_dbbf562e,0.532555
user_164fe4b8,8,user_efb27a8e,0.531954
user_164fe4b8,9,user_2142b6e1,0.528131
user_164fe4b8,10,user_ffe2efae,0.523195
user_164fe4b8,11,user_41b20ee4,0.516774
user_164fe4b8,12,user_bb8be7e3,0.511005
user_164fe4b8,13,user_81a80789,0.508558
user_164fe4b8,14,user_3666402b,0.505168
user_164fe4b8,15,user_c7beef01,0.503059
user_165a2706,1,user_165a2706,0.747244
user_165a2706,2,user_835666af,0.730090
user_165a2706,3,user_fca58a87,0.719947
user_165a2706,4,user_fb64cb55,0.709818
user_165a2706,5,user_aa4cc34a,0.686619
user_165a2706,6,user_903329bb,0.675513
user_165a2706,7,user_59e8bc2a,0.674689
user_165a2706,8,user_d10d1f24,0.636787
user_165a2706,9,user_9ee84e18,0.628533
user_165a2706,10,user_737dd050,0.626680
user_165a2706,11,user_5b7d5e00,0.621295
user_165a2706,12,user_5d7cbf11,0.615687
user_165a2706,13,user_058d9dc1,0.600217
user_165a2706,14,user_6a0b0e92,0.598316
user_165a2706,15,user_d023a78e,0.593062
user_16b87e34,1,user_0a3f46b9,0.774455
user_16b87e34,2,user_126670d7,0.748283
user_16b87e34,3,user_f43d6008,0.745338
user_16b87e34,4,user_0b5c256a,0.716608
user_16b87e34,5,user_8c0c7619,0.713724
user_16b87e34,6,user_61f90240,0.697362
user_16b87e34,7,user_9ce96cbf,0.696502
user_16b87e34,8,user_938164a5,0.695716
user_16b87e34,9,user_ba4a78fc,0.691609
user_16b87e34,10,user_8285a696,0.689409
user_16b87e34,11,user_ed3091a2,0.688742
user_16b87e34,12,user_a8dc91a3,0.688682
user_16b87e34,13,user_29cd4556,0.675441
user_16b87e34,14,user_d14b7d7b,0.674481
user_16b87e34,15,user_75251485,0.670579
user_17355c30,1,user_c4b781ce,0.790541
user_17355c30,2,user_17355c30,0.768957
user_17355c30,3,user_6a13946a,0.751825
user_17355c30,4,user_5d35f631,0.722205
user_17355c30,5,user_5c9b579a,0.720520
user_17355c30,6,user_03969305,0.716229
user_17355c30,7,user_d758a0a1,0.712536
user_17355c30,8,user_b4214db6,0.710466
user_17355c30,9,user_a6a094cf,0.706219
user_17355c30,10,user_ecc1ca0a,0.705598
user_17355c30,11,user_4144252d,0.705319
user_17355c30,12,user_ff39b6cf,0.703167
user_17355c30,13,user_f5fea76f,0.701577
user_17355c30,14,user_01916bd2,0.701045
user_17355c30,15,user_107259c3,0.700013
user_17607ebc,1,user_b6d05d1d,0.858969
user_17607ebc,2,user_adab54a0,0.840751
user_17607ebc,3,user_9dda4af9,0.839554
user_17607ebc,4,user_dae4304f,0.821739
user_17607ebc,5,user_d036c911,0.820127
user_17607ebc,6,user_8f8346ad,0.809649
user_17607ebc,7,user_c35d6565,0.806112
user_17607ebc,8,user_56e6d0cd,0.789367
user_17607ebc,9,user_ca6074df,0.782878
user_17607ebc,10,user_b23aa915,0.781389
user_17607ebc,11,user_2dd5b531,0.779651
user_17607ebc,12,user_bf69de98,0.778967
user_17607ebc,13,user_c5f32c0d,0.776481
user_17607ebc,14,user_daf37424,0.776176
user_17607ebc,15,user_29cd4556,0.774661
user_183b3783,1,user_74d27419,0.799811
user_183b3783,2,user_5d1b0daf,0.795929
user_183b3783,3,user_f43d6008,0.794146
user_183b3783,4,user_829844fd,0.778952
user_183b3783,5,user_8f8346ad,0.775432
user_183b3783,6,user_2b03934e,0.767896
user_183b3783,7,user_9ce96cbf,0.762849
user_183b3783,8,user_0b5c256a,0.759988
user_183b3783,9,user_ec574395,0.756690
user_183b3783,10,user_4bf6a4a0,0.745332
user_183b3783,11,user_91f807b9,0.743517
user_183b3783,12,user_a8dc91a3,0.741399
user_183b3783,13,user_b2dd04c8,0.740876
user_183b3783,14,user_2e05a7a0,0.739441
user_183b3783,15,user_c4c70447,0.738056
user_18522854,1,user_bd05225b,0.840701
user_18522854,2,user_88b2faba,0.833041
user_18522854,3,user_7fd91653,0.827186
user_18522854,4,user_5993b36a,0.817328
user_18522854,5,user_f75c71f0,0.808928
user_18522854,6,user_f60a09b3,0.806848
user_18522854,7,user_fba6bcd4,0.805413
user_18522854,8,user_032e5bc8,0.804701
user_18522854,9,user_a57e47b1,0.804433
user_18522854,10,user_2e81a539,0.803837
user_18522854,11,user_c5f32c0d,0.803263
user_18522854,12,user_0fefc28e,0.802260
user_18522854,13,user_b337cb0c,0.801923
user_18522854,14,user_27a3fa64,0.795141
user_18522854,15,user_4f755977,0.792578
user_18892460,1,user_88b2faba,0.780511
user_18892460,2,user_18892460,0.779760
user_18892460,3,user_a01f16ac,0.778475
user_18892460,4,user_14a2d3c6,0.775461
user_18892460,5,user_1936a7c3,0.762908
user_18892460,6,user_2e81a539,0.760848
user_18892460,7,user_7b052f32,0.759248
user_18892460,8,user_e59c000f,0.758836
user_18892460,9,user_83afc7b2,0.756625
user_18892460,10,user_636ad58f,0.754345
user_18892460,11,user_e5a6abbe,0.753814
user_18892460,12,user_e6057285,0.753494
user_18892460,13,user_df8dc9bb,0.753469
user_18892460,14,user_147d1bbb,0.751294
user_18892460,15,user_96013176,0.750871
user_18c333c6,1,user_18c333c6,0.808169
user_18c333c6,2,user_567057e7,0.741481
user_18c333c6,3,user_fcf93ee8,0.734655
user_18c333c6,4,user_98f18241,0.728766
user_18c333c6,5,user_3ff3188b,0.722059
user_18c333c6,6,user_74e32d78,0.704195
user_18c333c6,7,user_dca78fea,0.702554
user_18c333c6,8,user_93cdb7a1,0.692378
user_18c333c6,9,user_03410579,0.689529
user_18c333c6,10,user_3b79395c,0.684816
user_18c333c6,11,user_a3a4a20a,0.682686
user_18c333c6,12,user_67acd9b1,0.679159
user_18c333c6,13,user_daf59045,0.678959
user_18c333c6,14,user_43049634,0.677945
user_18c333c6,15,user_a9ed2c9e,0.676368
user_192a215d,1,user_0bc8e727,0.842339
user_192a215d,2,user_62b122b9,0.817897
user_192a215d,3,user_a61b0d31,0.754159
user_192a215d,4,user_2c2a5c24,0.735816
user_192a215d,5,user_0f0ad720,0.728005
user_192a215d,6,user_7de6f343,0.726660
user_192a215d,7,user_421ae417,0.722603
user_192a215d,8,user_3b1da5d9,0.711334
user_192a215d,9,user_795650bb,0.702670
user_192a215d,10,user_79f38f6d,0.695372
user_192a215d,11,user_04f39d22,0.695073
user_192a215d,12,user_a01f16ac,0.694733
user_192a215d,13,user_e6dd44b0,0.693101
user_192a215d,14,user_25652863,0.692926
user_192a215d,15,user_c008345b,0.691660
user_194b92fc,1,user_9e39a95d,0.823616
user_194b92fc,2,user_1b7f8c56,0.822643
user_194b92fc,3,user_33c6501d,0.819293
user_194b92fc,4,user_c709e252,0.798661
user_194b92fc,5,user_2cb4b018,0.797361
user_194b92fc,6,user_194b92fc,0.794413
user_194b92fc,7,user_0898fc4b,0.792826
user_194b92fc,8,user_f8e2246f,0.792706
user_194b92fc,9,user_6bb64984,0.785076
user_194b92fc,10,user_88b2faba,0.780156
user_194b92fc,11,user_7fd91653,0.775622
user_194b92fc,12,user_d3663143,0.774679
user_194b92fc,13,user_032e5bc8,0.774269
user_194b92fc,14,user_acb51eed,0.773497
user_194b92fc,15,user_fb64cb55,0.771801
user_19641691,1,user_19641691,0.828783
user_19641691,2,user_c81fae29,0.730378
user_19641691,3,user_70bbda36,0.705253
user_19641691,4,user_d4c7b4c0,0.703504
user_19641691,5,user_17054ec7,0.702726
user_19641691,6,user_586752e4,0.700252
user_19641691,7,user_93cdb7a1,0.685352
user_19641691,8,user_b0129d9e,0.684037
user_19641691,9,user_5c9b579a,0.681596
user_19641691,10,user_b4f295b3,0.680526
user_19641691,11,user_66772d98,0.678684
user_19641691,12,user_baeb91b3,0.677997
user_19641691,13,user_caaef3ca,0.677446
user_19641691,14,user_ded778b8,0.669834
user_19641691,15,user_737dd050,0.669441
user_19952166,1,user_a6c2e760,0.854113
user_19952166,2,user_cf393213,0.821878
user_19952166,3,user_cdd86523,0.819374
user_19952166,4,user_a8dc91a3,0.817585
user_19952166,5,user_e5a6abbe,0.813181
user_19952166,6,user_94f185bc,0.812599
user_19952166,7,user_6bf0e007,0.808401
user_19952166,8,user_8be3f554,0.806491
user_19952166,9,user_e802076d,0.802803
user_19952166,10,user_111cfe7d,0.800225
user_19952166,11,user_40a0bad3,0.797637
user_19952166,12,user_b350e22b,0.795800
user_19952166,13,user_15179955,0.794423
user_19952166,14,user_29cd4556,0.792943
user_19952166,15,user_91f807b9,0.791247
user_1a2755b3,1,user_1a2755b3,0.880788
user_1a2755b3,2,user_0eb2abf1,0.877303
user_1a2755b3,3,user_15179955,0.850304
user_1a2755b3,4,user_2dd5b531,0.842414
user_1a2755b3,5,user_b49274ca,0.840238
user_1a2755b3,6,user_45926b89,0.839730
user_1a2755b3,7,user_adab54a0,0.831148
user_1a2755b3,8,user_405db206,0.831141
user_1a2755b3,9,user_a6c2e760,0.827715
user_1a2755b3,10,user_fde2d265,0.827041
user_1a2755b3,11,user_c06d9b71,0.823831
user_1a2755b3,12,user_83e30c57,0.823608
user_1a2755b3,13,user_40a0bad3,0.819363
user_1a2755b3,14,user_c34e791e,0.812540
user_1a2755b3,15,user_69df6330,0.812518
user_1a4bec69,1,user_1a4bec69,0.823448
user_1a4bec69,2,user_a52dd639,0.789336
user_1a4bec69,3,user_2e60c125,0.786589
user_1a4bec69,4,user_08c32973,0.765171
user_1a4bec69,5,user_2efde048,0.761358
user_1a4bec69,6,user_e409a56d,0.745941
user_1a4bec69,7,user_4ea1ef09,0.744709
user_1a4bec69,8,user_6fa47d61,0.739308
user_1a4bec69,9,user_25652863,0.730699
user_1a4bec69,10,user_53b85563,0.725808
user_1a4bec69,11,user_58bfeaad,0.714641
user_1a4bec69,12,user_902af20f,0.709036
user_1a4bec69,13,user_7de6f343,0.707480
user_1a4bec69,14,user_2c2a5c24,0.705675
user_1a4bec69,15,user_372c2b3e,0.700201
user_1a7d6cd5,1,user_02fecea2,0.880304
user_1a7d6cd5,2,user_166a3647,0.875806
user_1a7d6cd5,3,user_586752e4,0.872649
user_1a7d6cd5,4,user_1a7d6cd5,0.859468
user_1a7d6cd5,5,user_70bbda36,0.857689
user_1a7d6cd5,6,user_5c9b579a,0.856481
user_1a7d6cd5,7,user_3b79395c,0.851014
user_1a7d6cd5,8,user_ea67f9c6,0.843601
user_1a7d6cd5,9,user_147d1bbb,0.836280
user_1a7d6cd5,10,user_b0129d9e,0.834777
user_1a7d6cd5,11,user_03410579,0.834589
user_1a7d6cd5,12,user_25798310,0.834138
user_1a7d6cd5,13,user_364bb955,0.830513
user_1a7d6cd5,14,user_fcf93ee8,0.829940
user_1a7d6cd5,15,user_7b5f54c0,0.826131
user_1b2d69c1,1,user_e30558fe,0.819778
user_1b2d69c1,2,user_1b2d69c1,0.764880
user_1b2d69c1,3,user_74c84045,0.733255
user_1b2d69c1,4,user_cf393213,0.713997
user_1b2d69c1,5,user_baa70592,0.704799
user_1b2d69c1,6,user_98f18241,0.702538
user_1b2d69c1,7,user_f4f9490d,0.699128
user_1b2d69c1,8,user_43049634,0.694410
user_1b2d69c1,9,user_a743aff9,0.680115
user_1b2d69c1,10,user_b9036662,0.675678
user_1b2d69c1,11,user_f930e37f,0.672874
user_1b2d69c1,12,user_04f39d22,0.668172
user_1b2d69c1,13,user_f51339f8,0.666925
user_1b2d69c1,14,user_0a3bcf86,0.663133
user_1b2d69c1,15,user_1b7f8c56,0.661966
user_1b7f8c56,1,user_16ac4154,0.866624
user_1b7f8c56,2,user_c34e791e,0.846723
user_1b7f8c56,3,user_1b7f8c56,0.830129
user_1b7f8c56,4,user_fdc08e26,0.826594
user_1b7f8c56,5,user_f930e37f,0.820213
user_1b7f8c56,6,user_cf393213,0.817146
user_1b7f8c56,7,user_3ac315cb,0.817077
user_1b7f8c56,8,user_2dd5b531,0.815985
user_1b7f8c56,9,user_e696f3ae,0.812692
user_1b7f8c56,10,user_e838707b,0.808637
user_1b7f8c56,11,user_41d0c897,0.799870
user_1b7f8c56,12,user_d3663143,0.798566
user_1b7f8c56,13,user_aa2fbe83,0.798210
user_1b7f8c56,14,user_67acd9b1,0.794069
user_1b7f8c56,15,user_54b19b29,0.791834
user_1b89f77a,1,user_03969305,0.893737
user_1b89f77a,2,user_e59c000f,0.870491
user_1b89f77a,3,user_c39d41d7,0.858042
user_1b89f77a,4,user_c5f32c0d,0.854823
user_1b89f77a,5,user_83afc7b2,0.849367
user_1b89f77a,6,user_a4a77a7d,0.843768
user_1b89f77a,7,user_02d03e8a,0.843505
user_1b89f77a,8,user_96013176,0.843062
user_1b89f77a,9,user_54c1ebee,0.842550
user_1b89f77a,10,user_7924afc9,0.842357
user_1b89f77a,11,user_9571d0d5,0.841934
user_1b89f77a,12,user_e5a6abbe,0.839730
user_1b89f77a,13,user_88b2faba,0.837587
user_1b89f77a,14,user_e802076d,0.836493
user_1b89f77a,15,user_7f56f9a5,0.836132
user_1d775dd8,1,user_8e97a154,0.719725
user_1d775dd8,2,user_165a2706,0.717681
user_1d775dd8,3,user_0669bdf6,0.717148
user_1d775dd8,4,user_4c8199a7,0.704820
user_1d775dd8,5,user_82d93459,0.698641
user_1d775dd8,6,user_6a13946a,0.698099
user_1d775dd8,7,user_226be32f,0.694024
user_1d775dd8,8,user_587b57d5,0.690186
user_1d775dd8,9,user_e8cdb142,0.690146
user_1d775dd8,10,user_f60a09b3,0.688759
user_1d775dd8,11,user_8d22714e,0.685360
user_1d775dd8,12,user_0cc626ee,0.684805
user_1d775dd8,13,user_524450e9,0.684182
user_1d775dd8,14,user_f4f9490d,0.683929
user_1d775dd8,15,user_8e5e899b,0.683419
user_1dc24686,1,user_e59c000f,0.894860
user_1dc24686,2,user_c5f32c0d,0.894437
user_1dc24686,3,user_83afc7b2,0.892293
user_1dc24686,4,user_5881b259,0.876816
user_1dc24686,5,user_8d22714e,0.865013
user_1dc24686,6,user_df8dc9bb,0.864565
user_1dc24686,7,user_5c5a0b40,0.863636
user_1dc24686,8,user_b16e0cf8,0.859354
user_1dc24686,9,user_0898fc4b,0.859222
user_1dc24686,10,user_a4a77a7d,0.858971
user_1dc24686,11,user_03969305,0.858512
user_1dc24686,12,user_e5a6abbe,0.857316
user_1dc24686,13,user_c39d41d7,0.855215
user_1dc24686,14,user_e6057285,0.855166
user_1dc24686,15,user_f27da10a,0.852813
user_1df51301,1,user_1df51301,0.865191
user_1df51301,2,user_2dd5b531,0.860386
user_1df51301,3,user_03969305,0.847538
user_1df51301,4,user_83e30c57,0.835916
user_1df51301,5,user_adab54a0,0.835621
user_1df51301,6,user_69df6330,0.811901
user_1df51301,7,user_40a0bad3,0.807823
user_1df51301,8,user_e59c000f,0.807805
user_1df51301,9,user_94f185bc,0.805045
user_1df51301,10,user_9571d0d5,0.802855
user_1df51301,11,user_8f8346ad,0.801158
user_1df51301,12,user_e1730a9c,0.798130
user_1df51301,13,user_45926b89,0.797190
user_1df51301,14,user_f27da10a,0.794832
user_1df51301,15,user_ec574395,0.794733
user_1e302679,1,user_71b9b8e0,0.697331
user_1e302679,2,user_99c67f2f,0.685214
user_1e302679,3,user_543e79f5,0.635713
user_1e302679,4,user_b78601b5,0.627677
user_1e302679,5,user_9c5cd7fa,0.626653
user_1e302679,6,user_2d74cd4c,0.626485
user_1e302679,7,user_6011e674,0.625983
user_1e302679,8,user_2f766c23,0.616313
user_1e302679,9,user_65d73ac1,0.590472
user_1e302679,10,user_6a98b381,0.587053
user_1e302679,11,user_f8e2246f,0.577717
user_1e302679,12,user_08aa624b,0.576898
user_1e302679,13,user_417702c5,0.572524
user_1e302679,14,user_2817ec11,0.570858
user_1e302679,15,user_00723699,0.569886
user_1f1dc5e0,1,user_1f1dc5e0,0.856961
user_1f1dc5e0,2,user_e6057285,0.842812
user_1f1dc5e0,3,user_eb0927d1,0.836354
user_1f1dc5e0,4,user_a4893af1,0.806117
user_1f1dc5e0,5,user_38433566,0.798899
user_1f1dc5e0,6,user_a151ddab,0.789958
user_1f1dc5e0,7,user_89e04335,0.787991
user_1f1dc5e0,8,user_3239132f,0.782498
user_1f1dc5e0,9,user_5881b259,0.782210
user_1f1dc5e0,10,user_e5a6abbe,0.777731
user_1f1dc5e0,11,user_b4214db6,0.777367
user_1f1dc5e0,12,user_1ef33a43,0.776326
user_1f1dc5e0,13,user_1936a7c3,0.775146
user_1f1dc5e0,14,user_f0cf195f,0.774312
user_1f1dc5e0,15,user_a6c5a10c,0.771004
user_1f636ddc,1,user_107259c3,0.799980
user_1f636ddc,2,user_6169d3b8,0.778261
user_1f636ddc,3,user_70bbda36,0.772917
user_1f636ddc,4,user_6deada35,0.757924
user_1f636ddc,5,user_8713f22a,0.752643
user_1f636ddc,6,user_02016939,0.749145
user_1f636ddc,7,user_434f3511,0.744802
user_1f636ddc,8,user_586752e4,0.743422
user_1f636ddc,9,user_ea67f9c6,0.741383
user_1f636ddc,10,user_ded778b8,0.740178
user_1f636ddc,11,user_e2e59795,0.738951
user_1f636ddc,12,user_b4f295b3,0.735318
user_1f636ddc,13,user_76638121,0.733772
user_1f636ddc,14,user_e696f3ae,0.732896
user_1f636ddc,15,user_6476648d,0.732643
user_205d25f3,1,user_586752e4,0.894540
user_205d25f3,2,user_70bbda36,0.885345
user_205d25f3,3,user_5526cbfd,0.878400
user_205d25f3,4,user_737dd050,0.869831
user_205d25f3,5,user_02016939,0.866229
user_205d25f3,6,user_147d1bbb,0.862497
user_205d25f3,7,user_8e97a154,0.854075
user_205d25f3,8,user_c994138f,0.852162
user_205d25f3,9,user_9a307ebe,0.846024
user_205d25f3,10,user_df8dc9bb,0.841326
user_205d25f3,11,user_54c1ebee,0.839531
user_205d25f3,12,user_ded778b8,0.837751
user_205d25f3,13,user_daf37424,0.837735
user_205d25f3,14,user_03969305,0.836637
user_205d25f3,15,user_5a6f92a6,0.835225
user_20e741d0,1,user_1a7d6cd5,0.817122
user_20e741d0,2,user_29266f60,0.810361
user_20e741d0,3,user_5c9b579a,0.791354
user_20e741d0,4,user_02fecea2,0.790242
user_20e741d0,5,user_81a80789,0.777351
user_20e741d0,6,user_364bb955,0.765634
user_20e741d0,7,user_8fb63eca,0.765254
user_20e741d0,8,user_9a5457b0,0.761064
user_20e741d0,9,user_6c2d672f,0.761036
user_20e741d0,10,user_03410579,0.756736
user_20e741d0,11,user_3b1da5d9,0.756030
user_20e741d0,12,user_70bbda36,0.755046
user_20e741d0,13,user_94cad3a5,0.752930
user_20e741d0,14,user_500badda,0.751908
user_20e741d0,15,user_1246b252,0.751433
user_2142b6e1,1,user_397cfe20,0.681358
user_2142b6e1,2,user_dbbf562e,0.671330
user_2142b6e1,3,user_41b20ee4,0.632169
user_2142b6e1,4,user_8a3bbeb2,0.598909
user_2142b6e1,5,user_c1a70ab7,0.588804
user_2142b6e1,6,user_52f895f1,0.587893
user_2142b6e1,7,user_2c3eb234,0.581683
user_2142b6e1,8,user_2142b6e1,0.571694
user_2142b6e1,9,user_0bd8ba7c,0.567418
user_2142b6e1,10,user_19622b77,0.559225
user_2142b6e1,11,user_fa69a385,0.552776
user_2142b6e1,12,user_94f4a027,0.538863
user_2142b6e1,13,user_3666402b,0.524921
user_2142b6e1,14,user_9b6481e4,0.522126
user_2142b6e1,15,user_d14b7d7b,0.519234
user_21b4fa31,1,user_9692f077,0.691231
user_21b4fa31,2,user_21b4fa31,0.688397
user_21b4fa31,3,user_2920b35e,0.674355
user_21b4fa31,4,user_f030b951,0.600291
user_21b4fa31,5,user_b6350ec1,0.594990
user_21b4fa31,6,user_0c578ab5,0.588751
user_21b4fa31,7,user_e6dd44b0,0.588134
user_21b4fa31,8,user_6169d3b8,0.587927
user_21b4fa31,9,user_fa60616d,0.587427
user_21b4fa31,10,user_d6175d39,0.584284
user_21b4fa31,11,user_3971c3e6,0.584236
user_21b4fa31,12,user_ed1aaed8,0.579186
user_21b4fa31,13,user_df3c19a7,0.573347
user_21b4fa31,14,user_40efa894,0.570416
user_21b4fa31,15,user_2f4cc646,0.568744
user_226be32f,1,user_107259c3,0.773861
user_226be32f,2,user_885e8708,0.772522
user_226be32f,3,user_226be32f,0.769797
user_226be32f,4,user_36e75535,0.766238
user_226be32f,5,user_1f636ddc,0.765547
user_226be32f,6,user_920c074a,0.761412
user_226be32f,7,user_df8dc9bb,0.757947
user_226be32f,8,user_89571ce8,0.751337
user_226be32f,9,user_7f56f9a5,0.748595
user_226be32f,10,user_b0129d9e,0.744914
user_226be32f,11,user_87e5d9b0,0.741731
user_226be32f,12,user_2e81a539,0.740495
user_226be32f,13,user_14a2d3c6,0.737132
user_226be32f,14,user_5c9b579a,0.736870
user_226be32f,15,user_aabd2642,0.735788
user_2373103d,1,user_68d19df8,0.868619
user_2373103d,2,user_f654c33b,0.864738
user_2373103d,3,user_2373103d,0.861973
user_2373103d,4,user_c39d41d7,0.855975
user_2373103d,5,user_02d03e8a,0.854810
user_2373103d,6,user_636ad58f,0.849050
user_2373103d,7,user_c5f32c0d,0.844499
user_2373103d,8,user_adab54a0,0.843550
user_2373103d,9,user_c35d6565,0.843096
user_2373103d,10,user_79f04645,0.842974
user_2373103d,11,user_0cee87f3,0.841972
user_2373103d,12,user_b23aa915,0.841268
user_2373103d,13,user_5c5a0b40,0.840782
user_2373103d,14,user_a4a77a7d,0.839985
user_2373103d,15,user_b16e0cf8,0.839296
user_23e46560,1,user_07faa0fc,0.832293
user_23e46560,2,user_58892c7c,0.802788
user_23e46560,3,user_23e46560,0.747899
user_23e46560,4,user_1b2d69c1,0.745075
user_23e46560,5,user_74c84045,0.735302
user_23e46560,6,user_2eaaa117,0.679077
user_23e46560,7,user_e30558fe,0.654710
user_23e46560,8,user_baa70592,0.612000
user_23e46560,9,user_85c97ea1,0.611000
user_23e46560,10,user_166a3647,0.606014
user_23e46560,11,user_ea67f9c6,0.604659
user_23e46560,12,user_858fa00c,0.603230
user_23e46560,13,user_9ee84e18,0.602323
user_23e46560,14,user_233fda02,0.601682
user_23e46560,15,user_74e32d78,0.596006
user_245fd42f,1,user_c39d41d7,0.841555
user_245fd42f,2,user_723406a0,0.841524
user_245fd42f,3,user_dbc4828c,0.840066
user_245fd42f,4,user_954805d7,0.833190
user_245fd42f,5,user_5881b259,0.817087
user_245fd42f,6,user_50e2a836,0.816729
user_245fd42f,7,user_a57e47b1,0.814690
user_245fd42f,8,user_c96b90fe,0.802402
user_245fd42f,9,user_636ad58f,0.800772
user_245fd42f,10,user_84e93af7,0.792192
user_245fd42f,11,user_405db206,0.787367
user_245fd42f,12,user_bd05225b,0.786579
user_245fd42f,13,user_fde2d265,0.785108
user_245fd42f,14,user_5a283043,0.783799
user_245fd42f,15,user_0a0bcaa6,0.779177
user_25652863,1,user_ba8b1c05,0.808845
user_25652863,2,user_6fa47d61,0.792251
user_25652863,3,user_25652863,0.781498
user_25652863,4,user_38fbcf73,0.781177
user_25652863,5,user_f7fd2885,0.779898
user_25652863,6,user_08c32973,0.778129
user_25652863,7,user_372c2b3e,0.770082
user_25652863,8,user_40efa894,0.767213
user_25652863,9,user_7de6f343,0.764504
user_25652863,10,user_2efde048,0.762500
user_25652863,11,user_bf30f80d,0.761630
user_25652863,12,user_83e45cc0,0.761286
user_25652863,13,user_74cfb8ef,0.757975
user_25652863,14,user_f3377028,0.755416
user_25652863,15,user_f5e1eee0,0.752903
user_25798310,1,user_7f56f9a5,0.771490
user_25798310,2,user_93cdb7a1,0.759358
user_25798310,3,user_09dea596,0.754960
user_25798310,4,user_f930e37f,0.754862
user_25798310,5,user_205d25f3,0.742196
user_25798310,6,user_7c7220a4,0.741026
user_25798310,7,user_2e81a539,0.739232
user_25798310,8,user_1b7f8c56,0.736745
user_25798310,9,user_03969305,0.734710
user_25798310,10,user_98f18241,0.733114
user_25798310,11,user_dca78fea,0.732547
user_25798310,12,user_03410579,0.730449
user_25798310,13,user_107259c3,0.729487
user_25798310,14,user_f51339f8,0.728185
user_25798310,15,user_5526cbfd,0.723693
user_25b48a9a,1,user_16ac4154,0.876982
user_25b48a9a,2,user_25b48a9a,0.864934
user_25b48a9a,3,user_2c69b83e,0.856118
user_25b48a9a,4,user_b63ea1d4,0.844229
user_25b48a9a,5,user_67acd9b1,0.836678
user_25b48a9a,6,user_02fecea2,0.835920
user_25b48a9a,7,user_9351238d,0.827319
user_25b48a9a,8,user_9a5457b0,0.825415
user_25b48a9a,9,user_3ac315cb,0.823115
user_25b48a9a,10,user_70bbda36,0.822422
user_25b48a9a,11,user_daf37424,0.820708
user_25b48a9a,12,user_3ff3188b,0.817532
user_25b48a9a,13,user_9a307ebe,0.817430
user_25b48a9a,14,user_737dd050,0.816224
user_25b48a9a,15,user_5526cbfd,0.815505
user_26565155,1,user_b6d05d1d,0.716417
user_26565155,2,user_c4c70447,0.710152
user_26565155,3,user_9dda4af9,0.709459
user_26565155,4,user_582ff5b2,0.703629
user_26565155,5,user_26565155,0.700072
user_26565155,6,user_0eb2abf1,0.697938
user_26565155,7,user_daf53db6,0.689325
user_26565155,8,user_25b48a9a,0.688405
user_26565155,9,user_ba4a78fc,0.686346
user_26565155,10,user_126670d7,0.684406
user_26565155,11,user_8d968cfb,0.677704
user_26565155,12,user_74d27419,0.676565
user_26565155,13,user_0eeab432,0.673925
user_26565155,14,user_649f4327,0.673765
user_26565155,15,user_efcacf59,0.673417
user_26fa9d90,1,user_04f39d22,0.842995
user_26fa9d90,2,user_6fa47d61,0.836420
user_26fa9d90,3,user_7de6f343,0.835392
user_26fa9d90,4,user_6d421600,0.832631
user_26fa9d90,5,user_0bc8e727,0.832027
user_26fa9d90,6,user_e409a56d,0.829907
user_26fa9d90,7,user_421ae417,0.827807
user_26fa9d90,8,user_74cfb8ef,0.818835
user_26fa9d90,9,user_a3a4a20a,0.816291
user_26fa9d90,10,user_64cd3098,0.814708
user_26fa9d90,11,user_40efa894,0.809190
user_26fa9d90,12,user_bf30f80d,0.807750
user_26fa9d90,13,user_b1a5a37e,0.805787
user_26fa9d90,14,user_b2aba63a,0.804770
user_26fa9d90,15,user_e30558fe,0.804242
user_27a3fa64,1,user_27a3fa64,0.878726
user_27a3fa64,2,user_cb2fe204,0.851848
user_27a3fa64,3,user_7b052f32,0.846150
user_27a3fa64,4,user_1936a7c3,0.834379
user_27a3fa64,5,user_bbe73426,0.832931
user_27a3fa64,6,user_7f56f9a5,0.826833
user_27a3fa64,7,user_920c074a,0.823065
user_27a3fa64,8,user_205d25f3,0.817590
user_27a3fa64,9,user_2e81a539,0.812465
user_27a3fa64,10,user_a01f16ac,0.799701
user_27a3fa64,11,user_18892460,0.799302
user_27a3fa64,12,user_f51339f8,0.795147
user_27a3fa64,13,user_e6057285,0.794745
user_27a3fa64,14,user_aabd2642,0.784039
user_27a3fa64,15,user_1f1dc5e0,0.782076
user_2920b35e,1,user_2920b35e,0.827720
user_2920b35e,2,user_d6175d39,0.764250
user_2920b35e,3,user_1ef33a43,0.749786
user_2920b35e,4,user_b6350ec1,0.723389
user_2920b35e,5,user_70580e9a,0.715923
user_2920b35e,6,user_9fefea54,0.711563
user_2920b35e,7,user_5dc5c2dc,0.709970
user_2920b35e,8,user_07cb458d,0.707687
user_2920b35e,9,user_1f09455f,0.705332
user_2920b35e,10,user_8663226a,0.700032
user_2920b35e,11,user_cc1c8897,0.698219
user_2920b35e,12,user_fba6bcd4,0.691590
user_2920b35e,13,user_df3c19a7,0.691380
user_2920b35e,14,user_38f4dfac,0.691363
user_2920b35e,15,user_f030b951,0.688887
user_29cd4556,1,user_338e1332,0.623518
user_29cd4556,2,user_a411fb06,0.607885
user_29cd4556,3,user_ab8e847b,0.604745
user_29cd4556,4,user_16b87e34,0.588169
user_29cd4556,5,user_aaa1e595,0.579874
user_29cd4556,6,user_41b20ee4,0.577160
user_29cd4556,7,user_a16d1fb6,0.575784
user_29cd4556,8,user_c1a70ab7,0.553354
user_29cd4556,9,user_3666402b,0.553114
user_29cd4556,10,user_8006727d,0.547890
user_29cd4556,11,user_233fda02,0.544989
user_29cd4556,12,user_ecf8f97f,0.540105
user_29cd4556,13,user_efb27a8e,0.537218
user_29cd4556,14,user_0a3f46b9,0.536129
user_29cd4556,15,user_f44f615a,0.535866
user_2a704b9c,1,user_5d1b0daf,0.740710
user_2a704b9c,2,user_82879210,0.734288
user_2a704b9c,3,user_f43d6008,0.695909
user_2a704b9c,4,user_d036c911,0.693741
user_2a704b9c,5,user_ca6074df,0.692812
user_2a704b9c,6,user_9dda4af9,0.688212
user_2a704b9c,7,user_c2f18cf7,0.679807
user_2a704b9c,8,user_daf53db6,0.673435
user_2a704b9c,9,user_74d27419,0.672521
user_2a704b9c,10,user_b6d05d1d,0.671697
user_2a704b9c,11,user_9ce96cbf,0.668965
user_2a704b9c,12,user_c6f50d12,0.667821
user_2a704b9c,13,user_8f8346ad,0.667627
user_2a704b9c,14,user_126670d7,0.665273
user_2a704b9c,15,user_56e6d0cd,0.653552
user_2a94c885,1,user_4d4f73a6,0.632577
user_2a94c885,2,user_126670d7,0.625859
user_2a94c885,3,user_e8e9acac,0.607961
user_2a94c885,4,user_daf53db6,0.594222
user_2a94c885,5,user_8c0c7619,0.589822
user_2a94c885,6,user_18522854,0.589282
user_2a94c885,7,user_a4aab257,0.586327
user_2a94c885,8,user_454733da,0.583325
user_2a94c885,9,user_4f864d55,0.581884
user_2a94c885,10,user_9d9fba70,0.581514
user_2a94c885,11,user_9ee84e18,0.581414
user_2a94c885,12,user_d023a78e,0.579661
user_2a94c885,13,user_75251485,0.572263
user_2a94c885,14,user_a04b2a78,0.569008
user_2a94c885,15,user_59e8bc2a,0.558442
user_2b271761,1,user_954805d7,0.882122
user_2b271761,2,user_ab5592eb,0.854830
user_2b271761,3,user_7aa3746b,0.848015
user_2b271761,4,user_5881b259,0.825373
user_2b271761,5,user_636ad58f,0.815576
user_2b271761,6,user_2b271761,0.810340
user_2b271761,7,user_c39d41d7,0.807202
user_2b271761,8,user_d199bef3,0.797696
user_2b271761,9,user_f654c33b,0.795290
user_2b271761,10,user_d1d16d30,0.794613
user_2b271761,11,user_50e2a836,0.786487
user_2b271761,12,user_df3c19a7,0.779203
user_2b271761,13,user_dbc4828c,0.779004
user_2b271761,14,user_fde2d265,0.778483
user_2b271761,15,user_b5af9db9,0.777680
user_2b750e1c,1,user_d849ac6e,0.824865
user_2b750e1c,2,user_c96b90fe,0.780564
user_2b750e1c,3,user_65d73ac1,0.775186
user_2b750e1c,4,user_2eb5d860,0.773192
user_2b750e1c,5,user_6fbf6191,0.772726
user_2b750e1c,6,user_91f807b9,0.771275
user_2b750e1c,7,user_c39d41d7,0.769401
user_2b750e1c,8,user_efac3c1d,0.765179
user_2b750e1c,9,user_2b03934e,0.759089
user_2b750e1c,10,user_4b139395,0.754607
user_2b750e1c,11,user_69df6330,0.754334
user_2b750e1c,12,user_8be3f554,0.754313
user_2b750e1c,13,user_111cfe7d,0.752778
user_2b750e1c,14,user_259776c7,0.750854
user_2b750e1c,15,user_4db0d490,0.749465
user_2b79ef0b,1,user_e64d80ba,0.779430
user_2b79ef0b,2,user_b4f295b3,0.746304
user_2b79ef0b,3,user_124651ff,0.743539
user_2b79ef0b,4,user_fdcaaf41,0.721364
user_2b79ef0b,5,user_0ff0b922,0.717649
user_2b79ef0b,6,user_9ff844ba,0.714710
user_2b79ef0b,7,user_6c2d672f,0.711380
user_2b79ef0b,8,user_500badda,0.707705
user_2b79ef0b,9,user_2cb4b018,0.706622
user_2b79ef0b,10,user_3ac315cb,0.702489
user_2b79ef0b,11,user_a3a4a20a,0.689164
user_2b79ef0b,12,user_c34e791e,0.686960
user_2b79ef0b,13,user_f930e37f,0.682871
user_2b79ef0b,14,user_ded778b8,0.679017
user_2b79ef0b,15,user_0d32f0ed,0.677695
user_2c3eb234,1,user_f0cf195f,0.796497
user_2c3eb234,2,user_0b64b183,0.790529
user_2c3eb234,3,user_0898fc4b,0.788594
user_2c3eb234,4,user_ded778b8,0.782243
user_2c3eb234,5,user_c008345b,0.781707
user_2c3eb234,6,user_f60a09b3,0.778325
user_2c3eb234,7,user_e802076d,0.774500
user_2c3eb234,8,user_1cfedba8,0.771838
user_2c3eb234,9,user_caa6a7b6,0.769777
user_2c3eb234,10,user_6fc85c06,0.766768
user_2c3eb234,11,user_8d22714e,0.766145
user_2c3eb234,12,user_cbabbcee,0.764141
user_2c3eb234,13,user_c06d9b71,0.762433
user_2c3eb234,14,user_bd05225b,0.754182
user_2c3eb234,15,user_2cb4b018,0.751906
user_2c69b83e,1,user_147d1bbb,0.879929
user_2c69b83e,2,user_df8dc9bb,0.879668
user_2c69b83e,3,user_54c1ebee,0.875453
user_2c69b83e,4,user_83afc7b2,0.867626
user_2c69b83e,5,user_e802076d,0.863293
user_2c69b83e,6,user_e59c000f,0.859281
user_2c69b83e,7,user_c5f32c0d,0.853955
user_2c69b83e,8,user_70bbda36,0.851599
user_2c69b83e,9,user_25798310,0.850781
user_2c69b83e,10,user_e6057285,0.850570
user_2c69b83e,11,user_c994138f,0.849609
user_2c69b83e,12,user_03969305,0.848650
user_2c69b83e,13,user_5881b259,0.848637
user_2c69b83e,14,user_f27da10a,0.847607
user_2c69b83e,15,user_5a6f92a6,0.841540
user_2c940ff8,1,user_0f006eec,0.779510
user_2c940ff8,2,user_2c940ff8,0.779486
user_2c940ff8,3,user_8be3f554,0.757345
user_2c940ff8,4,user_406c399e,0.734926
user_2c940ff8,5,user_65d73ac1,0.731424
user_2c940ff8,6,user_a8dc91a3,0.728083
user_2c940ff8,7,user_858fa00c,0.722280
user_2c940ff8,8,user_2b03934e,0.712717
user_2c940ff8,9,user_433bdef0,0.712000
user_2c940ff8,10,user_4893b4d0,0.711752
user_2c940ff8,11,user_5b698646,0.704523
user_2c940ff8,12,user_18522854,0.698716
user_2c940ff8,13,user_89e04335,0.696296
user_2c940ff8,14,user_98a676ce,0.696164
user_2c940ff8,15,user_d849ac6e,0.691948
user_2d74cd4c,1,user_2d74cd4c,0.836014
user_2d74cd4c,2,user_417702c5,0.818002
user_2d74cd4c,3,user_b325310b,0.813471
user_2d74cd4c,4,user_8fbb6d9c,0.806939
user_2d74cd4c,5,user_99c67f2f,0.801846
user_2d74cd4c,6,user_6011e674,0.801593
user_2d74cd4c,7,user_1c7b7780,0.788611
user_2d74cd4c,8,user_8d968cfb,0.785462
user_2d74cd4c,9,user_b6b89f00,0.784505
user_2d74cd4c,10,user_6bb64984,0.781885
user_2d74cd4c,11,user_f8e2246f,0.778825
user_2d74cd4c,12,user_d3663143,0.772553
user_2d74cd4c,13,user_1b7f8c56,0.771935
user_2d74cd4c,14,user_9dda4af9,0.771306
user_2d74cd4c,15,user_81c4dae1,0.763819
user_2dc10d2d,1,user_acb51eed,0.848244
user_2dc10d2d,2,user_df8dc9bb,0.829642
user_2dc10d2d,3,user_83afc7b2,0.828318
user_2dc10d2d,4,user_e8a7be73,0.824005
user_2dc10d2d,5,user_0898fc4b,0.823740
user_2dc10d2d,6,user_0cc626ee,0.817172
user_2dc10d2d,7,user_f60a09b3,0.816669
user_2dc10d2d,8,user_0669bdf6,0.815082
user_2dc10d2d,9,user_33c6501d,0.814294
user_2dc10d2d,10,user_82d93459,0.808614
user_2dc10d2d,11,user_c709e252,0.807984
user_2dc10d2d,12,user_1cfedba8,0.807859
user_2dc10d2d,13,user_5993b36a,0.802865
user_2dc10d2d,14,user_c5f32c0d,0.802170
user_2dc10d2d,15,user_5c82df31,0.799989
user_2dd189e3,1,user_1936a7c3,0.858531
user_2dd189e3,2,user_7b052f32,0.855881
user_2dd189e3,3,user_a743aff9,0.854259
user_2dd189e3,4,user_7fd91653,0.850545
user_2dd189e3,5,user_bd05225b,0.849577
user_2dd189e3,6,user_4b139395,0.845178
user_2dd189e3,7,user_7924afc9,0.843760
user_2dd189e3,8,user_5881b259,0.843256
user_2dd189e3,9,user_5993b36a,0.839831
user_2dd189e3,10,user_c39d41d7,0.838808
user_2dd189e3,11,user_6fc85c06,0.829213
user_2dd189e3,12,user_69df6330,0.828734
user_2dd189e3,13,user_f60a09b3,0.825276
user_2dd189e3,14,user_0898fc4b,0.823515
user_2dd189e3,15,user_f27da10a,0.821606
user_2eaaa117,1,user_02016939,0.812949
user_2eaaa117,2,user_bd47000f,0.802252
user_2eaaa117,3,user_6ae9ce92,0.796880
user_2eaaa117,4,user_70bbda36,0.792556
user_2eaaa117,5,user_ded778b8,0.786167
user_2eaaa117,6,user_bd05225b,0.776681
user_2eaaa117,7,user_8d22714e,0.769434
user_2eaaa117,8,user_2a704b9c,0.765783
user_2eaaa117,9,user_0898fc4b,0.761235
user_2eaaa117,10,user_c008345b,0.755361
user_2eaaa117,11,user_a2825b06,0.752586
user_2eaaa117,12,user_70580e9a,0.750753
user_2eaaa117,13,user_f27da10a,0.749621
user_2eaaa117,14,user_6169d3b8,0.748478
user_2eaaa117,15,user_586752e4,0.748406
user_2eb5d860,1,user_83afc7b2,0.720370
user_2eb5d860,2,user_d2c97c8e,0.713953
user_2eb5d860,3,user_89e04335,0.709075
user_2eb5d860,4,user_3971c3e6,0.706049
user_2eb5d860,5,user_df8dc9bb,0.693944
user_2eb5d860,6,user_f0cf195f,0.690639
user_2eb5d860,7,user_a4893af1,0.687645
user_2eb5d860,8,user_869fcb2b,0.683857
user_2eb5d860,9,user_e8a7be73,0.683038
user_2eb5d860,10,user_6fc85c06,0.679329
user_2eb5d860,11,user_a151ddab,0.676960
user_2eb5d860,12,user_acb51eed,0.675461
user_2eb5d860,13,user_e5a6abbe,0.674003
user_2eb5d860,14,user_500badda,0.673388
user_2eb5d860,15,user_ef954c6e,0.673298
user_2efde048,1,user_2efde048,0.856130
user_2efde048,2,user_08c32973,0.854371
user_2efde048,3,user_7de6f343,0.851897
user_2efde048,4,user_2c2a5c24,0.850521
user_2efde048,5,user_6fa47d61,0.848983
user_2efde048,6,user_f3377028,0.832865
user_2efde048,7,user_4ea1ef09,0.828693
user_2efde048,8,user_40efa894,0.824267
user_2efde048,9,user_25652863,0.823335
user_2efde048,10,user_f5e1eee0,0.819897
user_2efde048,11,user_bf30f80d,0.812824
user_2efde048,12,user_ba8b1c05,0.811110
user_2efde048,13,user_e409a56d,0.806727
user_2efde048,14,user_372c2b3e,0.805489
user_2efde048,15,user_81c4dae1,0.802066
user_2f1085dd,1,user_107259c3,0.899983
user_2f1085dd,2,user_e2e59795,0.833175
user_2f1085dd,3,user_6169d3b8,0.828084
user_2f1085dd,4,user_70bbda36,0.823730
user_2f1085dd,5,user_586752e4,0.822050
user_2f1085dd,6,user_baeb91b3,0.820098
user_2f1085dd,7,user_b4f295b3,0.819827
user_2f1085dd,8,user_7c7220a4,0.806984
user_2f1085dd,9,user_ea67f9c6,0.805566
user_2f1085dd,10,user_5c9b579a,0.798599
user_2f1085dd,11,user_26fa9d90,0.798077
user_2f1085dd,12,user_f070eee7,0.793456
user_2f1085dd,13,user_1ae8e7f5,0.789961
user_2f1085dd,14,user_74cfb8ef,0.788652
user_2f1085dd,15,user_02016939,0.786099
user_2f766c23,1,user_b325310b,0.840231
user_2f766c23,2,user_1b7f8c56,0.789210
user_2f766c23,3,user_95d648bc,0.788941
user_2f766c23,4,user_aa2fbe83,0.788204
user_2f766c23,5,user_d3663143,0.784505
user_2f766c23,6,user_3ac315cb,0.783959
user_2f766c23,7,user_fba6bcd4,0.775238
user_2f766c23,8,user_9e39a95d,0.763169
user_2f766c23,9,user_afff552a,0.760256
user_2f766c23,10,user_f8e2246f,0.759946
user_2f766c23,11,user_1a2755b3,0.759023
user_2f766c23,12,user_1c7b7780,0.757096
user_2f766c23,13,user_8fbb6d9c,0.756566
user_2f766c23,14,user_b6b89f00,0.753852
user_2f766c23,15,user_417702c5,0.753398
user_3049510b,1,user_89197ce5,0.688660
user_3049510b,2,user_87e5d9b0,0.677351
user_3049510b,3,user_d5b21e00,0.645612
user_3049510b,4,user_b5af9db9,0.645255
user_3049510b,5,user_8e5e899b,0.627452
user_3049510b,6,user_4144252d,0.625164
user_3049510b,7,user_caaef3ca,0.620941
user_3049510b,8,user_ff39b6cf,0.620384
user_3049510b,9,user_b1d0760b,0.619964
user_3049510b,10,user_17054ec7,0.619845
user_3049510b,11,user_d7fde080,0.617604
user_3049510b,12,user_2a94c885,0.616710
user_3049510b,13,user_fe67197f,0.616342
user_3049510b,14,user_bd05225b,0.616230
user_3049510b,15,user_d4c7b4c0,0.612163
user_30802254,1,user_9bee2a7c,0.791732
user_30802254,2,user_ab86ab82,0.781106
user_30802254,3,user_cf393213,0.780179
user_30802254,4,user_259776c7,0.766427
user_30802254,5,user_c8f82360,0.765344
user_30802254,6,user_4f3b6241,0.758850
user_30802254,7,user_55058479,0.754779
user_30802254,8,user_cdd86523,0.752054
user_30802254,9,user_a75b16f2,0.751767
user_30802254,10,user_f930e37f,0.745951
user_30802254,11,user_b9036662,0.740585
user_30802254,12,user_c4c70447,0.737256
user_30802254,13,user_d67450a8,0.737218
user_30802254,14,user_6fbf6191,0.734047
user_30802254,15,user_2e05a7a0,0.732375
user_3121653d,1,user_3121653d,0.853002
user_3121653d,2,user_ec574395,0.833678
user_3121653d,3,user_29cd4556,0.819745
user_3121653d,4,user_884ffdb2,0.815036
user_3121653d,5,user_83e30c57,0.805733
user_3121653d,6,user_9dda4af9,0.804782
user_3121653d,7,user_d93b53bd,0.798414
user_3121653d,8,user_b6d05d1d,0.794952
user_3121653d,9,user_91f807b9,0.793659
user_3121653d,10,user_3f2fbc90,0.793500
user_3121653d,11,user_8f8346ad,0.788674
user_3121653d,12,user_e8d15537,0.785694
user_3121653d,13,user_0eb2abf1,0.784284
user_3121653d,14,user_c994138f,0.781612
user_3121653d,15,user_4db0d490,0.780303
user_32934d38,1,user_30802254,0.765237
user_32934d38,2,user_a7c6197a,0.732641
user_32934d38,3,user_96013176,0.726807
user_32934d38,4,user_e802076d,0.725684
user_32934d38,5,user_886f7373,0.722825
user_32934d38,6,user_5c5a0b40,0.722770
user_32934d38,7,user_111cfe7d,0.721797
user_32934d38,8,user_959adfc8,0.715354
user_32934d38,9,user_c4c70447,0.714830
user_32934d38,10,user_b23aa915,0.708044
user_32934d38,11,user_40a0bad3,0.707269
user_32934d38,12,user_a151ddab,0.706994
user_32934d38,13,user_94f185bc,0.705492
user_32934d38,14,user_b2dd04c8,0.700492
user_32934d38,15,user_89e04335,0.700029
user_32ae32f9,1,user_7f56f9a5,0.774721
user_32ae32f9,2,user_95d648bc,0.773445
user_32ae32f9,3,user_1b7f8c56,0.773328
user_32ae32f9,4,user_920c074a,0.772545
user_32ae32f9,5,user_f930e37f,0.766227
user_32ae32f9,6,user_d3663143,0.763128
user_32ae32f9,7,user_dc326993,0.753806
user_32ae32f9,8,user_2cb4b018,0.749420
user_32ae32f9,9,user_aabd2642,0.748654
user_32ae32f9,10,user_2e81a539,0.747468
user_32ae32f9,11,user_03969305,0.743098
user_32ae32f9,12,user_9da8848a,0.733331
user_32ae32f9,13,user_ef05ad51,0.732724
user_32ae32f9,14,user_5526cbfd,0.732595
user_32ae32f9,15,user_88b2faba,0.724890
user_32f31383,1,user_9600e8bf,0.816077
user_32f31383,2,user_886f7373,0.805172
user_32f31383,3,user_8a760553,0.800443
user_32f31383,4,user_84c14a6f,0.799009
user_32f31383,5,user_14a2d3c6,0.793871
user_32f31383,6,user_cdd86523,0.784345
user_32f31383,7,user_30802254,0.776332
user_32f31383,8,user_a743aff9,0.774626
user_32f31383,9,user_5881b259,0.774323
user_32f31383,10,user_32f31383,0.773872
user_32f31383,11,user_d1d16d30,0.770441
user_32f31383,12,user_69193575,0.768898
user_32f31383,13,user_1f1dc5e0,0.768715
user_32f31383,14,user_b5af9db9,0.768596
user_32f31383,15,user_c06d9b71,0.765144
user_3353b96b,1,user_3353b96b,0.616269
user_3353b96b,2,user_397cfe20,0.602688
user_3353b96b,3,user_17054ec7,0.599665
user_3353b96b,4,user_8a3bbeb2,0.576596
user_3353b96b,5,user_baeb91b3,0.552927
user_3353b96b,6,user_52f895f1,0.543934
user_3353b96b,7,user_fa69a385,0.523234
user_3353b96b,8,user_ab434739,0.522617
user_3353b96b,9,user_c81fae29,0.521244
user_3353b96b,10,user_1022be44,0.515140
user_3353b96b,11,user_8f08aa94,0.501999
user_3353b96b,12,user_3666402b,0.500474
user_3353b96b,13,user_44567221,0.495849
user_3353b96b,14,user_795eb408,0.492800
user_3353b96b,15,user_ac6d6bff,0.492399
user_338e1332,1,user_54c1ebee,0.839308
user_338e1332,2,user_147d1bbb,0.826886
user_338e1332,3,user_83afc7b2,0.822072
user_338e1332,4,user_e6057285,0.817637
user_338e1332,5,user_c994138f,0.816381
user_338e1332,6,user_e5a6abbe,0.814723
user_338e1332,7,user_df8dc9bb,0.814712
user_338e1332,8,user_25798310,0.813889
user_338e1332,9,user_e696f3ae,0.805216
user_338e1332,10,user_03969305,0.805087
user_338e1332,11,user_aabd2642,0.804346
user_338e1332,12,user_fba6bcd4,0.804172
user_338e1332,13,user_70bbda36,0.804085
user_338e1332,14,user_586752e4,0.802850
user_338e1332,15,user_7fef9da8,0.800740
user_34b1fb84,1,user_1b7f8c56,0.841135
user_34b1fb84,2,user_205d25f3,0.824148
user_34b1fb84,3,user_27a3fa64,0.808156
user_34b1fb84,4,user_95d648bc,0.806511
user_34b1fb84,5,user_2e81a539,0.805213
user_34b1fb84,6,user_aabd2642,0.803441
user_34b1fb84,7,user_a743aff9,0.802948
user_34b1fb84,8,user_e838707b,0.797243
user_34b1fb84,9,user_dc326993,0.796997
user_34b1fb84,10,user_3ae49e46,0.794855
user_34b1fb84,11,user_2cb4b018,0.792629
user_34b1fb84,12,user_7f56f9a5,0.792394
user_34b1fb84,13,user_1936a7c3,0.788714
user_34b1fb84,14,user_d3663143,0.786180
user_34b1fb84,15,user_920c074a,0.784052
user_364bb955,1,user_03410579,0.840832
user_364bb955,2,user_1a7d6cd5,0.838632
user_364bb955,3,user_b0129d9e,0.832096
user_364bb955,4,user_364bb955,0.832023
user_364bb955,5,user_70bbda36,0.828470
user_364bb955,6,user_02fecea2,0.824747
user_364bb955,7,user_8fb63eca,0.810345
user_364bb955,8,user_81a80789,0.806732
user_364bb955,9,user_3e284ba5,0.804579
user_364bb955,10,user_c903d3bb,0.804535
user_364bb955,11,user_13fb2e34,0.801212
user_364bb955,12,user_7b5f54c0,0.801037
user_364bb955,13,user_09dea596,0.800476
user_364bb955,14,user_1246b252,0.797452
user_364bb955,15,user_166a3647,0.797018
user_36dd1253,1,user_7de6f343,0.799795
user_36dd1253,2,user_3239132f,0.792074
user_36dd1253,3,user_cbabbcee,0.788841
user_36dd1253,4,user_500badda,0.786253
user_36dd1253,5,user_364bb955,0.783394
user_36dd1253,6,user_795650bb,0.776272
user_36dd1253,7,user_df8dc9bb,0.773018
user_36dd1253,8,user_0898fc4b,0.770852
user_36dd1253,9,user_40efa894,0.768613
user_36dd1253,10,user_372c2b3e,0.768279
user_36dd1253,11,user_aabd2642,0.768165
user_36dd1253,12,user_ed1aaed8,0.767972
user_36dd1253,13,user_0f0ad720,0.767743
user_36dd1253,14,user_3e284ba5,0.766906
user_36dd1253,15,user_f7fd2885,0.765969
user_372c2b3e,1,user_40efa894,0.889015
user_372c2b3e,2,user_7de6f343,0.870910
user_372c2b3e,3,user_6fa47d61,0.860615
user_372c2b3e,4,user_4ea1ef09,0.856854
user_372c2b3e,5,user_2c2a5c24,0.853952
user_372c2b3e,6,user_ba8b1c05,0.853029
user_372c2b3e,7,user_372c2b3e,0.851058
user_372c2b3e,8,user_74cfb8ef,0.849549
user_372c2b3e,9,user_f3377028,0.845678
user_372c2b3e,10,user_2efde048,0.841843
user_372c2b3e,11,user_25652863,0.840987
user_372c2b3e,12,user_bf30f80d,0.837102
user_372c2b3e,13,user_83e45cc0,0.832909
user_372c2b3e,14,user_f5e1eee0,0.827662
user_372c2b3e,15,user_f7fd2885,0.823105
user_378003e3,1,user_ae306850,0.914348
user_378003e3,2,user_3ff88cf0,0.907346
user_378003e3,3,user_b14ec02b,0.888828
user_378003e3,4,user_81c4dae1,0.878704
user_378003e3,5,user_a7145605,0.867410
user_378003e3,6,user_43049634,0.863693
user_378003e3,7,user_476670f9,0.833413
user_378003e3,8,user_a3a4a20a,0.832770
user_378003e3,9,user_c92c8f83,0.832631
user_378003e3,10,user_74e32d78,0.820804
user_378003e3,11,user_db4c3fb9,0.820227
user_378003e3,12,user_04f39d22,0.818977
user_378003e3,13,user_3ff3188b,0.812610
user_378003e3,14,user_3850eb9e,0.796417
user_378003e3,15,user_cc1c8897,0.795309
user_37be663c,1,user_3666402b,0.626670
user_37be663c,2,user_37be663c,0.616760
user_37be663c,3,user_ab8e847b,0.602834
user_37be663c,4,user_397cfe20,0.590649
user_37be663c,5,user_9b6481e4,0.573182
user_37be663c,6,user_c130412b,0.567083
user_37be663c,7,user_94f4a027,0.555928
user_37be663c,8,user_c7beef01,0.554942
user_37be663c,9,user_a0517bef,0.548157
user_37be663c,10,user_815b7baf,0.536604
user_37be663c,11,user_ffe2efae,0.536557
user_37be663c,12,user_fa69a385,0.533919
user_37be663c,13,user_a16d1fb6,0.512859
user_37be663c,14,user_338e1332,0.492362
user_37be663c,15,user_ecf8f97f,0.490463
user_38390331,1,user_45be01a5,0.793534
user_38390331,2,user_433bdef0,0.729270
user_38390331,3,user_f10e7063,0.721070
user_38390331,4,user_d758a0a1,0.719811
user_38390331,5,user_858fa00c,0.711155
user_38390331,6,user_906e2423,0.709022
user_38390331,7,user_6fc85c06,0.704516
user_38390331,8,user_2c940ff8,0.703436
user_38390331,9,user_e3f9409b,0.702928
user_38390331,10,user_cdd86523,0.700706
user_38390331,11,user_e59c000f,0.700537
user_38390331,12,user_dc326993,0.699382
user_38390331,13,user_94f185bc,0.697144
user_38390331,14,user_7fd91653,0.696206
user_38390331,15,user_fde2d265,0.695738
user_3850eb9e,1,user_3ff88cf0,0.874201
user_3850eb9e,2,user_b9d253e8,0.855696
user_3850eb9e,3,user_b563e90b,0.827966
user_3850eb9e,4,user_b14ec02b,0.819652
user_3850eb9e,5,user_43049634,0.818061
user_3850eb9e,6,user_3850eb9e,0.816678
user_3850eb9e,7,user_a7145605,0.808850
user_3850eb9e,8,user_db4c3fb9,0.797143
user_3850eb9e,9,user_ae306850,0.796279
user_3850eb9e,10,user_81c4dae1,0.795653
user_3850eb9e,11,user_74e32d78,0.790221
user_3850eb9e,12,user_476670f9,0.777578
user_3850eb9e,13,user_72b93300,0.772018
user_3850eb9e,14,user_40efa894,0.756349
user_3850eb9e,15,user_032f6993,0.755220
user_38ab51d4,1,user_d199bef3,0.733313
user_38ab51d4,2,user_1ef33a43,0.731645
user_38ab51d4,3,user_5c09bb3d,0.713787
user_38ab51d4,4,user_17607ebc,0.704451
user_38ab51d4,5,user_aa31484a,0.700624
user_38ab51d4,6,user_38f4dfac,0.692089
user_38ab51d4,7,user_095ff43e,0.685923
user_38ab51d4,8,user_df3c19a7,0.682742
user_38ab51d4,9,user_657c72ca,0.667442
user_38ab51d4,10,user_1b89f77a,0.664529
user_38ab51d4,11,user_5881b259,0.664372
user_38ab51d4,12,user_73623b4e,0.663111
user_38ab51d4,13,user_43a979d2,0.662285
user_38ab51d4,14,user_1f1dc5e0,0.662196
user_38ab51d4,15,user_caebed72,0.654799
user_3971c3e6,1,user_5c9b579a,0.777051
user_3971c3e6,2,user_372c2b3e,0.772526
user_3971c3e6,3,user_364bb955,0.767500
user_3971c3e6,4,user_3971c3e6,0.760257
user_3971c3e6,5,user_e6dd44b0,0.759648
user_3971c3e6,6,user_8ae8c359,0.756863
user_3971c3e6,7,user_d2c97c8e,0.755203
user_3971c3e6,8,user_b0129d9e,0.752659
user_3971c3e6,9,user_147d1bbb,0.749783
user_3971c3e6,10,user_10e64e28,0.748459
user_3971c3e6,11,user_66772d98,0.743658
user_3971c3e6,12,user_da51dede,0.741331
user_3971c3e6,13,user_74cfb8ef,0.740648
user_3971c3e6,14,user_4e54f3d7,0.739255
user_3971c3e6,15,user_500badda,0.737661
user_39939c54,1,user_d1d16d30,0.842173
user_39939c54,2,user_cb2fe204,0.828556
user_39939c54,3,user_a743aff9,0.823340
user_39939c54,4,user_a01f16ac,0.819270
user_39939c54,5,user_2e81a539,0.813948
user_39939c54,6,user_cdd86523,0.813766
user_39939c54,7,user_9600e8bf,0.813564
user_39939c54,8,user_c06d9b71,0.811045
user_39939c54,9,user_b337cb0c,0.811031
user_39939c54,10,user_e6057285,0.809911
user_39939c54,11,user_ebddf9c1,0.807871
user_39939c54,12,user_5881b259,0.805545
user_39939c54,13,user_b350e22b,0.804609
user_39939c54,14,user_bbe73426,0.804481
user_39939c54,15,user_a57e47b1,0.804451
user_39aad1a2,1,user_032e5bc8,0.850229
user_39aad1a2,2,user_0898fc4b,0.847910
user_39aad1a2,3,user_bd05225b,0.833096
user_39aad1a2,4,user_5b714afd,0.829019
user_39aad1a2,5,user_0669bdf6,0.818710
user_39aad1a2,6,user_7fd91653,0.818316
user_39aad1a2,7,user_02d8a1f8,0.811061
user_39aad1a2,8,user_226be32f,0.805443
user_39aad1a2,9,user_c5f32c0d,0.800808
user_39aad1a2,10,user_5993b36a,0.796100
user_39aad1a2,11,user_88b2faba,0.795130
user_39aad1a2,12,user_f60a09b3,0.793262
user_39aad1a2,13,user_0fefc28e,0.787716
user_39aad1a2,14,user_4b139395,0.787479
user_39aad1a2,15,user_1cfedba8,0.784628
user_39f8897b,1,user_39f8897b,0.764201
user_39f8897b,2,user_98ca16a6,0.611049
user_39f8897b,3,user_3a39cc49,0.550568
user_39f8897b,4,user_a75b16f2,0.549839
user_39f8897b,5,user_7709815a,0.545711
user_39f8897b,6,user_71f7b692,0.513776
user_39f8897b,7,user_3431c049,0.511781
user_39f8897b,8,user_ffe2efae,0.510202
user_39f8897b,9,user_846d1f36,0.498457
user_39f8897b,10,user_fb8f46c8,0.495464
user_39f8897b,11,user_d0c1bf72,0.492482
user_39f8897b,12,user_11e8421f,0.489459
user_39f8897b,13,user_815b7baf,0.488275
user_39f8897b,14,user_2142b6e1,0.486546
user_39f8897b,15,user_f1157204,0.483649
user_3a55606c,1,user_e70b6a25,0.695595
user_3a55606c,2,user_86685a27,0.691841
user_3a55606c,3,user_3a55606c,0.688265
user_3a55606c,4,user_dcf52d26,0.677616
user_3a55606c,5,user_78eff25f,0.665151
user_3a55606c,6,user_c4b781ce,0.644115
user_3a55606c,7,user_f827c7dd,0.638920
user_3a55606c,8,user_6a0b0e92,0.631649
user_3a55606c,9,user_a6a094cf,0.619446
user_3a55606c,10,user_0ef44f54,0.610448
user_3a55606c,11,user_f5c4370b,0.598030
user_3a55606c,12,user_4b139395,0.597570
user_3a55606c,13,user_8afa3eba,0.594893
user_3a55606c,14,user_c67f26cc,0.593867
user_3a55606c,15,user_039d004e,0.587596
user_3b1da5d9,1,user_7de6f343,0.814153
user_3b1da5d9,2,user_9fe4e0f5,0.791955
user_3b1da5d9,3,user_64cd3098,0.780296
user_3b1da5d9,4,user_ded778b8,0.780286
user_3b1da5d9,5,user_74cfb8ef,0.774131
user_3b1da5d9,6,user_7c3d63ce,0.771338
user_3b1da5d9,7,user_3b1da5d9,0.771141
user_3b1da5d9,8,user_daf59045,0.766836
user_3b1da5d9,9,user_93cdb7a1,0.757736
user_3b1da5d9,10,user_0bc8e727,0.757445
user_3b1da5d9,11,user_e2e59795,0.749624
user_3b1da5d9,12,user_ba8b1c05,0.746983
user_3b1da5d9,13,user_6d421600,0.746841
user_3b1da5d9,14,user_b0129d9e,0.744658
user_3b1da5d9,15,user_124651ff,0.743990
user_3b90fb53,1,user_3b90fb53,0.799737
user_3b90fb53,2,user_226be32f,0.796714
user_3b90fb53,3,user_ff591131,0.783254
user_3b90fb53,4,user_f0cf195f,0.776572
user_3b90fb53,5,user_1cfedba8,0.759866
user_3b90fb53,6,user_6fc85c06,0.759472
user_3b90fb53,7,user_0669bdf6,0.758784
user_3b90fb53,8,user_032e5bc8,0.757002
user_3b90fb53,9,user_7fd91653,0.752467
user_3b90fb53,10,user_f60a09b3,0.751502
user_3b90fb53,11,user_0b64b183,0.746421
user_3b90fb53,12,user_bd05225b,0.744094
user_3b90fb53,13,user_0fefc28e,0.743282
user_3b90fb53,14,user_b350e22b,0.740962
user_3b90fb53,15,user_e8a7be73,0.736555
user_3bb7992e,1,user_372c2b3e,0.829619
user_3bb7992e,2,user_6fa47d61,0.818120
user_3bb7992e,3,user_40efa894,0.817284
user_3bb7992e,4,user_f7fd2885,0.813250
user_3bb7992e,5,user_85c97ea1,0.804510
user_3bb7992e,6,user_25652863,0.802050
user_3bb7992e,7,user_e409a56d,0.798478
user_3bb7992e,8,user_ba8b1c05,0.797204
user_3bb7992e,9,user_7de6f343,0.792384
user_3bb7992e,10,user_f3377028,0.777204
user_3bb7992e,11,user_a00e0552,0.775835
user_3bb7992e,12,user_74cfb8ef,0.774941
user_3bb7992e,13,user_e6dd44b0,0.773169
user_3bb7992e,14,user_3bb7992e,0.762332
user_3bb7992e,15,user_421ae417,0.761624
user_3ce4c1f8,1,user_91db6e48,0.762708
user_3ce4c1f8,2,user_33b2b77f,0.746603
user_3ce4c1f8,3,user_e696f3ae,0.740274
user_3ce4c1f8,4,user_56e6d0cd,0.736862
user_3ce4c1f8,5,user_ab86ab82,0.735585
user_3ce4c1f8,6,user_b2aba63a,0.725966
user_3ce4c1f8,7,user_67acd9b1,0.724388
user_3ce4c1f8,8,user_02fecea2,0.723950
user_3ce4c1f8,9,user_e8e9acac,0.723307
user_3ce4c1f8,10,user_ffe2efae,0.719923
user_3ce4c1f8,11,user_338e1332,0.716437
user_3ce4c1f8,12,user_9a307ebe,0.715034
user_3ce4c1f8,13,user_58bfeaad,0.709731
user_3ce4c1f8,14,user_3b79395c,0.706749
user_3ce4c1f8,15,user_57c1d6c0,0.704238
user_3e284ba5,1,user_4db0d490,0.837922
user_3e284ba5,2,user_91db6e48,0.837098
user_3e284ba5,3,user_65d73ac1,0.821851
user_3e284ba5,4,user_67acd9b1,0.821595
user_3e284ba5,5,user_57c1d6c0,0.817571
user_3e284ba5,6,user_f930e37f,0.811934
user_3e284ba5,7,user_c994138f,0.809588
user_3e284ba5,8,user_25b48a9a,0.809387
user_3e284ba5,9,user_111cfe7d,0.807576
user_3e284ba5,10,user_0eb2abf1,0.807404
user_3e284ba5,11,user_8be3f554,0.804875
user_3e284ba5,12,user_9351238d,0.802055
user_3e284ba5,13,user_3b79395c,0.799579
user_3e284ba5,14,user_586752e4,0.799238
user_3e284ba5,15,user_adab54a0,0.798558
user_3eb49f37,1,user_858fa00c,0.766598
user_3eb49f37,2,user_3eb49f37,0.760634
user_3eb49f37,3,user_ab30f0fb,0.743140
user_3eb49f37,4,user_0669bdf6,0.710963
user_3eb49f37,5,user_98a676ce,0.702613
user_3eb49f37,6,user_efa5697b,0.700277
user_3eb49f37,7,user_d758a0a1,0.696619
user_3eb49f37,8,user_a4a77a7d,0.693934
user_3eb49f37,9,user_96013176,0.684067
user_3eb49f37,10,user_7d944883,0.681712
user_3eb49f37,11,user_3f2fbc90,0.679886
user_3eb49f37,12,user_058d9dc1,0.676343
user_3eb49f37,13,user_6a0b0e92,0.674431
user_3eb49f37,14,user_83afc7b2,0.670111
user_3eb49f37,15,user_0cc626ee,0.664066
user_3f1d04a6,1,user_1f1dc5e0,0.804963
user_3f1d04a6,2,user_74c84045,0.790998
user_3f1d04a6,3,user_dca78fea,0.771271
user_3f1d04a6,4,user_1a2755b3,0.767922
user_3f1d04a6,5,user_a743aff9,0.763841
user_3f1d04a6,6,user_1936a7c3,0.762627
user_3f1d04a6,7,user_e6057285,0.758869
user_3f1d04a6,8,user_dc32d458,0.758407
user_3f1d04a6,9,user_fa60616d,0.758333
user_3f1d04a6,10,user_f0cf195f,0.758062
user_3f1d04a6,11,user_89e04335,0.756459
user_3f1d04a6,12,user_aa2fbe83,0.754548
user_3f1d04a6,13,user_3049510b,0.752997
user_3f1d04a6,14,user_bd19a016,0.752097
user_3f1d04a6,15,user_095ff43e,0.751472
user_3f2894b5,1,user_adab54a0,0.876348
user_3f2894b5,2,user_b16e0cf8,0.853131
user_3f2894b5,3,user_e802076d,0.851016
user_3f2894b5,4,user_b23aa915,0.845820
user_3f2894b5,5,user_147d1bbb,0.818189
user_3f2894b5,6,user_e59c000f,0.816304
user_3f2894b5,7,user_0cee87f3,0.814128
user_3f2894b5,8,user_5c5a0b40,0.814053
user_3f2894b5,9,user_02d03e8a,0.812753
user_3f2894b5,10,user_c5f32c0d,0.811086
user_3f2894b5,11,user_7aa3746b,0.810275
user_3f2894b5,12,user_54c1ebee,0.809812
user_3f2894b5,13,user_03969305,0.809149
user_3f2894b5,14,user_83afc7b2,0.806881
user_3f2894b5,15,user_886f7373,0.806000
user_3f798a8b,1,user_a3a4a20a,0.787697
user_3f798a8b,2,user_9dda4af9,0.769221
user_3f798a8b,3,user_acb51eed,0.756242
user_3f798a8b,4,user_c34e791e,0.755200
user_3f798a8b,5,user_81c4dae1,0.747610
user_3f798a8b,6,user_f5e1eee0,0.747423
user_3f798a8b,7,user_6fa47d61,0.745146
user_3f798a8b,8,user_e409a56d,0.743471
user_3f798a8b,9,user_04f39d22,0.739263
user_3f798a8b,10,user_74d27419,0.736416
user_3f798a8b,11,user_1b7f8c56,0.734406
user_3f798a8b,12,user_c41de62b,0.732767
user_3f798a8b,13,user_aa2fbe83,0.732654
user_3f798a8b,14,user_c92c8f83,0.731914
user_3f798a8b,15,user_25b48a9a,0.729849
user_3ff3188b,1,user_67acd9b1,0.835902
user_3ff3188b,2,user_02fecea2,0.822604
user_3ff3188b,3,user_c34e791e,0.815617
user_3ff3188b,4,user_2c69b83e,0.813083
user_3ff3188b,5,user_e696f3ae,0.806343
user_3ff3188b,6,user_3ff3188b,0.801383
user_3ff3188b,7,user_b1a5a37e,0.798715
user_3ff3188b,8,user_e6dd44b0,0.794608
user_3ff3188b,9,user_9a307ebe,0.793840
user_3ff3188b,10,user_3b79395c,0.783814
user_3ff3188b,11,user_b2aba63a,0.781579
user_3ff3188b,12,user_fdc08e26,0.779912
user_3ff3188b,13,user_a3a4a20a,0.779779
user_3ff3188b,14,user_3431c049,0.779171
user_3ff3188b,15,user_9a5457b0,0.777911
user_3ff88cf0,1,user_46bb5302,0.867777
user_3ff88cf0,2,user_3ff88cf0,0.784987
user_3ff88cf0,3,user_a7145605,0.784938
user_3ff88cf0,4,user_b14ec02b,0.765364
user_3ff88cf0,5,user_3850eb9e,0.718113
user_3ff88cf0,6,user_25b48a9a,0.702009
user_3ff88cf0,7,user_8006727d,0.701135
user_3ff88cf0,8,user_9bee2a7c,0.699627
user_3ff88cf0,9,user_9c7183c8,0.699476
user_3ff88cf0,10,user_6fbf6191,0.699200
user_3ff88cf0,11,user_c92c8f83,0.695454
user_3ff88cf0,12,user_9b6481e4,0.692661
user_3ff88cf0,13,user_c34e791e,0.689937
user_3ff88cf0,14,user_ae306850,0.686989
user_3ff88cf0,15,user_43049634,0.681514
user_40a0bad3,1,user_f1157204,0.665509
user_40a0bad3,2,user_65d73ac1,0.661225
user_40a0bad3,3,user_baf68fe9,0.649006
user_40a0bad3,4,user_18522854,0.618342
user_40a0bad3,5,user_515ae840,0.605398
user_40a0bad3,6,user_2c3eb234,0.592310
user_40a0bad3,7,user_66a7ce5a,0.592280
user_40a0bad3,8,user_a16d1fb6,0.590319
user_40a0bad3,9,user_2b03934e,0.586813
user_40a0bad3,10,user_4a57e449,0.581158
user_40a0bad3,11,user_8be3f554,0.580164
user_40a0bad3,12,user_406c399e,0.580010
user_40a0bad3,13,user_d67450a8,0.579744
user_40a0bad3,14,user_40a0bad3,0.579322
user_40a0bad3,15,user_32934d38,0.576275
user_40efa894,1,user_04f39d22,0.864773
user_40efa894,2,user_7de6f343,0.847572
user_40efa894,3,user_6d421600,0.835841
user_40efa894,4,user_daf59045,0.826987
user_40efa894,5,user_d2c97c8e,0.825809
user_40efa894,6,user_74cfb8ef,0.820897
user_40efa894,7,user_40efa894,0.818134
user_40efa894,8,user_a3a4a20a,0.817412
user_40efa894,9,user_43049634,0.817400
user_40efa894,10,user_f5e1eee0,0.813114
user_40efa894,11,user_82c86537,0.812113
user_40efa894,12,user_0bc8e727,0.807710
user_40efa894,13,user_7c3d63ce,0.803523
user_40efa894,14,user_421ae417,0.801789
user_40efa894,15,user_81c4dae1,0.801112
user_41b20ee4,1,user_81a80789,0.843246
user_41b20ee4,2,user_7b5f54c0,0.836816
user_41b20ee4,3,user_b63ea1d4,0.819037
user_41b20ee4,4,user_166a3647,0.806392
user_41b20ee4,5,user_3431c049,0.805533
user_41b20ee4,6,user_1246b252,0.804609
user_41b20ee4,7,user_25798310,0.792156
user_41b20ee4,8,user_3b1da5d9,0.790178
user_41b20ee4,9,user_1a7d6cd5,0.788019
user_41b20ee4,10,user_02fecea2,0.782214
user_41b20ee4,11,user_acd6ddfb,0.779971
user_41b20ee4,12,user_b0129d9e,0.772417
user_41b20ee4,13,user_9a5457b0,0.772186
user_41b20ee4,14,user_0b1b1d1c,0.766831
user_41b20ee4,15,user_aabd2642,0.762663
user_433bdef0,1,user_9dda4af9,0.822766
user_433bdef0,2,user_adab54a0,0.815357
user_433bdef0,3,user_8f8346ad,0.806372
user_433bdef0,4,user_c35d6565,0.799247
user_433bdef0,5,user_9ce96cbf,0.792237
user_433bdef0,6,user_b6d05d1d,0.790052
user_433bdef0,7,user_4db0d490,0.789524
user_433bdef0,8,user_e5a6abbe,0.786538
user_433bdef0,9,user_daf37424,0.785134
user_433bdef0,10,user_ca6074df,0.784529
user_433bdef0,11,user_02d03e8a,0.783050
user_433bdef0,12,user_efac3c1d,0.781680
user_433bdef0,13,user_a8dc91a3,0.781177
user_433bdef0,14,user_0697c470,0.779990
user_433bdef0,15,user_111cfe7d,0.778630
user_434f3511,1,user_70bbda36,0.841303
user_434f3511,2,user_ded778b8,0.829103
user_434f3511,3,user_02016939,0.813577
user_434f3511,4,user_5526cbfd,0.796533
user_434f3511,5,user_500badda,0.789573
user_434f3511,6,user_147d1bbb,0.788251
user_434f3511,7,user_03969305,0.787633
user_434f3511,8,user_3e284ba5,0.787287
user_434f3511,9,user_e2e59795,0.784818
user_434f3511,10,user_ed1aaed8,0.774418
user_434f3511,11,user_5c9b579a,0.773004
user_434f3511,12,user_b0129d9e,0.769467
user_434f3511,13,user_03410579,0.768658
user_434f3511,14,user_107259c3,0.768576
user_434f3511,15,user_ba085464,0.768378
user_44567221,1,user_7fef9da8,0.672514
user_44567221,2,user_6c2d672f,0.637050
user_44567221,3,user_8fb63eca,0.619368
user_44567221,4,user_89571ce8,0.613894
user_44567221,5,user_3e284ba5,0.604422
user_44567221,6,user_cbabbcee,0.593467
user_44567221,7,user_83a58842,0.592994
user_44567221,8,user_94cad3a5,0.586855
user_44567221,9,user_b0129d9e,0.585743
user_44567221,10,user_13fb2e34,0.582035
user_44567221,11,user_7a8f7f3e,0.581538
user_44567221,12,user_caa6a7b6,0.578594
user_44567221,13,user_72bed676,0.576298
user_44567221,14,user_df8dc9bb,0.576144
user_44567221,15,user_f10e7063,0.575436
user_454733da,1,user_9ffdf5e5,0.622553
user_454733da,2,user_9b517815,0.611695
user_454733da,3,user_835666af,0.590240
user_454733da,4,user_903329bb,0.537037
user_454733da,5,user_d023a78e,0.533503
user_454733da,6,user_59e8bc2a,0.528579
user_454733da,7,user_88f46c7b,0.525115
user_454733da,8,user_75251485,0.516682
user_454733da,9,user_f3f15c55,0.514929
user_454733da,10,user_5f4ee256,0.508645
user_454733da,11,user_598cc905,0.503056
user_454733da,12,user_fb64cb55,0.502569
user_454733da,13,user_d0a0f883,0.498155
user_454733da,14,user_ad15a0a4,0.496660
user_454733da,15,user_51779823,0.490346
user_45926b89,1,user_fdcaaf41,0.780310
user_45926b89,2,user_9e39a95d,0.761252
user_45926b89,3,user_d3663143,0.759270
user_45926b89,4,user_1b7f8c56,0.750935
user_45926b89,5,user_2cb4b018,0.743044
user_45926b89,6,user_7f56f9a5,0.731770
user_45926b89,7,user_6c2d672f,0.721199
user_45926b89,8,user_aabd2642,0.719104
user_45926b89,9,user_33c6501d,0.705896
user_45926b89,10,user_7b052f32,0.703170
user_45926b89,11,user_9d786aa8,0.700108
user_45926b89,12,user_63b4be5f,0.698998
user_45926b89,13,user_f4cc9f3d,0.697056
user_45926b89,14,user_94cad3a5,0.695087
user_45926b89,15,user_16ac4154,0.693845
user_45d008d3,1,user_233fda02,0.764953
user_45d008d3,2,user_1022be44,0.764391
user_45d008d3,3,user_aa19d173,0.744594
user_45d008d3,4,user_858fa00c,0.735635
user_45d008d3,5,user_9ee84e18,0.731097
user_45d008d3,6,user_ed3091a2,0.728087
user_45d008d3,7,user_3b90fb53,0.726605
user_45d008d3,8,user_c81fae29,0.726003
user_45d008d3,9,user_dc20c886,0.723224
user_45d008d3,10,user_8e5e899b,0.720522
user_45d008d3,11,user_5fddc7f1,0.717670
user_45d008d3,12,user_5ac1a174,0.716065
user_45d008d3,13,user_17054ec7,0.715809
user_45d008d3,14,user_07db2c6a,0.709647
user_45d008d3,15,user_4144252d,0.700724
user_4607d25d,1,user_e802076d,0.858494
user_4607d25d,2,user_e59c000f,0.851168
user_4607d25d,3,user_586752e4,0.843423
user_4607d25d,4,user_c5f32c0d,0.843241
user_4607d25d,5,user_54c1ebee,0.841846
user_4607d25d,6,user_147d1bbb,0.836254
user_4607d25d,7,user_e6057285,0.835874
user_4607d25d,8,user_c994138f,0.835072
user_4607d25d,9,user_737dd050,0.832622
user_4607d25d,10,user_df8dc9bb,0.831411
user_4607d25d,11,user_5c82df31,0.829927
user_4607d25d,12,user_5c5a0b40,0.828961
user_4607d25d,13,user_a4a77a7d,0.825240
user_4607d25d,14,user_5a6f92a6,0.822989
user_4607d25d,15,user_96013176,0.821213
user_46e2e7ec,1,user_f5138e15,0.745503
user_46e2e7ec,2,user_46e2e7ec,0.689575
user_46e2e7ec,3,user_ba085464,0.682254
user_46e2e7ec,4,user_e8e9acac,0.602155
user_46e2e7ec,5,user_b2aba63a,0.598216
user_46e2e7ec,6,user_46bb5302,0.597586
user_46e2e7ec,7,user_b1a5a37e,0.595994
user_46e2e7ec,8,user_25b48a9a,0.585844
user_46e2e7ec,9,user_7b2d0be1,0.583790
user_46e2e7ec,10,user_6d421600,0.579890
user_46e2e7ec,11,user_259776c7,0.579277
user_46e2e7ec,12,user_ab434739,0.578780
user_46e2e7ec,13,user_417702c5,0.578511
user_46e2e7ec,14,user_8f08aa94,0.576829
user_46e2e7ec,15,user_9a5457b0,0.576461
user_476670f9,1,user_db4c3fb9,0.884551
user_476670f9,2,user_43049634,0.872893
user_476670f9,3,user_b14ec02b,0.870261
user_476670f9,4,user_ae306850,0.863170
user_476670f9,5,user_3ff88cf0,0.854674
user_476670f9,6,user_b563e90b,0.830380
user_476670f9,7,user_a7145605,0.812661
user_476670f9,8,user_74e32d78,0.811782
user_476670f9,9,user_aabd2642,0.783394
user_476670f9,10,user_74cfb8ef,0.781967
user_476670f9,11,user_1b7f8c56,0.772383
user_476670f9,12,user_fdcaaf41,0.772239
user_476670f9,13,user_476670f9,0.769064
user_476670f9,14,user_e2e59795,0.760190
user_476670f9,15,user_da51dede,0.756330
user_4aaa8404,1,user_543e79f5,0.698872
user_4aaa8404,2,user_daf53db6,0.697271
user_4aaa8404,3,user_bbb0205e,0.665419
user_4aaa8404,4,user_c0392523,0.628687
user_4aaa8404,5,user_b1c16312,0.627685
user_4aaa8404,6,user_a4aab257,0.614800
user_4aaa8404,7,user_d20928cc,0.609045
user_4aaa8404,8,user_4aaa8404,0.606983
user_4aaa8404,9,user_24668d84,0.604433
user_4aaa8404,10,user_c41de62b,0.599082
user_4aaa8404,11,user_9c5cd7fa,0.587379
user_4aaa8404,12,user_795eb408,0.586137
user_4aaa8404,13,user_c8f82360,0.580728
user_4aaa8404,14,user_c1a70ab7,0.577288
user_4aaa8404,15,user_3ce4c1f8,0.575589
user_4ab9d510,1,user_c39d41d7,0.846831
user_4ab9d510,2,user_5881b259,0.818038
user_4ab9d510,3,user_38f4dfac,0.814878
user_4ab9d510,4,user_954805d7,0.809069
user_4ab9d510,5,user_c5f32c0d,0.805938
user_4ab9d510,6,user_b16e0cf8,0.805193
user_4ab9d510,7,user_88b2faba,0.800043
user_4ab9d510,8,user_7aa3746b,0.799944
user_4ab9d510,9,user_c008345b,0.798167
user_4ab9d510,10,user_bd05225b,0.793256
user_4ab9d510,11,user_5993b36a,0.793156
user_4ab9d510,12,user_40a0bad3,0.791395
user_4ab9d510,13,user_fba6bcd4,0.789072
user_4ab9d510,14,user_636ad58f,0.788036
user_4ab9d510,15,user_03969305,0.786717
user_4b139395,1,user_91f807b9,0.850842
user_4b139395,2,user_8f8346ad,0.848848
user_4b139395,3,user_8be3f554,0.834419
user_4b139395,4,user_29cd4556,0.831376
user_4b139395,5,user_ec574395,0.829220
user_4b139395,6,user_b6d05d1d,0.820863
user_4b139395,7,user_2dd5b531,0.820627
user_4b139395,8,user_74d27419,0.820168
user_4b139395,9,user_111cfe7d,0.818495
user_4b139395,10,user_5b698646,0.812622
user_4b139395,11,user_cf393213,0.810704
user_4b139395,12,user_b9036662,0.807165
user_4b139395,13,user_a8dc91a3,0.806955
user_4b139395,14,user_91db6e48,0.806675
user_4b139395,15,user_54b19b29,0.806634
user_4b8335bd,1,user_4b8335bd,0.762560
user_4b8335bd,2,user_0bd8ba7c,0.568191
user_4b8335bd,3,user_f14dc486,0.565683
user_4b8335bd,4,user_8a3bbeb2,0.535779
user_4b8335bd,5,user_2c3eb234,0.535629
user_4b8335bd,6,user_ba4f42bb,0.524954
user_4b8335bd,7,user_d20928cc,0.520969
user_4b8335bd,8,user_192a215d,0.516895
user_4b8335bd,9,user_ac6e9129,0.513615
user_4b8335bd,10,user_4bf6a4a0,0.512497
user_4b8335bd,11,user_8c0c7619,0.507232
user_4b8335bd,12,user_c1a70ab7,0.505837
user_4b8335bd,13,user_63b4ae7a,0.501504
user_4b8335bd,14,user_795eb408,0.498219
user_4b8335bd,15,user_49b1ac46,0.493884
user_4bd9303b,1,user_94cad3a5,0.748862
user_4bd9303b,2,user_9a5457b0,0.718654
user_4bd9303b,3,user_3bc84c13,0.701131
user_4bd9303b,4,user_b4d7e69a,0.698366
user_4bd9303b,5,user_166a3647,0.696291
user_4bd9303b,6,user_8713f22a,0.695485
user_4bd9303b,7,user_476670f9,0.690097
user_4bd9303b,8,user_b0129d9e,0.689809
user_4bd9303b,9,user_67acd9b1,0.685829
user_4bd9303b,10,user_52f895f1,0.683861
user_4bd9303b,11,user_ffe2efae,0.681354
user_4bd9303b,12,user_ded778b8,0.679796
user_4bd9303b,13,user_4f3b6241,0.676323
user_4bd9303b,14,user_5526cbfd,0.675572
user_4bd9303b,15,user_89e04335,0.675358
user_4cad4295,1,user_9a5457b0,0.783076
user_4cad4295,2,user_16ac4154,0.782400
user_4cad4295,3,user_b1c16312,0.773408
user_4cad4295,4,user_94cad3a5,0.760635
user_4cad4295,5,user_c8f82360,0.749620
user_4cad4295,6,user_4f3b6241,0.748180
user_4cad4295,7,user_55058479,0.745712
user_4cad4295,8,user_f930e37f,0.738251
user_4cad4295,9,user_6c2d672f,0.736176
user_4cad4295,10,user_9818dcae,0.732361
user_4cad4295,11,user_c41de62b,0.727370
user_4cad4295,12,user_a2503734,0.721190
user_4cad4295,13,user_aabd2642,0.716475
user_4cad4295,14,user_649f4327,0.713749
user_4cad4295,15,user_25b48a9a,0.713107
user_4d4f73a6,1,user_d758a0a1,0.821983
user_4d4f73a6,2,user_5c9b579a,0.814590
user_4d4f73a6,3,user_2e81a539,0.814530
user_4d4f73a6,4,user_7f56f9a5,0.809090
user_4d4f73a6,5,user_bd05225b,0.807882
user_4d4f73a6,6,user_b4214db6,0.807251
user_4d4f73a6,7,user_ecc1ca0a,0.805959
user_4d4f73a6,8,user_e6057285,0.805497
user_4d4f73a6,9,user_df8dc9bb,0.804484
user_4d4f73a6,10,user_54c1ebee,0.799222
user_4d4f73a6,11,user_920c074a,0.797566
user_4d4f73a6,12,user_03969305,0.794212
user_4d4f73a6,13,user_586752e4,0.794072
user_4d4f73a6,14,user_364bb955,0.793449
user_4d4f73a6,15,user_3239132f,0.790843
user_4e42bf97,1,user_29cd4556,0.871357
user_4e42bf97,2,user_94f185bc,0.865678
user_4e42bf97,3,user_79f04645,0.864446
user_4e42bf97,4,user_03969305,0.861477
user_4e42bf97,5,user_a8dc91a3,0.854604
user_4e42bf97,6,user_e802076d,0.842330
user_4e42bf97,7,user_a4a77a7d,0.838946
user_4e42bf97,8,user_df8dc9bb,0.831816
user_4e42bf97,9,user_e59c000f,0.829705
user_4e42bf97,10,user_5349c6cf,0.827617
user_4e42bf97,11,user_ec574395,0.821654
user_4e42bf97,12,user_8fe14601,0.821207
user_4e42bf97,13,user_3f2fbc90,0.819673
user_4e42bf97,14,user_7aa3746b,0.812466
user_4e42bf97,15,user_6bf0e007,0.811537
user_4e54f3d7,1,user_aa31484a,0.836916
user_4e54f3d7,2,user_02d03e8a,0.806622
user_4e54f3d7,3,user_2373103d,0.729996
user_4e54f3d7,4,user_f654c33b,0.727555
user_4e54f3d7,5,user_17607ebc,0.723238
user_4e54f3d7,6,user_5dc5c2dc,0.711417
user_4e54f3d7,7,user_872311db,0.704773
user_4e54f3d7,8,user_8663226a,0.702962
user_4e54f3d7,9,user_c35d6565,0.701983
user_4e54f3d7,10,user_0168255c,0.694380
user_4e54f3d7,11,user_5c09bb3d,0.694323
user_4e54f3d7,12,user_adab54a0,0.688224
user_4e54f3d7,13,user_bdcc6e7d,0.687061
user_4e54f3d7,14,user_954805d7,0.686119
user_4e54f3d7,15,user_092e219d,0.685797
user_4f3b6241,1,user_03969305,0.891711
user_4f3b6241,2,user_b16e0cf8,0.869154
user_4f3b6241,3,user_fba6bcd4,0.860775
user_4f3b6241,4,user_c39d41d7,0.858250
user_4f3b6241,5,user_1a2755b3,0.846753
user_4f3b6241,6,user_e802076d,0.845637
user_4f3b6241,7,user_14a2d3c6,0.844792
user_4f3b6241,8,user_e6057285,0.844543
user_4f3b6241,9,user_5881b259,0.843227
user_4f3b6241,10,user_e59c000f,0.837925
user_4f3b6241,11,user_2dd5b531,0.835093
user_4f3b6241,12,user_40a0bad3,0.833818
user_4f3b6241,13,user_7aa3746b,0.831820
user_4f3b6241,14,user_b6350ec1,0.831131
user_4f3b6241,15,user_dc32d458,0.829365
user_4f8b6987,1,user_e59c000f,0.803743
user_4f8b6987,2,user_83afc7b2,0.800450
user_4f8b6987,3,user_8be3f554,0.799844
user_4f8b6987,4,user_9dda4af9,0.793680
user_4f8b6987,5,user_858fa00c,0.792109
user_4f8b6987,6,user_c35d6565,0.790931
user_4f8b6987,7,user_89e04335,0.786327
user_4f8b6987,8,user_e6057285,0.784746
user_4f8b6987,9,user_0898fc4b,0.779716
user_4f8b6987,10,user_c39d41d7,0.779075
user_4f8b6987,11,user_a151ddab,0.778695
user_4f8b6987,12,user_9a307ebe,0.776817
user_4f8b6987,13,user_ef954c6e,0.776475
user_4f8b6987,14,user_e5a6abbe,0.775269
user_4f8b6987,15,user_03969305,0.773907
user_500badda,1,user_74cfb8ef,0.767993
user_500badda,2,user_58bfeaad,0.756279
user_500badda,3,user_ba8b1c05,0.755406
user_500badda,4,user_64cd3098,0.745734
user_500badda,5,user_2e60c125,0.739291
user_500badda,6,user_53b85563,0.734107
user_500badda,7,user_7de6f343,0.733123
user_500badda,8,user_b2aba63a,0.730441
user_500badda,9,user_f5e1eee0,0.725694
user_500badda,10,user_40efa894,0.723430
user_500badda,11,user_f3377028,0.721800
user_500badda,12,user_2c2a5c24,0.718889
user_500badda,13,user_bf30f80d,0.717455
user_500badda,14,user_6fa47d61,0.716862
user_500badda,15,user_d2c97c8e,0.716427
user_5062c872,1,user_5062c872,0.803756
user_5062c872,2,user_6fa47d61,0.776220
user_5062c872,3,user_2efde048,0.755310
user_5062c872,4,user_bf30f80d,0.748746
user_5062c872,5,user_2e60c125,0.732105
user_5062c872,6,user_f5e1eee0,0.712995
user_5062c872,7,user_372c2b3e,0.707387
user_5062c872,8,user_f3377028,0.697931
user_5062c872,9,user_58bfeaad,0.695657
user_5062c872,10,user_2c2a5c24,0.695416
user_5062c872,11,user_4ea1ef09,0.692574
user_5062c872,12,user_08c32973,0.687975
user_5062c872,13,user_85c97ea1,0.672858
user_5062c872,14,user_25652863,0.670298
user_5062c872,15,user_83e45cc0,0.666012
user_515ae840,1,user_dbc4828c,0.848440
user_515ae840,2,user_40a0bad3,0.824962
user_515ae840,3,user_cdd86523,0.822655
user_515ae840,4,user_1a2755b3,0.818751
user_515ae840,5,user_dc32d458,0.814032
user_515ae840,6,user_a57e47b1,0.811085
user_515ae840,7,user_c39d41d7,0.801556
user_515ae840,8,user_03969305,0.801509
user_515ae840,9,user_4f755977,0.799583
user_515ae840,10,user_73f34c5d,0.797794
user_515ae840,11,user_ebddf9c1,0.794914
user_515ae840,12,user_50e2a836,0.792808
user_515ae840,13,user_3e1f9dc1,0.790619
user_515ae840,14,user_bd05225b,0.790337
user_515ae840,15,user_e6dd44b0,0.788752
user_524450e9,1,user_94f185bc,0.879811
user_524450e9,2,user_e59c000f,0.876938
user_524450e9,3,user_2dd5b531,0.869993
user_524450e9,4,user_e6057285,0.864809
user_524450e9,5,user_69df6330,0.864537
user_524450e9,6,user_6fc85c06,0.854387
user_524450e9,7,user_03969305,0.852907
user_524450e9,8,user_c5f32c0d,0.845381
user_524450e9,9,user_e802076d,0.843671
user_524450e9,10,user_fdc08e26,0.841251
user_524450e9,11,user_adab54a0,0.840771
user_524450e9,12,user_f60a09b3,0.840496
user_524450e9,13,user_b49274ca,0.837408
user_524450e9,14,user_41d0c897,0.835085
user_524450e9,15,user_7924afc9,0.833945
user_529e3009,1,user_529e3009,0.783915
user_529e3009,2,user_7c8639cd,0.727351
user_529e3009,3,user_ded778b8,0.646491
user_529e3009,4,user_869fcb2b,0.642917
user_529e3009,5,user_c008345b,0.635143
user_529e3009,6,user_89f449b4,0.630558
user_529e3009,7,user_a57a04fa,0.629154
user_529e3009,8,user_cbabbcee,0.620161
user_529e3009,9,user_587b57d5,0.620089
user_529e3009,10,user_f0cf195f,0.618321
user_529e3009,11,user_ff591131,0.612373
user_529e3009,12,user_e3f9409b,0.608915
user_529e3009,13,user_5c82df31,0.607228
user_529e3009,14,user_d96972e5,0.606517
user_529e3009,15,user_058d9dc1,0.597817
user_52d3881c,1,user_52d3881c,0.858806
user_52d3881c,2,user_aabd2642,0.805384
user_52d3881c,3,user_9a307ebe,0.800416
user_52d3881c,4,user_1b7f8c56,0.797858
user_52d3881c,5,user_d2c97c8e,0.783159
user_52d3881c,6,user_3971c3e6,0.776699
user_52d3881c,7,user_e5a6abbe,0.771731
user_52d3881c,8,user_74025dc0,0.768396
user_52d3881c,9,user_a3a4a20a,0.766925
user_52d3881c,10,user_e6057285,0.765159
user_52d3881c,11,user_e696f3ae,0.764230
user_52d3881c,12,user_f4cc9f3d,0.761343
user_52d3881c,13,user_03969305,0.760783
user_52d3881c,14,user_fdc08e26,0.758324
user_52d3881c,15,user_ef954c6e,0.758315
user_53325367,1,user_53325367,0.523789
user_53325367,2,user_c6f50d12,0.503813
user_53325367,3,user_51779823,0.477342
user_53325367,4,user_18522854,0.462612
user_53325367,5,user_79a1811b,0.461144
user_53325367,6,user_34b1fb84,0.458645
user_53325367,7,user_32ae32f9,0.455307
user_53325367,8,user_98ca16a6,0.444561
user_53325367,9,user_65d73ac1,0.444005
user_53325367,10,user_75251485,0.443801
user_53325367,11,user_dffc0da5,0.441626
user_53325367,12,user_6a98b381,0.440498
user_53325367,13,user_8e217d1b,0.439596
user_53325367,14,user_2b03934e,0.437652
user_53325367,15,user_f14dc486,0.437230
user_54c1ebee,1,user_107259c3,0.860435
user_54c1ebee,2,user_ea67f9c6,0.851335
user_54c1ebee,3,user_25798310,0.850531
user_54c1ebee,4,user_166a3647,0.850070
user_54c1ebee,5,user_586752e4,0.843044
user_54c1ebee,6,user_7f56f9a5,0.841450
user_54c1ebee,7,user_8fb63eca,0.840376
user_54c1ebee,8,user_70bbda36,0.834102
user_54c1ebee,9,user_b0129d9e,0.831096
user_54c1ebee,10,user_df8dc9bb,0.830859
user_54c1ebee,11,user_aabd2642,0.826658
user_54c1ebee,12,user_7b5f54c0,0.825682
user_54c1ebee,13,user_4144252d,0.825170
user_54c1ebee,14,user_1a7d6cd5,0.824952
user_54c1ebee,15,user_54c1ebee,0.821944
user_56909460,1,user_886f7373,0.826082
user_56909460,2,user_f0b144fc,0.806214
user_56909460,3,user_394c25cc,0.801840
user_56909460,4,user_38dc2894,0.793344
user_56909460,5,user_0521a7ac,0.786929
user_56909460,6,user_94f185bc,0.783144
user_56909460,7,user_e802076d,0.781131
user_56909460,8,user_a151ddab,0.774117
user_56909460,9,user_df8dc9bb,0.773841
user_56909460,10,user_b23aa915,0.770582
user_56909460,11,user_89e04335,0.768041
user_56909460,12,user_869fcb2b,0.763802
user_56909460,13,user_6bf0e007,0.757409
user_56909460,14,user_a7c6197a,0.756867
user_56909460,15,user_5349c6cf,0.754908
user_56980aa9,1,user_835666af,0.768082
user_56980aa9,2,user_737dd050,0.766677
user_56980aa9,3,user_6a0b0e92,0.759211
user_56980aa9,4,user_3f2fbc90,0.759058
user_56980aa9,5,user_c60d65b5,0.740428
user_56980aa9,6,user_e8d15537,0.737797
user_56980aa9,7,user_59e8bc2a,0.737116
user_56980aa9,8,user_fb64cb55,0.722567
user_56980aa9,9,user_903329bb,0.722549
user_56980aa9,10,user_5993b36a,0.717398
user_56980aa9,11,user_56980aa9,0.717270
user_56980aa9,12,user_0cc626ee,0.714413
user_56980aa9,13,user_8e97a154,0.710976
user_56980aa9,14,user_9ee84e18,0.709470
user_56980aa9,15,user_f862100c,0.699323
user_5738db35,1,user_e6dd44b0,0.811240
user_5738db35,2,user_03410579,0.807826
user_5738db35,3,user_f070eee7,0.799339
user_5738db35,4,user_3e284ba5,0.789970
user_5738db35,5,user_500badda,0.786491
user_5738db35,6,user_a7bfc229,0.785413
user_5738db35,7,user_fcf93ee8,0.783552
user_5738db35,8,user_7c7220a4,0.781920
user_5738db35,9,user_1a7d6cd5,0.778466
user_5738db35,10,user_7b5f54c0,0.775550
user_5738db35,11,user_5c9b579a,0.774595
user_5738db35,12,user_bd47000f,0.773558
user_5738db35,13,user_5738db35,0.772579
user_5738db35,14,user_0c578ab5,0.771082
user_5738db35,15,user_88b2faba,0.769656
user_582ff5b2,1,user_872311db,0.843080
user_582ff5b2,2,user_e5a6abbe,0.842431
user_582ff5b2,3,user_d6175d39,0.837322
user_582ff5b2,4,user_c39d41d7,0.829354
user_582ff5b2,5,user_fba6bcd4,0.827794
user_582ff5b2,6,user_50e2a836,0.827203
user_582ff5b2,7,user_07cb458d,0.806724
user_582ff5b2,8,user_7a7dda35,0.805754
user_582ff5b2,9,user_b16e0cf8,0.804107
user_582ff5b2,10,user_68d19df8,0.800347
user_582ff5b2,11,user_84e93af7,0.799684
user_582ff5b2,12,user_43a979d2,0.799137
user_582ff5b2,13,user_73623b4e,0.793184
user_582ff5b2,14,user_ef954c6e,0.792536
user_582ff5b2,15,user_73f34c5d,0.790460
user_586752e4,1,user_0128a546,0.817383
user_586752e4,2,user_586752e4,0.762851
user_586752e4,3,user_3353b96b,0.754013
user_586752e4,4,user_3f2894b5,0.743266
user_586752e4,5,user_2e05a7a0,0.740527
user_586752e4,6,user_daf37424,0.736214
user_586752e4,7,user_9571d0d5,0.731949
user_586752e4,8,user_259776c7,0.731173
user_586752e4,9,user_c994138f,0.725341
user_586752e4,10,user_ab86ab82,0.723863
user_586752e4,11,user_e8e9acac,0.718690
user_586752e4,12,user_3b79395c,0.717672
user_586752e4,13,user_9ee84e18,0.714040
user_586752e4,14,user_164fe4b8,0.711662
user_586752e4,15,user_9351238d,0.711468
user_58892c7c,1,user_58892c7c,0.801656
user_58892c7c,2,user_1b2d69c1,0.797425
user_58892c7c,3,user_74c84045,0.782537
user_58892c7c,4,user_07faa0fc,0.751854
user_58892c7c,5,user_e30558fe,0.701911
user_58892c7c,6,user_e6dd44b0,0.690338
user_58892c7c,7,user_166a3647,0.683983
user_58892c7c,8,user_fcf93ee8,0.682173
user_58892c7c,9,user_3bc84c13,0.677598
user_58892c7c,10,user_02fecea2,0.677245
user_58892c7c,11,user_107259c3,0.676470
user_58892c7c,12,user_b1a5a37e,0.673703
user_58892c7c,13,user_baa70592,0.668138
user_58892c7c,14,user_76638121,0.667291
user_58892c7c,15,user_81a80789,0.665391
user_58bfeaad,1,user_58bfeaad,0.805880
user_58bfeaad,2,user_b2aba63a,0.780773
user_58bfeaad,3,user_6d421600,0.769240
user_58bfeaad,4,user_e409a56d,0.757364
user_58bfeaad,5,user_38fbcf73,0.756549
user_58bfeaad,6,user_45d008d3,0.750689
user_58bfeaad,7,user_bf30f80d,0.743657
user_58bfeaad,8,user_5159d3a1,0.742901
user_58bfeaad,9,user_9a5457b0,0.740142
user_58bfeaad,10,user_daf59045,0.738157
user_58bfeaad,11,user_64cd3098,0.731647
user_58bfeaad,12,user_c34e791e,0.726343
user_58bfeaad,13,user_6fa47d61,0.726278
user_58bfeaad,14,user_04f39d22,0.723866
user_58bfeaad,15,user_b1a5a37e,0.719127
user_59d9db83,1,user_bbe73426,0.841763
user_59d9db83,2,user_1936a7c3,0.841631
user_59d9db83,3,user_d1d16d30,0.840708
user_59d9db83,4,user_7b052f32,0.836970
user_59d9db83,5,user_1f1dc5e0,0.822374
user_59d9db83,6,user_a743aff9,0.805272
user_59d9db83,7,user_3049510b,0.802504
user_59d9db83,8,user_e6057285,0.794082
user_59d9db83,9,user_b605d5c9,0.794026
user_59d9db83,10,user_cb2fe204,0.793374
user_59d9db83,11,user_205d25f3,0.793369
user_59d9db83,12,user_5881b259,0.792385
user_59d9db83,13,user_64d76dfd,0.787959
user_59d9db83,14,user_ef954c6e,0.787181
user_59d9db83,15,user_bf69de98,0.784324
user_5a5bee64,1,user_07cb458d,0.819829
user_5a5bee64,2,user_d6175d39,0.808411
user_5a5bee64,3,user_c39d41d7,0.802489
user_5a5bee64,4,user_9dda4af9,0.790038
user_5a5bee64,5,user_b6350ec1,0.785155
user_5a5bee64,6,user_7b5f54c0,0.780375
user_5a5bee64,7,user_73623b4e,0.779846
user_5a5bee64,8,user_e6dd44b0,0.778319
user_5a5bee64,9,user_68d19df8,0.776698
user_5a5bee64,10,user_8a760553,0.774465
user_5a5bee64,11,user_c5f32c0d,0.774032
user_5a5bee64,12,user_fba6bcd4,0.772022
user_5a5bee64,13,user_84e93af7,0.767283
user_5a5bee64,14,user_bd05225b,0.766678
user_5a5bee64,15,user_02d8a1f8,0.765731
user_5a6c91dd,1,user_dbc4828c,0.817281
user_5a6c91dd,2,user_723406a0,0.800308
user_5a6c91dd,3,user_c39d41d7,0.797817
user_5a6c91dd,4,user_2e81a539,0.797377
user_5a6c91dd,5,user_0e82fe11,0.791610
user_5a6c91dd,6,user_5881b259,0.790011
user_5a6c91dd,7,user_405db206,0.787393
user_5a6c91dd,8,user_3121653d,0.784152
user_5a6c91dd,9,user_4f755977,0.777579
user_5a6c91dd,10,user_0b64b183,0.771748
user_5a6c91dd,11,user_bd05225b,0.770451
user_5a6c91dd,12,user_e6dd44b0,0.770318
user_5a6c91dd,13,user_0f0ad720,0.768260
user_5a6c91dd,14,user_d758a0a1,0.768009
user_5a6c91dd,15,user_7aa3746b,0.763092
user_5a6f92a6,1,user_41b20ee4,0.696509
user_5a6f92a6,2,user_3666402b,0.696357
user_5a6f92a6,3,user_16b87e34,0.636514
user_5a6f92a6,4,user_19622b77,0.607096
user_5a6f92a6,5,user_ab8e847b,0.577327
user_5a6f92a6,6,user_37be663c,0.573708
user_5a6f92a6,7,user_b1c16312,0.560955
user_5a6f92a6,8,user_52f895f1,0.555934
user_5a6f92a6,9,user_1eefeb8c,0.553908
user_5a6f92a6,10,user_0bd8ba7c,0.553508
user_5a6f92a6,11,user_a0517bef,0.552700
user_5a6f92a6,12,user_c130412b,0.545242
user_5a6f92a6,13,user_88e84020,0.541344
user_5a6f92a6,14,user_a16d1fb6,0.538438
user_5a6f92a6,15,user_c7beef01,0.537538
user_5ac1a174,1,user_5ac1a174,0.881500
user_5ac1a174,2,user_e8cdb142,0.802394
user_5ac1a174,3,user_858fa00c,0.802239
user_5ac1a174,4,user_ed3091a2,0.787614
user_5ac1a174,5,user_0e82fe11,0.782647
user_5ac1a174,6,user_8e5e899b,0.782605
user_5ac1a174,7,user_233fda02,0.773526
user_5ac1a174,8,user_87e5d9b0,0.768989
user_5ac1a174,9,user_d758a0a1,0.756402
user_5ac1a174,10,user_3b90fb53,0.752021
user_5ac1a174,11,user_4144252d,0.751947
user_5ac1a174,12,user_ff39b6cf,0.750828
user_5ac1a174,13,user_ab30f0fb,0.743635
user_5ac1a174,14,user_0cc626ee,0.740008
user_5ac1a174,15,user_78eff25f,0.739604
user_5c09bb3d,1,user_2c69b83e,0.808592
user_5c09bb3d,2,user_c39d41d7,0.805247
user_5c09bb3d,3,user_d6175d39,0.803359
user_5c09bb3d,4,user_b16e0cf8,0.797081
user_5c09bb3d,5,user_ce424e88,0.794682
user_5c09bb3d,6,user_df3c19a7,0.789792
user_5c09bb3d,7,user_b6350ec1,0.788687
user_5c09bb3d,8,user_43a979d2,0.783928
user_5c09bb3d,9,user_fba6bcd4,0.778922
user_5c09bb3d,10,user_73623b4e,0.775187
user_5c09bb3d,11,user_68d19df8,0.774804
user_5c09bb3d,12,user_02d8a1f8,0.772297
user_5c09bb3d,13,user_96013176,0.770503
user_5c09bb3d,14,user_5a6c91dd,0.770214
user_5c09bb3d,15,user_07cb458d,0.769966
user_5c5a0b40,1,user_8be3f554,0.735925
user_5c5a0b40,2,user_33b2b77f,0.730513
user_5c5a0b40,3,user_56e6d0cd,0.710863
user_5c5a0b40,4,user_daf37424,0.709634
user_5c5a0b40,5,user_ab86ab82,0.707245
user_5c5a0b40,6,user_65d73ac1,0.706900
user_5c5a0b40,7,user_1df51301,0.703525
user_5c5a0b40,8,user_9ce96cbf,0.699245
user_5c5a0b40,9,user_8006727d,0.690932
user_5c5a0b40,10,user_c994138f,0.690467
user_5c5a0b40,11,user_57c1d6c0,0.688756
user_5c5a0b40,12,user_3535252b,0.687001
user_5c5a0b40,13,user_d67450a8,0.683059
user_5c5a0b40,14,user_26565155,0.681150
user_5c5a0b40,15,user_c34e791e,0.679566
user_5c82df31,1,user_eda37c14,0.801060
user_5c82df31,2,user_acb51eed,0.756698
user_5c82df31,3,user_fb64cb55,0.747801
user_5c82df31,4,user_737dd050,0.746164
user_5c82df31,5,user_903329bb,0.745429
user_5c82df31,6,user_00723699,0.732235
user_5c82df31,7,user_9ee84e18,0.726878
user_5c82df31,8,user_4f864d55,0.726134
user_5c82df31,9,user_82d93459,0.719265
user_5c82df31,10,user_8e97a154,0.717655
user_5c82df31,11,user_d10d1f24,0.714970
user_5c82df31,12,user_165a2706,0.713033
user_5c82df31,13,user_5c9b579a,0.711038
user_5c82df31,14,user_835666af,0.705644
user_5c82df31,15,user_5b7d5e00,0.704731
user_5d1b0daf,1,user_ec574395,0.854267
user_5d1b0daf,2,user_8f8346ad,0.848979
user_5d1b0daf,3,user_b6d05d1d,0.848887
user_5d1b0daf,4,user_2dd5b531,0.821440
user_5d1b0daf,5,user_adab54a0,0.817317
user_5d1b0daf,6,user_b49274ca,0.812319
user_5d1b0daf,7,user_45926b89,0.811922
user_5d1b0daf,8,user_54b19b29,0.810483
user_5d1b0daf,9,user_8fe14601,0.803591
user_5d1b0daf,10,user_5d1b0daf,0.797118
user_5d1b0daf,11,user_9dda4af9,0.790939
user_5d1b0daf,12,user_c2f18cf7,0.783509
user_5d1b0daf,13,user_d93b53bd,0.783291
user_5d1b0daf,14,user_74d27419,0.778072
user_5d1b0daf,15,user_0eb2abf1,0.776624
user_5f4ee256,1,user_ff39b6cf,0.689237
user_5f4ee256,2,user_3b90fb53,0.688850
user_5f4ee256,3,user_e8cdb142,0.672309
user_5f4ee256,4,user_78eff25f,0.671102
user_5f4ee256,5,user_8e5e899b,0.669286
user_5f4ee256,6,user_5ac1a174,0.665395
user_5f4ee256,7,user_37cd2dc9,0.664965
user_5f4ee256,8,user_233fda02,0.664955
user_5f4ee256,9,user_6a0b0e92,0.663876
user_5f4ee256,10,user_2c39731d,0.663045
user_5f4ee256,11,user_d758a0a1,0.662872
user_5f4ee256,12,user_858fa00c,0.658526
user_5f4ee256,13,user_ecc1ca0a,0.654887
user_5f4ee256,14,user_07db2c6a,0.652562
user_5f4ee256,15,user_3f2fbc90,0.650416
user_6169d3b8,1,user_6169d3b8,0.841761
user_6169d3b8,2,user_6476648d,0.772238
user_6169d3b8,3,user_b63ea1d4,0.759505
user_6169d3b8,4,user_8713f22a,0.743710
user_6169d3b8,5,user_2c69b83e,0.735249
user_6169d3b8,6,user_6deada35,0.731070
user_6169d3b8,7,user_53b85563,0.728063
user_6169d3b8,8,user_e409a56d,0.726723
user_6169d3b8,9,user_e6dd44b0,0.725269
user_6169d3b8,10,user_3b1da5d9,0.724530
user_6169d3b8,11,user_74cfb8ef,0.723358
user_6169d3b8,12,user_58bfeaad,0.721865
user_6169d3b8,13,user_76638121,0.721336
user_6169d3b8,14,user_e51692a6,0.720393
user_6169d3b8,15,user_a3a4a20a,0.719449
user_61f90240,1,user_d20928cc,0.803878
user_61f90240,2,user_a4aab257,0.769230
user_61f90240,3,user_2c3eb234,0.742072
user_61f90240,4,user_829844fd,0.734699
user_61f90240,5,user_d14b7d7b,0.722872
user_61f90240,6,user_4bf6a4a0,0.722496
user_61f90240,7,user_24668d84,0.721709
user_61f90240,8,user_8c0c7619,0.709093
user_61f90240,9,user_4e42bf97,0.708704
user_61f90240,10,user_b2dd04c8,0.701967
user_61f90240,11,user_b1c16312,0.699870
user_61f90240,12,user_b8f24804,0.692481
user_61f90240,13,user_c32db875,0.689196
user_61f90240,14,user_515ae840,0.689002
user_61f90240,15,user_b429ec64,0.676348
user_63110023,1,user_650da71b,0.777443
user_63110023,2,user_75bc9924,0.752008
user_63110023,3,user_9d65649f,0.710033
user_63110023,4,user_756e2f00,0.704685
user_63110023,5,user_a8dc91a3,0.696263
user_63110023,6,user_79f04645,0.686023
user_63110023,7,user_8fe14601,0.668001
user_63110023,8,user_4e42bf97,0.658859
user_63110023,9,user_19952166,0.639405
user_63110023,10,user_c32db875,0.628398
user_63110023,11,user_b2dd04c8,0.627255
user_63110023,12,user_d93b53bd,0.614533
user_63110023,13,user_ec574395,0.613007
user_63110023,14,user_d20928cc,0.611238
user_63110023,15,user_5d1b0daf,0.610441
user_636d1da4,1,user_83afc7b2,0.871908
user_636d1da4,2,user_e59c000f,0.859704
user_636d1da4,3,user_38433566,0.856742
user_636d1da4,4,user_e5a6abbe,0.852799
user_636d1da4,5,user_e6057285,0.852370
user_636d1da4,6,user_5993b36a,0.849100
user_636d1da4,7,user_9a307ebe,0.847432
user_636d1da4,8,user_c5f32c0d,0.834109
user_636d1da4,9,user_ef954c6e,0.832222
user_636d1da4,10,user_0669bdf6,0.831053
user_636d1da4,11,user_14a2d3c6,0.828688
user_636d1da4,12,user_b16e0cf8,0.828619
user_636d1da4,13,user_147d1bbb,0.827574
user_636d1da4,14,user_dae4304f,0.826391
user_636d1da4,15,user_18892460,0.825030
user_6427334a,1,user_8fe14601,0.728920
user_6427334a,2,user_0168255c,0.719924
user_6427334a,3,user_3f798a8b,0.716021
user_6427334a,4,user_17607ebc,0.705741
user_6427334a,5,user_9d65649f,0.702646
user_6427334a,6,user_1e08d102,0.702312
user_6427334a,7,user_092e219d,0.697881
user_6427334a,8,user_d93b53bd,0.695637
user_6427334a,9,user_111cfe7d,0.693922
user_6427334a,10,user_8663226a,0.686534
user_6427334a,11,user_723406a0,0.677847
user_6427334a,12,user_d70942c1,0.677157
user_6427334a,13,user_79f04645,0.675538
user_6427334a,14,user_4db0d490,0.673804
user_6427334a,15,user_84e93af7,0.672422
user_6476648d,1,user_107259c3,0.854306
user_6476648d,2,user_b4f295b3,0.845398
user_6476648d,3,user_6169d3b8,0.810983
user_6476648d,4,user_baeb91b3,0.797883
user_6476648d,5,user_586752e4,0.786400
user_6476648d,6,user_f070eee7,0.783612
user_6476648d,7,user_17054ec7,0.781352
user_6476648d,8,user_ea67f9c6,0.781008
user_6476648d,9,user_70bbda36,0.769195
user_6476648d,10,user_e64d80ba,0.766070
user_6476648d,11,user_1ae8e7f5,0.764788
user_6476648d,12,user_737dd050,0.756443
user_6476648d,13,user_8713f22a,0.756243
user_6476648d,14,user_6deada35,0.753655
user_6476648d,15,user_7c7220a4,0.752922
user_649f4327,1,user_649f4327,0.848918
user_649f4327,2,user_25b48a9a,0.818433
user_649f4327,3,user_16ac4154,0.785961
user_649f4327,4,user_c34e791e,0.784214
user_649f4327,5,user_1b7f8c56,0.775818
user_649f4327,6,user_417702c5,0.765710
user_649f4327,7,user_6bb64984,0.765586
user_649f4327,8,user_940c7213,0.763245
user_649f4327,9,user_c2f18cf7,0.762359
user_649f4327,10,user_8fbb6d9c,0.759092
user_649f4327,11,user_67acd9b1,0.757164
user_649f4327,12,user_daf53db6,0.755688
user_649f4327,13,user_3ac315cb,0.754081
user_649f4327,14,user_aa2fbe83,0.753659
user_649f4327,15,user_e696f3ae,0.749085
user_657c72ca,1,user_d20928cc,0.771655
user_657c72ca,2,user_5d1b0daf,0.759698
user_657c72ca,3,user_61f90240,0.746948
user_657c72ca,4,user_f43d6008,0.742089
user_657c72ca,5,user_a8dc91a3,0.741416
user_657c72ca,6,user_829844fd,0.736909
user_657c72ca,7,user_b2dd04c8,0.735772
user_657c72ca,8,user_c4c70447,0.735364
user_657c72ca,9,user_6fbf6191,0.733646
user_657c72ca,10,user_126670d7,0.725331
user_657c72ca,11,user_0a3f46b9,0.723437
user_657c72ca,12,user_9ce96cbf,0.721758
user_657c72ca,13,user_cf393213,0.721632
user_657c72ca,14,user_39939c54,0.716811
user_657c72ca,15,user_2b03934e,0.715745
user_6592f2e4,1,user_d20928cc,0.622199
user_6592f2e4,2,user_b8f24804,0.620563
user_6592f2e4,3,user_33f2a818,0.588939
user_6592f2e4,4,user_7cb1ae65,0.587309
user_6592f2e4,5,user_2f766c23,0.586718
user_6592f2e4,6,user_f14dc486,0.585057
user_6592f2e4,7,user_2c3eb234,0.573097
user_6592f2e4,8,user_4bf6a4a0,0.569680
user_6592f2e4,9,user_b2dd04c8,0.569574
user_6592f2e4,10,user_515ae840,0.560204
user_6592f2e4,11,user_b45d0d20,0.557433
user_6592f2e4,12,user_24668d84,0.553392
user_6592f2e4,13,user_79a1811b,0.550716
user_6592f2e4,14,user_829844fd,0.546438
user_6592f2e4,15,user_18522854,0.545706
user_65d73ac1,1,user_2cb4b018,0.826790
user_65d73ac1,2,user_1a2755b3,0.817469
user_65d73ac1,3,user_3ac315cb,0.810813
user_65d73ac1,4,user_1b7f8c56,0.805084
user_65d73ac1,5,user_b325310b,0.803179
user_65d73ac1,6,user_dca78fea,0.802839
user_65d73ac1,7,user_afff552a,0.801613
user_65d73ac1,8,user_9e39a95d,0.799098
user_65d73ac1,9,user_fa60616d,0.798511
user_65d73ac1,10,user_caa6a7b6,0.787276
user_65d73ac1,11,user_89e04335,0.786403
user_65d73ac1,12,user_d3663143,0.780658
user_65d73ac1,13,user_40a0bad3,0.780086
user_65d73ac1,14,user_0b64b183,0.775479
user_65d73ac1,15,user_bd6a40d5,0.775340
user_68349053,1,user_68349053,0.727422
user_68349053,2,user_19641691,0.693190
user_68349053,3,user_70bbda36,0.690176
user_68349053,4,user_ed1aaed8,0.682514
user_68349053,5,user_ba085464,0.678080
user_68349053,6,user_baeb91b3,0.672270
user_68349053,7,user_93cdb7a1,0.672127
user_68349053,8,user_d50d7985,0.664918
user_68349053,9,user_7c7220a4,0.664779
user_68349053,10,user_3e284ba5,0.663119
user_68349053,11,user_ded778b8,0.657354
user_68349053,12,user_ac6d6bff,0.656985
user_68349053,13,user_737dd050,0.653560
user_68349053,14,user_d4c7b4c0,0.653447
user_68349053,15,user_6169d3b8,0.652028
user_68d19df8,1,user_6169d3b8,0.872817
user_68d19df8,2,user_25798310,0.800258
user_68d19df8,3,user_586752e4,0.797566
user_68d19df8,4,user_166a3647,0.788433
user_68d19df8,5,user_0e82fe11,0.783974
user_68d19df8,6,user_e6dd44b0,0.775689
user_68d19df8,7,user_107259c3,0.775028
user_68d19df8,8,user_147d1bbb,0.774935
user_68d19df8,9,user_8713f22a,0.774004
user_68d19df8,10,user_5fddc7f1,0.772905
user_68d19df8,11,user_6deada35,0.771874
user_68d19df8,12,user_26fa9d90,0.770098
user_68d19df8,13,user_858fa00c,0.766541
user_68d19df8,14,user_0f0ad720,0.764164
user_68d19df8,15,user_bd05225b,0.763685
user_69193575,1,user_8f8346ad,0.763055
user_69193575,2,user_69a4dd06,0.729793
user_69193575,3,user_55058479,0.710679
user_69193575,4,user_2e05a7a0,0.701685
user_69193575,5,user_ec574395,0.700791
user_69193575,6,user_6fbf6191,0.699953
user_69193575,7,user_c4c70447,0.694182
user_69193575,8,user_126670d7,0.688369
user_69193575,9,user_91f807b9,0.686771
user_69193575,10,user_cf393213,0.685592
user_69193575,11,user_94f185bc,0.684772
user_69193575,12,user_74d27419,0.683783
user_69193575,13,user_0f006eec,0.680427
user_69193575,14,user_9bee2a7c,0.680146
user_69193575,15,user_0b5c256a,0.679924
user_69a4dd06,1,user_1e302679,0.630756
user_69a4dd06,2,user_89f449b4,0.558514
user_69a4dd06,3,user_ebe17c78,0.528097
user_69a4dd06,4,user_a57a04fa,0.510002
user_69a4dd06,5,user_9991e1d8,0.504418
user_69a4dd06,6,user_7c8639cd,0.485304
user_69a4dd06,7,user_529e3009,0.450852
user_69a4dd06,8,user_e5beda2b,0.446979
user_69a4dd06,9,user_32934d38,0.442172
user_69a4dd06,10,user_b8f24804,0.416930
user_69a4dd06,11,user_869fcb2b,0.400128
user_69a4dd06,12,user_2c3eb234,0.390173
user_69a4dd06,13,user_0a3bcf86,0.385511
user_69a4dd06,14,user_48669fd6,0.379983
user_69a4dd06,15,user_2b03934e,0.378470
user_69df6330,1,user_69df6330,0.936963
user_69df6330,2,user_f654c33b,0.912729
user_69df6330,3,user_5881b259,0.888406
user_69df6330,4,user_c39d41d7,0.874633
user_69df6330,5,user_1a2755b3,0.873385
user_69df6330,6,user_e8d15537,0.872430
user_69df6330,7,user_b16e0cf8,0.869949
user_69df6330,8,user_636ad58f,0.869448
user_69df6330,9,user_723406a0,0.868930
user_69df6330,10,user_adab54a0,0.865894
user_69df6330,11,user_b49274ca,0.865672
user_69df6330,12,user_c5f32c0d,0.860231
user_69df6330,13,user_5c5a0b40,0.860221
user_69df6330,14,user_a743aff9,0.859436
user_69df6330,15,user_15179955,0.856527
user_6ab1739a,1,user_8fbb6d9c,0.835768
user_6ab1739a,2,user_b325310b,0.806683
user_6ab1739a,3,user_1b7f8c56,0.801272
user_6ab1739a,4,user_2d74cd4c,0.787649
user_6ab1739a,5,user_f8e2246f,0.780847
user_6ab1739a,6,user_b6b89f00,0.779838
user_6ab1739a,7,user_99c67f2f,0.778287
user_6ab1739a,8,user_d3663143,0.776474
user_6ab1739a,9,user_e838707b,0.771661
user_6ab1739a,10,user_417702c5,0.770909
user_6ab1739a,11,user_6011e674,0.770735
user_6ab1739a,12,user_9e39a95d,0.768110
user_6ab1739a,13,user_aa2fbe83,0.766181
user_6ab1739a,14,user_2f766c23,0.764407
user_6ab1739a,15,user_649f4327,0.756836
user_6ab8f7d4,1,user_0898fc4b,0.829642
user_6ab8f7d4,2,user_e59c000f,0.825682
user_6ab8f7d4,3,user_e6057285,0.825576
user_6ab8f7d4,4,user_5881b259,0.825029
user_6ab8f7d4,5,user_a151ddab,0.814918
user_6ab8f7d4,6,user_f0cf195f,0.810530
user_6ab8f7d4,7,user_1f1dc5e0,0.809700
user_6ab8f7d4,8,user_d96972e5,0.809135
user_6ab8f7d4,9,user_89e04335,0.807646
user_6ab8f7d4,10,user_c204a1dd,0.802986
user_6ab8f7d4,11,user_2e81a539,0.801825
user_6ab8f7d4,12,user_5993b36a,0.800977
user_6ab8f7d4,13,user_83afc7b2,0.799571
user_6ab8f7d4,14,user_3049510b,0.795283
user_6ab8f7d4,15,user_394c25cc,0.794040
user_6d071251,1,user_9ce96cbf,0.796051
user_6d071251,2,user_2b03934e,0.789319
user_6d071251,3,user_f43d6008,0.782574
user_6d071251,4,user_8c0c7619,0.781481
user_6d071251,5,user_a8dc91a3,0.778419
user_6d071251,6,user_126670d7,0.758193
user_6d071251,7,user_8a669dcd,0.752682
user_6d071251,8,user_5d1b0daf,0.749654
user_6d071251,9,user_829844fd,0.742811
user_6d071251,10,user_0b5c256a,0.730354
user_6d071251,11,user_efac3c1d,0.728239
user_6d071251,12,user_8be3f554,0.725525
user_6d071251,13,user_4bf6a4a0,0.725161
user_6d071251,14,user_74d27419,0.722672
user_6d071251,15,user_0eeab432,0.722014
user_6d2cb415,1,user_4f755977,0.794129
user_6d2cb415,2,user_88b2faba,0.767826
user_6d2cb415,3,user_dbc4828c,0.765815
user_6d2cb415,4,user_c39d41d7,0.764253
user_6d2cb415,5,user_e6dd44b0,0.763805
user_6d2cb415,6,user_7fd91653,0.762161
user_6d2cb415,7,user_f030b951,0.760885
user_6d2cb415,8,user_0898fc4b,0.758587
user_6d2cb415,9,user_fe67197f,0.755605
user_6d2cb415,10,user_a3a4a20a,0.753458
user_6d2cb415,11,user_a75b16f2,0.751143
user_6d2cb415,12,user_aabd2642,0.749677
user_6d2cb415,13,user_dd6e7bcb,0.749087
user_6d2cb415,14,user_bd05225b,0.749011
user_6d2cb415,15,user_0e82fe11,0.742172
user_6d421600,1,user_6d421600,0.728879
user_6d421600,2,user_82c86537,0.727140
user_6d421600,3,user_a3a4a20a,0.706426
user_6d421600,4,user_6fa47d61,0.706362
user_6d421600,5,user_0bc8e727,0.704123
user_6d421600,6,user_bf30f80d,0.698973
user_6d421600,7,user_f5e1eee0,0.688828
user_6d421600,8,user_2efde048,0.680804
user_6d421600,9,user_38fbcf73,0.677561
user_6d421600,10,user_372c2b3e,0.661120
user_6d421600,11,user_04f39d22,0.654874
user_6d421600,12,user_53b85563,0.650081
user_6d421600,13,user_daf59045,0.649667
user_6d421600,14,user_85c97ea1,0.648490
user_6d421600,15,user_b1a5a37e,0.648224
user_6f1b0197,1,user_b49274ca,0.848701
user_6f1b0197,2,user_4db0d490,0.814245
user_6f1b0197,3,user_54b19b29,0.779132
user_6f1b0197,4,user_c2f18cf7,0.774240
user_6f1b0197,5,user_d93b53bd,0.754580
user_6f1b0197,6,user_b7ba6422,0.751552
user_6f1b0197,7,user_84e93af7,0.742243
user_6f1b0197,8,user_fde2d265,0.740249
user_6f1b0197,9,user_adab54a0,0.734337
user_6f1b0197,10,user_83e30c57,0.726691
user_6f1b0197,11,user_0eb2abf1,0.722263
user_6f1b0197,12,user_c34e791e,0.721537
user_6f1b0197,13,user_9dda4af9,0.720906
user_6f1b0197,14,user_8fe14601,0.720812
user_6f1b0197,15,user_57c1d6c0,0.719029
user_6fa47d61,1,user_6fa47d61,0.923395
user_6fa47d61,2,user_7de6f343,0.867643
user_6fa47d61,3,user_74cfb8ef,0.864387
user_6fa47d61,4,user_2c2a5c24,0.858872
user_6fa47d61,5,user_ba8b1c05,0.857622
user_6fa47d61,6,user_40efa894,0.852308
user_6fa47d61,7,user_bf30f80d,0.850796
user_6fa47d61,8,user_64cd3098,0.846454
user_6fa47d61,9,user_2efde048,0.845971
user_6fa47d61,10,user_4ea1ef09,0.843462
user_6fa47d61,11,user_25652863,0.842435
user_6fa47d61,12,user_7c3d63ce,0.835735
user_6fa47d61,13,user_0bc8e727,0.830528
user_6fa47d61,14,user_421ae417,0.827244
user_6fa47d61,15,user_08c32973,0.825740
user_6fc85c06,1,user_3f2fbc90,0.847191
user_6fc85c06,2,user_6fc85c06,0.845539
user_6fc85c06,3,user_d96972e5,0.827211
user_6fc85c06,4,user_e59c000f,0.824512
user_6fc85c06,5,user_f60a09b3,0.818134
user_6fc85c06,6,user_a4a77a7d,0.813145
user_6fc85c06,7,user_8e97a154,0.812552
user_6fc85c06,8,user_6a0b0e92,0.802016
user_6fc85c06,9,user_165a2706,0.798766
user_6fc85c06,10,user_5c82df31,0.796942
user_6fc85c06,11,user_e802076d,0.793923
user_6fc85c06,12,user_8d22714e,0.787057
user_6fc85c06,13,user_737dd050,0.786608
user_6fc85c06,14,user_a151ddab,0.784807
user_6fc85c06,15,user_9571d0d5,0.784779
user_6fccf8b5,1,user_4a57e449,0.756635
user_6fccf8b5,2,user_ffe2efae,0.743965
user_6fccf8b5,3,user_3f2894b5,0.734333
user_6fccf8b5,4,user_8006727d,0.730109
user_6fccf8b5,5,user_ab86ab82,0.729801
user_6fccf8b5,6,user_164fe4b8,0.726279
user_6fccf8b5,7,user_9b6481e4,0.723840
user_6fccf8b5,8,user_9a5457b0,0.704779
user_6fccf8b5,9,user_fe922ad0,0.704212
user_6fccf8b5,10,user_67acd9b1,0.694872
user_6fccf8b5,11,user_b2aba63a,0.688439
user_6fccf8b5,12,user_2e05a7a0,0.685450
user_6fccf8b5,13,user_ab8e847b,0.683812
user_6fccf8b5,14,user_c7beef01,0.670132
user_6fccf8b5,15,user_8be3f554,0.665851
user_723406a0,1,user_0e82fe11,0.828493
user_723406a0,2,user_d758a0a1,0.805494
user_723406a0,3,user_ed3091a2,0.802511
user_723406a0,4,user_5ac1a174,0.796744
user_723406a0,5,user_5a6f92a6,0.796658
user_723406a0,6,user_687feee4,0.796210
user_723406a0,7,user_5fddc7f1,0.779117
user_723406a0,8,user_6a13946a,0.778655
user_723406a0,9,user_f4f9490d,0.776276
user_723406a0,10,user_586752e4,0.774064
user_723406a0,11,user_39aad1a2,0.768061
user_723406a0,12,user_9ee84e18,0.767812
user_723406a0,13,user_14a2d3c6,0.766090
user_723406a0,14,user_233fda02,0.763216
user_723406a0,15,user_e6057285,0.752721
user_72bed676,1,user_72bed676,0.658322
user_72bed676,2,user_d4c7b4c0,0.591877
user_72bed676,3,user_caaef3ca,0.586143
user_72bed676,4,user_81a80789,0.580767
user_72bed676,5,user_19641691,0.579351
user_72bed676,6,user_b1d0760b,0.579130
user_72bed676,7,user_0d32f0ed,0.559192
user_72bed676,8,user_17054ec7,0.555659
user_72bed676,9,user_b0129d9e,0.553969
user_72bed676,10,user_107259c3,0.553659
user_72bed676,11,user_e0c65725,0.552268
user_72bed676,12,user_943e4045,0.548652
user_72bed676,13,user_dbbf562e,0.548324
user_72bed676,14,user_1ae8e7f5,0.545459
user_72bed676,15,user_1a7d6cd5,0.542279
user_7322f4ef,1,user_59e8bc2a,0.714331
user_7322f4ef,2,user_5b7d5e00,0.654451
user_7322f4ef,3,user_d023a78e,0.649102
user_7322f4ef,4,user_835666af,0.626716
user_7322f4ef,5,user_fb64cb55,0.619941
user_7322f4ef,6,user_903329bb,0.614783
user_7322f4ef,7,user_aa4cc34a,0.604407
user_7322f4ef,8,user_d10d1f24,0.597417
user_7322f4ef,9,user_ba4a78fc,0.594085
user_7322f4ef,10,user_9ee84e18,0.585320
user_7322f4ef,11,user_2817ec11,0.572381
user_7322f4ef,12,user_29266f60,0.564306
user_7322f4ef,13,user_2dc10d2d,0.563370
user_7322f4ef,14,user_90e5fee6,0.558046
user_7322f4ef,15,user_165a2706,0.551585
user_737d3148,1,user_737d3148,0.836751
user_737d3148,2,user_eda37c14,0.802348
user_737d3148,3,user_414a6eaf,0.786449
user_737d3148,4,user_f5fea76f,0.768351
user_737d3148,5,user_92fe4471,0.757220
user_737d3148,6,user_22adb798,0.718897
user_737d3148,7,user_8ae8c359,0.715454
user_737d3148,8,user_f10e7063,0.701800
user_737d3148,9,user_e59c000f,0.701376
user_737d3148,10,user_96a45b45,0.701370
user_737d3148,11,user_ab439a92,0.690477
user_737d3148,12,user_e4f8ab0c,0.685726
user_737d3148,13,user_f54058d0,0.683733
user_737d3148,14,user_979ee068,0.678832
user_737d3148,15,user_5c9b579a,0.671454
user_73a4377d,1,user_33f2a818,0.962530
user_73a4377d,2,user_b45d0d20,0.736991
user_73a4377d,3,user_7cb1ae65,0.709129
user_73a4377d,4,user_80da26a6,0.688647
user_73a4377d,5,user_7d6962d9,0.650597
user_73a4377d,6,user_c1aa2063,0.559954
user_73a4377d,7,user_829844fd,0.559310
user_73a4377d,8,user_0f006eec,0.552383
user_73a4377d,9,user_1232c39b,0.549654
user_73a4377d,10,user_3ce4c1f8,0.547174
user_73a4377d,11,user_79a1811b,0.541363
user_73a4377d,12,user_aae78e0d,0.539324
user_73a4377d,13,user_8da30894,0.537795
user_73a4377d,14,user_6d2cb415,0.536323
user_73a4377d,15,user_4bf6a4a0,0.535588
user_73f34c5d,1,user_a5d9fab6,0.701389
user_73f34c5d,2,user_22b484cb,0.699411
user_73f34c5d,3,user_2c39731d,0.684057
user_73f34c5d,4,user_8e5e899b,0.679285
user_73f34c5d,5,user_d7fde080,0.649463
user_73f34c5d,6,user_c883258f,0.632565
user_73f34c5d,7,user_dc20c886,0.623343
user_73f34c5d,8,user_49b1ac46,0.617606
user_73f34c5d,9,user_78eff25f,0.616344
user_73f34c5d,10,user_b2f3c0d2,0.614210
user_73f34c5d,11,user_c81fae29,0.610141
user_73f34c5d,12,user_8afa3eba,0.606057
user_73f34c5d,13,user_87e5d9b0,0.603489
user_73f34c5d,14,user_ff39b6cf,0.586252
user_73f34c5d,15,user_903329bb,0.568194
user_74025dc0,1,user_8ae8c359,0.829946
user_74025dc0,2,user_96a45b45,0.825515
user_74025dc0,3,user_38433566,0.822263
user_74025dc0,4,user_e6057285,0.818533
user_74025dc0,5,user_d691d016,0.817277
user_74025dc0,6,user_2e81a539,0.816368
user_74025dc0,7,user_aabd2642,0.815956
user_74025dc0,8,user_54c1ebee,0.813756
user_74025dc0,9,user_586752e4,0.813578
user_74025dc0,10,user_5c9b579a,0.811292
user_74025dc0,11,user_74025dc0,0.810942
user_74025dc0,12,user_147d1bbb,0.809837
user_74025dc0,13,user_e5a6abbe,0.809764
user_74025dc0,14,user_96013176,0.808648
user_74025dc0,15,user_3971c3e6,0.804843
user_74cfb8ef,1,user_74cfb8ef,0.888791
user_74cfb8ef,2,user_7de6f343,0.884293
user_74cfb8ef,3,user_04f39d22,0.879694
user_74cfb8ef,4,user_daf59045,0.857543
user_74cfb8ef,5,user_a3a4a20a,0.847463
user_74cfb8ef,6,user_64cd3098,0.845550
user_74cfb8ef,7,user_421ae417,0.842881
user_74cfb8ef,8,user_6d421600,0.839185
user_74cfb8ef,9,user_e409a56d,0.826186
user_74cfb8ef,10,user_0bc8e727,0.822880
user_74cfb8ef,11,user_58bfeaad,0.821987
user_74cfb8ef,12,user_2c2a5c24,0.814965
user_74cfb8ef,13,user_b2aba63a,0.812291
user_74cfb8ef,14,user_ba8b1c05,0.811824
user_74cfb8ef,15,user_6fa47d61,0.808943
user_74e32d78,1,user_aa08d5a8,0.670999
user_74e32d78,2,user_8e48a3f8,0.633135
user_74e32d78,3,user_c81fae29,0.627680
user_74e32d78,4,user_74da5a13,0.624656
user_74e32d78,5,user_b563e90b,0.615285
user_74e32d78,6,user_aa19d173,0.607517
user_74e32d78,7,user_17054ec7,0.597357
user_74e32d78,8,user_b9d253e8,0.594817
user_74e32d78,9,user_dc20c886,0.587333
user_74e32d78,10,user_89197ce5,0.585360
user_74e32d78,11,user_37cd2dc9,0.572428
user_74e32d78,12,user_687feee4,0.571577
user_74e32d78,13,user_c73333a5,0.569747
user_74e32d78,14,user_caaef3ca,0.563514
user_74e32d78,15,user_1022be44,0.561765
user_756e2f00,1,user_8f8346ad,0.829920
user_756e2f00,2,user_a8dc91a3,0.799471
user_756e2f00,3,user_ec574395,0.798749
user_756e2f00,4,user_94f185bc,0.791503
user_756e2f00,5,user_5d1b0daf,0.787266
user_756e2f00,6,user_74d27419,0.785808
user_756e2f00,7,user_650da71b,0.784589
user_756e2f00,8,user_9ce96cbf,0.771471
user_756e2f00,9,user_b2dd04c8,0.762017
user_756e2f00,10,user_756e2f00,0.759382
user_756e2f00,11,user_cf393213,0.755792
user_756e2f00,12,user_b6d05d1d,0.753049
user_756e2f00,13,user_f43d6008,0.752929
user_756e2f00,14,user_91f807b9,0.750404
user_756e2f00,15,user_9dda4af9,0.746960
user_75905116,1,user_40efa894,0.890496
user_75905116,2,user_372c2b3e,0.849384
user_75905116,3,user_7de6f343,0.845224
user_75905116,4,user_1fb8e9e5,0.837330
user_75905116,5,user_fba6bcd4,0.831151
user_75905116,6,user_26fa9d90,0.829790
user_75905116,7,user_d2c97c8e,0.829614
user_75905116,8,user_72b93300,0.827403
user_75905116,9,user_f7fd2885,0.826571
user_75905116,10,user_70bbda36,0.825616
user_75905116,11,user_25652863,0.825437
user_75905116,12,user_02016939,0.825260
user_75905116,13,user_3971c3e6,0.823701
user_75905116,14,user_74cfb8ef,0.820923
user_75905116,15,user_0898fc4b,0.816920
user_7709815a,1,user_f3a9f844,0.847992
user_7709815a,2,user_e14b88a8,0.735125
user_7709815a,3,user_043ea160,0.658228
user_7709815a,4,user_36d44add,0.652674
user_7709815a,5,user_2e81a539,0.642337
user_7709815a,6,user_147d1bbb,0.632889
user_7709815a,7,user_18892460,0.630647
user_7709815a,8,user_b350e22b,0.630172
user_7709815a,9,user_8739102b,0.628862
user_7709815a,10,user_3b90fb53,0.626696
user_7709815a,11,user_f10e7063,0.624042
user_7709815a,12,user_8e97a154,0.622155
user_7709815a,13,user_14a2d3c6,0.615465
user_7709815a,14,user_4144252d,0.613070
user_7709815a,15,user_5993b36a,0.611504
user_78eff25f,1,user_78eff25f,0.718648
user_78eff25f,2,user_d758a0a1,0.703118
user_78eff25f,3,user_f827c7dd,0.699727
user_78eff25f,4,user_dcf52d26,0.692498
user_78eff25f,5,user_0ef44f54,0.689819
user_78eff25f,6,user_6a0b0e92,0.682909
user_78eff25f,7,user_ff39b6cf,0.682829
user_78eff25f,8,user_858fa00c,0.680190
user_78eff25f,9,user_e8cdb142,0.668633
user_78eff25f,10,user_8e5e899b,0.661702
user_78eff25f,11,user_1e08d102,0.645963
user_78eff25f,12,user_9da8848a,0.644985
user_78eff25f,13,user_5ac1a174,0.638550
user_78eff25f,14,user_4144252d,0.637833
user_78eff25f,15,user_920c074a,0.635658
user_7924afc9,1,user_f654c33b,0.871928
user_7924afc9,2,user_adab54a0,0.839272
user_7924afc9,3,user_84e93af7,0.837111
user_7924afc9,4,user_b49274ca,0.833690
user_7924afc9,5,user_02d03e8a,0.832429
user_7924afc9,6,user_636ad58f,0.823590
user_7924afc9,7,user_5c5a0b40,0.821409
user_7924afc9,8,user_5881b259,0.819527
user_7924afc9,9,user_17607ebc,0.814714
user_7924afc9,10,user_b16e0cf8,0.813352
user_7924afc9,11,user_7924afc9,0.811125
user_7924afc9,12,user_c39d41d7,0.809614
user_7924afc9,13,user_c35d6565,0.805677
user_7924afc9,14,user_2373103d,0.805229
user_7924afc9,15,user_dbc4828c,0.800695
user_795eb408,1,user_500badda,0.838630
user_795eb408,2,user_107259c3,0.801488
user_795eb408,3,user_b4f295b3,0.792717
user_795eb408,4,user_e64d80ba,0.782210
user_795eb408,5,user_9a307ebe,0.779100
user_795eb408,6,user_70bbda36,0.779093
user_795eb408,7,user_7a8f7f3e,0.771814
user_795eb408,8,user_5a6f92a6,0.770151
user_795eb408,9,user_83afc7b2,0.766101
user_795eb408,10,user_3e284ba5,0.764666
user_795eb408,11,user_fcf93ee8,0.763575
user_795eb408,12,user_df8dc9bb,0.761155
user_795eb408,13,user_d2c97c8e,0.760813
user_795eb408,14,user_147d1bbb,0.759712
user_795eb408,15,user_ded778b8,0.758943
user_79f04645,1,user_8fe14601,0.888142
user_79f04645,2,user_79f04645,0.886343
user_79f04645,3,user_29cd4556,0.863669
user_79f04645,4,user_d70942c1,0.844043
user_79f04645,5,user_ec574395,0.840740
user_79f04645,6,user_6bf0e007,0.817647
user_79f04645,7,user_a8dc91a3,0.812310
user_79f04645,8,user_d93b53bd,0.806511
user_79f04645,9,user_9d65649f,0.803673
user_79f04645,10,user_fde2d265,0.799140
user_79f04645,11,user_94f185bc,0.782550
user_79f04645,12,user_111cfe7d,0.781771
user_79f04645,13,user_0eb2abf1,0.781585
user_79f04645,14,user_5c5a0b40,0.777443
user_79f04645,15,user_7aa3746b,0.777227
user_7a8f7f3e,1,user_bb8be7e3,0.766140
user_7a8f7f3e,2,user_900ffd5c,0.718491
user_7a8f7f3e,3,user_da51dede,0.691845
user_7a8f7f3e,4,user_1f636ddc,0.657496
user_7a8f7f3e,5,user_1ae8e7f5,0.639233
user_7a8f7f3e,6,user_107259c3,0.637807
user_7a8f7f3e,7,user_b0129d9e,0.637240
user_7a8f7f3e,8,user_1e3084a6,0.634957
user_7a8f7f3e,9,user_fb427339,0.632508
user_7a8f7f3e,10,user_7a8f7f3e,0.621923
user_7a8f7f3e,11,user_e2e59795,0.617794
user_7a8f7f3e,12,user_0d32f0ed,0.613858
user_7a8f7f3e,13,user_baeb91b3,0.613323
user_7a8f7f3e,14,user_72bed676,0.611657
user_7a8f7f3e,15,user_3431c049,0.611512
user_7b052f32,1,user_df8dc9bb,0.823804
user_7b052f32,2,user_8dd20d7f,0.811285
user_7b052f32,3,user_b350e22b,0.809583
user_7b052f32,4,user_9571d0d5,0.805954
user_7b052f32,5,user_e802076d,0.798484
user_7b052f32,6,user_586752e4,0.789918
user_7b052f32,7,user_89e04335,0.789805
user_7b052f32,8,user_6fc85c06,0.786811
user_7b052f32,9,user_03969305,0.785682
user_7b052f32,10,user_94cad3a5,0.785540
user_7b052f32,11,user_147d1bbb,0.785112
user_7b052f32,12,user_e7ff2beb,0.781173
user_7b052f32,13,user_5c82df31,0.780123
user_7b052f32,14,user_8e97a154,0.776349
user_7b052f32,15,user_7f56f9a5,0.776195
user_7b2d0be1,1,user_fe67197f,0.809310
user_7b2d0be1,2,user_1246b252,0.792746
user_7b2d0be1,3,user_3e284ba5,0.780408
user_7b2d0be1,4,user_107259c3,0.778315
user_7b2d0be1,5,user_7a8f7f3e,0.778291
user_7b2d0be1,6,user_7f56f9a5,0.775707
user_7b2d0be1,7,user_03410579,0.773915
user_7b2d0be1,8,user_df8dc9bb,0.771216
user_7b2d0be1,9,user_586752e4,0.771060
user_7b2d0be1,10,user_25798310,0.766967
user_7b2d0be1,11,user_166a3647,0.766466
user_7b2d0be1,12,user_b0129d9e,0.765913
user_7b2d0be1,13,user_6c2d672f,0.765349
user_7b2d0be1,14,user_5c82df31,0.757149
user_7b2d0be1,15,user_885e8708,0.752723
user_7b4c75ab,1,user_7b4c75ab,0.708652
user_7b4c75ab,2,user_c81fae29,0.678003
user_7b4c75ab,3,user_f070eee7,0.636345
user_7b4c75ab,4,user_ee05ee55,0.629989
user_7b4c75ab,5,user_5fddc7f1,0.625240
user_7b4c75ab,6,user_17054ec7,0.582524
user_7b4c75ab,7,user_aa19d173,0.580132
user_7b4c75ab,8,user_a346dfc4,0.574061
user_7b4c75ab,9,user_7c7220a4,0.573755
user_7b4c75ab,10,user_5c9b579a,0.571230
user_7b4c75ab,11,user_eda37c14,0.569333
user_7b4c75ab,12,user_d5b21e00,0.567439
user_7b4c75ab,13,user_fefec402,0.560895
user_7b4c75ab,14,user_6169d3b8,0.547940
user_7b4c75ab,15,user_e14b88a8,0.547323
user_7c45fa70,1,user_7c45fa70,0.661810
user_7c45fa70,2,user_1022be44,0.455609
user_7c45fa70,3,user_6a28fa5d,0.442411
user_7c45fa70,4,user_6058434c,0.434246
user_7c45fa70,5,user_2eaaa117,0.425394
user_7c45fa70,6,user_c81fae29,0.409090
user_7c45fa70,7,user_8a3bbeb2,0.408235
user_7c45fa70,8,user_840e0a93,0.405875
user_7c45fa70,9,user_8eac0a68,0.405168
user_7c45fa70,10,user_85c97ea1,0.399587
user_7c45fa70,11,user_1e302679,0.384919
user_7c45fa70,12,user_ab434739,0.381539
user_7c45fa70,13,user_4a40c36a,0.380787
user_7c45fa70,14,user_ac6e9129,0.371000
user_7c45fa70,15,user_f3f15c55,0.369938
user_7c7220a4,1,user_107259c3,0.859694
user_7c7220a4,2,user_b1d0760b,0.828763
user_7c7220a4,3,user_5c9b579a,0.786644
user_7c7220a4,4,user_e2e59795,0.785555
user_7c7220a4,5,user_7c7220a4,0.779649
user_7c7220a4,6,user_b4f295b3,0.774635
user_7c7220a4,7,user_f070eee7,0.767833
user_7c7220a4,8,user_baeb91b3,0.758124
user_7c7220a4,9,user_7f56f9a5,0.756975
user_7c7220a4,10,user_586752e4,0.756195
user_7c7220a4,11,user_ea67f9c6,0.751752
user_7c7220a4,12,user_b0129d9e,0.746122
user_7c7220a4,13,user_500badda,0.740482
user_7c7220a4,14,user_2e81a539,0.737894
user_7c7220a4,15,user_0c578ab5,0.737870
user_7f623d19,1,user_2920b35e,0.852188
user_7f623d19,2,user_02016939,0.821160
user_7f623d19,3,user_b6350ec1,0.816848
user_7f623d19,4,user_3971c3e6,0.801585
user_7f623d19,5,user_b4214db6,0.800526
user_7f623d19,6,user_fba6bcd4,0.799731
user_7f623d19,7,user_b16e0cf8,0.799283
user_7f623d19,8,user_f030b951,0.798262
user_7f623d19,9,user_ed1aaed8,0.795821
user_7f623d19,10,user_3ff3188b,0.795402
user_7f623d19,11,user_70bbda36,0.792406
user_7f623d19,12,user_586752e4,0.792166
user_7f623d19,13,user_dd1d7b22,0.791732
user_7f623d19,14,user_bd19a016,0.790970
user_7f623d19,15,user_03969305,0.785257
user_7fd91653,1,user_7fd91653,0.883360
user_7fd91653,2,user_5c5a0b40,0.813687
user_7fd91653,3,user_8d22714e,0.810606
user_7fd91653,4,user_e59c000f,0.809144
user_7fd91653,5,user_c5f32c0d,0.808315
user_7fd91653,6,user_e5a6abbe,0.807236
user_7fd91653,7,user_886f7373,0.802162
user_7fd91653,8,user_df8dc9bb,0.802110
user_7fd91653,9,user_a4a77a7d,0.801261
user_7fd91653,10,user_e802076d,0.792673
user_7fd91653,11,user_ef954c6e,0.787828
user_7fd91653,12,user_0669bdf6,0.786948
user_7fd91653,13,user_e8a7be73,0.783894
user_7fd91653,14,user_b16e0cf8,0.782542
user_7fd91653,15,user_a75b4d6e,0.782217
user_7fef9da8,1,user_d20928cc,0.798642
user_7fef9da8,2,user_515ae840,0.748993
user_7fef9da8,3,user_24668d84,0.708028
user_7fef9da8,4,user_b7f60e64,0.703099
user_7fef9da8,5,user_c32db875,0.696794
user_7fef9da8,6,user_f6c0aefc,0.695008
user_7fef9da8,7,user_b2dd04c8,0.686648
user_7fef9da8,8,user_f14dc486,0.680011
user_7fef9da8,9,user_1b460965,0.678861
user_7fef9da8,10,user_18522854,0.670960
user_7fef9da8,11,user_6d2cb415,0.661350
user_7fef9da8,12,user_4e42bf97,0.660986
user_7fef9da8,13,user_61f90240,0.656900
user_7fef9da8,14,user_5d1b0daf,0.653324
user_7fef9da8,15,user_829844fd,0.650209
user_8006727d,1,user_c41de62b,0.746623
user_8006727d,2,user_2e05a7a0,0.730644
user_8006727d,3,user_c8f82360,0.728281
user_8006727d,4,user_259776c7,0.724945
user_8006727d,5,user_829844fd,0.712200
user_8006727d,6,user_65d73ac1,0.709898
user_8006727d,7,user_649f4327,0.691095
user_8006727d,8,user_6fbf6191,0.683874
user_8006727d,9,user_cf393213,0.683114
user_8006727d,10,user_b78601b5,0.681186
user_8006727d,11,user_33b2b77f,0.674030
user_8006727d,12,user_a6c2e760,0.672825
user_8006727d,13,user_2b03934e,0.672380
user_8006727d,14,user_8f39f021,0.665884
user_8006727d,15,user_57c1d6c0,0.662367
user_80da26a6,1,user_886f7373,0.778388
user_80da26a6,2,user_b23aa915,0.737121
user_80da26a6,3,user_80dc757f,0.731059
user_80da26a6,4,user_0697c470,0.714486
user_80da26a6,5,user_9600e8bf,0.713476
user_80da26a6,6,user_02d03e8a,0.702726
user_80da26a6,7,user_5c5a0b40,0.699127
user_80da26a6,8,user_30802254,0.698952
user_80da26a6,9,user_e802076d,0.694748
user_80da26a6,10,user_10e64e28,0.689648
user_80da26a6,11,user_869fcb2b,0.688678
user_80da26a6,12,user_0a3bcf86,0.687276
user_80da26a6,13,user_15179955,0.683009
user_80da26a6,14,user_8a760553,0.682804
user_80da26a6,15,user_394c25cc,0.681445
user_80dc757f,1,user_a8dc91a3,0.860049
user_80dc757f,2,user_ec574395,0.826516
user_80dc757f,3,user_380ddd3f,0.794686
user_80dc757f,4,user_8fe14601,0.783597
user_80dc757f,5,user_8f8346ad,0.782657
user_80dc757f,6,user_94f185bc,0.782439
user_80dc757f,7,user_6fbf6191,0.778357
user_80dc757f,8,user_0b5c256a,0.776265
user_80dc757f,9,user_29cd4556,0.775970
user_80dc757f,10,user_650da71b,0.772606
user_80dc757f,11,user_2e05a7a0,0.771825
user_80dc757f,12,user_69a4dd06,0.771216
user_80dc757f,13,user_79f04645,0.769413
user_80dc757f,14,user_74d27419,0.768433
user_80dc757f,15,user_b6d05d1d,0.757930
user_81a80789,1,user_9818dcae,0.587913
user_81a80789,2,user_9b6481e4,0.557160
user_81a80789,3,user_67acd9b1,0.521103
user_81a80789,4,user_76638121,0.519934
user_81a80789,5,user_3bc84c13,0.513260
user_81a80789,6,user_81a80789,0.511025
user_81a80789,7,user_9a5457b0,0.505961
user_81a80789,8,user_ffe2efae,0.502759
user_81a80789,9,user_0bd8ba7c,0.497821
user_81a80789,10,user_52f895f1,0.493476
user_81a80789,11,user_8a3bbeb2,0.492319
user_81a80789,12,user_e7ff2beb,0.488888
user_81a80789,13,user_8006727d,0.486388
user_81a80789,14,user_8c11f026,0.482572
user_81a80789,15,user_c7beef01,0.480158
user_823846de,1,user_823846de,0.781148
user_823846de,2,user_efa5697b,0.736379
user_823846de,3,user_75251485,0.690183
user_823846de,4,user_d4b7e22e,0.651756
user_823846de,5,user_884ffdb2,0.642594
user_823846de,6,user_d5379647,0.635686
user_823846de,7,user_b7f60e64,0.622978
user_823846de,8,user_7322f4ef,0.620013
user_823846de,9,user_7d944883,0.618419
user_823846de,10,user_49b1ac46,0.616195
user_823846de,11,user_9d9fba70,0.611194
user_823846de,12,user_8285a696,0.601314
user_823846de,13,user_ab30f0fb,0.597281
user_823846de,14,user_2b03934e,0.597134
user_823846de,15,user_938164a5,0.589931
user_8285a696,1,user_5b714afd,0.856897
user_8285a696,2,user_88b2faba,0.855037
user_8285a696,3,user_c5f32c0d,0.847825
user_8285a696,4,user_8d22714e,0.843996
user_8285a696,5,user_cbabbcee,0.843045
user_8285a696,6,user_147d1bbb,0.842115
user_8285a696,7,user_e802076d,0.841524
user_8285a696,8,user_5c5a0b40,0.838740
user_8285a696,9,user_032e5bc8,0.836314
user_8285a696,10,user_cdd86523,0.832311
user_8285a696,11,user_03969305,0.831989
user_8285a696,12,user_e5a6abbe,0.831799
user_8285a696,13,user_e8a7be73,0.829820
user_8285a696,14,user_0898fc4b,0.828835
user_8285a696,15,user_c008345b,0.828583
user_82879210,1,user_ab5592eb,0.701555
user_82879210,2,user_8d968cfb,0.700379
user_82879210,3,user_2b271761,0.693808
user_82879210,4,user_dc32d458,0.689746
user_82879210,5,user_d199bef3,0.688451
user_82879210,6,user_954805d7,0.683428
user_82879210,7,user_96013176,0.678855
user_82879210,8,user_1b89f77a,0.675733
user_82879210,9,user_8292753c,0.666426
user_82879210,10,user_53b85563,0.662677
user_82879210,11,user_65d73ac1,0.661653
user_82879210,12,user_df3c19a7,0.659748
user_82879210,13,user_73f34c5d,0.652972
user_82879210,14,user_c39d41d7,0.652474
user_82879210,15,user_84e93af7,0.650279
user_829844fd,1,user_eb0927d1,0.887519
user_829844fd,2,user_e6057285,0.886592
user_829844fd,3,user_5881b259,0.876065
user_829844fd,4,user_d1d16d30,0.856587
user_829844fd,5,user_f654c33b,0.839128
user_829844fd,6,user_e59c000f,0.833293
user_829844fd,7,user_5c5a0b40,0.828082
user_829844fd,8,user_18892460,0.818340
user_829844fd,9,user_0a3bcf86,0.818008
user_829844fd,10,user_e802076d,0.817032
user_829844fd,11,user_83afc7b2,0.814776
user_829844fd,12,user_5993b36a,0.814145
user_829844fd,13,user_38433566,0.813916
user_829844fd,14,user_723406a0,0.813368
user_829844fd,15,user_a743aff9,0.812498
user_82d93459,1,user_543e79f5,0.755011
user_82d93459,2,user_4f864d55,0.746744
user_82d93459,3,user_6ab1739a,0.742716
user_82d93459,4,user_b78601b5,0.731292
user_82d93459,5,user_daf53db6,0.727269
user_82d93459,6,user_00723699,0.716137
user_82d93459,7,user_82d93459,0.716133
user_82d93459,8,user_acb51eed,0.709821
user_82d93459,9,user_c41de62b,0.708777
user_82d93459,10,user_25b48a9a,0.707832
user_82d93459,11,user_940c7213,0.687262
user_82d93459,12,user_194b92fc,0.686731
user_82d93459,13,user_2dc10d2d,0.679666
user_82d93459,14,user_c8f82360,0.679295
user_82d93459,15,user_649f4327,0.676892
user_83e45cc0,1,user_25652863,0.806670
user_83e45cc0,2,user_6fa47d61,0.787563
user_83e45cc0,3,user_83e45cc0,0.785028
user_83e45cc0,4,user_d2c97c8e,0.778402
user_83e45cc0,5,user_2c2a5c24,0.776730
user_83e45cc0,6,user_a615a6d1,0.775698
user_83e45cc0,7,user_40efa894,0.773525
user_83e45cc0,8,user_0f0ad720,0.769008
user_83e45cc0,9,user_74cfb8ef,0.768127
user_83e45cc0,10,user_72b93300,0.764194
user_83e45cc0,11,user_bf30f80d,0.764059
user_83e45cc0,12,user_7de6f343,0.759929
user_83e45cc0,13,user_2efde048,0.757842
user_83e45cc0,14,user_3971c3e6,0.756507
user_83e45cc0,15,user_4ea1ef09,0.755407
user_84703a6e,1,user_24668d84,0.794809
user_84703a6e,2,user_d20928cc,0.770467
user_84703a6e,3,user_b7f60e64,0.768516
user_84703a6e,4,user_829844fd,0.722627
user_84703a6e,5,user_61f90240,0.702158
user_84703a6e,6,user_515ae840,0.698505
user_84703a6e,7,user_b2dd04c8,0.696183
user_84703a6e,8,user_f6c0aefc,0.695638
user_84703a6e,9,user_1b460965,0.671663
user_84703a6e,10,user_ba4a78fc,0.666585
user_84703a6e,11,user_cf393213,0.660132
user_84703a6e,12,user_6fbf6191,0.656052
user_84703a6e,13,user_b429ec64,0.650928
user_84703a6e,14,user_4e42bf97,0.649927
user_84703a6e,15,user_cdd86523,0.639522
user_84c14a6f,1,user_886f7373,0.887268
user_84c14a6f,2,user_5c5a0b40,0.883009
user_84c14a6f,3,user_b16e0cf8,0.869362
user_84c14a6f,4,user_e802076d,0.868655
user_84c14a6f,5,user_f654c33b,0.862209
user_84c14a6f,6,user_adab54a0,0.856222
user_84c14a6f,7,user_ef954c6e,0.850409
user_84c14a6f,8,user_15179955,0.849347
user_84c14a6f,9,user_b23aa915,0.847944
user_84c14a6f,10,user_0669bdf6,0.847617
user_84c14a6f,11,user_c5f32c0d,0.847434
user_84c14a6f,12,user_a4a77a7d,0.846859
user_84c14a6f,13,user_c35d6565,0.846700
user_84c14a6f,14,user_5881b259,0.846026
user_84c14a6f,15,user_8a760553,0.843085
user_84fe1a7a,1,user_84fe1a7a,0.718846
user_84fe1a7a,2,user_c809e3d2,0.618971
user_84fe1a7a,3,user_82c86537,0.617766
user_84fe1a7a,4,user_36d44add,0.605884
user_84fe1a7a,5,user_e838707b,0.605809
user_84fe1a7a,6,user_7b052f32,0.585102
user_84fe1a7a,7,user_d3663143,0.583282
user_84fe1a7a,8,user_f930e37f,0.582469
user_84fe1a7a,9,user_3049510b,0.582017
user_84fe1a7a,10,user_394c25cc,0.581954
user_84fe1a7a,11,user_1b7f8c56,0.581574
user_84fe1a7a,12,user_7bbd1543,0.581243
user_84fe1a7a,13,user_aabd2642,0.580127
user_84fe1a7a,14,user_ebddf9c1,0.579328
user_84fe1a7a,15,user_16ac4154,0.578082
user_85810097,1,user_85810097,0.754776
user_85810097,2,user_56e6d0cd,0.742866
user_85810097,3,user_bdcc6e7d,0.725026
user_85810097,4,user_57c1d6c0,0.716844
user_85810097,5,user_daf37424,0.689801
user_85810097,6,user_66a7ce5a,0.679228
user_85810097,7,user_dd6e7bcb,0.675996
user_85810097,8,user_75bc9924,0.671783
user_85810097,9,user_b6d05d1d,0.671326
user_85810097,10,user_c35d6565,0.667968
user_85810097,11,user_3f2894b5,0.665898
user_85810097,12,user_baf68fe9,0.640978
user_85810097,13,user_65d73ac1,0.638735
user_85810097,14,user_4db0d490,0.637527
user_85810097,15,user_ca6074df,0.629259
user_8663226a,1,user_8663226a,0.868188
user_8663226a,2,user_3f798a8b,0.853787
user_8663226a,3,user_d6175d39,0.820689
user_8663226a,4,user_fba6bcd4,0.787523
user_8663226a,5,user_092e219d,0.781106
user_8663226a,6,user_07cb458d,0.777853
user_8663226a,7,user_aa31484a,0.757225
user_8663226a,8,user_43a979d2,0.756915
user_8663226a,9,user_17607ebc,0.747656
user_8663226a,10,user_73623b4e,0.747278
user_8663226a,11,user_b6350ec1,0.745390
user_8663226a,12,user_73f34c5d,0.743963
user_8663226a,13,user_02d03e8a,0.737654
user_8663226a,14,user_b16e0cf8,0.736967
user_8663226a,15,user_9dda4af9,0.734756
user_86685a27,1,user_ed3091a2,0.829058
user_86685a27,2,user_17355c30,0.798423
user_86685a27,3,user_f827c7dd,0.768342
user_86685a27,4,user_90e5fee6,0.751220
user_86685a27,5,user_ecc1ca0a,0.750520
user_86685a27,6,user_8e97a154,0.750186
user_86685a27,7,user_9ee84e18,0.749809
user_86685a27,8,user_0cc626ee,0.749784
user_86685a27,9,user_0e82fe11,0.747826
user_86685a27,10,user_5ac1a174,0.741729
user_86685a27,11,user_3bb7992e,0.739080
user_86685a27,12,user_858fa00c,0.738316
user_86685a27,13,user_6a0b0e92,0.737898
user_86685a27,14,user_1bcbacb3,0.732511
user_86685a27,15,user_8d22714e,0.731582
user_869fcb2b,1,user_c8f82360,0.803647
user_869fcb2b,2,user_cf393213,0.770936
user_869fcb2b,3,user_6fbf6191,0.766515
user_869fcb2b,4,user_74d27419,0.762768
user_869fcb2b,5,user_2e05a7a0,0.750093
user_869fcb2b,6,user_e838707b,0.737925
user_869fcb2b,7,user_25b48a9a,0.728197
user_869fcb2b,8,user_b8f24804,0.727376
user_869fcb2b,9,user_5159d3a1,0.725574
user_869fcb2b,10,user_906e2423,0.713700
user_869fcb2b,11,user_0f006eec,0.710305
user_869fcb2b,12,user_ba4a78fc,0.708192
user_869fcb2b,13,user_96d9cb9a,0.705737
user_869fcb2b,14,user_18522854,0.704616
user_869fcb2b,15,user_c4c70447,0.699572
user_8713f22a,1,user_8713f22a,0.834918
user_8713f22a,2,user_ba010eec,0.834529
user_8713f22a,3,user_c130412b,0.762098
user_8713f22a,4,user_885e8708,0.760509
user_8713f22a,5,user_a16d1fb6,0.759436
user_8713f22a,6,user_b63ea1d4,0.736448
user_8713f22a,7,user_ffe2efae,0.728115
user_8713f22a,8,user_58bfeaad,0.727718
user_8713f22a,9,user_3b1da5d9,0.718048
user_8713f22a,10,user_efb27a8e,0.715280
user_8713f22a,11,user_9351238d,0.711685
user_8713f22a,12,user_56e6d0cd,0.709206
user_8713f22a,13,user_e696f3ae,0.709122
user_8713f22a,14,user_0128a546,0.708058
user_8713f22a,15,user_ab8e847b,0.705441
user_87e5d9b0,1,user_78eff25f,0.733535
user_87e5d9b0,2,user_87e5d9b0,0.723574
user_87e5d9b0,3,user_2c39731d,0.718634
user_87e5d9b0,4,user_a5d9fab6,0.715533
user_87e5d9b0,5,user_8e5e899b,0.702467
user_87e5d9b0,6,user_d7fde080,0.674144
user_87e5d9b0,7,user_8afa3eba,0.666755
user_87e5d9b0,8,user_49b1ac46,0.656041
user_87e5d9b0,9,user_b2f3c0d2,0.650560
user_87e5d9b0,10,user_e8cdb142,0.647143
user_87e5d9b0,11,user_ff39b6cf,0.646924
user_87e5d9b0,12,user_3b90fb53,0.646781
user_87e5d9b0,13,user_87bbc3b5,0.645354
user_87e5d9b0,14,user_5ac1a174,0.641267
user_87e5d9b0,15,user_903329bb,0.633620
user_885e8708,1,user_4d4f73a6,0.701210
user_885e8708,2,user_f54058d0,0.656075
user_885e8708,3,user_52f895f1,0.635812
user_885e8708,4,user_4bd9303b,0.634557
user_885e8708,5,user_9351238d,0.633404
user_885e8708,6,user_f827c7dd,0.632981
user_885e8708,7,user_737dd050,0.622021
user_885e8708,8,user_9a5457b0,0.620809
user_885e8708,9,user_8e92b8c1,0.618915
user_885e8708,10,user_ea67f9c6,0.609780
user_885e8708,11,user_b4d7e69a,0.608766
user_885e8708,12,user_7b5f54c0,0.608057
user_885e8708,13,user_6a0b0e92,0.606987
user_885e8708,14,user_17355c30,0.604767
user_885e8708,15,user_2c69b83e,0.604015
user_88f46c7b,1,user_75251485,0.678980
user_88f46c7b,2,user_a2503734,0.667537
user_88f46c7b,3,user_d20928cc,0.660765
user_88f46c7b,4,user_b2dd04c8,0.643579
user_88f46c7b,5,user_126670d7,0.642025
user_88f46c7b,6,user_88f46c7b,0.640433
user_88f46c7b,7,user_c6f50d12,0.632342
user_88f46c7b,8,user_b1c16312,0.631576
user_88f46c7b,9,user_4e42bf97,0.630401
user_88f46c7b,10,user_a4aab257,0.623463
user_88f46c7b,11,user_9ffdf5e5,0.611056
user_88f46c7b,12,user_829844fd,0.610812
user_88f46c7b,13,user_c32db875,0.608012
user_88f46c7b,14,user_9ce96cbf,0.605880
user_88f46c7b,15,user_6d2cb415,0.600463
user_89f449b4,1,user_8c0c7619,0.758142
user_89f449b4,2,user_63b4ae7a,0.752636
user_89f449b4,3,user_c0392523,0.750856
user_89f449b4,4,user_d14b7d7b,0.733045
user_89f449b4,5,user_2c3eb234,0.732944
user_89f449b4,6,user_4bf6a4a0,0.705089
user_89f449b4,7,user_a4aab257,0.702479
user_89f449b4,8,user_8006727d,0.688658
user_89f449b4,9,user_126670d7,0.687271
user_89f449b4,10,user_d20928cc,0.673938
user_89f449b4,11,user_0bd8ba7c,0.647441
user_89f449b4,12,user_18522854,0.642368
user_89f449b4,13,user_b429ec64,0.628398
user_89f449b4,14,user_2e05a7a0,0.628164
user_89f449b4,15,user_fe922ad0,0.626991
user_8a760553,1,user_0eb2abf1,0.924017
user_8a760553,2,user_41d0c897,0.860865
user_8a760553,3,user_a57e47b1,0.853794
user_8a760553,4,user_2dd5b531,0.842801
user_8a760553,5,user_8a760553,0.840289
user_8a760553,6,user_cdd86523,0.829672
user_8a760553,7,user_eae91488,0.809061
user_8a760553,8,user_73f34c5d,0.807501
user_8a760553,9,user_adab54a0,0.806649
user_8a760553,10,user_c39d41d7,0.805552
user_8a760553,11,user_45926b89,0.798080
user_8a760553,12,user_111cfe7d,0.797442
user_8a760553,13,user_54b19b29,0.796326
user_8a760553,14,user_b49274ca,0.795963
user_8a760553,15,user_83e30c57,0.793445
user_8ae8c359,1,user_4bd9303b,0.820825
user_8ae8c359,2,user_74cfb8ef,0.813581
user_8ae8c359,3,user_98f18241,0.811695
user_8ae8c359,4,user_ed1aaed8,0.803379
user_8ae8c359,5,user_f54058d0,0.786881
user_8ae8c359,6,user_93cdb7a1,0.785139
user_8ae8c359,7,user_43049634,0.781551
user_8ae8c359,8,user_7de6f343,0.778331
user_8ae8c359,9,user_d2c97c8e,0.777100
user_8ae8c359,10,user_205d25f3,0.776393
user_8ae8c359,11,user_ba085464,0.774098
user_8ae8c359,12,user_daf59045,0.769518
user_8ae8c359,13,user_ba8b1c05,0.768582
user_8ae8c359,14,user_eced69e7,0.768442
user_8ae8c359,15,user_04f39d22,0.766074
user_8afa3eba,1,user_8e5e899b,0.840759
user_8afa3eba,2,user_87e5d9b0,0.837840
user_8afa3eba,3,user_e8cdb142,0.833100
user_8afa3eba,4,user_3b90fb53,0.789142
user_8afa3eba,5,user_233fda02,0.783662
user_8afa3eba,6,user_a7f8db34,0.778803
user_8afa3eba,7,user_858fa00c,0.777354
user_8afa3eba,8,user_4144252d,0.777151
user_8afa3eba,9,user_5ac1a174,0.761922
user_8afa3eba,10,user_903329bb,0.759488
user_8afa3eba,11,user_ff39b6cf,0.746867
user_8afa3eba,12,user_29266f60,0.740414
user_8afa3eba,13,user_2c39731d,0.732830
user_8afa3eba,14,user_bd05225b,0.710805
user_8afa3eba,15,user_07db2c6a,0.708151
user_8c6db6ed,1,user_a6a094cf,0.813607
user_8c6db6ed,2,user_1bcbacb3,0.792743
user_8c6db6ed,3,user_78eff25f,0.726609
user_8c6db6ed,4,user_ed3091a2,0.715971
user_8c6db6ed,5,user_89197ce5,0.702834
user_8c6db6ed,6,user_9ee84e18,0.700588
user_8c6db6ed,7,user_86685a27,0.687280
user_8c6db6ed,8,user_835666af,0.686086
user_8c6db6ed,9,user_d5b21e00,0.685193
user_8c6db6ed,10,user_17355c30,0.684330
user_8c6db6ed,11,user_59e8bc2a,0.681311
user_8c6db6ed,12,user_d758a0a1,0.674406
user_8c6db6ed,13,user_5ac1a174,0.672940
user_8c6db6ed,14,user_caaef3ca,0.667279
user_8c6db6ed,15,user_903329bb,0.658281
user_8d22714e,1,user_8d22714e,0.875213
user_8d22714e,2,user_0669bdf6,0.819456
user_8d22714e,3,user_f27da10a,0.814476
user_8d22714e,4,user_bd47000f,0.813030
user_8d22714e,5,user_0cc626ee,0.806799
user_8d22714e,6,user_df8dc9bb,0.782792
user_8d22714e,7,user_032e5bc8,0.780215
user_8d22714e,8,user_83afc7b2,0.779047
user_8d22714e,9,user_e59c000f,0.776848
user_8d22714e,10,user_4b139395,0.775764
user_8d22714e,11,user_c5f32c0d,0.775250
user_8d22714e,12,user_8e97a154,0.773970
user_8d22714e,13,user_e8a7be73,0.773807
user_8d22714e,14,user_1cfedba8,0.773471
user_8d22714e,15,user_88b2faba,0.772473
user_8d85acb5,1,user_8d85acb5,0.880267
user_8d85acb5,2,user_2cb4b018,0.729738
user_8d85acb5,3,user_1b7f8c56,0.726437
user_8d85acb5,4,user_9e39a95d,0.710062
user_8d85acb5,5,user_5a283043,0.709168
user_8d85acb5,6,user_f51339f8,0.693304
user_8d85acb5,7,user_1a2755b3,0.692498
user_8d85acb5,8,user_d3663143,0.687018
user_8d85acb5,9,user_cdd86523,0.684415
user_8d85acb5,10,user_e802076d,0.680580
user_8d85acb5,11,user_9c5071dd,0.678942
user_8d85acb5,12,user_cbabbcee,0.676990
user_8d85acb5,13,user_7fd91653,0.675908
user_8d85acb5,14,user_aabd2642,0.674574
user_8d85acb5,15,user_dbc4828c,0.673099
user_8d968cfb,1,user_8f8346ad,0.788179
user_8d968cfb,2,user_0b5c256a,0.779230
user_8d968cfb,3,user_b6d05d1d,0.773344
user_8d968cfb,4,user_ec574395,0.755608
user_8d968cfb,5,user_d036c911,0.754215
user_8d968cfb,6,user_f43d6008,0.753790
user_8d968cfb,7,user_54b19b29,0.753324
user_8d968cfb,8,user_c34e791e,0.749663
user_8d968cfb,9,user_56e6d0cd,0.749516
user_8d968cfb,10,user_8be3f554,0.740410
user_8d968cfb,11,user_91f807b9,0.740362
user_8d968cfb,12,user_41d0c897,0.739900
user_8d968cfb,13,user_6fbf6191,0.736805
user_8d968cfb,14,user_c4c70447,0.736196
user_8d968cfb,15,user_2dd5b531,0.733104
user_8da30894,1,user_aa4cc34a,0.772454
user_8da30894,2,user_903329bb,0.751543
user_8da30894,3,user_2817ec11,0.748260
user_8da30894,4,user_59e8bc2a,0.730333
user_8da30894,5,user_5b7d5e00,0.729136
user_8da30894,6,user_d10d1f24,0.720068
user_8da30894,7,user_fb64cb55,0.718449
user_8da30894,8,user_835666af,0.715477
user_8da30894,9,user_5d7cbf11,0.684418
user_8da30894,10,user_2dc10d2d,0.684272
user_8da30894,11,user_00723699,0.660940
user_8da30894,12,user_6011e674,0.655860
user_8da30894,13,user_22b484cb,0.642467
user_8da30894,14,user_6f6b71fc,0.639610
user_8da30894,15,user_543e79f5,0.639413
user_8dd20d7f,1,user_8dd20d7f,0.687184
user_8dd20d7f,2,user_a6c2e760,0.673669
user_8dd20d7f,3,user_c994138f,0.667145
user_8dd20d7f,4,user_0b1b1d1c,0.666048
user_8dd20d7f,5,user_d67450a8,0.662412
user_8dd20d7f,6,user_cdd86523,0.660628
user_8dd20d7f,7,user_acd6ddfb,0.658602
user_8dd20d7f,8,user_515ae840,0.649074
user_8dd20d7f,9,user_cf393213,0.648761
user_8dd20d7f,10,user_25798310,0.648657
user_8dd20d7f,11,user_ab439a92,0.648231
user_8dd20d7f,12,user_cbabbcee,0.647273
user_8dd20d7f,13,user_a2503734,0.645537
user_8dd20d7f,14,user_f930e37f,0.642946
user_8dd20d7f,15,user_2b03934e,0.642391
user_8e48a3f8,1,user_166a3647,0.740261
user_8e48a3f8,2,user_b14ec02b,0.727077
user_8e48a3f8,3,user_476670f9,0.722368
user_8e48a3f8,4,user_364bb955,0.715215
user_8e48a3f8,5,user_3ff88cf0,0.714997
user_8e48a3f8,6,user_b563e90b,0.709397
user_8e48a3f8,7,user_aabd2642,0.709356
user_8e48a3f8,8,user_b9d253e8,0.709321
user_8e48a3f8,9,user_3b1da5d9,0.703699
user_8e48a3f8,10,user_8e48a3f8,0.697149
user_8e48a3f8,11,user_b0129d9e,0.696580
user_8e48a3f8,12,user_43049634,0.696352
user_8e48a3f8,13,user_a7145605,0.694679
user_8e48a3f8,14,user_ae306850,0.694472
user_8e48a3f8,15,user_db4c3fb9,0.692404
user_8e97a154,1,user_397cfe20,0.687266
user_8e97a154,2,user_c130412b,0.578269
user_8e97a154,3,user_0d32f0ed,0.541056
user_8e97a154,4,user_3666402b,0.539594
user_8e97a154,5,user_9b6481e4,0.530982
user_8e97a154,6,user_ab8e847b,0.525114
user_8e97a154,7,user_c0392523,0.519665
user_8e97a154,8,user_815b7baf,0.507077
user_8e97a154,9,user_9818dcae,0.505302
user_8e97a154,10,user_fa69a385,0.499296
user_8e97a154,11,user_885e8708,0.491737
user_8e97a154,12,user_ba010eec,0.486543
user_8e97a154,13,user_9fe4e0f5,0.484038
user_8e97a154,14,user_71f7b692,0.481800
user_8e97a154,15,user_94cad3a5,0.477864
user_8eac0a68,1,user_e5f67397,0.818944
user_8eac0a68,2,user_e9d1886c,0.800820
user_8eac0a68,3,user_ba085464,0.767066
user_8eac0a68,4,user_70bbda36,0.756149
user_8eac0a68,5,user_7de6f343,0.747574
user_8eac0a68,6,user_40efa894,0.747429
user_8eac0a68,7,user_74cfb8ef,0.745570
user_8eac0a68,8,user_500badda,0.740418
user_8eac0a68,9,user_25652863,0.739436
user_8eac0a68,10,user_fba6bcd4,0.738868
user_8eac0a68,11,user_e6dd44b0,0.736917
user_8eac0a68,12,user_02016939,0.736476
user_8eac0a68,13,user_0e408c4a,0.735248
user_8eac0a68,14,user_8713f22a,0.731427
user_8eac0a68,15,user_6476648d,0.725224
user_8f08aa94,1,user_8006727d,0.667949
user_8f08aa94,2,user_ab86ab82,0.653857
user_8f08aa94,3,user_4a57e449,0.651304
user_8f08aa94,4,user_259776c7,0.637270
user_8f08aa94,5,user_3bc84c13,0.632659
user_8f08aa94,6,user_334144b4,0.619127
user_8f08aa94,7,user_763b4ffe,0.597939
user_8f08aa94,8,user_c34e791e,0.597110
user_8f08aa94,9,user_6d421600,0.595486
user_8f08aa94,10,user_67acd9b1,0.594435
user_8f08aa94,11,user_efb27a8e,0.581209
user_8f08aa94,12,user_ffe2efae,0.580373
user_8f08aa94,13,user_9e328c4e,0.579512
user_8f08aa94,14,user_f7538815,0.577922
user_8f08aa94,15,user_9a5457b0,0.577901
user_8fe14601,1,user_3ff3188b,0.846763
user_8fe14601,2,user_9dda4af9,0.845610
user_8fe14601,3,user_fba6bcd4,0.842020
user_8fe14601,4,user_81c4dae1,0.839209
user_8fe14601,5,user_b6350ec1,0.835372
user_8fe14601,6,user_ae306850,0.831447
user_8fe14601,7,user_b16e0cf8,0.827753
user_8fe14601,8,user_8663226a,0.823110
user_8fe14601,9,user_cc1c8897,0.816939
user_8fe14601,10,user_f030b951,0.815093
user_8fe14601,11,user_1a2755b3,0.809182
user_8fe14601,12,user_a00e0552,0.805442
user_8fe14601,13,user_02d03e8a,0.803090
user_8fe14601,14,user_657c72ca,0.799689
user_8fe14601,15,user_03969305,0.796464
user_90202189,1,user_4bf6a4a0,0.744991
user_90202189,2,user_26565155,0.706037
user_90202189,3,user_938164a5,0.698329
user_90202189,4,user_9ce96cbf,0.689242
user_90202189,5,user_126670d7,0.674041
user_90202189,6,user_39939c54,0.667317
user_90202189,7,user_19952166,0.667086
user_90202189,8,user_5d1b0daf,0.662648
user_90202189,9,user_8c0c7619,0.661438
user_90202189,10,user_2b03934e,0.655337
user_90202189,11,user_c32db875,0.654669
user_90202189,12,user_d20928cc,0.650449
user_90202189,13,user_66a7ce5a,0.646047
user_90202189,14,user_f14dc486,0.636019
user_90202189,15,user_515ae840,0.635756
user_902af20f,1,user_a52dd639,0.633651
user_902af20f,2,user_67fa915e,0.627689
user_902af20f,3,user_1a4bec69,0.621989
user_902af20f,4,user_502a8cea,0.620242
user_902af20f,5,user_902af20f,0.610141
user_902af20f,6,user_00a2f533,0.592672
user_902af20f,7,user_2e60c125,0.532802
user_902af20f,8,user_85c97ea1,0.529911
user_902af20f,9,user_a00e0552,0.526586
user_902af20f,10,user_5e61d6d9,0.525171
user_902af20f,11,user_2efde048,0.512160
user_902af20f,12,user_08c32973,0.505278
user_902af20f,13,user_4ea1ef09,0.497008
user_902af20f,14,user_f5138e15,0.493201
user_902af20f,15,user_6fa47d61,0.485287
user_903329bb,1,user_83afc7b2,0.846899
user_903329bb,2,user_5ac1a174,0.834250
user_903329bb,3,user_df8dc9bb,0.831747
user_903329bb,4,user_858fa00c,0.829539
user_903329bb,5,user_147d1bbb,0.821648
user_903329bb,6,user_bd05225b,0.816439
user_903329bb,7,user_f27da10a,0.813958
user_903329bb,8,user_5a6f92a6,0.813822
user_903329bb,9,user_8e97a154,0.812968
user_903329bb,10,user_a4a77a7d,0.812814
user_903329bb,11,user_d758a0a1,0.811219
user_903329bb,12,user_0669bdf6,0.809476
user_903329bb,13,user_0cc626ee,0.807643
user_903329bb,14,user_e59c000f,0.805199
user_903329bb,15,user_c5f32c0d,0.802742
user_906e2423,1,user_906e2423,0.781096
user_906e2423,2,user_433bdef0,0.737858
user_906e2423,3,user_c67f26cc,0.683991
user_906e2423,4,user_1dc24686,0.677413
user_906e2423,5,user_058c1800,0.674203
user_906e2423,6,user_ba4a78fc,0.659121
user_906e2423,7,user_39b3eda0,0.651164
user_906e2423,8,user_d96972e5,0.649737
user_906e2423,9,user_0f006eec,0.647196
user_906e2423,10,user_d849ac6e,0.646338
user_906e2423,11,user_2eb5d860,0.637705
user_906e2423,12,user_a151ddab,0.637116
user_906e2423,13,user_74d27419,0.637102
user_906e2423,14,user_2dd189e3,0.634977
user_906e2423,15,user_6fc85c06,0.634028
user_916503d6,1,user_b325310b,0.916163
user_916503d6,2,user_f8e2246f,0.896356
user_916503d6,3,user_2d74cd4c,0.890421
user_916503d6,4,user_940c7213,0.877993
user_916503d6,5,user_d3663143,0.877893
user_916503d6,6,user_b6b89f00,0.863053
user_916503d6,7,user_aa2fbe83,0.841208
user_916503d6,8,user_71b9b8e0,0.837681
user_916503d6,9,user_1b7f8c56,0.832980
user_916503d6,10,user_afff552a,0.831475
user_916503d6,11,user_33c6501d,0.825780
user_916503d6,12,user_acb51eed,0.817888
user_916503d6,13,user_8fbb6d9c,0.817716
user_916503d6,14,user_9e39a95d,0.811783
user_916503d6,15,user_95d648bc,0.809562
user_920c074a,1,user_03969305,0.855557
user_920c074a,2,user_7f56f9a5,0.830630
user_920c074a,3,user_c994138f,0.827258
user_920c074a,4,user_147d1bbb,0.825081
user_920c074a,5,user_54c1ebee,0.816919
user_920c074a,6,user_e802076d,0.816327
user_920c074a,7,user_586752e4,0.813202
user_920c074a,8,user_c5f32c0d,0.811803
user_920c074a,9,user_df8dc9bb,0.808737
user_920c074a,10,user_96013176,0.808013
user_920c074a,11,user_5c9b579a,0.805433
user_920c074a,12,user_70bbda36,0.803368
user_920c074a,13,user_25798310,0.802861
user_920c074a,14,user_83afc7b2,0.800069
user_920c074a,15,user_e59c000f,0.799978
user_938164a5,1,user_884ffdb2,0.801367
user_938164a5,2,user_829844fd,0.719178
user_938164a5,3,user_b2dd04c8,0.710824
user_938164a5,4,user_74d27419,0.699606
user_938164a5,5,user_3121653d,0.697295
user_938164a5,6,user_83e30c57,0.695784
user_938164a5,7,user_91f807b9,0.691896
user_938164a5,8,user_a4a77a7d,0.686604
user_938164a5,9,user_5881b259,0.685290
user_938164a5,10,user_efa5697b,0.684256
user_938164a5,11,user_29cd4556,0.677822
user_938164a5,12,user_a2503734,0.677811
user_938164a5,13,user_2b03934e,0.675068
user_938164a5,14,user_c4c70447,0.674944
user_938164a5,15,user_0b5c256a,0.672003
user_943e4045,1,user_3353b96b,0.754081
user_943e4045,2,user_107259c3,0.744072
user_943e4045,3,user_b4f295b3,0.728320
user_943e4045,4,user_7f623d19,0.715406
user_943e4045,5,user_7c7220a4,0.710285
user_943e4045,6,user_9c88ee3d,0.703324
user_943e4045,7,user_e2e59795,0.676919
user_943e4045,8,user_e696f3ae,0.676463
user_943e4045,9,user_586752e4,0.673455
user_943e4045,10,user_0128a546,0.673137
user_943e4045,11,user_76638121,0.671870
user_943e4045,12,user_1246b252,0.670439
user_943e4045,13,user_3b79395c,0.668414
user_943e4045,14,user_0d32f0ed,0.668174
user_943e4045,15,user_94cad3a5,0.668032
user_954805d7,1,user_b16e0cf8,0.886223
user_954805d7,2,user_b6350ec1,0.864281
user_954805d7,3,user_c39d41d7,0.864112
user_954805d7,4,user_5c5a0b40,0.855892
user_954805d7,5,user_f654c33b,0.851474
user_954805d7,6,user_5881b259,0.849536
user_954805d7,7,user_7aa3746b,0.847065
user_954805d7,8,user_38ab51d4,0.845064
user_954805d7,9,user_17607ebc,0.844031
user_954805d7,10,user_96013176,0.840574
user_954805d7,11,user_83afc7b2,0.837257
user_954805d7,12,user_c5f32c0d,0.836815
user_954805d7,13,user_fba6bcd4,0.836523
user_954805d7,14,user_636ad58f,0.836265
user_954805d7,15,user_73623b4e,0.832541
user_959adfc8,1,user_886f7373,0.758019
user_959adfc8,2,user_e5a6abbe,0.739297
user_959adfc8,3,user_959adfc8,0.737753
user_959adfc8,4,user_b337cb0c,0.735774
user_959adfc8,5,user_147d1bbb,0.719549
user_959adfc8,6,user_c5f32c0d,0.719029
user_959adfc8,7,user_b350e22b,0.718951
user_959adfc8,8,user_032e5bc8,0.714409
user_959adfc8,9,user_6deada35,0.712896
user_959adfc8,10,user_b23aa915,0.710887
user_959adfc8,11,user_88b2faba,0.710352
user_959adfc8,12,user_f0b144fc,0.706544
user_959adfc8,13,user_8dd20d7f,0.702219
user_959adfc8,14,user_394c25cc,0.700891
user_959adfc8,15,user_25798310,0.700852
user_95d648bc,1,user_164057cc,0.807285
user_95d648bc,2,user_95d648bc,0.789641
user_95d648bc,3,user_b325310b,0.772003
user_95d648bc,4,user_73f34c5d,0.760470
user_95d648bc,5,user_f8e2246f,0.743435
user_95d648bc,6,user_00723699,0.742485
user_95d648bc,7,user_2d74cd4c,0.735053
user_95d648bc,8,user_6011e674,0.733991
user_95d648bc,9,user_d6175d39,0.730121
user_95d648bc,10,user_ee89e069,0.728491
user_95d648bc,11,user_a00e0552,0.723298
user_95d648bc,12,user_b6350ec1,0.722147
user_95d648bc,13,user_acd6ddfb,0.721253
user_95d648bc,14,user_df3c19a7,0.718146
user_95d648bc,15,user_940c7213,0.715565
user_9600e8bf,1,user_586752e4,0.748573
user_9600e8bf,2,user_65d73ac1,0.733613
user_9600e8bf,3,user_daf37424,0.730770
user_9600e8bf,4,user_406c399e,0.729532
user_9600e8bf,5,user_8be3f554,0.728441
user_9600e8bf,6,user_c994138f,0.716875
user_9600e8bf,7,user_a2503734,0.715921
user_9600e8bf,8,user_8c0c7619,0.711769
user_9600e8bf,9,user_61f90240,0.710551
user_9600e8bf,10,user_a8dc91a3,0.709726
user_9600e8bf,11,user_2b03934e,0.706815
user_9600e8bf,12,user_fe922ad0,0.705806
user_9600e8bf,13,user_9ce96cbf,0.704733
user_9600e8bf,14,user_107259c3,0.704658
user_9600e8bf,15,user_67acd9b1,0.703030
user_96013176,1,user_e802076d,0.751739
user_96013176,2,user_9a307ebe,0.742140
user_96013176,3,user_8e97a154,0.733493
user_96013176,4,user_a74b4eeb,0.730928
user_96013176,5,user_1a2755b3,0.727951
user_96013176,6,user_737dd050,0.720648
user_96013176,7,user_cf393213,0.718541
user_96013176,8,user_65d73ac1,0.717248
user_96013176,9,user_3ac315cb,0.715593
user_96013176,10,user_b350e22b,0.715524
user_96013176,11,user_89e04335,0.710823
user_96013176,12,user_c8f82360,0.709520
user_96013176,13,user_9571d0d5,0.708216
user_96013176,14,user_daf37424,0.708041
user_96013176,15,user_394c25cc,0.706949
user_9692f077,1,user_80dc757f,0.815824
user_9692f077,2,user_17607ebc,0.777834
user_9692f077,3,user_a01f16ac,0.777666
user_9692f077,4,user_36d44add,0.775587
user_9692f077,5,user_d8335067,0.773180
user_9692f077,6,user_5881b259,0.769469
user_9692f077,7,user_0fefc28e,0.768330
user_9692f077,8,user_5993b36a,0.766041
user_9692f077,9,user_636ad58f,0.764766
user_9692f077,10,user_e6057285,0.764682
user_9692f077,11,user_0cee87f3,0.763578
user_9692f077,12,user_f654c33b,0.762945
user_9692f077,13,user_88b2faba,0.761924
user_9692f077,14,user_ef954c6e,0.759402
user_9692f077,15,user_b16e0cf8,0.759289
user_96c3cc43,1,user_79f04645,0.897538
user_96c3cc43,2,user_43a979d2,0.886279
user_96c3cc43,3,user_dbc4828c,0.875605
user_96c3cc43,4,user_8fe14601,0.875183
user_96c3cc43,5,user_fde2d265,0.869551
user_96c3cc43,6,user_c39d41d7,0.869385
user_96c3cc43,7,user_723406a0,0.866271
user_96c3cc43,8,user_17607ebc,0.862372
user_96c3cc43,9,user_954805d7,0.861188
user_96c3cc43,10,user_d70942c1,0.853018
user_96c3cc43,11,user_5881b259,0.852496
user_96c3cc43,12,user_f654c33b,0.849382
user_96c3cc43,13,user_9d65649f,0.841473
user_96c3cc43,14,user_29cd4556,0.841318
user_96c3cc43,15,user_73f34c5d,0.839962
user_96d9cb9a,1,user_38dc2894,0.845092
user_96d9cb9a,2,user_89e04335,0.834975
user_96d9cb9a,3,user_2dd5b531,0.828195
user_96d9cb9a,4,user_394c25cc,0.826326
user_96d9cb9a,5,user_96d9cb9a,0.825325
user_96d9cb9a,6,user_ef954c6e,0.816489
user_96d9cb9a,7,user_e59c000f,0.813926
user_96d9cb9a,8,user_03969305,0.809147
user_96d9cb9a,9,user_b23aa915,0.807332
user_96d9cb9a,10,user_80dc757f,0.806795
user_96d9cb9a,11,user_94f185bc,0.799406
user_96d9cb9a,12,user_a743aff9,0.796136
user_96d9cb9a,13,user_e6057285,0.794538
user_96d9cb9a,14,user_886f7373,0.793875
user_96d9cb9a,15,user_cf393213,0.792930
user_97330742,1,user_7b4c75ab,0.708300
user_97330742,2,user_eda37c14,0.671273
user_97330742,3,user_e14b88a8,0.638652
user_97330742,4,user_92fe4471,0.621887
user_97330742,5,user_f5fea76f,0.619927
user_97330742,6,user_f6188968,0.566821
user_97330742,7,user_22adb798,0.561498
user_97330742,8,user_737d3148,0.561447
user_97330742,9,user_f6c0aefc,0.559748
user_97330742,10,user_6c2d672f,0.553012
user_97330742,11,user_414a6eaf,0.550869
user_97330742,12,user_ab439a92,0.535923
user_97330742,13,user_f10e7063,0.533466
user_97330742,14,user_f827c7dd,0.524978
user_97330742,15,user_ff39b6cf,0.524626
user_979ee068,1,user_54c1ebee,0.842178
user_979ee068,2,user_2e81a539,0.833702
user_979ee068,3,user_979ee068,0.832300
user_979ee068,4,user_96013176,0.829986
user_979ee068,5,user_e59c000f,0.829625
user_979ee068,6,user_a6c5a10c,0.828570
user_979ee068,7,user_bd05225b,0.826938
user_979ee068,8,user_5c9b579a,0.824815
user_979ee068,9,user_147d1bbb,0.819487
user_979ee068,10,user_7b5f54c0,0.814679
user_979ee068,11,user_25798310,0.812885
user_979ee068,12,user_83afc7b2,0.811994
user_979ee068,13,user_3239132f,0.811941
user_979ee068,14,user_032e5bc8,0.811521
user_979ee068,15,user_3e284ba5,0.810905
user_9818dcae,1,user_e696f3ae,0.778116
user_9818dcae,2,user_ffe2efae,0.776751
user_9818dcae,3,user_c7beef01,0.776560
user_9818dcae,4,user_9b6481e4,0.773377
user_9818dcae,5,user_3353b96b,0.770955
user_9818dcae,6,user_815b7baf,0.758248
user_9818dcae,7,user_fdc08e26,0.755918
user_9818dcae,8,user_67acd9b1,0.755291
user_9818dcae,9,user_16ac4154,0.742634
user_9818dcae,10,user_3b79395c,0.740117
user_9818dcae,11,user_3bc84c13,0.739286
user_9818dcae,12,user_ab86ab82,0.738136
user_9818dcae,13,user_c34e791e,0.734461
user_9818dcae,14,user_4a57e449,0.729942
user_9818dcae,15,user_9a5457b0,0.725038
user_98a676ce,1,user_0a3f46b9,0.749888
user_98a676ce,2,user_61f90240,0.748627
user_98a676ce,3,user_126670d7,0.735131
user_98a676ce,4,user_b7f60e64,0.729859
user_98a676ce,5,user_8c0c7619,0.727081
user_98a676ce,6,user_9ce96cbf,0.703062
user_98a676ce,7,user_f43d6008,0.694788
user_98a676ce,8,user_cf393213,0.694542
user_98a676ce,9,user_d20928cc,0.691902
user_98a676ce,10,user_650da71b,0.685373
user_98a676ce,11,user_ba4a78fc,0.682518
user_98a676ce,12,user_8f8346ad,0.678069
user_98a676ce,13,user_f4f9490d,0.677682
user_98a676ce,14,user_b429ec64,0.676295
user_98a676ce,15,user_ff39b6cf,0.674459
user_98ca16a6,1,user_636ad58f,0.831558
user_98ca16a6,2,user_5b714afd,0.824323
user_98ca16a6,3,user_88b2faba,0.823517
user_98ca16a6,4,user_0b64b183,0.813775
user_98ca16a6,5,user_147d1bbb,0.812176
user_98ca16a6,6,user_7fd91653,0.809204
user_98ca16a6,7,user_e6dd44b0,0.806859
user_98ca16a6,8,user_bd05225b,0.806261
user_98ca16a6,9,user_dbc4828c,0.805737
user_98ca16a6,10,user_cbabbcee,0.802245
user_98ca16a6,11,user_8d22714e,0.799137
user_98ca16a6,12,user_0898fc4b,0.796754
user_98ca16a6,13,user_032e5bc8,0.795644
user_98ca16a6,14,user_5881b259,0.795454
user_98ca16a6,15,user_c39d41d7,0.794988
user_98f18241,1,user_98f18241,0.888829
user_98f18241,2,user_40efa894,0.859202
user_98f18241,3,user_f7fd2885,0.852774
user_98f18241,4,user_74cfb8ef,0.843676
user_98f18241,5,user_7de6f343,0.836243
user_98f18241,6,user_daf59045,0.825702
user_98f18241,7,user_ba8b1c05,0.823323
user_98f18241,8,user_d2c97c8e,0.820121
user_98f18241,9,user_64cd3098,0.816155
user_98f18241,10,user_82c86537,0.815051
user_98f18241,11,user_f5e1eee0,0.813788
user_98f18241,12,user_04f39d22,0.808156
user_98f18241,13,user_0bc8e727,0.801113
user_98f18241,14,user_7c3d63ce,0.795931
user_98f18241,15,user_eced69e7,0.794399
user_9991e1d8,1,user_e802076d,0.807310
user_9991e1d8,2,user_65d73ac1,0.802974
user_9991e1d8,3,user_2b03934e,0.775291
user_9991e1d8,4,user_2efde048,0.772923
user_9991e1d8,5,user_147d1bbb,0.771891
user_9991e1d8,6,user_c35d6565,0.770398
user_9991e1d8,7,user_0ff0b922,0.761853
user_9991e1d8,8,user_b350e22b,0.756424
user_9991e1d8,9,user_f0cf195f,0.747360
user_9991e1d8,10,user_5c5a0b40,0.745788
user_9991e1d8,11,user_a151ddab,0.745492
user_9991e1d8,12,user_fb8f46c8,0.745278
user_9991e1d8,13,user_2e05a7a0,0.742928
user_9991e1d8,14,user_e6dd44b0,0.741370
user_9991e1d8,15,user_8dd20d7f,0.739302
user_99c67f2f,1,user_99c67f2f,0.859593
user_99c67f2f,2,user_2d74cd4c,0.849511
user_99c67f2f,3,user_b325310b,0.849164
user_99c67f2f,4,user_9e39a95d,0.812973
user_99c67f2f,5,user_f8e2246f,0.804523
user_99c67f2f,6,user_8fbb6d9c,0.793211
user_99c67f2f,7,user_6bb64984,0.781749
user_99c67f2f,8,user_6011e674,0.781296
user_99c67f2f,9,user_1b7f8c56,0.774072
user_99c67f2f,10,user_71b9b8e0,0.761704
user_99c67f2f,11,user_d3663143,0.761129
user_99c67f2f,12,user_649f4327,0.760295
user_99c67f2f,13,user_b6b89f00,0.760054
user_99c67f2f,14,user_08aa624b,0.756753
user_99c67f2f,15,user_417702c5,0.740293
user_9a307ebe,1,user_9a307ebe,0.774106
user_9a307ebe,2,user_3049510b,0.752255
user_9a307ebe,3,user_03969305,0.733870
user_9a307ebe,4,user_bd19a016,0.733368
user_9a307ebe,5,user_7c7220a4,0.731030
user_9a307ebe,6,user_394c25cc,0.724386
user_9a307ebe,7,user_205d25f3,0.723181
user_9a307ebe,8,user_fa60616d,0.722040
user_9a307ebe,9,user_3971c3e6,0.719763
user_9a307ebe,10,user_e6057285,0.718859
user_9a307ebe,11,user_ef954c6e,0.712220
user_9a307ebe,12,user_a993555f,0.711519
user_9a307ebe,13,user_02016939,0.709406
user_9a307ebe,14,user_14a2d3c6,0.705806
user_9a307ebe,15,user_886f7373,0.702610
user_9a5457b0,1,user_a743aff9,0.850299
user_9a5457b0,2,user_1936a7c3,0.847707
user_9a5457b0,3,user_7924afc9,0.837034
user_9a5457b0,4,user_7b052f32,0.818830
user_9a5457b0,5,user_5993b36a,0.817119
user_9a5457b0,6,user_b605d5c9,0.812699
user_9a5457b0,7,user_c06d9b71,0.810135
user_9a5457b0,8,user_d1d16d30,0.809494
user_9a5457b0,9,user_fdcaaf41,0.809107
user_9a5457b0,10,user_69df6330,0.806708
user_9a5457b0,11,user_636ad58f,0.803829
user_9a5457b0,12,user_7fd91653,0.803236
user_9a5457b0,13,user_f60a09b3,0.803228
user_9a5457b0,14,user_5881b259,0.802481
user_9a5457b0,15,user_c5f32c0d,0.800108
user_9b517815,1,user_d5b21e00,0.762790
user_9b517815,2,user_6a0b0e92,0.743911
user_9b517815,3,user_d758a0a1,0.723722
user_9b517815,4,user_5c9b579a,0.723403
user_9b517815,5,user_9da8848a,0.718097
user_9b517815,6,user_8292753c,0.717754
user_9b517815,7,user_96013176,0.714417
user_9b517815,8,user_ff39b6cf,0.712189
user_9b517815,9,user_bd05225b,0.711127
user_9b517815,10,user_858fa00c,0.710767
user_9b517815,11,user_ecc1ca0a,0.708395
user_9b517815,12,user_a2480011,0.704758
user_9b517815,13,user_dc32d458,0.704534
user_9b517815,14,user_b4214db6,0.700425
user_9b517815,15,user_835666af,0.695790
user_9b6481e4,1,user_9b6481e4,0.763128
user_9b6481e4,2,user_8a3bbeb2,0.723562
user_9b6481e4,3,user_8c11f026,0.703652
user_9b6481e4,4,user_c7beef01,0.701262
user_9b6481e4,5,user_0bd8ba7c,0.687199
user_9b6481e4,6,user_07ec3726,0.640925
user_9b6481e4,7,user_3bc84c13,0.630248
user_9b6481e4,8,user_32934d38,0.627949
user_9b6481e4,9,user_9818dcae,0.624513
user_9b6481e4,10,user_ffe2efae,0.619514
user_9b6481e4,11,user_4a57e449,0.611468
user_9b6481e4,12,user_52f895f1,0.599242
user_9b6481e4,13,user_ebe17c78,0.597546
user_9b6481e4,14,user_67acd9b1,0.596083
user_9b6481e4,15,user_04d8419e,0.582089
user_9bee2a7c,1,user_c67f26cc,0.807279
user_9bee2a7c,2,user_9bee2a7c,0.807165
user_9bee2a7c,3,user_906e2423,0.806508
user_9bee2a7c,4,user_039d004e,0.794980
user_9bee2a7c,5,user_454733da,0.788034
user_9bee2a7c,6,user_b9036662,0.787060
user_9bee2a7c,7,user_2dd189e3,0.779520
user_9bee2a7c,8,user_56980aa9,0.775075
user_9bee2a7c,9,user_4b139395,0.767843
user_9bee2a7c,10,user_3a55606c,0.766506
user_9bee2a7c,11,user_2eb5d860,0.763809
user_9bee2a7c,12,user_6fc85c06,0.748021
user_9bee2a7c,13,user_d849ac6e,0.744368
user_9bee2a7c,14,user_9ee84e18,0.742958
user_9bee2a7c,15,user_9571d0d5,0.740150
user_9c5cd7fa,1,user_1b7f8c56,0.783913
user_9c5cd7fa,2,user_0f0ad720,0.776534
user_9c5cd7fa,3,user_79f38f6d,0.774888
user_9c5cd7fa,4,user_3b1da5d9,0.772832
user_9c5cd7fa,5,user_b6b89f00,0.762637
user_9c5cd7fa,6,user_737dd050,0.760626
user_9c5cd7fa,7,user_f27da10a,0.758064
user_9c5cd7fa,8,user_885e8708,0.757160
user_9c5cd7fa,9,user_fe67197f,0.756943
user_9c5cd7fa,10,user_fb64cb55,0.756916
user_9c5cd7fa,11,user_940c7213,0.756394
user_9c5cd7fa,12,user_bd05225b,0.756222
user_9c5cd7fa,13,user_25798310,0.755238
user_9c5cd7fa,14,user_33c6501d,0.754298
user_9c5cd7fa,15,user_d3663143,0.753390
user_9c5e4782,1,user_0fefc28e,0.837383
user_9c5e4782,2,user_39b3eda0,0.794584
user_9c5e4782,3,user_e5a6abbe,0.793440
user_9c5e4782,4,user_b337cb0c,0.790192
user_9c5e4782,5,user_a7c6197a,0.784406
user_9c5e4782,6,user_a6c5a10c,0.782663
user_9c5e4782,7,user_e6057285,0.777433
user_9c5e4782,8,user_032e5bc8,0.773632
user_9c5e4782,9,user_147d1bbb,0.770156
user_9c5e4782,10,user_886f7373,0.769079
user_9c5e4782,11,user_c5f32c0d,0.766157
user_9c5e4782,12,user_cdd86523,0.764186
user_9c5e4782,13,user_8dd20d7f,0.762825
user_9c5e4782,14,user_3239132f,0.762675
user_9c5e4782,15,user_7fd91653,0.759401
user_9c7183c8,1,user_3ff88cf0,0.899385
user_9c7183c8,2,user_81c4dae1,0.856358
user_9c7183c8,3,user_ae306850,0.850658
user_9c7183c8,4,user_a7145605,0.848624
user_9c7183c8,5,user_b14ec02b,0.848102
user_9c7183c8,6,user_c92c8f83,0.828330
user_9c7183c8,7,user_3850eb9e,0.826392
user_9c7183c8,8,user_43049634,0.813950
user_9c7183c8,9,user_46bb5302,0.791061
user_9c7183c8,10,user_a3a4a20a,0.789271
user_9c7183c8,11,user_9c7183c8,0.785497
user_9c7183c8,12,user_04f39d22,0.785487
user_9c7183c8,13,user_74e32d78,0.784508
user_9c7183c8,14,user_6d421600,0.759904
user_9c7183c8,15,user_476670f9,0.757895
user_9ce96cbf,1,user_66a7ce5a,0.663481
user_9ce96cbf,2,user_f14dc486,0.653780
user_9ce96cbf,3,user_8c0c7619,0.645539
user_9ce96cbf,4,user_19952166,0.628850
user_9ce96cbf,5,user_3535252b,0.621928
user_9ce96cbf,6,user_26565155,0.618654
user_9ce96cbf,7,user_9d9fba70,0.604861
user_9ce96cbf,8,user_833d8832,0.591458
user_9ce96cbf,9,user_c32db875,0.589856
user_9ce96cbf,10,user_63b4ae7a,0.588355
user_9ce96cbf,11,user_4bf6a4a0,0.578906
user_9ce96cbf,12,user_23ecc36a,0.578342
user_9ce96cbf,13,user_0bd8ba7c,0.577418
user_9ce96cbf,14,user_96c3cc43,0.572358
user_9ce96cbf,15,user_2b03934e,0.571234
user_9d8095fc,1,user_763b4ffe,0.814904
user_9d8095fc,2,user_70bbda36,0.807657
user_9d8095fc,3,user_147d1bbb,0.804590
user_9d8095fc,4,user_81a80789,0.802151
user_9d8095fc,5,user_df8dc9bb,0.781592
user_9d8095fc,6,user_7b5f54c0,0.779143
user_9d8095fc,7,user_25798310,0.778889
user_9d8095fc,8,user_586752e4,0.778065
user_9d8095fc,9,user_03969305,0.775803
user_9d8095fc,10,user_364bb955,0.766748
user_9d8095fc,11,user_166a3647,0.765394
user_9d8095fc,12,user_0d32f0ed,0.762800
user_9d8095fc,13,user_54c1ebee,0.761859
user_9d8095fc,14,user_e5a6abbe,0.761772
user_9d8095fc,15,user_ded778b8,0.760412
user_9d9fba70,1,user_29cd4556,0.785114
user_9d9fba70,2,user_4f3b6241,0.783219
user_9d9fba70,3,user_91f807b9,0.780306
user_9d9fba70,4,user_8f8346ad,0.777147
user_9d9fba70,5,user_b2dd04c8,0.770064
user_9d9fba70,6,user_ec574395,0.767360
user_9d9fba70,7,user_8be3f554,0.766382
user_9d9fba70,8,user_74d27419,0.763973
user_9d9fba70,9,user_a8dc91a3,0.761952
user_9d9fba70,10,user_c4c70447,0.757809
user_9d9fba70,11,user_406c399e,0.757744
user_9d9fba70,12,user_cf393213,0.757295
user_9d9fba70,13,user_0cc626ee,0.756859
user_9d9fba70,14,user_18522854,0.756710
user_9d9fba70,15,user_2e05a7a0,0.755467
user_9dda4af9,1,user_3ff88cf0,0.823098
user_9dda4af9,2,user_81c4dae1,0.808569
user_9dda4af9,3,user_b9d253e8,0.779895
user_9dda4af9,4,user_a7145605,0.773920
user_9dda4af9,5,user_3850eb9e,0.759560
user_9dda4af9,6,user_476670f9,0.754548
user_9dda4af9,7,user_74e32d78,0.753644
user_9dda4af9,8,user_ae306850,0.748320
user_9dda4af9,9,user_43049634,0.743884
user_9dda4af9,10,user_b14ec02b,0.740412
user_9dda4af9,11,user_cc1c8897,0.728643
user_9dda4af9,12,user_032f6993,0.717639
user_9dda4af9,13,user_9c7183c8,0.715615
user_9dda4af9,14,user_c92c8f83,0.715171
user_9dda4af9,15,user_46bb5302,0.708496
user_9e328c4e,1,user_9e328c4e,0.725620
user_9e328c4e,2,user_763b4ffe,0.671270
user_9e328c4e,3,user_8a3bbeb2,0.656682
user_9e328c4e,4,user_0bd8ba7c,0.646654
user_9e328c4e,5,user_41b20ee4,0.603508
user_9e328c4e,6,user_2c3eb234,0.591193
user_9e328c4e,7,user_9818dcae,0.552823
user_9e328c4e,8,user_37be663c,0.539356
user_9e328c4e,9,user_9b6481e4,0.538510
user_9e328c4e,10,user_52f895f1,0.534455
user_9e328c4e,11,user_ab8e847b,0.533309
user_9e328c4e,12,user_19622b77,0.531472
user_9e328c4e,13,user_d14b7d7b,0.517490
user_9e328c4e,14,user_942ff21e,0.517290
user_9e328c4e,15,user_f14dc486,0.516985
user_9e39a95d,1,user_1b7f8c56,0.844768
user_9e39a95d,2,user_2cb4b018,0.840039
user_9e39a95d,3,user_5993b36a,0.819464
user_9e39a95d,4,user_a01f16ac,0.818688
user_9e39a95d,5,user_0b64b183,0.813727
user_9e39a95d,6,user_7b052f32,0.810191
user_9e39a95d,7,user_3ac315cb,0.809419
user_9e39a95d,8,user_9e39a95d,0.809399
user_9e39a95d,9,user_95d648bc,0.808606
user_9e39a95d,10,user_bd05225b,0.808544
user_9e39a95d,11,user_147d1bbb,0.807583
user_9e39a95d,12,user_df8dc9bb,0.807506
user_9e39a95d,13,user_fba6bcd4,0.807473
user_9e39a95d,14,user_8ac8f24f,0.803978
user_9e39a95d,15,user_afff552a,0.800633
user_9f81cfba,1,user_9f81cfba,0.726235
user_9f81cfba,2,user_dbc4828c,0.702003
user_9f81cfba,3,user_e6dd44b0,0.700818
user_9f81cfba,4,user_70580e9a,0.700736
user_9f81cfba,5,user_25652863,0.687369
user_9f81cfba,6,user_0ff0b922,0.682196
user_9f81cfba,7,user_cbabbcee,0.681198
user_9f81cfba,8,user_dd6e7bcb,0.679865
user_9f81cfba,9,user_84e93af7,0.679598
user_9f81cfba,10,user_6ae9ce92,0.679008
user_9f81cfba,11,user_d9b8914f,0.677951
user_9f81cfba,12,user_88b2faba,0.676264
user_9f81cfba,13,user_ded778b8,0.674963
user_9f81cfba,14,user_cdd86523,0.673391
user_9f81cfba,15,user_4f755977,0.673319
user_9fc3c829,1,user_e6dd44b0,0.749204
user_9fc3c829,2,user_bd05225b,0.740012
user_9fc3c829,3,user_eda37c14,0.729866
user_9fc3c829,4,user_c008345b,0.725458
user_9fc3c829,5,user_6c2d672f,0.724517
user_9fc3c829,6,user_cbabbcee,0.720761
user_9fc3c829,7,user_dbc4828c,0.718929
user_9fc3c829,8,user_3b90fb53,0.716691
user_9fc3c829,9,user_ded778b8,0.716339
user_9fc3c829,10,user_124651ff,0.712907
user_9fc3c829,11,user_f10e7063,0.709149
user_9fc3c829,12,user_95d648bc,0.702159
user_9fc3c829,13,user_cdd86523,0.701980
user_9fc3c829,14,user_0e82fe11,0.701958
user_9fc3c829,15,user_3e1f9dc1,0.701847
user_9ff844ba,1,user_9bee2a7c,0.833580
user_9ff844ba,2,user_2e05a7a0,0.812876
user_9ff844ba,3,user_4a57e449,0.799996
user_9ff844ba,4,user_b9036662,0.797319
user_9ff844ba,5,user_9571d0d5,0.781565
user_9ff844ba,6,user_fc1cfe0b,0.765914
user_9ff844ba,7,user_259776c7,0.759156
user_9ff844ba,8,user_ab86ab82,0.755461
user_9ff844ba,9,user_ee8d5ec5,0.754783
user_9ff844ba,10,user_56980aa9,0.753082
user_9ff844ba,11,user_6fc85c06,0.751668
user_9ff844ba,12,user_25b48a9a,0.748819
user_9ff844ba,13,user_cf393213,0.748733
user_9ff844ba,14,user_f930e37f,0.747973
user_9ff844ba,15,user_07ec3726,0.746796
user_a01f16ac,1,user_970963fd,0.742338
user_a01f16ac,2,user_9600e8bf,0.697924
user_a01f16ac,3,user_4f8b6987,0.687069
user_a01f16ac,4,user_64d76dfd,0.684199
user_a01f16ac,5,user_a01f16ac,0.678590
user_a01f16ac,6,user_886f7373,0.677370
user_a01f16ac,7,user_69193575,0.675546
user_a01f16ac,8,user_b337cb0c,0.671190
user_a01f16ac,9,user_f0b144fc,0.669925
user_a01f16ac,10,user_a7b901f2,0.663849
user_a01f16ac,11,user_8ac8f24f,0.656020
user_a01f16ac,12,user_cb2fe204,0.652983
user_a01f16ac,13,user_83a58842,0.650943
user_a01f16ac,14,user_bbe73426,0.648699
user_a01f16ac,15,user_6d071251,0.648184
user_a0fa40f1,1,user_e5a6abbe,0.848052
user_a0fa40f1,2,user_a01f16ac,0.846356
user_a0fa40f1,3,user_e6057285,0.836007
user_a0fa40f1,4,user_5881b259,0.834165
user_a0fa40f1,5,user_c5f32c0d,0.824458
user_a0fa40f1,6,user_c39d41d7,0.824154
user_a0fa40f1,7,user_5993b36a,0.816633
user_a0fa40f1,8,user_bd05225b,0.815813
user_a0fa40f1,9,user_83afc7b2,0.814321
user_a0fa40f1,10,user_cb2fe204,0.813336
user_a0fa40f1,11,user_c96b90fe,0.806374
user_a0fa40f1,12,user_54c1ebee,0.806351
user_a0fa40f1,13,user_4b139395,0.805335
user_a0fa40f1,14,user_636ad58f,0.804244
user_a0fa40f1,15,user_39b3eda0,0.800842
user_a151ddab,1,user_3971c3e6,0.843367
user_a151ddab,2,user_3239132f,0.824449
user_a151ddab,3,user_e6057285,0.820839
user_a151ddab,4,user_54c1ebee,0.819761
user_a151ddab,5,user_a151ddab,0.819599
user_a151ddab,6,user_83afc7b2,0.805603
user_a151ddab,7,user_e5a6abbe,0.804377
user_a151ddab,8,user_df8dc9bb,0.800736
user_a151ddab,9,user_7a7dda35,0.799161
user_a151ddab,10,user_39b3eda0,0.798981
user_a151ddab,11,user_886f7373,0.793481
user_a151ddab,12,user_a6c5a10c,0.790031
user_a151ddab,13,user_38433566,0.787476
user_a151ddab,14,user_032e5bc8,0.786870
user_a151ddab,15,user_c5f32c0d,0.786194
user_a1b097c2,1,user_a75b4d6e,0.825363
user_a1b097c2,2,user_df8dc9bb,0.816866
user_a1b097c2,3,user_c4b781ce,0.805747
user_a1b097c2,4,user_e8a7be73,0.800651
user_a1b097c2,5,user_0669bdf6,0.794506
user_a1b097c2,6,user_5349c6cf,0.794481
user_a1b097c2,7,user_8d22714e,0.793396
user_a1b097c2,8,user_d70942c1,0.790513
user_a1b097c2,9,user_6bf0e007,0.782632
user_a1b097c2,10,user_79f04645,0.782359
user_a1b097c2,11,user_29cd4556,0.779363
user_a1b097c2,12,user_69a4dd06,0.776558
user_a1b097c2,13,user_83afc7b2,0.773082
user_a1b097c2,14,user_e802076d,0.767675
user_a1b097c2,15,user_03969305,0.766408
user_a2825b06,1,user_fdcaaf41,0.786773
user_a2825b06,2,user_7924afc9,0.775417
user_a2825b06,3,user_94cad3a5,0.772242
user_a2825b06,4,user_f930e37f,0.771871
user_a2825b06,5,user_63b4be5f,0.764952
user_a2825b06,6,user_ebddf9c1,0.754344
user_a2825b06,7,user_c06d9b71,0.753633
user_a2825b06,8,user_f51339f8,0.753303
user_a2825b06,9,user_16ac4154,0.751962
user_a2825b06,10,user_6fc85c06,0.751604
user_a2825b06,11,user_2dd189e3,0.747397
user_a2825b06,12,user_dc326993,0.744902
user_a2825b06,13,user_fdc08e26,0.744693
user_a2825b06,14,user_9d786aa8,0.743865
user_a2825b06,15,user_bd6a40d5,0.742741
user_a2f8bfd2,1,user_c59ebe9c,0.852282
user_a2f8bfd2,2,user_3b1da5d9,0.742177
user_a2f8bfd2,3,user_a2f8bfd2,0.730114
user_a2f8bfd2,4,user_ba010eec,0.638940
user_a2f8bfd2,5,user_885e8708,0.638020
user_a2f8bfd2,6,user_83585fc6,0.632760
user_a2f8bfd2,7,user_2c69b83e,0.623981
user_a2f8bfd2,8,user_ea67f9c6,0.622925
user_a2f8bfd2,9,user_0d32f0ed,0.618091
user_a2f8bfd2,10,user_8713f22a,0.617360
user_a2f8bfd2,11,user_9a5457b0,0.608894
user_a2f8bfd2,12,user_ab439a92,0.604103
user_a2f8bfd2,13,user_1246b252,0.600363
user_a2f8bfd2,14,user_8e92b8c1,0.599658
user_a2f8bfd2,15,user_efb27a8e,0.591075
user_a346dfc4,1,user_500badda,0.760901
user_a346dfc4,2,user_e0c65725,0.758785
user_a346dfc4,3,user_5c9b579a,0.748991
user_a346dfc4,4,user_f070eee7,0.743565
user_a346dfc4,5,user_f10e7063,0.742739
user_a346dfc4,6,user_7f56f9a5,0.738791
user_a346dfc4,7,user_885e8708,0.738212
user_a346dfc4,8,user_7c7220a4,0.738064
user_a346dfc4,9,user_df8dc9bb,0.735453
user_a346dfc4,10,user_364bb955,0.735225
user_a346dfc4,11,user_aabd2642,0.734601
user_a346dfc4,12,user_e8a7be73,0.731207
user_a346dfc4,13,user_03410579,0.730580
user_a346dfc4,14,user_3e284ba5,0.726302
user_a346dfc4,15,user_1a7d6cd5,0.725806
user_a4893af1,1,user_25798310,0.796276
user_a4893af1,2,user_166a3647,0.784394
user_a4893af1,3,user_8fb63eca,0.781430
user_a4893af1,4,user_147d1bbb,0.777160
user_a4893af1,5,user_586752e4,0.777113
user_a4893af1,6,user_70bbda36,0.773462
user_a4893af1,7,user_7b5f54c0,0.770803
user_a4893af1,8,user_107259c3,0.759753
user_a4893af1,9,user_81a80789,0.759159
user_a4893af1,10,user_ded778b8,0.756139
user_a4893af1,11,user_df8dc9bb,0.755330
user_a4893af1,12,user_737dd050,0.755276
user_a4893af1,13,user_6169d3b8,0.754399
user_a4893af1,14,user_2c69b83e,0.753646
user_a4893af1,15,user_3b1da5d9,0.752887
user_a4a77a7d,1,user_3f2fbc90,0.806563
user_a4a77a7d,2,user_4b139395,0.787539
user_a4a77a7d,3,user_039d004e,0.760920
user_a4a77a7d,4,user_0cc626ee,0.741365
user_a4a77a7d,5,user_29cd4556,0.739055
user_a4a77a7d,6,user_ed3091a2,0.736695
user_a4a77a7d,7,user_c39d41d7,0.731633
user_a4a77a7d,8,user_d849ac6e,0.730344
user_a4a77a7d,9,user_efa5697b,0.728916
user_a4a77a7d,10,user_058d9dc1,0.728457
user_a4a77a7d,11,user_c60d65b5,0.728309
user_a4a77a7d,12,user_5ac1a174,0.726169
user_a4a77a7d,13,user_0e82fe11,0.725761
user_a4a77a7d,14,user_e4f8ab0c,0.725520
user_a4a77a7d,15,user_0669bdf6,0.724467
user_a4aab257,1,user_5a283043,0.881661
user_a4aab257,2,user_ebddf9c1,0.860614
user_a4aab257,3,user_7f56f9a5,0.845107
user_a4aab257,4,user_c06d9b71,0.839958
user_a4aab257,5,user_f51339f8,0.832714
user_a4aab257,6,user_a743aff9,0.824995
user_a4aab257,7,user_7924afc9,0.816094
user_a4aab257,8,user_dc326993,0.815850
user_a4aab257,9,user_40a0bad3,0.812260
user_a4aab257,10,user_f75c71f0,0.808658
user_a4aab257,11,user_e5a6abbe,0.807616
user_a4aab257,12,user_1b7f8c56,0.806417
user_a4aab257,13,user_b350e22b,0.806278
user_a4aab257,14,user_d1d16d30,0.806085
user_a4aab257,15,user_405db206,0.805741
user_a4ae4e77,1,user_0a245f61,0.884529
user_a4ae4e77,2,user_eae91488,0.870229
user_a4ae4e77,3,user_b4214db6,0.854756
user_a4ae4e77,4,user_723406a0,0.812425
user_a4ae4e77,5,user_5881b259,0.806554
user_a4ae4e77,6,user_ab30f0fb,0.788788
user_a4ae4e77,7,user_c39d41d7,0.765799
user_a4ae4e77,8,user_dbc4828c,0.761983
user_a4ae4e77,9,user_fb64cb55,0.759431
user_a4ae4e77,10,user_a743aff9,0.758349
user_a4ae4e77,11,user_3121653d,0.758269
user_a4ae4e77,12,user_4b139395,0.750964
user_a4ae4e77,13,user_d199bef3,0.748501
user_a4ae4e77,14,user_88f46c7b,0.744489
user_a4ae4e77,15,user_c8e749e2,0.741580
user_a52dd639,1,user_bbb0205e,0.668532
user_a52dd639,2,user_a4aab257,0.664017
user_a52dd639,3,user_470c0785,0.632965
user_a52dd639,4,user_4bf6a4a0,0.625925
user_a52dd639,5,user_c1a70ab7,0.615390
user_a52dd639,6,user_c0392523,0.609744
user_a52dd639,7,user_ba4f42bb,0.602704
user_a52dd639,8,user_502a8cea,0.598811
user_a52dd639,9,user_63b4ae7a,0.595978
user_a52dd639,10,user_c32db875,0.593335
user_a52dd639,11,user_126670d7,0.592141
user_a52dd639,12,user_daf53db6,0.588610
user_a52dd639,13,user_515ae840,0.581719
user_a52dd639,14,user_fa69a385,0.577381
user_a52dd639,15,user_b2aba63a,0.570546
user_a57a04fa,1,user_d758a0a1,0.805272
user_a57a04fa,2,user_5a6f92a6,0.801465
user_a57a04fa,3,user_14a2d3c6,0.799330
user_a57a04fa,4,user_5ac1a174,0.798381
user_a57a04fa,5,user_5881b259,0.790451
user_a57a04fa,6,user_d1d16d30,0.785286
user_a57a04fa,7,user_df8dc9bb,0.783620
user_a57a04fa,8,user_0e82fe11,0.781110
user_a57a04fa,9,user_e6057285,0.780627
user_a57a04fa,10,user_83afc7b2,0.777955
user_a57a04fa,11,user_8d22714e,0.775045
user_a57a04fa,12,user_0669bdf6,0.773661
user_a57a04fa,13,user_f27da10a,0.773630
user_a57a04fa,14,user_c06d9b71,0.772985
user_a57a04fa,15,user_f4f9490d,0.769729
user_a57e47b1,1,user_a57e47b1,0.896780
user_a57e47b1,2,user_fdcaaf41,0.894302
user_a57e47b1,3,user_d1d16d30,0.872989
user_a57e47b1,4,user_c06d9b71,0.861533
user_a57e47b1,5,user_5881b259,0.857414
user_a57e47b1,6,user_e802076d,0.837652
user_a57e47b1,7,user_e6057285,0.834959
user_a57e47b1,8,user_88b2faba,0.832554
user_a57e47b1,9,user_dd1d7b22,0.831965
user_a57e47b1,10,user_7924afc9,0.831297
user_a57e47b1,11,user_14a2d3c6,0.830364
user_a57e47b1,12,user_0eb2abf1,0.829929
user_a57e47b1,13,user_cdd86523,0.827758
user_a57e47b1,14,user_7b052f32,0.827322
user_a57e47b1,15,user_c39d41d7,0.826968
user_a6a094cf,1,user_e70b6a25,0.619575
user_a6a094cf,2,user_86685a27,0.608412
user_a6a094cf,3,user_6058434c,0.572304
user_a6a094cf,4,user_f5c4370b,0.564043
user_a6a094cf,5,user_17355c30,0.558821
user_a6a094cf,6,user_a6a094cf,0.553836
user_a6a094cf,7,user_49b1ac46,0.539344
user_a6a094cf,8,user_ecd7b02a,0.530603
user_a6a094cf,9,user_598cc905,0.529726
user_a6a094cf,10,user_1bcbacb3,0.525773
user_a6a094cf,11,user_ed3091a2,0.517773
user_a6a094cf,12,user_dcf52d26,0.509483
user_a6a094cf,13,user_c4b781ce,0.504622
user_a6a094cf,14,user_d4b7e22e,0.497723
user_a6a094cf,15,user_d0a0f883,0.486976
user_a743aff9,1,user_69df6330,0.864232
user_a743aff9,2,user_a743aff9,0.840690
user_a743aff9,3,user_c39d41d7,0.830440
user_a743aff9,4,user_5881b259,0.825196
user_a743aff9,5,user_723406a0,0.820407
user_a743aff9,6,user_f654c33b,0.816013
user_a743aff9,7,user_e8d15537,0.815189
user_a743aff9,8,user_a8c2208d,0.811190
user_a743aff9,9,user_ee14f818,0.811107
user_a743aff9,10,user_1a2755b3,0.806719
user_a743aff9,11,user_45926b89,0.806675
user_a743aff9,12,user_c60d65b5,0.805429
user_a743aff9,13,user_dbc4828c,0.801895
user_a743aff9,14,user_0eb2abf1,0.799474
user_a743aff9,15,user_b49274ca,0.797174
user_a8dc91a3,1,user_e802076d,0.854634
user_a8dc91a3,2,user_6fc85c06,0.846734
user_a8dc91a3,3,user_03969305,0.838735
user_a8dc91a3,4,user_f930e37f,0.837692
user_a8dc91a3,5,user_0898fc4b,0.837588
user_a8dc91a3,6,user_f5e1eee0,0.835986
user_a8dc91a3,7,user_e59c000f,0.834298
user_a8dc91a3,8,user_b350e22b,0.833773
user_a8dc91a3,9,user_e6057285,0.831422
user_a8dc91a3,10,user_94f185bc,0.825650
user_a8dc91a3,11,user_0a3bcf86,0.821689
user_a8dc91a3,12,user_cf393213,0.820436
user_a8dc91a3,13,user_89e04335,0.819227
user_a8dc91a3,14,user_5526cbfd,0.818508
user_a8dc91a3,15,user_91f807b9,0.818326
user_a973cf8e,1,user_9e39a95d,0.829179
user_a973cf8e,2,user_1b7f8c56,0.803280
user_a973cf8e,3,user_acb51eed,0.801928
user_a973cf8e,4,user_2cb4b018,0.798907
user_a973cf8e,5,user_6bb64984,0.798785
user_a973cf8e,6,user_c41de62b,0.796637
user_a973cf8e,7,user_8fbb6d9c,0.796126
user_a973cf8e,8,user_25b48a9a,0.795369
user_a973cf8e,9,user_b6b89f00,0.790090
user_a973cf8e,10,user_74d27419,0.789940
user_a973cf8e,11,user_f8e2246f,0.789061
user_a973cf8e,12,user_417702c5,0.788906
user_a973cf8e,13,user_3ac315cb,0.788325
user_a973cf8e,14,user_940c7213,0.783172
user_a973cf8e,15,user_d3663143,0.781144
user_a9ed5193,1,user_baa70592,0.832298
user_a9ed5193,2,user_e30558fe,0.811529
user_a9ed5193,3,user_1b2d69c1,0.806379
user_a9ed5193,4,user_58892c7c,0.720550
user_a9ed5193,5,user_74c84045,0.703614
user_a9ed5193,6,user_a9ed5193,0.702631
user_a9ed5193,7,user_3ff3188b,0.653326
user_a9ed5193,8,user_33b2b77f,0.652872
user_a9ed5193,9,user_81c4dae1,0.651455
user_a9ed5193,10,user_c34e791e,0.637139
user_a9ed5193,11,user_f030b951,0.637004
user_a9ed5193,12,user_b9036662,0.632940
user_a9ed5193,13,user_dd6e7bcb,0.632343
user_a9ed5193,14,user_e6dd44b0,0.632172
user_a9ed5193,15,user_07faa0fc,0.631422
user_aa4cc34a,1,user_aa4cc34a,0.843266
user_aa4cc34a,2,user_233fda02,0.786825
user_aa4cc34a,3,user_87e5d9b0,0.774686
user_aa4cc34a,4,user_3b90fb53,0.750368
user_aa4cc34a,5,user_107259c3,0.745442
user_aa4cc34a,6,user_1246b252,0.742162
user_aa4cc34a,7,user_858fa00c,0.740759
user_aa4cc34a,8,user_b4f295b3,0.731742
user_aa4cc34a,9,user_4144252d,0.727539
user_aa4cc34a,10,user_ea67f9c6,0.726813
user_aa4cc34a,11,user_903329bb,0.718870
user_aa4cc34a,12,user_7c7220a4,0.715265
user_aa4cc34a,13,user_0e82fe11,0.714991
user_aa4cc34a,14,user_5c9b579a,0.710981
user_aa4cc34a,15,user_5ac1a174,0.707425
user_aaa1e595,1,user_3431c049,0.820193
user_aaa1e595,2,user_9a5457b0,0.790802
user_aaa1e595,3,user_f930e37f,0.785757
user_aaa1e595,4,user_67acd9b1,0.785380
user_aaa1e595,5,user_9571d0d5,0.780712
user_aaa1e595,6,user_02fecea2,0.775482
user_aaa1e595,7,user_70bbda36,0.775175
user_aaa1e595,8,user_ffe2efae,0.774592
user_aaa1e595,9,user_0d32f0ed,0.767388
user_aaa1e595,10,user_3bc84c13,0.762500
user_aaa1e595,11,user_586752e4,0.762134
user_aaa1e595,12,user_ded778b8,0.762121
user_aaa1e595,13,user_7f623d19,0.760937
user_aaa1e595,14,user_94cad3a5,0.759637
user_aaa1e595,15,user_ea67f9c6,0.756707
user_ab434739,1,user_ab434739,0.828624
user_ab434739,2,user_70bbda36,0.820545
user_ab434739,3,user_26fa9d90,0.809714
user_ab434739,4,user_e5f67397,0.801813
user_ab434739,5,user_7c7220a4,0.801248
user_ab434739,6,user_107259c3,0.798597
user_ab434739,7,user_586752e4,0.793467
user_ab434739,8,user_6169d3b8,0.790622
user_ab434739,9,user_ded778b8,0.788552
user_ab434739,10,user_8e97a154,0.787399
user_ab434739,11,user_02016939,0.782309
user_ab434739,12,user_ea67f9c6,0.779033
user_ab434739,13,user_fcf93ee8,0.774926
user_ab434739,14,user_434f3511,0.772852
user_ab434739,15,user_b4f295b3,0.771906
user_ab439a92,1,user_e64d80ba,0.793772
user_ab439a92,2,user_0ff0b922,0.782100
user_ab439a92,3,user_b4f295b3,0.763951
user_ab439a92,4,user_ab439a92,0.762625
user_ab439a92,5,user_8ae8c359,0.754511
user_ab439a92,6,user_5526cbfd,0.747003
user_ab439a92,7,user_147d1bbb,0.746104
user_ab439a92,8,user_e6dd44b0,0.742961
user_ab439a92,9,user_a3a4a20a,0.735738
user_ab439a92,10,user_70bbda36,0.734572
user_ab439a92,11,user_3e284ba5,0.731606
user_ab439a92,12,user_3b1da5d9,0.731444
user_ab439a92,13,user_79f38f6d,0.731026
user_ab439a92,14,user_ded778b8,0.722847
user_ab439a92,15,user_ed1aaed8,0.721401
user_ab5592eb,1,user_ab5592eb,0.739412
user_ab5592eb,2,user_d0c1bf72,0.716915
user_ab5592eb,3,user_71f7b692,0.672271
user_ab5592eb,4,user_caebed72,0.667242
user_ab5592eb,5,user_510aaba3,0.652509
user_ab5592eb,6,user_38f4dfac,0.651241
user_ab5592eb,7,user_36d44add,0.618990
user_ab5592eb,8,user_d8335067,0.606467
user_ab5592eb,9,user_954805d7,0.597456
user_ab5592eb,10,user_7ed6349c,0.596359
user_ab5592eb,11,user_fde2d265,0.585985
user_ab5592eb,12,user_7aa3746b,0.583868
user_ab5592eb,13,user_0eeab432,0.563430
user_ab5592eb,14,user_aa31484a,0.556398
user_ab5592eb,15,user_43a979d2,0.551158
user_ab8e847b,1,user_83585fc6,0.773277
user_ab8e847b,2,user_ab8e847b,0.754028
user_ab8e847b,3,user_2142b6e1,0.731497
user_ab8e847b,4,user_c130412b,0.731422
user_ab8e847b,5,user_ffe2efae,0.707158
user_ab8e847b,6,user_3431c049,0.705628
user_ab8e847b,7,user_16b87e34,0.692360
user_ab8e847b,8,user_dbbf562e,0.680445
user_ab8e847b,9,user_3666402b,0.668283
user_ab8e847b,10,user_52f895f1,0.662798
user_ab8e847b,11,user_815b7baf,0.654452
user_ab8e847b,12,user_a16d1fb6,0.653022
user_ab8e847b,13,user_fb427339,0.649658
user_ab8e847b,14,user_0d32f0ed,0.649546
user_ab8e847b,15,user_9a5457b0,0.646825
user_abde0618,1,user_abde0618,0.793102
user_abde0618,2,user_5fddc7f1,0.792417
user_abde0618,3,user_ba085464,0.768972
user_abde0618,4,user_7c7220a4,0.764277
user_abde0618,5,user_fcf93ee8,0.753673
user_abde0618,6,user_ded778b8,0.750176
user_abde0618,7,user_39aad1a2,0.742012
user_abde0618,8,user_0c578ab5,0.740475
user_abde0618,9,user_0898fc4b,0.737704
user_abde0618,10,user_500badda,0.731864
user_abde0618,11,user_ee05ee55,0.730826
user_abde0618,12,user_124651ff,0.729985
user_abde0618,13,user_6c2d672f,0.728175
user_abde0618,14,user_a5e548ce,0.726846
user_abde0618,15,user_f070eee7,0.723877
user_ac6d6bff,1,user_0d32f0ed,0.818875
user_ac6d6bff,2,user_4bd9303b,0.796452
user_ac6d6bff,3,user_ded778b8,0.785933
user_ac6d6bff,4,user_70bbda36,0.778910
user_ac6d6bff,5,user_ac6d6bff,0.777858
user_ac6d6bff,6,user_baeb91b3,0.776725
user_ac6d6bff,7,user_7f623d19,0.770778
user_ac6d6bff,8,user_b0129d9e,0.768517
user_ac6d6bff,9,user_e2e59795,0.766782
user_ac6d6bff,10,user_02016939,0.765096
user_ac6d6bff,11,user_b4f295b3,0.762053
user_ac6d6bff,12,user_5526cbfd,0.759848
user_ac6d6bff,13,user_205d25f3,0.759260
user_ac6d6bff,14,user_124651ff,0.756841
user_ac6d6bff,15,user_107259c3,0.751823
user_ac6e9129,1,user_1022be44,0.796764
user_ac6e9129,2,user_ac6e9129,0.793537
user_ac6e9129,3,user_5fddc7f1,0.781155
user_ac6e9129,4,user_a5e548ce,0.769200
user_ac6e9129,5,user_c81fae29,0.764926
user_ac6e9129,6,user_687feee4,0.749773
user_ac6e9129,7,user_6169d3b8,0.734147
user_ac6e9129,8,user_aa19d173,0.726749
user_ac6e9129,9,user_07db2c6a,0.724353
user_ac6e9129,10,user_c73333a5,0.723341
user_ac6e9129,11,user_e5f67397,0.705761
user_ac6e9129,12,user_9ee84e18,0.687672
user_ac6e9129,13,user_8e48a3f8,0.687456
user_ac6e9129,14,user_ab434739,0.681629
user_ac6e9129,15,user_233fda02,0.678633
user_acb51eed,1,user_6bb64984,0.859154
user_acb51eed,2,user_c41de62b,0.856703
user_acb51eed,3,user_649f4327,0.856659
user_acb51eed,4,user_25b48a9a,0.850362
user_acb51eed,5,user_aa2fbe83,0.847451
user_acb51eed,6,user_940c7213,0.846245
user_acb51eed,7,user_d3663143,0.845610
user_acb51eed,8,user_417702c5,0.838712
user_acb51eed,9,user_54b19b29,0.835025
user_acb51eed,10,user_f8e2246f,0.829332
user_acb51eed,11,user_daf53db6,0.825930
user_acb51eed,12,user_9dda4af9,0.825708
user_acb51eed,13,user_b325310b,0.821872
user_acb51eed,14,user_8fbb6d9c,0.819110
user_acb51eed,15,user_16ac4154,0.818225
user_acb899e9,1,user_acb899e9,0.855048
user_acb899e9,2,user_e2e59795,0.821965
user_acb899e9,3,user_6476648d,0.810494
user_acb899e9,4,user_205d25f3,0.794164
user_acb899e9,5,user_93cdb7a1,0.784468
user_acb899e9,6,user_7c7220a4,0.768121
user_acb899e9,7,user_7bbd1543,0.765619
user_acb899e9,8,user_0c578ab5,0.762768
user_acb899e9,9,user_dca78fea,0.756066
user_acb899e9,10,user_74cfb8ef,0.752709
user_acb899e9,11,user_920c074a,0.751618
user_acb899e9,12,user_fde27362,0.750337
user_acb899e9,13,user_500badda,0.749786
user_acb899e9,14,user_02016939,0.748916
user_acb899e9,15,user_2e81a539,0.747315
user_acd6ddfb,1,user_96c3cc43,0.773185
user_acd6ddfb,2,user_582ff5b2,0.767520
user_acd6ddfb,3,user_66a7ce5a,0.743635
user_acd6ddfb,4,user_07cb458d,0.733648
user_acd6ddfb,5,user_ca6074df,0.732635
user_acd6ddfb,6,user_378003e3,0.727929
user_acd6ddfb,7,user_82879210,0.724120
user_acd6ddfb,8,user_26565155,0.720223
user_acd6ddfb,9,user_acd6ddfb,0.719514
user_acd6ddfb,10,user_19952166,0.716726
user_acd6ddfb,11,user_56e6d0cd,0.714112
user_acd6ddfb,12,user_5d1b0daf,0.713900
user_acd6ddfb,13,user_9dda4af9,0.710131
user_acd6ddfb,14,user_c32db875,0.709470
user_acd6ddfb,15,user_1b460965,0.703681
user_ad15a0a4,1,user_fb64cb55,0.863230
user_ad15a0a4,2,user_aa4cc34a,0.815604
user_ad15a0a4,3,user_d10d1f24,0.803234
user_ad15a0a4,4,user_737dd050,0.783600
user_ad15a0a4,5,user_5993b36a,0.772558
user_ad15a0a4,6,user_835666af,0.769515
user_ad15a0a4,7,user_afff552a,0.767363
user_ad15a0a4,8,user_aa2fbe83,0.764804
user_ad15a0a4,9,user_940c7213,0.764309
user_ad15a0a4,10,user_165a2706,0.763301
user_ad15a0a4,11,user_acb51eed,0.761559
user_ad15a0a4,12,user_3ac315cb,0.754403
user_ad15a0a4,13,user_6011e674,0.749036
user_ad15a0a4,14,user_33c6501d,0.747710
user_ad15a0a4,15,user_95d648bc,0.746400
user_b1c16312,1,user_fe922ad0,0.768103
user_b1c16312,2,user_d67450a8,0.766647
user_b1c16312,3,user_a2503734,0.749347
user_b1c16312,4,user_18522854,0.746657
user_b1c16312,5,user_8a669dcd,0.741335
user_b1c16312,6,user_b2dd04c8,0.738867
user_b1c16312,7,user_829844fd,0.730407
user_b1c16312,8,user_ab439a92,0.728934
user_b1c16312,9,user_2b03934e,0.713428
user_b1c16312,10,user_9ce96cbf,0.712715
user_b1c16312,11,user_4d4f73a6,0.709637
user_b1c16312,12,user_515ae840,0.706882
user_b1c16312,13,user_66a7ce5a,0.703096
user_b1c16312,14,user_a151ddab,0.696824
user_b1c16312,15,user_65d73ac1,0.694793
user_b23aa915,1,user_8c0c7619,0.748388
user_b23aa915,2,user_c0392523,0.715752
user_b23aa915,3,user_9ce96cbf,0.713437
user_b23aa915,4,user_126670d7,0.706314
user_b23aa915,5,user_4bf6a4a0,0.697529
user_b23aa915,6,user_515ae840,0.686802
user_b23aa915,7,user_d14b7d7b,0.680995
user_b23aa915,8,user_5d1b0daf,0.676137
user_b23aa915,9,user_6d2cb415,0.674662
user_b23aa915,10,user_f43d6008,0.673504
user_b23aa915,11,user_a8dc91a3,0.670696
user_b23aa915,12,user_18522854,0.662006
user_b23aa915,13,user_0f006eec,0.661875
user_b23aa915,14,user_0b5c256a,0.661566
user_b23aa915,15,user_b429ec64,0.656291
user_b2aba63a,1,user_b2aba63a,0.730893
user_b2aba63a,2,user_3bc84c13,0.711037
user_b2aba63a,3,user_5159d3a1,0.704186
user_b2aba63a,4,user_daf59045,0.695416
user_b2aba63a,5,user_00a2f533,0.684516
user_b2aba63a,6,user_f930e37f,0.684164
user_b2aba63a,7,user_64cd3098,0.684099
user_b2aba63a,8,user_04f39d22,0.681582
user_b2aba63a,9,user_d2c97c8e,0.681248
user_b2aba63a,10,user_372c2b3e,0.679602
user_b2aba63a,11,user_f5e1eee0,0.678192
user_b2aba63a,12,user_1fb8e9e5,0.675807
user_b2aba63a,13,user_a7145605,0.670874
user_b2aba63a,14,user_3850eb9e,0.667180
user_b2aba63a,15,user_7de6f343,0.663925
user_b2dd04c8,1,user_e6057285,0.872305
user_b2dd04c8,2,user_0521a7ac,0.847699
user_b2dd04c8,3,user_eb0927d1,0.834918
user_b2dd04c8,4,user_3239132f,0.833910
user_b2dd04c8,5,user_a151ddab,0.831429
user_b2dd04c8,6,user_38433566,0.827986
user_b2dd04c8,7,user_83afc7b2,0.825602
user_b2dd04c8,8,user_f0cf195f,0.825141
user_b2dd04c8,9,user_e802076d,0.824752
user_b2dd04c8,10,user_5c5a0b40,0.824059
user_b2dd04c8,11,user_5a6f92a6,0.817743
user_b2dd04c8,12,user_5881b259,0.814089
user_b2dd04c8,13,user_e5a6abbe,0.812928
user_b2dd04c8,14,user_886f7373,0.812341
user_b2dd04c8,15,user_c5f32c0d,0.807599
user_b2f3c0d2,1,user_abde0618,0.547071
user_b2f3c0d2,2,user_4e42bf97,0.541376
user_b2f3c0d2,3,user_b1c16312,0.538347
user_b2f3c0d2,4,user_b2dd04c8,0.532709
user_b2f3c0d2,5,user_4c8199a7,0.531354
user_b2f3c0d2,6,user_7d6962d9,0.530948
user_b2f3c0d2,7,user_c1aa2063,0.526735
user_b2f3c0d2,8,user_0dfb7397,0.514048
user_b2f3c0d2,9,user_56909460,0.495822
user_b2f3c0d2,10,user_24668d84,0.486361
user_b2f3c0d2,11,user_b8f24804,0.478533
user_b2f3c0d2,12,user_829844fd,0.476300
user_b2f3c0d2,13,user_0285dee3,0.470524
user_b2f3c0d2,14,user_b7f60e64,0.466631
user_b2f3c0d2,15,user_f6c0aefc,0.463410
user_b325310b,1,user_99c67f2f,0.878385
user_b325310b,2,user_2d74cd4c,0.862898
user_b325310b,3,user_6bb64984,0.843370
user_b325310b,4,user_6011e674,0.841197
user_b325310b,5,user_f8e2246f,0.833224
user_b325310b,6,user_649f4327,0.832823
user_b325310b,7,user_417702c5,0.828577
user_b325310b,8,user_71b9b8e0,0.820608
user_b325310b,9,user_8fbb6d9c,0.816482
user_b325310b,10,user_b6b89f00,0.813142
user_b325310b,11,user_b325310b,0.812680
user_b325310b,12,user_9c5cd7fa,0.807620
user_b325310b,13,user_c41de62b,0.803162
user_b325310b,14,user_daf53db6,0.802766
user_b325310b,15,user_08aa624b,0.794013
user_b337cb0c,1,user_b337cb0c,0.711449
user_b337cb0c,2,user_f51339f8,0.710560
user_b337cb0c,3,user_970963fd,0.707012
user_b337cb0c,4,user_7b052f32,0.702839
user_b337cb0c,5,user_1f1dc5e0,0.701251
user_b337cb0c,6,user_1936a7c3,0.700407
user_b337cb0c,7,user_6d071251,0.700042
user_b337cb0c,8,user_ebddf9c1,0.698230
user_b337cb0c,9,user_38dc2894,0.695240
user_b337cb0c,10,user_7f56f9a5,0.690947
user_b337cb0c,11,user_3ae49e46,0.689485
user_b337cb0c,12,user_e6057285,0.684207
user_b337cb0c,13,user_69193575,0.683955
user_b337cb0c,14,user_bbe73426,0.679753
user_b337cb0c,15,user_c204a1dd,0.675644
user_b49274ca,1,user_c154e834,0.808901
user_b49274ca,2,user_36d44add,0.789507
user_b49274ca,3,user_c35d6565,0.764362
user_b49274ca,4,user_0cee87f3,0.757999
user_b49274ca,5,user_daf37424,0.734730
user_b49274ca,6,user_f654c33b,0.731637
user_b49274ca,7,user_7aa3746b,0.724857
user_b49274ca,8,user_c994138f,0.723708
user_b49274ca,9,user_b49274ca,0.710287
user_b49274ca,10,user_54c1ebee,0.707759
user_b49274ca,11,user_2c69b83e,0.704943
user_b49274ca,12,user_adab54a0,0.704229
user_b49274ca,13,user_dae4304f,0.703609
user_b49274ca,14,user_b16e0cf8,0.699437
user_b49274ca,15,user_40a0bad3,0.698515
user_b4d7e69a,1,user_45926b89,0.861844
user_b4d7e69a,2,user_e5a6abbe,0.846374
user_b4d7e69a,3,user_0eb2abf1,0.831159
user_b4d7e69a,4,user_40a0bad3,0.827174
user_b4d7e69a,5,user_5a283043,0.824558
user_b4d7e69a,6,user_2dd5b531,0.824348
user_b4d7e69a,7,user_15179955,0.822378
user_b4d7e69a,8,user_b49274ca,0.822061
user_b4d7e69a,9,user_111cfe7d,0.815620
user_b4d7e69a,10,user_ebddf9c1,0.811867
user_b4d7e69a,11,user_ef954c6e,0.809528
user_b4d7e69a,12,user_4db0d490,0.804797
user_b4d7e69a,13,user_cdd86523,0.804295
user_b4d7e69a,14,user_adab54a0,0.802332
user_b4d7e69a,15,user_c06d9b71,0.801205
user_b4f295b3,1,user_3353b96b,0.751783
user_b4f295b3,2,user_9c88ee3d,0.728025
user_b4f295b3,3,user_0128a546,0.661476
user_b4f295b3,4,user_107259c3,0.650880
user_b4f295b3,5,user_17054ec7,0.637474
user_b4f295b3,6,user_b4f295b3,0.633413
user_b4f295b3,7,user_ea67f9c6,0.632502
user_b4f295b3,8,user_7f623d19,0.627952
user_b4f295b3,9,user_7c7220a4,0.624639
user_b4f295b3,10,user_baeb91b3,0.619790
user_b4f295b3,11,user_aa4cc34a,0.613679
user_b4f295b3,12,user_334144b4,0.609342
user_b4f295b3,13,user_a411fb06,0.602571
user_b4f295b3,14,user_233fda02,0.594070
user_b4f295b3,15,user_3b79395c,0.593992
user_b563e90b,1,user_b9d253e8,0.785949
user_b563e90b,2,user_3ff88cf0,0.784572
user_b563e90b,3,user_3850eb9e,0.780010
user_b563e90b,4,user_a7145605,0.768962
user_b563e90b,5,user_b563e90b,0.758541
user_b563e90b,6,user_aa08d5a8,0.758010
user_b563e90b,7,user_b14ec02b,0.746172
user_b563e90b,8,user_74da5a13,0.745845
user_b563e90b,9,user_74e32d78,0.719020
user_b563e90b,10,user_032f6993,0.718893
user_b563e90b,11,user_c92c8f83,0.706742
user_b563e90b,12,user_9c7183c8,0.703934
user_b563e90b,13,user_cc1c8897,0.702834
user_b563e90b,14,user_8e48a3f8,0.690885
user_b563e90b,15,user_ae306850,0.686664
user_b5af9db9,1,user_79f04645,0.858195
user_b5af9db9,2,user_a8dc91a3,0.832398
user_b5af9db9,3,user_29cd4556,0.816361
user_b5af9db9,4,user_8fe14601,0.792479
user_b5af9db9,5,user_9d65649f,0.791797
user_b5af9db9,6,user_b2dd04c8,0.790355
user_b5af9db9,7,user_756e2f00,0.776685
user_b5af9db9,8,user_650da71b,0.765832
user_b5af9db9,9,user_111cfe7d,0.757269
user_b5af9db9,10,user_d93b53bd,0.756056
user_b5af9db9,11,user_ec574395,0.753625
user_b5af9db9,12,user_2b03934e,0.750609
user_b5af9db9,13,user_3f2fbc90,0.750071
user_b5af9db9,14,user_fde2d265,0.744063
user_b5af9db9,15,user_65d73ac1,0.743902
user_b628264a,1,user_d955d7e2,0.802645
user_b628264a,2,user_88f46c7b,0.706948
user_b628264a,3,user_835666af,0.697233
user_b628264a,4,user_b628264a,0.694302
user_b628264a,5,user_8d22714e,0.693247
user_b628264a,6,user_91f807b9,0.680491
user_b628264a,7,user_d0a0f883,0.674102
user_b628264a,8,user_7d944883,0.673529
user_b628264a,9,user_c6f50d12,0.668854
user_b628264a,10,user_723406a0,0.642258
user_b628264a,11,user_6a0b0e92,0.641826
user_b628264a,12,user_78eff25f,0.634031
user_b628264a,13,user_454733da,0.632177
user_b628264a,14,user_f827c7dd,0.629666
user_b628264a,15,user_75251485,0.628381
user_b6350ec1,1,user_4db0d490,0.816007
user_b6350ec1,2,user_c39d41d7,0.804204
user_b6350ec1,3,user_723406a0,0.803460
user_b6350ec1,4,user_636ad58f,0.800933
user_b6350ec1,5,user_d199bef3,0.790809
user_b6350ec1,6,user_83e30c57,0.790394
user_b6350ec1,7,user_8fe14601,0.789053
user_b6350ec1,8,user_dc32d458,0.788631
user_b6350ec1,9,user_15179955,0.787714
user_b6350ec1,10,user_b16e0cf8,0.784577
user_b6350ec1,11,user_dbc4828c,0.780789
user_b6350ec1,12,user_fde2d265,0.780653
user_b6350ec1,13,user_111cfe7d,0.779090
user_b6350ec1,14,user_b6350ec1,0.777815
user_b6350ec1,15,user_bdcc6e7d,0.777461
user_b63ea1d4,1,user_aabd2642,0.866072
user_b63ea1d4,2,user_81a80789,0.849650
user_b63ea1d4,3,user_7b5f54c0,0.832629
user_b63ea1d4,4,user_920c074a,0.831829
user_b63ea1d4,5,user_b63ea1d4,0.827223
user_b63ea1d4,6,user_25798310,0.822328
user_b63ea1d4,7,user_3b1da5d9,0.818844
user_b63ea1d4,8,user_bd05225b,0.811798
user_b63ea1d4,9,user_364bb955,0.811699
user_b63ea1d4,10,user_2e81a539,0.806494
user_b63ea1d4,11,user_5c9b579a,0.804281
user_b63ea1d4,12,user_0c578ab5,0.803244
user_b63ea1d4,13,user_147d1bbb,0.801699
user_b63ea1d4,14,user_54c1ebee,0.800463
user_b63ea1d4,15,user_70bbda36,0.795332
user_b6b89f00,1,user_ded778b8,0.808999
user_b6b89f00,2,user_3b1da5d9,0.798881
user_b6b89f00,3,user_147d1bbb,0.778914
user_b6b89f00,4,user_166a3647,0.775107
user_b6b89f00,5,user_0d32f0ed,0.774542
user_b6b89f00,6,user_e802076d,0.773144
user_b6b89f00,7,user_2cb4b018,0.772173
user_b6b89f00,8,user_81a80789,0.771672
user_b6b89f00,9,user_df8dc9bb,0.769526
user_b6b89f00,10,user_3431c049,0.759630
user_b6b89f00,11,user_16ac4154,0.759404
user_b6b89f00,12,user_94cad3a5,0.756462
user_b6b89f00,13,user_737dd050,0.754761
user_b6b89f00,14,user_5c82df31,0.754163
user_b6b89f00,15,user_03410579,0.753826
user_b7ba6422,1,user_65d73ac1,0.771092
user_b7ba6422,2,user_b7ba6422,0.728064
user_b7ba6422,3,user_4db0d490,0.716689
user_b7ba6422,4,user_0a3bcf86,0.716670
user_b7ba6422,5,user_0ff0b922,0.702957
user_b7ba6422,6,user_1a2755b3,0.701489
user_b7ba6422,7,user_6b311f43,0.697310
user_b7ba6422,8,user_a6c2e760,0.697126
user_b7ba6422,9,user_cdd86523,0.693968
user_b7ba6422,10,user_2cb4b018,0.692909
user_b7ba6422,11,user_15179955,0.691823
user_b7ba6422,12,user_cda36a95,0.685871
user_b7ba6422,13,user_d2bd9832,0.679890
user_b7ba6422,14,user_18522854,0.677393
user_b7ba6422,15,user_846d1f36,0.677048
user_b888c512,1,user_423c81dc,0.839408
user_b888c512,2,user_d67450a8,0.838125
user_b888c512,3,user_3121653d,0.808575
user_b888c512,4,user_91f807b9,0.805773
user_b888c512,5,user_111cfe7d,0.796928
user_b888c512,6,user_91db6e48,0.796389
user_b888c512,7,user_4db0d490,0.788929
user_b888c512,8,user_82879210,0.783251
user_b888c512,9,user_39aad1a2,0.782825
user_b888c512,10,user_ab30f0fb,0.782467
user_b888c512,11,user_54b19b29,0.778432
user_b888c512,12,user_c2f18cf7,0.778102
user_b888c512,13,user_c4c70447,0.771397
user_b888c512,14,user_b888c512,0.771016
user_b888c512,15,user_723406a0,0.769059
user_b8f24804,1,user_25b48a9a,0.832744
user_b8f24804,2,user_67acd9b1,0.812505
user_b8f24804,3,user_6fc85c06,0.797506
user_b8f24804,4,user_91db6e48,0.796237
user_b8f24804,5,user_9571d0d5,0.794832
user_b8f24804,6,user_f930e37f,0.794334
user_b8f24804,7,user_e59c000f,0.792714
user_b8f24804,8,user_03969305,0.792152
user_b8f24804,9,user_94f185bc,0.785760
user_b8f24804,10,user_fdc08e26,0.782245
user_b8f24804,11,user_b350e22b,0.781644
user_b8f24804,12,user_b6d05d1d,0.780871
user_b8f24804,13,user_8f8346ad,0.779502
user_b8f24804,14,user_058c1800,0.778716
user_b8f24804,15,user_adab54a0,0.778602
user_b9036662,1,user_6fc85c06,0.804909
user_b9036662,2,user_f930e37f,0.799405
user_b9036662,3,user_f4f9490d,0.795731
user_b9036662,4,user_5526cbfd,0.793041
user_b9036662,5,user_69df6330,0.786812
user_b9036662,6,user_b9036662,0.785067
user_b9036662,7,user_a743aff9,0.781909
user_b9036662,8,user_7f56f9a5,0.780682
user_b9036662,9,user_fdc08e26,0.777297
user_b9036662,10,user_16ac4154,0.776891
user_b9036662,11,user_43049634,0.775605
user_b9036662,12,user_fdcaaf41,0.774740
user_b9036662,13,user_94cad3a5,0.771649
user_b9036662,14,user_f51339f8,0.767164
user_b9036662,15,user_5c82df31,0.762959
user_ba010eec,1,user_10e64e28,0.721775
user_ba010eec,2,user_66772d98,0.720874
user_ba010eec,3,user_d4c7b4c0,0.715041
user_ba010eec,4,user_caaef3ca,0.698818
user_ba010eec,5,user_19641691,0.698393
user_ba010eec,6,user_586752e4,0.685199
user_ba010eec,7,user_93cdb7a1,0.664444
user_ba010eec,8,user_b0129d9e,0.657682
user_ba010eec,9,user_70bbda36,0.656889
user_ba010eec,10,user_8713f22a,0.647139
user_ba010eec,11,user_02016939,0.641286
user_ba010eec,12,user_ded778b8,0.638370
user_ba010eec,13,user_166a3647,0.636799
user_ba010eec,14,user_b4d7e69a,0.635127
user_ba010eec,15,user_03410579,0.634536
user_ba463257,1,user_79f04645,0.774243
user_ba463257,2,user_fde2d265,0.755196
user_ba463257,3,user_9d65649f,0.745378
user_ba463257,4,user_cdd86523,0.740996
user_ba463257,5,user_a8dc91a3,0.738275
user_ba463257,6,user_ba463257,0.737386
user_ba463257,7,user_02d8a1f8,0.722965
user_ba463257,8,user_cda36a95,0.721734
user_ba463257,9,user_c4c70447,0.720134
user_ba463257,10,user_29cd4556,0.716933
user_ba463257,11,user_8fe14601,0.715070
user_ba463257,12,user_07cb458d,0.712747
user_ba463257,13,user_9dda4af9,0.706105
user_ba463257,14,user_74d27419,0.705696
user_ba463257,15,user_43a979d2,0.704627
user_ba8b1c05,1,user_166a3647,0.808027
user_ba8b1c05,2,user_74cfb8ef,0.801674
user_ba8b1c05,3,user_b0129d9e,0.798446
user_ba8b1c05,4,user_7fef9da8,0.796214
user_ba8b1c05,5,user_8fb63eca,0.795686
user_ba8b1c05,6,user_02fecea2,0.786953
user_ba8b1c05,7,user_d2c97c8e,0.782547
user_ba8b1c05,8,user_500badda,0.782332
user_ba8b1c05,9,user_7de6f343,0.774842
user_ba8b1c05,10,user_70bbda36,0.760931
user_ba8b1c05,11,user_476670f9,0.758141
user_ba8b1c05,12,user_64cd3098,0.755670
user_ba8b1c05,13,user_03410579,0.753387
user_ba8b1c05,14,user_94cad3a5,0.752364
user_ba8b1c05,15,user_1a7d6cd5,0.752157
user_baeb91b3,1,user_ded778b8,0.864544
user_baeb91b3,2,user_70bbda36,0.853156
user_baeb91b3,3,user_02016939,0.809335
user_baeb91b3,4,user_16ac4154,0.803087
user_baeb91b3,5,user_124651ff,0.798398
user_baeb91b3,6,user_baeb91b3,0.796781
user_baeb91b3,7,user_586752e4,0.794440
user_baeb91b3,8,user_9a307ebe,0.785051
user_baeb91b3,9,user_3ac315cb,0.784189
user_baeb91b3,10,user_93cdb7a1,0.783703
user_baeb91b3,11,user_e64d80ba,0.781456
user_baeb91b3,12,user_5526cbfd,0.778853
user_baeb91b3,13,user_6ae9ce92,0.771994
user_baeb91b3,14,user_f930e37f,0.771750
user_baeb91b3,15,user_434f3511,0.770760
user_baf68fe9,1,user_baf68fe9,0.689955
user_baf68fe9,2,user_f14dc486,0.636410
user_baf68fe9,3,user_65d73ac1,0.614239
user_baf68fe9,4,user_0e408c4a,0.610863
user_baf68fe9,5,user_2b03934e,0.604482
user_baf68fe9,6,user_9f81cfba,0.593486
user_baf68fe9,7,user_98a676ce,0.588753
user_baf68fe9,8,user_2b750e1c,0.576616
user_baf68fe9,9,user_1b460965,0.575197
user_baf68fe9,10,user_53b85563,0.575181
user_baf68fe9,11,user_8a3bbeb2,0.565524
user_baf68fe9,12,user_515ae840,0.564191
user_baf68fe9,13,user_e6dd44b0,0.558456
user_baf68fe9,14,user_ac6e9129,0.554844
user_baf68fe9,15,user_66a7ce5a,0.554834
user_bb8be7e3,1,user_3b79395c,0.818417
user_bb8be7e3,2,user_67acd9b1,0.805534
user_bb8be7e3,3,user_02fecea2,0.799778
user_bb8be7e3,4,user_94cad3a5,0.793057
user_bb8be7e3,5,user_f930e37f,0.775911
user_bb8be7e3,6,user_03410579,0.774460
user_bb8be7e3,7,user_586752e4,0.771287
user_bb8be7e3,8,user_70bbda36,0.771104
user_bb8be7e3,9,user_d691d016,0.769875
user_bb8be7e3,10,user_b2aba63a,0.769533
user_bb8be7e3,11,user_3431c049,0.769299
user_bb8be7e3,12,user_ffe2efae,0.768904
user_bb8be7e3,13,user_1a7d6cd5,0.767672
user_bb8be7e3,14,user_e696f3ae,0.760876
user_bb8be7e3,15,user_c994138f,0.760344
user_bbcbf015,1,user_79f04645,0.833970
user_bbcbf015,2,user_29cd4556,0.804221
user_bbcbf015,3,user_5349c6cf,0.803231
user_bbcbf015,4,user_c4b781ce,0.801084
user_bbcbf015,5,user_03969305,0.796267
user_bbcbf015,6,user_5d35f631,0.782953
user_bbcbf015,7,user_bbcbf015,0.774898
user_bbcbf015,8,user_858fa00c,0.774816
user_bbcbf015,9,user_43a979d2,0.767478
user_bbcbf015,10,user_0e82fe11,0.764824
user_bbcbf015,11,user_a8dc91a3,0.763442
user_bbcbf015,12,user_d70942c1,0.760861
user_bbcbf015,13,user_ff39b6cf,0.759813
user_bbcbf015,14,user_954805d7,0.756849
user_bbcbf015,15,user_8e5e899b,0.751991
user_bbe73426,1,user_8f8346ad,0.869962
user_bbe73426,2,user_adab54a0,0.844091
user_bbe73426,3,user_b49274ca,0.832217
user_bbe73426,4,user_b6d05d1d,0.828963
user_bbe73426,5,user_91f807b9,0.825453
user_bbe73426,6,user_ec574395,0.824796
user_bbe73426,7,user_9dda4af9,0.812157
user_bbe73426,8,user_111cfe7d,0.810790
user_bbe73426,9,user_6fbf6191,0.804925
user_bbe73426,10,user_29cd4556,0.804399
user_bbe73426,11,user_c35d6565,0.803015
user_bbe73426,12,user_5c5a0b40,0.800909
user_bbe73426,13,user_a8dc91a3,0.799250
user_bbe73426,14,user_74d27419,0.796799
user_bbe73426,15,user_3f2fbc90,0.795967
user_bd19a016,1,user_c34e791e,0.823954
user_bd19a016,2,user_b6d05d1d,0.789107
user_bd19a016,3,user_33b2b77f,0.786803
user_bd19a016,4,user_8f8346ad,0.777904
user_bd19a016,5,user_dae4304f,0.775307
user_bd19a016,6,user_d036c911,0.770640
user_bd19a016,7,user_0b5c256a,0.770104
user_bd19a016,8,user_adab54a0,0.758004
user_bd19a016,9,user_2dd5b531,0.757425
user_bd19a016,10,user_56e6d0cd,0.750127
user_bd19a016,11,user_29cd4556,0.748864
user_bd19a016,12,user_41d0c897,0.746956
user_bd19a016,13,user_a8dc91a3,0.746769
user_bd19a016,14,user_3ff3188b,0.740195
user_bd19a016,15,user_daf37424,0.737722
user_bd47000f,1,user_3239132f,0.817277
user_bd47000f,2,user_f0cf195f,0.804835
user_bd47000f,3,user_cbabbcee,0.778418
user_bd47000f,4,user_ff591131,0.774872
user_bd47000f,5,user_166a3647,0.770934
user_bd47000f,6,user_0898fc4b,0.767903
user_bd47000f,7,user_df8dc9bb,0.767729
user_bd47000f,8,user_bd47000f,0.758919
user_bd47000f,9,user_3bb7992e,0.753158
user_bd47000f,10,user_5c82df31,0.753136
user_bd47000f,11,user_8e97a154,0.748170
user_bd47000f,12,user_a4893af1,0.745887
user_bd47000f,13,user_a151ddab,0.745628
user_bd47000f,14,user_d96972e5,0.743518
user_bd47000f,15,user_b9d253e8,0.742119
user_bdcc6e7d,1,user_adab54a0,0.858488
user_bdcc6e7d,2,user_03969305,0.856882
user_bdcc6e7d,3,user_e802076d,0.847115
user_bdcc6e7d,4,user_2dd5b531,0.831677
user_bdcc6e7d,5,user_94f185bc,0.826171
user_bdcc6e7d,6,user_e59c000f,0.824726
user_bdcc6e7d,7,user_bdcc6e7d,0.820432
user_bdcc6e7d,8,user_ec574395,0.815832
user_bdcc6e7d,9,user_dd6e7bcb,0.815398
user_bdcc6e7d,10,user_29cd4556,0.812385
user_bdcc6e7d,11,user_dae4304f,0.806710
user_bdcc6e7d,12,user_daf37424,0.806089
user_bdcc6e7d,13,user_c35d6565,0.805699
user_bdcc6e7d,14,user_b16e0cf8,0.802219
user_bdcc6e7d,15,user_5c5a0b40,0.798443
user_be06391b,1,user_be06391b,0.720371
user_be06391b,2,user_886f7373,0.699950
user_be06391b,3,user_acb51eed,0.656783
user_be06391b,4,user_a74b4eeb,0.654749
user_be06391b,5,user_0521a7ac,0.651480
user_be06391b,6,user_165a2706,0.647718
user_be06391b,7,user_b23aa915,0.640887
user_be06391b,8,user_869fcb2b,0.637776
user_be06391b,9,user_f0cf195f,0.625713
user_be06391b,10,user_a151ddab,0.624385
user_be06391b,11,user_83b871b5,0.618385
user_be06391b,12,user_38433566,0.603318
user_be06391b,13,user_e802076d,0.602690
user_be06391b,14,user_80dc757f,0.600901
user_be06391b,15,user_89e04335,0.599236
user_beca29a3,1,user_beca29a3,0.690767
user_beca29a3,2,user_f3a9f844,0.408631
user_beca29a3,3,user_8739102b,0.325020
user_beca29a3,4,user_245fd42f,0.312533
user_beca29a3,5,user_043ea160,0.310274
user_beca29a3,6,user_e14b88a8,0.292481
user_beca29a3,7,user_d54f676e,0.268165
user_beca29a3,8,user_0cd29f02,0.246911
user_beca29a3,9,user_6592f2e4,0.239059
user_beca29a3,10,user_636d1da4,0.234421
user_beca29a3,11,user_8da30894,0.233538
user_beca29a3,12,user_caaef3ca,0.218087
user_beca29a3,13,user_8e217d1b,0.206473
user_beca29a3,14,user_e838707b,0.196747
user_beca29a3,15,user_6deada35,0.195099
user_bf30f80d,1,user_4ea1ef09,0.850993
user_bf30f80d,2,user_40efa894,0.848851
user_bf30f80d,3,user_eced69e7,0.848310
user_bf30f80d,4,user_ba8b1c05,0.829308
user_bf30f80d,5,user_74cfb8ef,0.827941
user_bf30f80d,6,user_7de6f343,0.820447
user_bf30f80d,7,user_421ae417,0.817342
user_bf30f80d,8,user_04f39d22,0.814608
user_bf30f80d,9,user_82c86537,0.813838
user_bf30f80d,10,user_2c2a5c24,0.812392
user_bf30f80d,11,user_0bc8e727,0.806429
user_bf30f80d,12,user_83e45cc0,0.802461
user_bf30f80d,13,user_f3377028,0.794613
user_bf30f80d,14,user_7c3d63ce,0.791394
user_bf30f80d,15,user_2efde048,0.768306
user_c008345b,1,user_8be3f554,0.837324
user_c008345b,2,user_259776c7,0.819811
user_c008345b,3,user_2dd5b531,0.819455
user_c008345b,4,user_67acd9b1,0.817448
user_c008345b,5,user_0eb2abf1,0.813495
user_c008345b,6,user_f930e37f,0.812755
user_c008345b,7,user_cf393213,0.811494
user_c008345b,8,user_9bee2a7c,0.808398
user_c008345b,9,user_c34e791e,0.806508
user_c008345b,10,user_b9036662,0.804949
user_c008345b,11,user_2e05a7a0,0.804637
user_c008345b,12,user_9571d0d5,0.803856
user_c008345b,13,user_03969305,0.801807
user_c008345b,14,user_54b19b29,0.800885
user_c008345b,15,user_0a3bcf86,0.799083
user_c0392523,1,user_acb51eed,0.840332
user_c0392523,2,user_940c7213,0.834386
user_c0392523,3,user_afff552a,0.817404
user_c0392523,4,user_fb64cb55,0.813899
user_c0392523,5,user_8e97a154,0.812063
user_c0392523,6,user_2cb4b018,0.810668
user_c0392523,7,user_33c6501d,0.808371
user_c0392523,8,user_7af2ed90,0.803492
user_c0392523,9,user_1b7f8c56,0.803332
user_c0392523,10,user_5a6f92a6,0.799816
user_c0392523,11,user_aa2fbe83,0.799807
user_c0392523,12,user_737dd050,0.786592
user_c0392523,13,user_d10d1f24,0.785072
user_c0392523,14,user_165a2706,0.780407
user_c0392523,15,user_b325310b,0.778828
user_c06d9b71,1,user_515ae840,0.712605
user_c06d9b71,2,user_829844fd,0.711700
user_c06d9b71,3,user_0f006eec,0.668545
user_c06d9b71,4,user_0eeab432,0.667991
user_c06d9b71,5,user_b2dd04c8,0.662931
user_c06d9b71,6,user_2b03934e,0.660989
user_c06d9b71,7,user_d20928cc,0.655205
user_c06d9b71,8,user_f107081e,0.646317
user_c06d9b71,9,user_23ecc36a,0.642647
user_c06d9b71,10,user_18522854,0.632842
user_c06d9b71,11,user_8a669dcd,0.630980
user_c06d9b71,12,user_b429ec64,0.623356
user_c06d9b71,13,user_79a1811b,0.620690
user_c06d9b71,14,user_4bf6a4a0,0.614485
user_c06d9b71,15,user_b8f24804,0.611384
user_c0eba9f2,1,user_3e284ba5,0.836442
user_c0eba9f2,2,user_cbabbcee,0.826587
user_c0eba9f2,3,user_500badda,0.824443
user_c0eba9f2,4,user_1a7d6cd5,0.812645
user_c0eba9f2,5,user_03410579,0.810589
user_c0eba9f2,6,user_bd05225b,0.798907
user_c0eba9f2,7,user_920c074a,0.795928
user_c0eba9f2,8,user_5c82df31,0.792437
user_c0eba9f2,9,user_df8dc9bb,0.786561
user_c0eba9f2,10,user_1246b252,0.784261
user_c0eba9f2,11,user_c0eba9f2,0.783645
user_c0eba9f2,12,user_c67f26cc,0.782363
user_c0eba9f2,13,user_7f56f9a5,0.780389
user_c0eba9f2,14,user_3239132f,0.778565
user_c0eba9f2,15,user_4144252d,0.777014
user_c130412b,1,user_02fecea2,0.847360
user_c130412b,2,user_1a7d6cd5,0.836356
user_c130412b,3,user_364bb955,0.822177
user_c130412b,4,user_b0129d9e,0.821537
user_c130412b,5,user_3431c049,0.815260
user_c130412b,6,user_0d32f0ed,0.808198
user_c130412b,7,user_9a5457b0,0.804065
user_c130412b,8,user_5c9b579a,0.796992
user_c130412b,9,user_c50a487d,0.791070
user_c130412b,10,user_81a80789,0.789250
user_c130412b,11,user_03410579,0.789161
user_c130412b,12,user_3b1da5d9,0.784932
user_c130412b,13,user_70bbda36,0.784860
user_c130412b,14,user_67acd9b1,0.784753
user_c130412b,15,user_8fb63eca,0.781160
user_c154e834,1,user_9571d0d5,0.789486
user_c154e834,2,user_03969305,0.778543
user_c154e834,3,user_1df51301,0.778440
user_c154e834,4,user_f930e37f,0.762173
user_c154e834,5,user_9ee84e18,0.760332
user_c154e834,6,user_2dd5b531,0.758807
user_c154e834,7,user_e59c000f,0.758095
user_c154e834,8,user_3f2894b5,0.748181
user_c154e834,9,user_c154e834,0.746346
user_c154e834,10,user_fdc08e26,0.742347
user_c154e834,11,user_dc326993,0.741018
user_c154e834,12,user_586752e4,0.740138
user_c154e834,13,user_6fc85c06,0.738380
user_c154e834,14,user_7f56f9a5,0.734841
user_c154e834,15,user_16ac4154,0.733518
user_c157ca97,1,user_52d3881c,0.853217
user_c157ca97,2,user_3971c3e6,0.822037
user_c157ca97,3,user_bf69de98,0.780358
user_c157ca97,4,user_ef954c6e,0.771367
user_c157ca97,5,user_e5a6abbe,0.768643
user_c157ca97,6,user_ef05ad51,0.750251
user_c157ca97,7,user_9a307ebe,0.746732
user_c157ca97,8,user_7a7dda35,0.744044
user_c157ca97,9,user_4e54f3d7,0.742342
user_c157ca97,10,user_39b3eda0,0.740589
user_c157ca97,11,user_83afc7b2,0.739195
user_c157ca97,12,user_e88c308b,0.737896
user_c157ca97,13,user_aabd2642,0.737555
user_c157ca97,14,user_54c1ebee,0.728063
user_c157ca97,15,user_02016939,0.724227
user_c204a1dd,1,user_9da8848a,0.609761
user_c204a1dd,2,user_dc32d458,0.599951
user_c204a1dd,3,user_bbcbf015,0.579561
user_c204a1dd,4,user_c204a1dd,0.569506
user_c204a1dd,5,user_f930e37f,0.543522
user_c204a1dd,6,user_1df51301,0.535575
user_c204a1dd,7,user_d758a0a1,0.523445
user_c204a1dd,8,user_586752e4,0.516068
user_c204a1dd,9,user_3049510b,0.505437
user_c204a1dd,10,user_1f1dc5e0,0.503726
user_c204a1dd,11,user_82c86537,0.500719
user_c204a1dd,12,user_d5b21e00,0.500335
user_c204a1dd,13,user_e10c98bb,0.497941
user_c204a1dd,14,user_03969305,0.495469
user_c204a1dd,15,user_2e81a539,0.495461
user_c2f18cf7,1,user_8c0c7619,0.737939
user_c2f18cf7,2,user_f14dc486,0.727470
user_c2f18cf7,3,user_66a7ce5a,0.695487
user_c2f18cf7,4,user_26565155,0.691853
user_c2f18cf7,5,user_d14b7d7b,0.684499
user_c2f18cf7,6,user_9d9fba70,0.683122
user_c2f18cf7,7,user_6b311f43,0.676498
user_c2f18cf7,8,user_ca6074df,0.671334
user_c2f18cf7,9,user_0bd8ba7c,0.671253
user_c2f18cf7,10,user_65d73ac1,0.670498
user_c2f18cf7,11,user_4bf6a4a0,0.664966
user_c2f18cf7,12,user_515ae840,0.663237
user_c2f18cf7,13,user_fe922ad0,0.658539
user_c2f18cf7,14,user_8be3f554,0.656288
user_c2f18cf7,15,user_63b4ae7a,0.655466
user_c3040c7c,1,user_032e5bc8,0.807866
user_c3040c7c,2,user_25798310,0.800437
user_c3040c7c,3,user_3e284ba5,0.791975
user_c3040c7c,4,user_500badda,0.782776
user_c3040c7c,5,user_e6057285,0.780796
user_c3040c7c,6,user_524450e9,0.779202
user_c3040c7c,7,user_a4893af1,0.774707
user_c3040c7c,8,user_54c1ebee,0.767293
user_c3040c7c,9,user_38433566,0.766341
user_c3040c7c,10,user_3239132f,0.764522
user_c3040c7c,11,user_8fb63eca,0.761133
user_c3040c7c,12,user_bd05225b,0.756948
user_c3040c7c,13,user_3971c3e6,0.755453
user_c3040c7c,14,user_8d22714e,0.751998
user_c3040c7c,15,user_5b714afd,0.751272
user_c39d41d7,1,user_2c69b83e,0.846739
user_c39d41d7,2,user_4db0d490,0.834158
user_c39d41d7,3,user_83e30c57,0.823754
user_c39d41d7,4,user_54b19b29,0.823586
user_c39d41d7,5,user_3ff3188b,0.823391
user_c39d41d7,6,user_405db206,0.819640
user_c39d41d7,7,user_c34e791e,0.818098
user_c39d41d7,8,user_ca6074df,0.815580
user_c39d41d7,9,user_adab54a0,0.814211
user_c39d41d7,10,user_29cd4556,0.813213
user_c39d41d7,11,user_586752e4,0.811476
user_c39d41d7,12,user_69df6330,0.810049
user_c39d41d7,13,user_dae4304f,0.808733
user_c39d41d7,14,user_0eb2abf1,0.808020
user_c39d41d7,15,user_56e6d0cd,0.807897
user_c41de62b,1,user_903329bb,0.834552
user_c41de62b,2,user_6011e674,0.812216
user_c41de62b,3,user_fb64cb55,0.808926
user_c41de62b,4,user_aa4cc34a,0.799760
user_c41de62b,5,user_5b7d5e00,0.779477
user_c41de62b,6,user_d10d1f24,0.768702
user_c41de62b,7,user_9ee84e18,0.735530
user_c41de62b,8,user_59e8bc2a,0.725110
user_c41de62b,9,user_835666af,0.723146
user_c41de62b,10,user_d023a78e,0.719099
user_c41de62b,11,user_f3f15c55,0.718055
user_c41de62b,12,user_7af2ed90,0.712568
user_c41de62b,13,user_00723699,0.711691
user_c41de62b,14,user_6f6b71fc,0.708031
user_c41de62b,15,user_4f864d55,0.703031
user_c4c70447,1,user_b6350ec1,0.874700
user_c4c70447,2,user_e6dd44b0,0.873874
user_c4c70447,3,user_c39d41d7,0.871853
user_c4c70447,4,user_88b2faba,0.860812
user_c4c70447,5,user_fba6bcd4,0.857587
user_c4c70447,6,user_dbc4828c,0.852382
user_c4c70447,7,user_7aa3746b,0.851347
user_c4c70447,8,user_b16e0cf8,0.844902
user_c4c70447,9,user_2c69b83e,0.844064
user_c4c70447,10,user_bd05225b,0.843872
user_c4c70447,11,user_c5f32c0d,0.843851
user_c4c70447,12,user_e5a6abbe,0.842872
user_c4c70447,13,user_636ad58f,0.842715
user_c4c70447,14,user_5881b259,0.841554
user_c4c70447,15,user_d6175d39,0.840322
user_c50a487d,1,user_ab439a92,0.830294
user_c50a487d,2,user_e8e9acac,0.809901
user_c50a487d,3,user_9a5457b0,0.804070
user_c50a487d,4,user_4d4f73a6,0.773491
user_c50a487d,5,user_c994138f,0.761632
user_c50a487d,6,user_b63ea1d4,0.752968
user_c50a487d,7,user_3b79395c,0.748000
user_c50a487d,8,user_18522854,0.747339
user_c50a487d,9,user_8713f22a,0.745505
user_c50a487d,10,user_fe922ad0,0.745022
user_c50a487d,11,user_f54058d0,0.744403
user_c50a487d,12,user_acd6ddfb,0.743297
user_c50a487d,13,user_67acd9b1,0.742436
user_c50a487d,14,user_166a3647,0.742148
user_c50a487d,15,user_9351238d,0.741836
user_c536b01d,1,user_bf69de98,0.796308
user_c536b01d,2,user_ef954c6e,0.788646
user_c536b01d,3,user_394c25cc,0.772482
user_c536b01d,4,user_38dc2894,0.771086
user_c536b01d,5,user_e6057285,0.768645
user_c536b01d,6,user_7f56f9a5,0.768119
user_c536b01d,7,user_3049510b,0.764569
user_c536b01d,8,user_18892460,0.761616
user_c536b01d,9,user_54c1ebee,0.756861
user_c536b01d,10,user_83afc7b2,0.755657
user_c536b01d,11,user_3ae49e46,0.753528
user_c536b01d,12,user_886f7373,0.752627
user_c536b01d,13,user_c204a1dd,0.746488
user_c536b01d,14,user_94f185bc,0.744021
user_c536b01d,15,user_d2c97c8e,0.742368
user_c59ebe9c,1,user_03969305,0.848778
user_c59ebe9c,2,user_df8dc9bb,0.835454
user_c59ebe9c,3,user_9a307ebe,0.827773
user_c59ebe9c,4,user_5526cbfd,0.827002
user_c59ebe9c,5,user_e59c000f,0.819823
user_c59ebe9c,6,user_9571d0d5,0.813854
user_c59ebe9c,7,user_147d1bbb,0.808321
user_c59ebe9c,8,user_83afc7b2,0.806830
user_c59ebe9c,9,user_7a8f7f3e,0.806093
user_c59ebe9c,10,user_c5f32c0d,0.800675
user_c59ebe9c,11,user_e8a7be73,0.799451
user_c59ebe9c,12,user_7f56f9a5,0.797144
user_c59ebe9c,13,user_fdc08e26,0.796606
user_c59ebe9c,14,user_885e8708,0.793482
user_c59ebe9c,15,user_70bbda36,0.792689
user_c5c57a9d,1,user_4f3b6241,0.783593
user_c5c57a9d,2,user_906e2423,0.772321
user_c5c57a9d,3,user_4c8199a7,0.748060
user_c5c57a9d,4,user_91f807b9,0.743155
user_c5c57a9d,5,user_039d004e,0.740372
user_c5c57a9d,6,user_4b139395,0.738982
user_c5c57a9d,7,user_c67f26cc,0.738358
user_c5c57a9d,8,user_69a4dd06,0.735296
user_c5c57a9d,9,user_55058479,0.727343
user_c5c57a9d,10,user_14a2d3c6,0.726047
user_c5c57a9d,11,user_cdd86523,0.721687
user_c5c57a9d,12,user_b9036662,0.718734
user_c5c57a9d,13,user_b2dd04c8,0.718325
user_c5c57a9d,14,user_2dd189e3,0.717471
user_c5c57a9d,15,user_bd05225b,0.714972
user_c5f32c0d,1,user_c5f32c0d,0.812572
user_c5f32c0d,2,user_88b2faba,0.799513
user_c5f32c0d,3,user_e5a6abbe,0.795874
user_c5f32c0d,4,user_4e54f3d7,0.795118
user_c5f32c0d,5,user_723406a0,0.794199
user_c5f32c0d,6,user_636ad58f,0.794173
user_c5f32c0d,7,user_7a7dda35,0.793758
user_c5f32c0d,8,user_96013176,0.788365
user_c5f32c0d,9,user_5881b259,0.788205
user_c5f32c0d,10,user_68d19df8,0.788125
user_c5f32c0d,11,user_c39d41d7,0.787661
user_c5f32c0d,12,user_73f34c5d,0.783512
user_c5f32c0d,13,user_bd05225b,0.783246
user_c5f32c0d,14,user_3121653d,0.776791
user_c5f32c0d,15,user_17607ebc,0.773902
user_c60d65b5,1,user_6fbf6191,0.796669
user_c60d65b5,2,user_56980aa9,0.755168
user_c60d65b5,3,user_8f39f021,0.753540
user_c60d65b5,4,user_55058479,0.750470
user_c60d65b5,5,user_e8d15537,0.750235
user_c60d65b5,6,user_906e2423,0.743115
user_c60d65b5,7,user_91f807b9,0.742399
user_c60d65b5,8,user_9bee2a7c,0.729526
user_c60d65b5,9,user_0b5c256a,0.727953
user_c60d65b5,10,user_54b19b29,0.727376
user_c60d65b5,11,user_2e05a7a0,0.725313
user_c60d65b5,12,user_4f3b6241,0.720318
user_c60d65b5,13,user_b9036662,0.720004
user_c60d65b5,14,user_69df6330,0.717031
user_c60d65b5,15,user_74d27419,0.714576
user_c67f26cc,1,user_c67f26cc,0.805154
user_c67f26cc,2,user_039d004e,0.792661
user_c67f26cc,3,user_2dd189e3,0.747738
user_c67f26cc,4,user_2eb5d860,0.729581
user_c67f26cc,5,user_4b139395,0.726098
user_c67f26cc,6,user_c5c57a9d,0.702893
user_c67f26cc,7,user_906e2423,0.696610
user_c67f26cc,8,user_efac3c1d,0.691138
user_c67f26cc,9,user_d849ac6e,0.670975
user_c67f26cc,10,user_9bee2a7c,0.649688
user_c67f26cc,11,user_c96b90fe,0.649048
user_c67f26cc,12,user_c0eba9f2,0.642103
user_c67f26cc,13,user_91f807b9,0.639677
user_c67f26cc,14,user_b9036662,0.634888
user_c67f26cc,15,user_98ca16a6,0.631873
user_c709e252,1,user_8fbb6d9c,0.885968
user_c709e252,2,user_417702c5,0.855546
user_c709e252,3,user_6011e674,0.837310
user_c709e252,4,user_6bb64984,0.837103
user_c709e252,5,user_08aa624b,0.830502
user_c709e252,6,user_c41de62b,0.813053
user_c709e252,7,user_f8e2246f,0.803091
user_c709e252,8,user_25b48a9a,0.794384
user_c709e252,9,user_b6b89f00,0.791508
user_c709e252,10,user_2d74cd4c,0.789132
user_c709e252,11,user_649f4327,0.776781
user_c709e252,12,user_9dda4af9,0.773617
user_c709e252,13,user_99c67f2f,0.766259
user_c709e252,14,user_194b92fc,0.765849
user_c709e252,15,user_8d299d7a,0.753314
user_c809e3d2,1,user_2e60c125,0.757822
user_c809e3d2,2,user_f5e1eee0,0.756191
user_c809e3d2,3,user_d2c97c8e,0.748666
user_c809e3d2,4,user_ba8b1c05,0.748383
user_c809e3d2,5,user_372c2b3e,0.747132
user_c809e3d2,6,user_6fa47d61,0.743387
user_c809e3d2,7,user_f3377028,0.742936
user_c809e3d2,8,user_f7fd2885,0.735980
user_c809e3d2,9,user_bf30f80d,0.731939
user_c809e3d2,10,user_1fb8e9e5,0.723006
user_c809e3d2,11,user_64cd3098,0.717636
user_c809e3d2,12,user_40efa894,0.716691
user_c809e3d2,13,user_83e45cc0,0.714384
user_c809e3d2,14,user_5062c872,0.710601
user_c809e3d2,15,user_2efde048,0.707611
user_c81fae29,1,user_a7f8db34,0.760799
user_c81fae29,2,user_8e5e899b,0.729643
user_c81fae29,3,user_d7fde080,0.725226
user_c81fae29,4,user_ff39b6cf,0.722476
user_c81fae29,5,user_d5b21e00,0.714241
user_c81fae29,6,user_87e5d9b0,0.713247
user_c81fae29,7,user_e8cdb142,0.704713
user_c81fae29,8,user_6169d3b8,0.702973
user_c81fae29,9,user_2c39731d,0.691957
user_c81fae29,10,user_07db2c6a,0.682981
user_c81fae29,11,user_233fda02,0.679028
user_c81fae29,12,user_aa19d173,0.675518
user_c81fae29,13,user_5fddc7f1,0.675065
user_c81fae29,14,user_4144252d,0.673713
user_c81fae29,15,user_c81fae29,0.668562
user_c883258f,1,user_8e5e899b,0.835416
user_c883258f,2,user_87e5d9b0,0.772521
user_c883258f,3,user_2c39731d,0.765332
user_c883258f,4,user_233fda02,0.761904
user_c883258f,5,user_22b484cb,0.757391
user_c883258f,6,user_e8cdb142,0.745776
user_c883258f,7,user_18227c28,0.741426
user_c883258f,8,user_c883258f,0.740955
user_c883258f,9,user_a5d9fab6,0.737685
user_c883258f,10,user_ff39b6cf,0.736448
user_c883258f,11,user_dc20c886,0.710092
user_c883258f,12,user_d7fde080,0.709939
user_c883258f,13,user_903329bb,0.709484
user_c883258f,14,user_8afa3eba,0.706782
user_c883258f,15,user_87bbc3b5,0.704380
user_c8e749e2,1,user_f51339f8,0.758100
user_c8e749e2,2,user_e6057285,0.742675
user_c8e749e2,3,user_d1d16d30,0.741785
user_c8e749e2,4,user_bd6a40d5,0.714652
user_c8e749e2,5,user_c06d9b71,0.710620
user_c8e749e2,6,user_caa6a7b6,0.698541
user_c8e749e2,7,user_1f1dc5e0,0.693468
user_c8e749e2,8,user_5881b259,0.689317
user_c8e749e2,9,user_f60a09b3,0.688593
user_c8e749e2,10,user_f75c71f0,0.684905
user_c8e749e2,11,user_a743aff9,0.683232
user_c8e749e2,12,user_f654c33b,0.679136
user_c8e749e2,13,user_7b052f32,0.678899
user_c8e749e2,14,user_eb0927d1,0.677948
user_c8e749e2,15,user_1936a7c3,0.673138
user_c903d3bb,1,user_13fb2e34,0.896618
user_c903d3bb,2,user_c903d3bb,0.887150
user_c903d3bb,3,user_09dea596,0.829135
user_c903d3bb,4,user_cbabbcee,0.817594
user_c903d3bb,5,user_b9b94432,0.797943
user_c903d3bb,6,user_03410579,0.789888
user_c903d3bb,7,user_6c2d672f,0.776423
user_c903d3bb,8,user_c50a487d,0.773727
user_c903d3bb,9,user_a7bfc229,0.771536
user_c903d3bb,10,user_500badda,0.766663
user_c903d3bb,11,user_e9d1886c,0.760675
user_c903d3bb,12,user_940c7213,0.757181
user_c903d3bb,13,user_66772d98,0.756333
user_c903d3bb,14,user_70bbda36,0.753842
user_c903d3bb,15,user_02fecea2,0.753807
user_c96b90fe,1,user_8f8346ad,0.874641
user_c96b90fe,2,user_2dd5b531,0.840177
user_c96b90fe,3,user_b6d05d1d,0.833763
user_c96b90fe,4,user_c34e791e,0.830959
user_c96b90fe,5,user_ec574395,0.823726
user_c96b90fe,6,user_54b19b29,0.822640
user_c96b90fe,7,user_d036c911,0.820220
user_c96b90fe,8,user_cf393213,0.818194
user_c96b90fe,9,user_0eb2abf1,0.814276
user_c96b90fe,10,user_adab54a0,0.812405
user_c96b90fe,11,user_6fbf6191,0.805738
user_c96b90fe,12,user_41d0c897,0.803679
user_c96b90fe,13,user_111cfe7d,0.802947
user_c96b90fe,14,user_8fe14601,0.801711
user_c96b90fe,15,user_dae4304f,0.793705
user_c994138f,1,user_7f56f9a5,0.810499
user_c994138f,2,user_e6057285,0.792419
user_c994138f,3,user_18892460,0.791897
user_c994138f,4,user_df8dc9bb,0.787586
user_c994138f,5,user_bf69de98,0.777293
user_c994138f,6,user_0521a7ac,0.777217
user_c994138f,7,user_ef954c6e,0.772441
user_c994138f,8,user_7b052f32,0.768469
user_c994138f,9,user_83afc7b2,0.767115
user_c994138f,10,user_394c25cc,0.766873
user_c994138f,11,user_d1d16d30,0.764803
user_c994138f,12,user_0fefc28e,0.763680
user_c994138f,13,user_a01f16ac,0.763531
user_c994138f,14,user_54c1ebee,0.762181
user_c994138f,15,user_886f7373,0.756987
user_caa6a7b6,1,user_14a2d3c6,0.835616
user_caa6a7b6,2,user_d1d16d30,0.822006
user_caa6a7b6,3,user_89e04335,0.818716
user_caa6a7b6,4,user_83afc7b2,0.816042
user_caa6a7b6,5,user_f4f9490d,0.813869
user_caa6a7b6,6,user_f60a09b3,0.810276
user_caa6a7b6,7,user_7b052f32,0.809607
user_caa6a7b6,8,user_e6057285,0.808696
user_caa6a7b6,9,user_c06d9b71,0.804737
user_caa6a7b6,10,user_f0cf195f,0.801098
user_caa6a7b6,11,user_ef954c6e,0.793004
user_caa6a7b6,12,user_e59c000f,0.792965
user_caa6a7b6,13,user_1936a7c3,0.786731
user_caa6a7b6,14,user_caa6a7b6,0.786466
user_caa6a7b6,15,user_500badda,0.785266
user_caebed72,1,user_8fbb6d9c,0.844806
user_caebed72,2,user_d3663143,0.833347
user_caebed72,3,user_2d74cd4c,0.832491
user_caebed72,4,user_b325310b,0.831955
user_caebed72,5,user_1b7f8c56,0.823190
user_caebed72,6,user_b6b89f00,0.821694
user_caebed72,7,user_6bb64984,0.820540
user_caebed72,8,user_f8e2246f,0.817994
user_caebed72,9,user_417702c5,0.814826
user_caebed72,10,user_fb64cb55,0.808796
user_caebed72,11,user_9e39a95d,0.804293
user_caebed72,12,user_3ac315cb,0.803760
user_caebed72,13,user_16ac4154,0.795705
user_caebed72,14,user_0e685b64,0.795633
user_caebed72,15,user_9dda4af9,0.795538
user_cb2fe204,1,user_e6057285,0.845465
user_cb2fe204,2,user_e59c000f,0.844609
user_cb2fe204,3,user_5c82df31,0.832061
user_cb2fe204,4,user_f60a09b3,0.830061
user_cb2fe204,5,user_18892460,0.823884
user_cb2fe204,6,user_5881b259,0.820610
user_cb2fe204,7,user_6fc85c06,0.819876
user_cb2fe204,8,user_83afc7b2,0.818590
user_cb2fe204,9,user_1936a7c3,0.814369
user_cb2fe204,10,user_14a2d3c6,0.813701
user_cb2fe204,11,user_6a13946a,0.812550
user_cb2fe204,12,user_a4a77a7d,0.810930
user_cb2fe204,13,user_7b052f32,0.809142
user_cb2fe204,14,user_bd05225b,0.807884
user_cb2fe204,15,user_0898fc4b,0.804619
user_cb8245f7,1,user_434f3511,0.817639
user_cb8245f7,2,user_406c399e,0.781826
user_cb8245f7,3,user_9a307ebe,0.767935
user_cb8245f7,4,user_0e408c4a,0.764570
user_cb8245f7,5,user_89e04335,0.762414
user_cb8245f7,6,user_c34e791e,0.759344
user_cb8245f7,7,user_f030b951,0.755342
user_cb8245f7,8,user_6476648d,0.749505
user_cb8245f7,9,user_02016939,0.747128
user_cb8245f7,10,user_e696f3ae,0.745353
user_cb8245f7,11,user_b2aba63a,0.742998
user_cb8245f7,12,user_ded778b8,0.742707
user_cb8245f7,13,user_a3a4a20a,0.736409
user_cb8245f7,14,user_70bbda36,0.734983
user_cb8245f7,15,user_d849ac6e,0.734008
user_cdd86523,1,user_cdd86523,0.824743
user_cdd86523,2,user_18522854,0.808549
user_cdd86523,3,user_cf393213,0.804553
user_cdd86523,4,user_61f90240,0.776313
user_cdd86523,5,user_259776c7,0.769087
user_cdd86523,6,user_d67450a8,0.764718
user_cdd86523,7,user_a6c2e760,0.761249
user_cdd86523,8,user_65d73ac1,0.758637
user_cdd86523,9,user_cbabbcee,0.755665
user_cdd86523,10,user_a57e47b1,0.755275
user_cdd86523,11,user_67acd9b1,0.754196
user_cdd86523,12,user_2b03934e,0.753161
user_cdd86523,13,user_ba4a78fc,0.752442
user_cdd86523,14,user_8be3f554,0.750519
user_cdd86523,15,user_25b48a9a,0.748287
user_cf393213,1,user_3ae49e46,0.741403
user_cf393213,2,user_e838707b,0.737616
user_cf393213,3,user_cf393213,0.727186
user_cf393213,4,user_89e04335,0.724953
user_cf393213,5,user_d849ac6e,0.721859
user_cf393213,6,user_96d9cb9a,0.713822
user_cf393213,7,user_ab86ab82,0.712099
user_cf393213,8,user_efcacf59,0.710143
user_cf393213,9,user_394c25cc,0.708857
user_cf393213,10,user_8be3f554,0.705254
user_cf393213,11,user_38dc2894,0.697390
user_cf393213,12,user_e6057285,0.697366
user_cf393213,13,user_f930e37f,0.693547
user_cf393213,14,user_d691d016,0.691447
user_cf393213,15,user_72b93300,0.688276
user_d023a78e,1,user_d023a78e,0.755414
user_d023a78e,2,user_6ab1739a,0.632716
user_d023a78e,3,user_454733da,0.622616
user_d023a78e,4,user_b8f24804,0.573611
user_d023a78e,5,user_6fbf6191,0.573411
user_d023a78e,6,user_9ee84e18,0.556070
user_d023a78e,7,user_ba4a78fc,0.555994
user_d023a78e,8,user_7c8639cd,0.554105
user_d023a78e,9,user_25b48a9a,0.550813
user_d023a78e,10,user_380ddd3f,0.542944
user_d023a78e,11,user_69a4dd06,0.539209
user_d023a78e,12,user_fb64cb55,0.538934
user_d023a78e,13,user_c8f82360,0.537424
user_d023a78e,14,user_165a2706,0.537308
user_d023a78e,15,user_9bee2a7c,0.533851
user_d036c911,1,user_54c1ebee,0.888326
user_d036c911,2,user_c5f32c0d,0.877838
user_d036c911,3,user_e6057285,0.876890
user_d036c911,4,user_fba6bcd4,0.864263
user_d036c911,5,user_e59c000f,0.864223
user_d036c911,6,user_5881b259,0.859626
user_d036c911,7,user_02016939,0.859189
user_d036c911,8,user_b16e0cf8,0.858898
user_d036c911,9,user_83afc7b2,0.852534
user_d036c911,10,user_bd05225b,0.852225
user_d036c911,11,user_c39d41d7,0.849328
user_d036c911,12,user_a6c5a10c,0.843732
user_d036c911,13,user_70bbda36,0.842080
user_d036c911,14,user_ef954c6e,0.839782
user_d036c911,15,user_e5a6abbe,0.838922
user_d074356a,1,user_0bd8ba7c,0.620882
user_d074356a,2,user_9b6481e4,0.582923
user_d074356a,3,user_8a3bbeb2,0.580303
user_d074356a,4,user_2c3eb234,0.566060
user_d074356a,5,user_a16d1fb6,0.553396
user_d074356a,6,user_ffe2efae,0.546235
user_d074356a,7,user_815b7baf,0.545127
user_d074356a,8,user_ab8e847b,0.540191
user_d074356a,9,user_942ff21e,0.530549
user_d074356a,10,user_3666402b,0.529809
user_d074356a,11,user_fb8f46c8,0.524905
user_d074356a,12,user_397cfe20,0.524067
user_d074356a,13,user_8c0c7619,0.523720
user_d074356a,14,user_a411fb06,0.522604
user_d074356a,15,user_fe73d731,0.522398
user_d10d1f24,1,user_33c6501d,0.843893
user_d10d1f24,2,user_fb64cb55,0.842725
user_d10d1f24,3,user_aa4cc34a,0.837705
user_d10d1f24,4,user_1b7f8c56,0.837252
user_d10d1f24,5,user_acb51eed,0.837213
user_d10d1f24,6,user_940c7213,0.832213
user_d10d1f24,7,user_d10d1f24,0.825769
user_d10d1f24,8,user_2cb4b018,0.821609
user_d10d1f24,9,user_7af2ed90,0.819218
user_d10d1f24,10,user_6c2d672f,0.818821
user_d10d1f24,11,user_6011e674,0.811642
user_d10d1f24,12,user_b6b89f00,0.805707
user_d10d1f24,13,user_9e39a95d,0.804369
user_d10d1f24,14,user_aa2fbe83,0.802189
user_d10d1f24,15,user_2dc10d2d,0.799174
user_d14b7d7b,1,user_d50d7985,0.764424
user_d14b7d7b,2,user_586752e4,0.739152
user_d14b7d7b,3,user_ded778b8,0.736775
user_d14b7d7b,4,user_02016939,0.719969
user_d14b7d7b,5,user_66772d98,0.707990
user_d14b7d7b,6,user_70bbda36,0.705691
user_d14b7d7b,7,user_fde27362,0.702335
user_d14b7d7b,8,user_e802076d,0.700195
user_d14b7d7b,9,user_a7b901f2,0.699845
user_d14b7d7b,10,user_107259c3,0.694123
user_d14b7d7b,11,user_0ff0b922,0.693222
user_d14b7d7b,12,user_baeb91b3,0.692519
user_d14b7d7b,13,user_89e04335,0.686883
user_d14b7d7b,14,user_394c25cc,0.684485
user_d14b7d7b,15,user_10e64e28,0.684289
user_d1d16d30,1,user_406c399e,0.678463
user_d1d16d30,2,user_65d73ac1,0.664297
user_d1d16d30,3,user_2e05a7a0,0.664246
user_d1d16d30,4,user_efcacf59,0.660076
user_d1d16d30,5,user_2b03934e,0.653207
user_d1d16d30,6,user_d849ac6e,0.649114
user_d1d16d30,7,user_8be3f554,0.649072
user_d1d16d30,8,user_74d27419,0.645402
user_d1d16d30,9,user_a8dc91a3,0.643493
user_d1d16d30,10,user_8a669dcd,0.640290
user_d1d16d30,11,user_32934d38,0.637538
user_d1d16d30,12,user_6b311f43,0.623041
user_d1d16d30,13,user_f107081e,0.620287
user_d1d16d30,14,user_8c0c7619,0.615499
user_d1d16d30,15,user_18522854,0.615155
user_d2c97c8e,1,user_7de6f343,0.922113
user_d2c97c8e,2,user_74cfb8ef,0.901667
user_d2c97c8e,3,user_04f39d22,0.892531
user_d2c97c8e,4,user_40efa894,0.883949
user_d2c97c8e,5,user_83e45cc0,0.873126
user_d2c97c8e,6,user_64cd3098,0.861022
user_d2c97c8e,7,user_daf59045,0.859925
user_d2c97c8e,8,user_0bc8e727,0.857825
user_d2c97c8e,9,user_ba8b1c05,0.853549
user_d2c97c8e,10,user_6fa47d61,0.853211
user_d2c97c8e,11,user_372c2b3e,0.851668
user_d2c97c8e,12,user_421ae417,0.850273
user_d2c97c8e,13,user_f3377028,0.848829
user_d2c97c8e,14,user_f5e1eee0,0.847855
user_d2c97c8e,15,user_4ea1ef09,0.846618
user_d4b7e22e,1,user_d4b7e22e,0.640131
user_d4b7e22e,2,user_7322f4ef,0.576177
user_d4b7e22e,3,user_3eb49f37,0.575422
user_d4b7e22e,4,user_9d9fba70,0.557483
user_d4b7e22e,5,user_4d4f73a6,0.551483
user_d4b7e22e,6,user_75251485,0.543936
user_d4b7e22e,7,user_7d944883,0.540437
user_d4b7e22e,8,user_efa5697b,0.538510
user_d4b7e22e,9,user_a04b2a78,0.527972
user_d4b7e22e,10,user_e4f8ab0c,0.526208
user_d4b7e22e,11,user_18522854,0.524271
user_d4b7e22e,12,user_fe922ad0,0.516539
user_d4b7e22e,13,user_49b1ac46,0.510965
user_d4b7e22e,14,user_9ee84e18,0.505324
user_d4b7e22e,15,user_823846de,0.501417
user_d50d7985,1,user_ded778b8,0.770542
user_d50d7985,2,user_d50d7985,0.754998
user_d50d7985,3,user_70bbda36,0.754310
user_d50d7985,4,user_baeb91b3,0.742862
user_d50d7985,5,user_19641691,0.742208
user_d50d7985,6,user_66772d98,0.732903
user_d50d7985,7,user_d4c7b4c0,0.723470
user_d50d7985,8,user_0d32f0ed,0.718614
user_d50d7985,9,user_b0129d9e,0.711570
user_d50d7985,10,user_a7b901f2,0.705784
user_d50d7985,11,user_81a80789,0.697611
user_d50d7985,12,user_caaef3ca,0.692914
user_d50d7985,13,user_03410579,0.692639
user_d50d7985,14,user_586752e4,0.690014
user_d50d7985,15,user_93cdb7a1,0.689689
user_d5d4fc6e,1,user_56980aa9,0.793033
user_d5d4fc6e,2,user_b9036662,0.759376
user_d5d4fc6e,3,user_8f39f021,0.742004
user_d5d4fc6e,4,user_3a55606c,0.721889
user_d5d4fc6e,5,user_9ee84e18,0.701800
user_d5d4fc6e,6,user_f827c7dd,0.691584
user_d5d4fc6e,7,user_eafc973e,0.677045
user_d5d4fc6e,8,user_9571d0d5,0.676731
user_d5d4fc6e,9,user_e8d15537,0.676515
user_d5d4fc6e,10,user_454733da,0.675539
user_d5d4fc6e,11,user_f4f9490d,0.670325
user_d5d4fc6e,12,user_9bee2a7c,0.669320
user_d5d4fc6e,13,user_906e2423,0.668433
user_d5d4fc6e,14,user_0cc626ee,0.663322
user_d5d4fc6e,15,user_45d008d3,0.660601
user_d761140c,1,user_650da71b,0.802515
user_d761140c,2,user_4e42bf97,0.769409
user_d761140c,3,user_756e2f00,0.680593
user_d761140c,4,user_d14b7d7b,0.669045
user_d761140c,5,user_a4aab257,0.651302
user_d761140c,6,user_b429ec64,0.632852
user_d761140c,7,user_b2dd04c8,0.630268
user_d761140c,8,user_4bf6a4a0,0.628143
user_d761140c,9,user_49b1ac46,0.612625
user_d761140c,10,user_d20928cc,0.605853
user_d761140c,11,user_c32db875,0.604869
user_d761140c,12,user_6d2cb415,0.604687
user_d761140c,13,user_69a4dd06,0.594146
user_d761140c,14,user_2c3eb234,0.587293
user_d761140c,15,user_a8dc91a3,0.585962
user_d849ac6e,1,user_69df6330,0.839876
user_d849ac6e,2,user_7924afc9,0.838728
user_d849ac6e,3,user_b49274ca,0.819221
user_d849ac6e,4,user_e8d15537,0.810291
user_d849ac6e,5,user_c39d41d7,0.810179
user_d849ac6e,6,user_40a0bad3,0.801903
user_d849ac6e,7,user_3f2fbc90,0.797600
user_d849ac6e,8,user_4db0d490,0.797561
user_d849ac6e,9,user_84e93af7,0.788074
user_d849ac6e,10,user_adab54a0,0.786997
user_d849ac6e,11,user_5881b259,0.785326
user_d849ac6e,12,user_fde2d265,0.783297
user_d849ac6e,13,user_dbc4828c,0.781068
user_d849ac6e,14,user_15179955,0.780663
user_d849ac6e,15,user_433bdef0,0.777386
user_d955d7e2,1,user_8d22714e,0.847588
user_d955d7e2,2,user_d955d7e2,0.827508
user_d955d7e2,3,user_91f807b9,0.784428
user_d955d7e2,4,user_636ad58f,0.777968
user_d955d7e2,5,user_5b714afd,0.777115
user_d955d7e2,6,user_0669bdf6,0.772041
user_d955d7e2,7,user_bd47000f,0.766911
user_d955d7e2,8,user_032e5bc8,0.765864
user_d955d7e2,9,user_02d8a1f8,0.760165
user_d955d7e2,10,user_723406a0,0.752459
user_d955d7e2,11,user_5881b259,0.746963
user_d955d7e2,12,user_5c5a0b40,0.746767
user_d955d7e2,13,user_2a704b9c,0.745712
user_d955d7e2,14,user_c5f32c0d,0.741269
user_d955d7e2,15,user_e5a6abbe,0.738166
user_da51dede,1,user_500badda,0.799819
user_da51dede,2,user_da51dede,0.797712
user_da51dede,3,user_166a3647,0.791772
user_da51dede,4,user_df8dc9bb,0.790339
user_da51dede,5,user_476670f9,0.788669
user_da51dede,6,user_5b714afd,0.785295
user_da51dede,7,user_81c4dae1,0.785204
user_da51dede,8,user_83afc7b2,0.784954
user_da51dede,9,user_372c2b3e,0.784691
user_da51dede,10,user_7a8f7f3e,0.781696
user_da51dede,11,user_0898fc4b,0.771450
user_da51dede,12,user_e8a7be73,0.770552
user_da51dede,13,user_79f38f6d,0.768455
user_da51dede,14,user_d2c97c8e,0.768241
user_da51dede,15,user_26fa9d90,0.767034
user_dac2c359,1,user_dac2c359,0.796276
user_dac2c359,2,user_0669bdf6,0.787003
user_dac2c359,3,user_a4a77a7d,0.786352
user_dac2c359,4,user_636ad58f,0.785739
user_dac2c359,5,user_ab30f0fb,0.778985
user_dac2c359,6,user_c39d41d7,0.774067
user_dac2c359,7,user_b5af9db9,0.767542
user_dac2c359,8,user_5881b259,0.761726
user_dac2c359,9,user_954805d7,0.760147
user_dac2c359,10,user_14a2d3c6,0.753492
user_dac2c359,11,user_3f2fbc90,0.751260
user_dac2c359,12,user_60a65d98,0.750975
user_dac2c359,13,user_7aa3746b,0.750910
user_dac2c359,14,user_43a979d2,0.750084
user_dac2c359,15,user_96013176,0.749655
user_daf37424,1,user_b16e0cf8,0.899108
user_daf37424,2,user_c39d41d7,0.877046
user_daf37424,3,user_f654c33b,0.858175
user_daf37424,4,user_5881b259,0.855529
user_daf37424,5,user_b6350ec1,0.850560
user_daf37424,6,user_17607ebc,0.849508
user_daf37424,7,user_adab54a0,0.848252
user_daf37424,8,user_03969305,0.842239
user_daf37424,9,user_02d03e8a,0.841140
user_daf37424,10,user_1a2755b3,0.840860
user_daf37424,11,user_96013176,0.840002
user_daf37424,12,user_c35d6565,0.839329
user_daf37424,13,user_723406a0,0.838851
user_daf37424,14,user_636ad58f,0.835936
user_daf37424,15,user_40a0bad3,0.835390
user_db4c3fb9,1,user_b9d253e8,0.808513
user_db4c3fb9,2,user_cc1c8897,0.790783
user_db4c3fb9,3,user_3ff88cf0,0.790715
user_db4c3fb9,4,user_81c4dae1,0.787313
user_db4c3fb9,5,user_ae306850,0.786886
user_db4c3fb9,6,user_72b93300,0.785510
user_db4c3fb9,7,user_db4c3fb9,0.782735
user_db4c3fb9,8,user_476670f9,0.765365
user_db4c3fb9,9,user_b14ec02b,0.763750
user_db4c3fb9,10,user_3850eb9e,0.760514
user_db4c3fb9,11,user_c92c8f83,0.759878
user_db4c3fb9,12,user_a3a4a20a,0.759184
user_db4c3fb9,13,user_40efa894,0.752838
user_db4c3fb9,14,user_a7145605,0.751611
user_db4c3fb9,15,user_43049634,0.748106
user_dbbf562e,1,user_107259c3,0.807560
user_dbbf562e,2,user_586752e4,0.802037
user_dbbf562e,3,user_70bbda36,0.801506
user_dbbf562e,4,user_ded778b8,0.797337
user_dbbf562e,5,user_df8dc9bb,0.789891
user_dbbf562e,6,user_a7b901f2,0.785635
user_dbbf562e,7,user_baeb91b3,0.782867
user_dbbf562e,8,user_26fa9d90,0.782423
user_dbbf562e,9,user_e2e59795,0.778330
user_dbbf562e,10,user_147d1bbb,0.777717
user_dbbf562e,11,user_8e97a154,0.775659
user_dbbf562e,12,user_0d32f0ed,0.774029
user_dbbf562e,13,user_e802076d,0.766218
user_dbbf562e,14,user_166a3647,0.764711
user_dbbf562e,15,user_737dd050,0.763633
user_dc326993,1,user_8f8346ad,0.802458
user_dc326993,2,user_1e08d102,0.754976
user_dc326993,3,user_8be3f554,0.739401
user_dc326993,4,user_3f2894b5,0.730387
user_dc326993,5,user_5b698646,0.722498
user_dc326993,6,user_dc326993,0.717020
user_dc326993,7,user_b6d05d1d,0.712884
user_dc326993,8,user_f827c7dd,0.708875
user_dc326993,9,user_91f807b9,0.705777
user_dc326993,10,user_cf393213,0.705109
user_dc326993,11,user_83e30c57,0.702789
user_dc326993,12,user_2dd5b531,0.701199
user_dc326993,13,user_9571d0d5,0.698044
user_dc326993,14,user_74d27419,0.697660
user_dc326993,15,user_c4c70447,0.697532
user_dc32d458,1,user_03969305,0.854475
user_dc32d458,2,user_dc32d458,0.846229
user_dc32d458,3,user_586752e4,0.845034
user_dc32d458,4,user_88b2faba,0.844025
user_dc32d458,5,user_aabd2642,0.840250
user_dc32d458,6,user_bd05225b,0.839077
user_dc32d458,7,user_b4214db6,0.837998
user_dc32d458,8,user_2e81a539,0.833702
user_dc32d458,9,user_14a2d3c6,0.833198
user_dc32d458,10,user_a57e47b1,0.831664
user_dc32d458,11,user_5c9b579a,0.831450
user_dc32d458,12,user_cdd86523,0.830117
user_dc32d458,13,user_ff39b6cf,0.828814
user_dc32d458,14,user_2c69b83e,0.825756
user_dc32d458,15,user_c39d41d7,0.824294
user_dca78fea,1,user_dca78fea,0.801554
user_dca78fea,2,user_df3c19a7,0.699461
user_dca78fea,3,user_1a2755b3,0.697989
user_dca78fea,4,user_2920b35e,0.692696
user_dca78fea,5,user_96013176,0.692106
user_dca78fea,6,user_fba6bcd4,0.691562
user_dca78fea,7,user_09dea596,0.688970
user_dca78fea,8,user_f030b951,0.682719
user_dca78fea,9,user_fa60616d,0.682250
user_dca78fea,10,user_fefec402,0.682124
user_dca78fea,11,user_2e81a539,0.674740
user_dca78fea,12,user_13fb2e34,0.673839
user_dca78fea,13,user_bd19a016,0.673335
user_dca78fea,14,user_095ff43e,0.672785
user_dca78fea,15,user_bbe73426,0.667762
user_dd0bd02d,1,user_723406a0,0.828688
user_dd0bd02d,2,user_8d22714e,0.826885
user_dd0bd02d,3,user_d955d7e2,0.818669
user_dd0bd02d,4,user_91f807b9,0.807040
user_dd0bd02d,5,user_9351238d,0.792560
user_dd0bd02d,6,user_f930e37f,0.788196
user_dd0bd02d,7,user_83e30c57,0.762500
user_dd0bd02d,8,user_0cc626ee,0.752036
user_dd0bd02d,9,user_423c81dc,0.751351
user_dd0bd02d,10,user_b4214db6,0.749912
user_dd0bd02d,11,user_884ffdb2,0.749615
user_dd0bd02d,12,user_8be3f554,0.746196
user_dd0bd02d,13,user_9571d0d5,0.744129
user_dd0bd02d,14,user_39aad1a2,0.742971
user_dd0bd02d,15,user_ed3091a2,0.742774
user_df8dc9bb,1,user_df8dc9bb,0.869757
user_df8dc9bb,2,user_e802076d,0.859474
user_df8dc9bb,3,user_03969305,0.843252
user_df8dc9bb,4,user_c5f32c0d,0.834877
user_df8dc9bb,5,user_ef954c6e,0.832226
user_df8dc9bb,6,user_e59c000f,0.828823
user_df8dc9bb,7,user_a4a77a7d,0.825517
user_df8dc9bb,8,user_8d22714e,0.824917
user_df8dc9bb,9,user_0898fc4b,0.824241
user_df8dc9bb,10,user_b16e0cf8,0.820288
user_df8dc9bb,11,user_f0cf195f,0.818596
user_df8dc9bb,12,user_5c5a0b40,0.816912
user_df8dc9bb,13,user_e6057285,0.816846
user_df8dc9bb,14,user_89e04335,0.816605
user_df8dc9bb,15,user_147d1bbb,0.813530
user_dffc0da5,1,user_f60a09b3,0.804813
user_dffc0da5,2,user_6fc85c06,0.796134
user_dffc0da5,3,user_acb51eed,0.793047
user_dffc0da5,4,user_fb64cb55,0.782077
user_dffc0da5,5,user_5c82df31,0.778002
user_dffc0da5,6,user_c008345b,0.772747
user_dffc0da5,7,user_5993b36a,0.770654
user_dffc0da5,8,user_bd05225b,0.764414
user_dffc0da5,9,user_82d93459,0.764326
user_dffc0da5,10,user_165a2706,0.761152
user_dffc0da5,11,user_2cb4b018,0.754999
user_dffc0da5,12,user_e6057285,0.754561
user_dffc0da5,13,user_eb0927d1,0.753214
user_dffc0da5,14,user_8e97a154,0.752298
user_dffc0da5,15,user_f75c71f0,0.749098
user_e0c65725,1,user_41b20ee4,0.655355
user_e0c65725,2,user_c1a70ab7,0.634530
user_e0c65725,3,user_19622b77,0.599454
user_e0c65725,4,user_52f895f1,0.585957
user_e0c65725,5,user_8a3bbeb2,0.582769
user_e0c65725,6,user_b1c16312,0.561153
user_e0c65725,7,user_3ce4c1f8,0.553137
user_e0c65725,8,user_397cfe20,0.551485
user_e0c65725,9,user_bbb0205e,0.549654
user_e0c65725,10,user_b45d0d20,0.547049
user_e0c65725,11,user_f14dc486,0.543256
user_e0c65725,12,user_80da26a6,0.541156
user_e0c65725,13,user_2c3eb234,0.539664
user_e0c65725,14,user_94f4a027,0.532315
user_e0c65725,15,user_0bd8ba7c,0.521240
user_e10c98bb,1,user_c8f82360,0.789764
user_e10c98bb,2,user_e838707b,0.718913
user_e10c98bb,3,user_c41de62b,0.708077
user_e10c98bb,4,user_a6c2e760,0.682839
user_e10c98bb,5,user_cf393213,0.666879
user_e10c98bb,6,user_9ce96cbf,0.662458
user_e10c98bb,7,user_ab86ab82,0.660547
user_e10c98bb,8,user_0b5c256a,0.656437
user_e10c98bb,9,user_2e05a7a0,0.653607
user_e10c98bb,10,user_4f3b6241,0.638788
user_e10c98bb,11,user_649f4327,0.632957
user_e10c98bb,12,user_55058479,0.632046
user_e10c98bb,13,user_efcacf59,0.631463
user_e10c98bb,14,user_32934d38,0.626638
user_e10c98bb,15,user_1b7f8c56,0.624763
user_e14b88a8,1,user_e14b88a8,0.789975
user_e14b88a8,2,user_858fa00c,0.688200
user_e14b88a8,3,user_4144252d,0.683270
user_e14b88a8,4,user_7b4c75ab,0.675394
user_e14b88a8,5,user_92fe4471,0.668868
user_e14b88a8,6,user_eda37c14,0.665588
user_e14b88a8,7,user_1246b252,0.664566
user_e14b88a8,8,user_586752e4,0.655639
user_e14b88a8,9,user_18c333c6,0.652135
user_e14b88a8,10,user_8e5e899b,0.651081
user_e14b88a8,11,user_414a6eaf,0.646858
user_e14b88a8,12,user_8e97a154,0.638630
user_e14b88a8,13,user_fcf93ee8,0.638202
user_e14b88a8,14,user_02fecea2,0.637188
user_e14b88a8,15,user_f5fea76f,0.632000
user_e1730a9c,1,user_e1730a9c,0.851670
user_e1730a9c,2,user_84e93af7,0.841268
user_e1730a9c,3,user_7924afc9,0.813553
user_e1730a9c,4,user_b49274ca,0.806214
user_e1730a9c,5,user_5881b259,0.805263
user_e1730a9c,6,user_a743aff9,0.801907
user_e1730a9c,7,user_d1d16d30,0.800376
user_e1730a9c,8,user_dbc4828c,0.800335
user_e1730a9c,9,user_c39d41d7,0.798860
user_e1730a9c,10,user_f654c33b,0.797310
user_e1730a9c,11,user_c06d9b71,0.795453
user_e1730a9c,12,user_fde2d265,0.793010
user_e1730a9c,13,user_15179955,0.789391
user_e1730a9c,14,user_7fd91653,0.789293
user_e1730a9c,15,user_636ad58f,0.786351
user_e409a56d,1,user_7de6f343,0.881409
user_e409a56d,2,user_e409a56d,0.879203
user_e409a56d,3,user_04f39d22,0.867853
user_e409a56d,4,user_daf59045,0.849919
user_e409a56d,5,user_70bbda36,0.844528
user_e409a56d,6,user_74cfb8ef,0.842276
user_e409a56d,7,user_58bfeaad,0.841691
user_e409a56d,8,user_f5e1eee0,0.838337
user_e409a56d,9,user_c34e791e,0.832771
user_e409a56d,10,user_e696f3ae,0.832768
user_e409a56d,11,user_81c4dae1,0.829301
user_e409a56d,12,user_b2aba63a,0.828678
user_e409a56d,13,user_ed1aaed8,0.827254
user_e409a56d,14,user_3ff3188b,0.820868
user_e409a56d,15,user_2c2a5c24,0.819946
user_e4ab67b6,1,user_a2c3ed1f,0.810530
user_e4ab67b6,2,user_e4ab67b6,0.794075
user_e4ab67b6,3,user_f368b9da,0.715427
user_e4ab67b6,4,user_78eff25f,0.680031
user_e4ab67b6,5,user_ff39b6cf,0.676160
user_e4ab67b6,6,user_8e5e899b,0.673394
user_e4ab67b6,7,user_2c39731d,0.668769
user_e4ab67b6,8,user_d96972e5,0.664968
user_e4ab67b6,9,user_37cd2dc9,0.662796
user_e4ab67b6,10,user_b628264a,0.656032
user_e4ab67b6,11,user_87bbc3b5,0.648316
user_e4ab67b6,12,user_f827c7dd,0.643120
user_e4ab67b6,13,user_c4b781ce,0.637112
user_e4ab67b6,14,user_233fda02,0.628992
user_e4ab67b6,15,user_0ef44f54,0.627855
user_e4f8ab0c,1,user_e4f8ab0c,0.852953
user_e4f8ab0c,2,user_8ae8c359,0.761701
user_e4f8ab0c,3,user_bd05225b,0.761581
user_e4f8ab0c,4,user_d691d016,0.749714
user_e4f8ab0c,5,user_5526cbfd,0.746838
user_e4f8ab0c,6,user_737dd050,0.746303
user_e4f8ab0c,7,user_5c82df31,0.743539
user_e4f8ab0c,8,user_fba6bcd4,0.742978
user_e4f8ab0c,9,user_147d1bbb,0.742779
user_e4f8ab0c,10,user_4144252d,0.738258
user_e4f8ab0c,11,user_df8dc9bb,0.738070
user_e4f8ab0c,12,user_3e284ba5,0.737344
user_e4f8ab0c,13,user_b350e22b,0.734628
user_e4f8ab0c,14,user_5c9b579a,0.732294
user_e4f8ab0c,15,user_e802076d,0.730349
user_e51692a6,1,user_3971c3e6,0.775058
user_e51692a6,2,user_d2c97c8e,0.740573
user_e51692a6,3,user_02016939,0.736995
user_e51692a6,4,user_9a307ebe,0.734055
user_e51692a6,5,user_3049510b,0.732190
user_e51692a6,6,user_5a6f92a6,0.729993
user_e51692a6,7,user_886f7373,0.724220
user_e51692a6,8,user_70bbda36,0.721284
user_e51692a6,9,user_6169d3b8,0.720601
user_e51692a6,10,user_03410579,0.719534
user_e51692a6,11,user_54c1ebee,0.719206
user_e51692a6,12,user_66772d98,0.716547
user_e51692a6,13,user_df8dc9bb,0.714926
user_e51692a6,14,user_6deada35,0.714665
user_e51692a6,15,user_0521a7ac,0.712430
user_e59c000f,1,user_9571d0d5,0.793698
user_e59c000f,2,user_e59c000f,0.787420
user_e59c000f,3,user_9ee84e18,0.775325
user_e59c000f,4,user_058c1800,0.759581
user_e59c000f,5,user_a346dfc4,0.754297
user_e59c000f,6,user_5c9b579a,0.750752
user_e59c000f,7,user_586752e4,0.748433
user_e59c000f,8,user_6fc85c06,0.737586
user_e59c000f,9,user_82d93459,0.730487
user_e59c000f,10,user_233fda02,0.725100
user_e59c000f,11,user_03969305,0.719848
user_e59c000f,12,user_e8e9acac,0.713966
user_e59c000f,13,user_96013176,0.702685
user_e59c000f,14,user_f930e37f,0.699586
user_e59c000f,15,user_107259c3,0.698693
user_e5f67397,1,user_0c8c48ac,0.571434
user_e5f67397,2,user_3666402b,0.504442
user_e5f67397,3,user_a411fb06,0.497281
user_e5f67397,4,user_17054ec7,0.465568
user_e5f67397,5,user_9c88ee3d,0.462362
user_e5f67397,6,user_16b87e34,0.461131
user_e5f67397,7,user_1ae8e7f5,0.457072
user_e5f67397,8,user_3353b96b,0.450869
user_e5f67397,9,user_943e4045,0.449622
user_e5f67397,10,user_6058434c,0.446810
user_e5f67397,11,user_8eac0a68,0.444298
user_e5f67397,12,user_372cb75b,0.441930
user_e5f67397,13,user_bb8be7e3,0.438674
user_e5f67397,14,user_baeb91b3,0.435278
user_e5f67397,15,user_ecf8f97f,0.434242
user_e64d80ba,1,user_e64d80ba,0.880047
user_e64d80ba,2,user_b4f295b3,0.831830
user_e64d80ba,3,user_0ff0b922,0.783302
user_e64d80ba,4,user_2b79ef0b,0.735079
user_e64d80ba,5,user_795eb408,0.735035
user_e64d80ba,6,user_9ee84e18,0.697765
user_e64d80ba,7,user_b2aba63a,0.696987
user_e64d80ba,8,user_ea67f9c6,0.689132
user_e64d80ba,9,user_ded778b8,0.682698
user_e64d80ba,10,user_fcf93ee8,0.681728
user_e64d80ba,11,user_107259c3,0.679949
user_e64d80ba,12,user_bb8be7e3,0.679148
user_e64d80ba,13,user_500badda,0.673548
user_e64d80ba,14,user_70bbda36,0.672920
user_e64d80ba,15,user_0e408c4a,0.671664
user_e6dd44b0,1,user_69df6330,0.813197
user_e6dd44b0,2,user_8d968cfb,0.800610
user_e6dd44b0,3,user_c4c70447,0.797568
user_e6dd44b0,4,user_dd6e7bcb,0.783569
user_e6dd44b0,5,user_f930e37f,0.782417
user_e6dd44b0,6,user_88b2faba,0.781960
user_e6dd44b0,7,user_657c72ca,0.781671
user_e6dd44b0,8,user_e8d15537,0.780475
user_e6dd44b0,9,user_c39d41d7,0.780369
user_e6dd44b0,10,user_5526cbfd,0.779334
user_e6dd44b0,11,user_03969305,0.778699
user_e6dd44b0,12,user_4f755977,0.777863
user_e6dd44b0,13,user_40a0bad3,0.777852
user_e6dd44b0,14,user_9dda4af9,0.776210
user_e6dd44b0,15,user_8be3f554,0.773697
user_e7a55eac,1,user_0521a7ac,0.730807
user_e7a55eac,2,user_c60d65b5,0.729059
user_e7a55eac,3,user_2e81a539,0.725392
user_e7a55eac,4,user_394c25cc,0.713534
user_e7a55eac,5,user_5993b36a,0.711248
user_e7a55eac,6,user_d758a0a1,0.709706
user_e7a55eac,7,user_d2bd9832,0.708833
user_e7a55eac,8,user_4b139395,0.702806
user_e7a55eac,9,user_6a0b0e92,0.702457
user_e7a55eac,10,user_3f2fbc90,0.701046
user_e7a55eac,11,user_d6a91e61,0.696835
user_e7a55eac,12,user_737dd050,0.694993
user_e7a55eac,13,user_886f7373,0.693369
user_e7a55eac,14,user_920c074a,0.693275
user_e7a55eac,15,user_c5f32c0d,0.692780
user_e802076d,1,user_79f04645,0.866670
user_e802076d,2,user_29cd4556,0.864917
user_e802076d,3,user_8fe14601,0.863886
user_e802076d,4,user_4db0d490,0.852144
user_e802076d,5,user_111cfe7d,0.848136
user_e802076d,6,user_a8dc91a3,0.846133
user_e802076d,7,user_e802076d,0.839394
user_e802076d,8,user_fde2d265,0.830772
user_e802076d,9,user_9d65649f,0.823120
user_e802076d,10,user_15179955,0.822340
user_e802076d,11,user_ec574395,0.820957
user_e802076d,12,user_adab54a0,0.820049
user_e802076d,13,user_d93b53bd,0.813927
user_e802076d,14,user_03969305,0.809703
user_e802076d,15,user_8a760553,0.808758
user_e838707b,1,user_fba6bcd4,0.843594
user_e838707b,2,user_1b7f8c56,0.836044
user_e838707b,3,user_bbe73426,0.822691
user_e838707b,4,user_ef954c6e,0.820082
user_e838707b,5,user_205d25f3,0.814583
user_e838707b,6,user_b325310b,0.812338
user_e838707b,7,user_aa2fbe83,0.811023
user_e838707b,8,user_bf69de98,0.810754
user_e838707b,9,user_e6057285,0.810477
user_e838707b,10,user_fa60616d,0.803451
user_e838707b,11,user_40efa894,0.802619
user_e838707b,12,user_8663226a,0.802590
user_e838707b,13,user_5881b259,0.801265
user_e838707b,14,user_aabd2642,0.801170
user_e838707b,15,user_98f18241,0.796806
user_e8613813,1,user_ffe2efae,0.748538
user_e8613813,2,user_e696f3ae,0.742124
user_e8613813,3,user_c994138f,0.736182
user_e8613813,4,user_daf37424,0.736063
user_e8613813,5,user_3b79395c,0.732292
user_e8613813,6,user_338e1332,0.727389
user_e8613813,7,user_ab86ab82,0.727042
user_e8613813,8,user_815b7baf,0.725068
user_e8613813,9,user_56e6d0cd,0.719063
user_e8613813,10,user_1df51301,0.715545
user_e8613813,11,user_3666402b,0.713004
user_e8613813,12,user_94cad3a5,0.709184
user_e8613813,13,user_8be3f554,0.698170
user_e8613813,14,user_586752e4,0.697614
user_e8613813,15,user_efb27a8e,0.697317
user_e88c308b,1,user_c34e791e,0.852429
user_e88c308b,2,user_04f39d22,0.844090
user_e88c308b,3,user_3ff3188b,0.827821
user_e88c308b,4,user_e696f3ae,0.802756
user_e88c308b,5,user_a3a4a20a,0.783880
user_e88c308b,6,user_81c4dae1,0.778762
user_e88c308b,7,user_6476648d,0.774657
user_e88c308b,8,user_7de6f343,0.774000
user_e88c308b,9,user_3ac315cb,0.765841
user_e88c308b,10,user_16ac4154,0.765752
user_e88c308b,11,user_54b19b29,0.764406
user_e88c308b,12,user_421ae417,0.762519
user_e88c308b,13,user_adab54a0,0.760000
user_e88c308b,14,user_e9d1886c,0.756977
user_e88c308b,15,user_83e45cc0,0.756714
user_e8a7be73,1,user_14a2d3c6,0.847410
user_e8a7be73,2,user_5881b259,0.817611
user_e8a7be73,3,user_84c14a6f,0.808386
user_e8a7be73,4,user_636ad58f,0.803097
user_e8a7be73,5,user_3239132f,0.803039
user_e8a7be73,6,user_886f7373,0.802778
user_e8a7be73,7,user_954805d7,0.801754
user_e8a7be73,8,user_0669bdf6,0.797410
user_e8a7be73,9,user_d1d16d30,0.797351
user_e8a7be73,10,user_88b2faba,0.795693
user_e8a7be73,11,user_a57e47b1,0.795675
user_e8a7be73,12,user_e6057285,0.795177
user_e8a7be73,13,user_df8dc9bb,0.784584
user_e8a7be73,14,user_cdd86523,0.783334
user_e8a7be73,15,user_e8a7be73,0.782945
user_e8e9acac,1,user_70bbda36,0.859146
user_e8e9acac,2,user_586752e4,0.856075
user_e8e9acac,3,user_5c9b579a,0.850034
user_e8e9acac,4,user_66772d98,0.843473
user_e8e9acac,5,user_96013176,0.841708
user_e8e9acac,6,user_54c1ebee,0.839128
user_e8e9acac,7,user_b0129d9e,0.832092
user_e8e9acac,8,user_147d1bbb,0.827847
user_e8e9acac,9,user_364bb955,0.823167
user_e8e9acac,10,user_03969305,0.822820
user_e8e9acac,11,user_25798310,0.821924
user_e8e9acac,12,user_d758a0a1,0.816472
user_e8e9acac,13,user_8fb63eca,0.815087
user_e8e9acac,14,user_7b5f54c0,0.811007
user_e8e9acac,15,user_02016939,0.809692
user_e9d1886c,1,user_72b93300,0.697274
user_e9d1886c,2,user_d2c97c8e,0.657539
user_e9d1886c,3,user_38dc2894,0.656410
user_e9d1886c,4,user_394c25cc,0.655279
user_e9d1886c,5,user_acb899e9,0.654943
user_e9d1886c,6,user_10e64e28,0.645907
user_e9d1886c,7,user_daf59045,0.641383
user_e9d1886c,8,user_e9d1886c,0.640690
user_e9d1886c,9,user_02016939,0.640463
user_e9d1886c,10,user_93cdb7a1,0.632056
user_e9d1886c,11,user_205d25f3,0.631382
user_e9d1886c,12,user_4e800fa1,0.629412
user_e9d1886c,13,user_d499c752,0.628857
user_e9d1886c,14,user_3ae49e46,0.628468
user_e9d1886c,15,user_dc326993,0.627347
user_ea67f9c6,1,user_0dfb7397,0.579119
user_ea67f9c6,2,user_b45d0d20,0.563464
user_ea67f9c6,3,user_7d6962d9,0.551110
user_ea67f9c6,4,user_b2dd04c8,0.524752
user_ea67f9c6,5,user_543e79f5,0.517455
user_ea67f9c6,6,user_7cb1ae65,0.514185
user_ea67f9c6,7,user_79a1811b,0.484939
user_ea67f9c6,8,user_829844fd,0.483443
user_ea67f9c6,9,user_33f2a818,0.472279
user_ea67f9c6,10,user_c5c57a9d,0.467737
user_ea67f9c6,11,user_9c5cd7fa,0.462378
user_ea67f9c6,12,user_f14dc486,0.461817
user_ea67f9c6,13,user_aae78e0d,0.454213
user_ea67f9c6,14,user_9f6180c4,0.450187
user_ea67f9c6,15,user_c1aa2063,0.448605
user_ebe17c78,1,user_2dd5b531,0.890223
user_ebe17c78,2,user_cf393213,0.865838
user_ebe17c78,3,user_03969305,0.848796
user_ebe17c78,4,user_89e04335,0.846071
user_ebe17c78,5,user_41d0c897,0.830802
user_ebe17c78,6,user_cdd86523,0.829130
user_ebe17c78,7,user_9a307ebe,0.825408
user_ebe17c78,8,user_9571d0d5,0.820892
user_ebe17c78,9,user_e59c000f,0.819820
user_ebe17c78,10,user_67acd9b1,0.811487
user_ebe17c78,11,user_e802076d,0.809725
user_ebe17c78,12,user_88b2faba,0.806838
user_ebe17c78,13,user_586752e4,0.805430
user_ebe17c78,14,user_adab54a0,0.805056
user_ebe17c78,15,user_147d1bbb,0.803497
user_ec574395,1,user_8fe14601,0.875224
user_ec574395,2,user_29cd4556,0.874488
user_ec574395,3,user_79f04645,0.865557
user_ec574395,4,user_7aa3746b,0.848684
user_ec574395,5,user_d93b53bd,0.836573
user_ec574395,6,user_adab54a0,0.828545
user_ec574395,7,user_3f2fbc90,0.824815
user_ec574395,8,user_ec574395,0.816213
user_ec574395,9,user_a4a77a7d,0.812353
user_ec574395,10,user_954805d7,0.810896
user_ec574395,11,user_17607ebc,0.807090
user_ec574395,12,user_5c5a0b40,0.806377
user_ec574395,13,user_9dda4af9,0.804636
user_ec574395,14,user_bdcc6e7d,0.800563
user_ec574395,15,user_c39d41d7,0.799568
user_ecba8131,1,user_d1d16d30,0.855622
user_ecba8131,2,user_e6057285,0.838417
user_ecba8131,3,user_7b052f32,0.834191
user_ecba8131,4,user_cb2fe204,0.833109
user_ecba8131,5,user_5881b259,0.831419
user_ecba8131,6,user_bbe73426,0.829739
user_ecba8131,7,user_f654c33b,0.829311
user_ecba8131,8,user_a01f16ac,0.818547
user_ecba8131,9,user_5993b36a,0.815736
user_ecba8131,10,user_a743aff9,0.811450
user_ecba8131,11,user_2e81a539,0.810980
user_ecba8131,12,user_886f7373,0.804831
user_ecba8131,13,user_e802076d,0.804738
user_ecba8131,14,user_c06d9b71,0.800504
user_ecba8131,15,user_1a2755b3,0.798466
user_ecc1ca0a,1,user_0521a7ac,0.785772
user_ecc1ca0a,2,user_394c25cc,0.748834
user_ecc1ca0a,3,user_69193575,0.743624
user_ecc1ca0a,4,user_970963fd,0.740749
user_ecc1ca0a,5,user_3049510b,0.739983
user_ecc1ca0a,6,user_7f56f9a5,0.735192
user_ecc1ca0a,7,user_1f1dc5e0,0.733681
user_ecc1ca0a,8,user_38dc2894,0.730251
user_ecc1ca0a,9,user_1936a7c3,0.728532
user_ecc1ca0a,10,user_c204a1dd,0.727996
user_ecc1ca0a,11,user_b1d0760b,0.726792
user_ecc1ca0a,12,user_9da8848a,0.725261
user_ecc1ca0a,13,user_27a3fa64,0.725251
user_ecc1ca0a,14,user_e6057285,0.724540
user_ecc1ca0a,15,user_886f7373,0.722516
user_ed1aaed8,1,user_ed1aaed8,0.887656
user_ed1aaed8,2,user_70bbda36,0.881972
user_ed1aaed8,3,user_5526cbfd,0.852601
user_ed1aaed8,4,user_147d1bbb,0.839626
user_ed1aaed8,5,user_3e284ba5,0.836321
user_ed1aaed8,6,user_e696f3ae,0.834216
user_ed1aaed8,7,user_02016939,0.832340
user_ed1aaed8,8,user_4bd9303b,0.832192
user_ed1aaed8,9,user_7b5f54c0,0.828640
user_ed1aaed8,10,user_586752e4,0.826456
user_ed1aaed8,11,user_02fecea2,0.826394
user_ed1aaed8,12,user_9a307ebe,0.824351
user_ed1aaed8,13,user_166a3647,0.824229
user_ed1aaed8,14,user_54c1ebee,0.819946
user_ed1aaed8,15,user_500badda,0.819669
user_ee05ee55,1,user_ee05ee55,0.808382
user_ee05ee55,2,user_a5e548ce,0.705592
user_ee05ee55,3,user_6169d3b8,0.700383
user_ee05ee55,4,user_f070eee7,0.697137
user_ee05ee55,5,user_7c7220a4,0.687803
user_ee05ee55,6,user_ab434739,0.684560
user_ee05ee55,7,user_1a7d6cd5,0.676441
user_ee05ee55,8,user_81a80789,0.670877
user_ee05ee55,9,user_5738db35,0.666765
user_ee05ee55,10,user_07db2c6a,0.664140
user_ee05ee55,11,user_ea67f9c6,0.661318
user_ee05ee55,12,user_fcf93ee8,0.661207
user_ee05ee55,13,user_107259c3,0.659269
user_ee05ee55,14,user_1ae8e7f5,0.656766
user_ee05ee55,15,user_17054ec7,0.648053
user_ee14f818,1,user_0a245f61,0.758606
user_ee14f818,2,user_d199bef3,0.739552
user_ee14f818,3,user_30802254,0.713486
user_ee14f818,4,user_8a760553,0.712006
user_ee14f818,5,user_5881b259,0.710141
user_ee14f818,6,user_96013176,0.709907
user_ee14f818,7,user_b4214db6,0.707841
user_ee14f818,8,user_c39d41d7,0.707766
user_ee14f818,9,user_c5f32c0d,0.707024
user_ee14f818,10,user_eae91488,0.706232
user_ee14f818,11,user_80dc757f,0.703499
user_ee14f818,12,user_5c5a0b40,0.703140
user_ee14f818,13,user_e5a6abbe,0.701215
user_ee14f818,14,user_886f7373,0.699716
user_ee14f818,15,user_b16e0cf8,0.694164
user_ee8d5ec5,1,user_27a3fa64,0.759407
user_ee8d5ec5,2,user_7f56f9a5,0.741332
user_ee8d5ec5,3,user_1936a7c3,0.725926
user_ee8d5ec5,4,user_7b052f32,0.720189
user_ee8d5ec5,5,user_205d25f3,0.711942
user_ee8d5ec5,6,user_920c074a,0.679373
user_ee8d5ec5,7,user_bbe73426,0.676224
user_ee8d5ec5,8,user_d1d16d30,0.667149
user_ee8d5ec5,9,user_01916bd2,0.658709
user_ee8d5ec5,10,user_18892460,0.651085
user_ee8d5ec5,11,user_7a8f7f3e,0.647479
user_ee8d5ec5,12,user_1b7f8c56,0.645309
user_ee8d5ec5,13,user_2e81a539,0.644564
user_ee8d5ec5,14,user_1f1dc5e0,0.641868
user_ee8d5ec5,15,user_7bbd1543,0.641329
user_ef954c6e,1,user_872311db,0.850067
user_ef954c6e,2,user_ef954c6e,0.785898
user_ef954c6e,3,user_40a0bad3,0.784223
user_ef954c6e,4,user_b49274ca,0.783294
user_ef954c6e,5,user_15179955,0.781148
user_ef954c6e,6,user_50e2a836,0.777454
user_ef954c6e,7,user_e5a6abbe,0.775624
user_ef954c6e,8,user_4db0d490,0.772935
user_ef954c6e,9,user_5c5a0b40,0.768860
user_ef954c6e,10,user_cdd86523,0.767234
user_ef954c6e,11,user_c06d9b71,0.767004
user_ef954c6e,12,user_ebddf9c1,0.763010
user_ef954c6e,13,user_69df6330,0.761587
user_ef954c6e,14,user_0eb2abf1,0.759125
user_ef954c6e,15,user_5a283043,0.758257
user_efcacf59,1,user_efcacf59,0.711633
user_efcacf59,2,user_79a1811b,0.669295
user_efcacf59,3,user_18522854,0.664347
user_efcacf59,4,user_d67450a8,0.659100
user_efcacf59,5,user_0eeab432,0.638475
user_efcacf59,6,user_b2dd04c8,0.636928
user_efcacf59,7,user_c4c70447,0.633406
user_efcacf59,8,user_a6c2e760,0.632581
user_efcacf59,9,user_582ff5b2,0.630448
user_efcacf59,10,user_2b03934e,0.630109
user_efcacf59,11,user_98ca16a6,0.623839
user_efcacf59,12,user_a2503734,0.616791
user_efcacf59,13,user_b8daec75,0.616077
user_efcacf59,14,user_9d65649f,0.612863
user_efcacf59,15,user_02d8a1f8,0.612686
user_f030b951,1,user_e802076d,0.850153
user_f030b951,2,user_fba6bcd4,0.849056
user_f030b951,3,user_f030b951,0.844636
user_f030b951,4,user_88b2faba,0.844323
user_f030b951,5,user_03969305,0.843060
user_f030b951,6,user_96013176,0.842104
user_f030b951,7,user_c39d41d7,0.841727
user_f030b951,8,user_40a0bad3,0.841157
user_f030b951,9,user_2e81a539,0.835563
user_f030b951,10,user_0898fc4b,0.831591
user_f030b951,11,user_e59c000f,0.829435
user_f030b951,12,user_5881b259,0.826589
user_f030b951,13,user_b4214db6,0.825966
user_f030b951,14,user_bd05225b,0.823720
user_f030b951,15,user_ed1aaed8,0.823061
user_f070eee7,1,user_f070eee7,0.882640
user_f070eee7,2,user_7c7220a4,0.835286
user_f070eee7,3,user_107259c3,0.827256
user_f070eee7,4,user_6169d3b8,0.819830
user_f070eee7,5,user_9a307ebe,0.816755
user_f070eee7,6,user_fcf93ee8,0.809407
user_f070eee7,7,user_83afc7b2,0.806881
user_f070eee7,8,user_5a6f92a6,0.806585
user_f070eee7,9,user_70bbda36,0.803104
user_f070eee7,10,user_bd47000f,0.799148
user_f070eee7,11,user_3971c3e6,0.797610
user_f070eee7,12,user_586752e4,0.793592
user_f070eee7,13,user_5c9b579a,0.787715
user_f070eee7,14,user_500badda,0.779776
user_f070eee7,15,user_54c1ebee,0.774351
user_f0b144fc,1,user_69a4dd06,0.834157
user_f0b144fc,2,user_380ddd3f,0.784857
user_f0b144fc,3,user_9bee2a7c,0.773001
user_f0b144fc,4,user_2e05a7a0,0.759670
user_f0b144fc,5,user_ec574395,0.759510
user_f0b144fc,6,user_74d27419,0.754530
user_f0b144fc,7,user_55058479,0.751173
user_f0b144fc,8,user_650da71b,0.747373
user_f0b144fc,9,user_756e2f00,0.747247
user_f0b144fc,10,user_4f3b6241,0.738079
user_f0b144fc,11,user_6bf0e007,0.722860
user_f0b144fc,12,user_94f185bc,0.720232
user_f0b144fc,13,user_b9036662,0.719278
user_f0b144fc,14,user_6fbf6191,0.710685
user_f0b144fc,15,user_3f2894b5,0.703871
user_f0cf195f,1,user_b45d0d20,0.821410
user_f0cf195f,2,user_33f2a818,0.723771
user_f0cf195f,3,user_7d6962d9,0.701615
user_f0cf195f,4,user_80da26a6,0.657866
user_f0cf195f,5,user_79a1811b,0.634070
user_f0cf195f,6,user_aae78e0d,0.619779
user_f0cf195f,7,user_3ce4c1f8,0.617923
user_f0cf195f,8,user_829844fd,0.616483
user_f0cf195f,9,user_18522854,0.592754
user_f0cf195f,10,user_f7fd2885,0.585145
user_f0cf195f,11,user_1232c39b,0.580664
user_f0cf195f,12,user_b2dd04c8,0.575127
user_f0cf195f,13,user_3239132f,0.573062
user_f0cf195f,14,user_53325367,0.572240
user_f0cf195f,15,user_a151ddab,0.567043
user_f107081e,1,user_f107081e,0.817609
user_f107081e,2,user_65d73ac1,0.807672
user_f107081e,3,user_c8f82360,0.802262
user_f107081e,4,user_1a2755b3,0.781022
user_f107081e,5,user_a6c2e760,0.779166
user_f107081e,6,user_25b48a9a,0.772416
user_f107081e,7,user_40a0bad3,0.770226
user_f107081e,8,user_fde2d265,0.766983
user_f107081e,9,user_2e05a7a0,0.764174
user_f107081e,10,user_649f4327,0.753886
user_f107081e,11,user_5d1b0daf,0.751773
user_f107081e,12,user_6fbf6191,0.750927
user_f107081e,13,user_2b03934e,0.750706
user_f107081e,14,user_74d27419,0.749277
user_f107081e,15,user_a8dc91a3,0.747673
user_f27da10a,1,user_7924afc9,0.885572
user_f27da10a,2,user_1936a7c3,0.857474
user_f27da10a,3,user_7b052f32,0.844363
user_f27da10a,4,user_a01f16ac,0.844094
user_f27da10a,5,user_636ad58f,0.841431
user_f27da10a,6,user_5881b259,0.838860
user_f27da10a,7,user_b605d5c9,0.835904
user_f27da10a,8,user_c5f32c0d,0.835785
user_f27da10a,9,user_a743aff9,0.835102
user_f27da10a,10,user_bd05225b,0.833925
user_f27da10a,11,user_7fd91653,0.832379
user_f27da10a,12,user_b337cb0c,0.828817
user_f27da10a,13,user_c06d9b71,0.827335
user_f27da10a,14,user_ef954c6e,0.826903
user_f27da10a,15,user_f27da10a,0.823008
user_f3377028,1,user_7de6f343,0.880608
user_f3377028,2,user_08c32973,0.878256
user_f3377028,3,user_e409a56d,0.876973
user_f3377028,4,user_40efa894,0.873718
user_f3377028,5,user_25652863,0.868624
user_f3377028,6,user_421ae417,0.864233
user_f3377028,7,user_6fa47d61,0.856126
user_f3377028,8,user_04f39d22,0.850029
user_f3377028,9,user_ba8b1c05,0.849789
user_f3377028,10,user_795650bb,0.849111
user_f3377028,11,user_2c2a5c24,0.844028
user_f3377028,12,user_74cfb8ef,0.841114
user_f3377028,13,user_f3377028,0.838774
user_f3377028,14,user_bf30f80d,0.810679
user_f3377028,15,user_4ea1ef09,0.807659
user_f368b9da,1,user_02d03e8a,0.814305
user_f368b9da,2,user_b16e0cf8,0.813188
user_f368b9da,3,user_0cee87f3,0.804151
user_f368b9da,4,user_bd19a016,0.798254
user_f368b9da,5,user_df3c19a7,0.789033
user_f368b9da,6,user_17607ebc,0.785686
user_f368b9da,7,user_40a0bad3,0.782102
user_f368b9da,8,user_84e93af7,0.781971
user_f368b9da,9,user_bdcc6e7d,0.780668
user_f368b9da,10,user_657c72ca,0.777770
user_f368b9da,11,user_96013176,0.777599
user_f368b9da,12,user_5c5a0b40,0.776969
user_f368b9da,13,user_e802076d,0.775976
user_f368b9da,14,user_b23aa915,0.774630
user_f368b9da,15,user_15179955,0.767123
user_f43d6008,1,user_5d1b0daf,0.820835
user_f43d6008,2,user_f43d6008,0.789791
user_f43d6008,3,user_fde2d265,0.763452
user_f43d6008,4,user_636ad58f,0.762382
user_f43d6008,5,user_c39d41d7,0.759627
user_f43d6008,6,user_dbc4828c,0.759593
user_f43d6008,7,user_74d27419,0.756051
user_f43d6008,8,user_ec574395,0.751640
user_f43d6008,9,user_94f185bc,0.742115
user_f43d6008,10,user_50e2a836,0.741855
user_f43d6008,11,user_a8c2208d,0.741648
user_f43d6008,12,user_8f8346ad,0.734319
user_f43d6008,13,user_69df6330,0.733283
user_f43d6008,14,user_5881b259,0.732629
user_f43d6008,15,user_68d19df8,0.732628
user_f4f9490d,1,user_ff39b6cf,0.775980
user_f4f9490d,2,user_8e5e899b,0.772213
user_f4f9490d,3,user_87e5d9b0,0.762432
user_f4f9490d,4,user_4144252d,0.759982
user_f4f9490d,5,user_d7fde080,0.755157
user_f4f9490d,6,user_5ac1a174,0.739351
user_f4f9490d,7,user_b4214db6,0.728043
user_f4f9490d,8,user_78eff25f,0.723572
user_f4f9490d,9,user_87bbc3b5,0.717683
user_f4f9490d,10,user_f4f9490d,0.714488
user_f4f9490d,11,user_d758a0a1,0.713721
user_f4f9490d,12,user_e8cdb142,0.712674
user_f4f9490d,13,user_8afa3eba,0.712631
user_f4f9490d,14,user_6a13946a,0.710623
user_f4f9490d,15,user_a743aff9,0.708916
user_f5138e15,1,user_f5138e15,0.884970
user_f5138e15,2,user_ba085464,0.754628
user_f5138e15,3,user_46e2e7ec,0.644843
user_f5138e15,4,user_7b2d0be1,0.594637
user_f5138e15,5,user_8f39f021,0.584807
user_f5138e15,6,user_be018f9d,0.572985
user_f5138e15,7,user_6ae9ce92,0.569686
user_f5138e15,8,user_ab434739,0.566801
user_f5138e15,9,user_1e3084a6,0.566532
user_f5138e15,10,user_7bbd1543,0.564668
user_f5138e15,11,user_124651ff,0.555195
user_f5138e15,12,user_0bc8e727,0.555168
user_f5138e15,13,user_d9b8914f,0.550470
user_f5138e15,14,user_a3a4a20a,0.548401
user_f5138e15,15,user_1c7b7780,0.547180
user_f52ced02,1,user_48669fd6,0.637811
user_f52ced02,2,user_e3f9409b,0.624066
user_f52ced02,3,user_b9036662,0.622096
user_f52ced02,4,user_f52ced02,0.621869
user_f52ced02,5,user_2c940ff8,0.618630
user_f52ced02,6,user_858fa00c,0.609872
user_f52ced02,7,user_906e2423,0.609247
user_f52ced02,8,user_6ab8f7d4,0.602929
user_f52ced02,9,user_6fc85c06,0.602044
user_f52ced02,10,user_56980aa9,0.599469
user_f52ced02,11,user_6fbf6191,0.592089
user_f52ced02,12,user_f10e7063,0.590196
user_f52ced02,13,user_45d008d3,0.581780
user_f52ced02,14,user_7fd91653,0.579640
user_f52ced02,15,user_3eb49f37,0.579093
user_f54058d0,1,user_f54058d0,0.870790
user_f54058d0,2,user_ed1aaed8,0.809284
user_f54058d0,3,user_4bd9303b,0.789707
user_f54058d0,4,user_98f18241,0.704129
user_f54058d0,5,user_58bfeaad,0.688342
user_f54058d0,6,user_ab439a92,0.683890
user_f54058d0,7,user_c50a487d,0.670800
user_f54058d0,8,user_a3a4a20a,0.665024
user_f54058d0,9,user_74cfb8ef,0.660281
user_f54058d0,10,user_53b85563,0.658043
user_f54058d0,11,user_7de6f343,0.657779
user_f54058d0,12,user_43049634,0.657408
user_f54058d0,13,user_e6dd44b0,0.652678
user_f54058d0,14,user_f5e1eee0,0.651061
user_f54058d0,15,user_3ff3188b,0.648741
user_f5e2976e,1,user_f5e2976e,0.943726
user_f5e2976e,2,user_1c7b7780,0.785342
user_f5e2976e,3,user_68349053,0.728960
user_f5e2976e,4,user_417702c5,0.691081
user_f5e2976e,5,user_be018f9d,0.674733
user_f5e2976e,6,user_e51692a6,0.666925
user_f5e2976e,7,user_0e408c4a,0.640188
user_f5e2976e,8,user_d9b8914f,0.635817
user_f5e2976e,9,user_ed1aaed8,0.625658
user_f5e2976e,10,user_7bbd1543,0.621926
user_f5e2976e,11,user_ba085464,0.609723
user_f5e2976e,12,user_e6dd44b0,0.608825
user_f5e2976e,13,user_1f09455f,0.605905
user_f5e2976e,14,user_16ac4154,0.603180
user_f5e2976e,15,user_40efa894,0.589128
user_f5fea76f,1,user_f5fea76f,0.891320
user_f5fea76f,2,user_92fe4471,0.827602
user_f5fea76f,3,user_eda37c14,0.814211
user_f5fea76f,4,user_22adb798,0.775162
user_f5fea76f,5,user_737d3148,0.770935
user_f5fea76f,6,user_414a6eaf,0.752773
user_f5fea76f,7,user_979ee068,0.742753
user_f5fea76f,8,user_2e81a539,0.718419
user_f5fea76f,9,user_5c9b579a,0.714169
user_f5fea76f,10,user_7b4c75ab,0.686095
user_f5fea76f,11,user_f10e7063,0.685575
user_f5fea76f,12,user_9fc3c829,0.676865
user_f5fea76f,13,user_858fa00c,0.660823
user_f5fea76f,14,user_e14b88a8,0.657013
user_f5fea76f,15,user_bd05225b,0.647573
user_f60a09b3,1,user_f827c7dd,0.774339
user_f60a09b3,2,user_68d19df8,0.758937
user_f60a09b3,3,user_f60a09b3,0.750500
user_f60a09b3,4,user_6a0b0e92,0.746725
user_f60a09b3,5,user_8d22714e,0.739118
user_f60a09b3,6,user_1e08d102,0.736755
user_f60a09b3,7,user_858fa00c,0.730579
user_f60a09b3,8,user_0669bdf6,0.724088
user_f60a09b3,9,user_bd05225b,0.719569
user_f60a09b3,10,user_0cc626ee,0.717363
user_f60a09b3,11,user_a2825b06,0.717064
user_f60a09b3,12,user_ff591131,0.716954
user_f60a09b3,13,user_3239132f,0.715983
user_f60a09b3,14,user_835666af,0.713283
user_f60a09b3,15,user_165a2706,0.712858
user_f7538815,1,user_f7538815,0.640224
user_f7538815,2,user_f1649486,0.629753
user_f7538815,3,user_2b750e1c,0.502837
user_f7538815,4,user_f14dc486,0.499499
user_f7538815,5,user_0bd8ba7c,0.494172
user_f7538815,6,user_41b20ee4,0.486753
user_f7538815,7,user_8a3bbeb2,0.473547
user_f7538815,8,user_26565155,0.468275
user_f7538815,9,user_65d73ac1,0.459104
user_f7538815,10,user_8f08aa94,0.454157
user_f7538815,11,user_833d8832,0.451409
user_f7538815,12,user_38390331,0.441272
user_f7538815,13,user_378003e3,0.440070
user_f7538815,14,user_5e61d6d9,0.439672
user_f7538815,15,user_9f81cfba,0.435132
user_f75c71f0,1,user_5993b36a,0.837111
user_f75c71f0,2,user_e6057285,0.828582
user_f75c71f0,3,user_7b052f32,0.828009
user_f75c71f0,4,user_f75c71f0,0.827414
user_f75c71f0,5,user_1936a7c3,0.826477
user_f75c71f0,6,user_1f1dc5e0,0.812658
user_f75c71f0,7,user_a01f16ac,0.807840
user_f75c71f0,8,user_fba6bcd4,0.803642
user_f75c71f0,9,user_d1d16d30,0.802750
user_f75c71f0,10,user_b337cb0c,0.799731
user_f75c71f0,11,user_39b3eda0,0.797375
user_f75c71f0,12,user_a743aff9,0.796258
user_f75c71f0,13,user_5349c6cf,0.793972
user_f75c71f0,14,user_18892460,0.791216
user_f75c71f0,15,user_0fefc28e,0.791162
user_f7bb8af1,1,user_a9ed2c9e,0.789117
user_f7bb8af1,2,user_3b79395c,0.786226
user_f7bb8af1,3,user_67acd9b1,0.775018
user_f7bb8af1,4,user_9a307ebe,0.762367
user_f7bb8af1,5,user_91db6e48,0.761254
user_f7bb8af1,6,user_e8e9acac,0.758003
user_f7bb8af1,7,user_3ff3188b,0.754772
user_f7bb8af1,8,user_e696f3ae,0.754227
user_f7bb8af1,9,user_56e6d0cd,0.750993
user_f7bb8af1,10,user_3f2894b5,0.744739
user_f7bb8af1,11,user_c34e791e,0.739023
user_f7bb8af1,12,user_02fecea2,0.736519
user_f7bb8af1,13,user_b2aba63a,0.734666
user_f7bb8af1,14,user_57c1d6c0,0.732489
user_f7bb8af1,15,user_81c4dae1,0.731015
user_f7fd2885,1,user_2e60c125,0.720935
user_f7fd2885,2,user_6fa47d61,0.682530
user_f7fd2885,3,user_08c32973,0.678509
user_f7fd2885,4,user_53b85563,0.659862
user_f7fd2885,5,user_85c97ea1,0.654459
user_f7fd2885,6,user_bf30f80d,0.649724
user_f7fd2885,7,user_04f39d22,0.648403
user_f7fd2885,8,user_2efde048,0.640595
user_f7fd2885,9,user_421ae417,0.636152
user_f7fd2885,10,user_e409a56d,0.635671
user_f7fd2885,11,user_4ea1ef09,0.635262
user_f7fd2885,12,user_f5e1eee0,0.633252
user_f7fd2885,13,user_83e45cc0,0.633142
user_f7fd2885,14,user_58bfeaad,0.632473
user_f7fd2885,15,user_f3377028,0.631835
user_f827c7dd,1,user_906e2423,0.789267
user_f827c7dd,2,user_039d004e,0.708939
user_f827c7dd,3,user_f827c7dd,0.694863
user_f827c7dd,4,user_56980aa9,0.693948
user_f827c7dd,5,user_45d008d3,0.684572
user_f827c7dd,6,user_433bdef0,0.680999
user_f827c7dd,7,user_058c1800,0.675412
user_f827c7dd,8,user_4d4f73a6,0.669199
user_f827c7dd,9,user_1dc24686,0.667640
user_f827c7dd,10,user_6fbf6191,0.665895
user_f827c7dd,11,user_91f807b9,0.660367
user_f827c7dd,12,user_55058479,0.651754
user_f827c7dd,13,user_9bee2a7c,0.647405
user_f827c7dd,14,user_6a0b0e92,0.643936
user_f827c7dd,15,user_ec574395,0.643447
user_f8e2246f,1,user_f8e2246f,0.841325
user_f8e2246f,2,user_fb64cb55,0.814272
user_f8e2246f,3,user_6bb64984,0.813266
user_f8e2246f,4,user_b6b89f00,0.807076
user_f8e2246f,5,user_25b48a9a,0.804934
user_f8e2246f,6,user_417702c5,0.804331
user_f8e2246f,7,user_33c6501d,0.801991
user_f8e2246f,8,user_1b7f8c56,0.796889
user_f8e2246f,9,user_7af2ed90,0.793475
user_f8e2246f,10,user_8fbb6d9c,0.787927
user_f8e2246f,11,user_4f864d55,0.785156
user_f8e2246f,12,user_6011e674,0.783740
user_f8e2246f,13,user_e6dd44b0,0.780466
user_f8e2246f,14,user_c41de62b,0.779332
user_f8e2246f,15,user_940c7213,0.776719
user_f930e37f,1,user_a57e47b1,0.762249
user_f930e37f,2,user_4b139395,0.761388
user_f930e37f,3,user_ebddf9c1,0.753476
user_f930e37f,4,user_f930e37f,0.745010
user_f930e37f,5,user_c39d41d7,0.741747
user_f930e37f,6,user_bd05225b,0.740860
user_f930e37f,7,user_aabd2642,0.739573
user_f930e37f,8,user_d955d7e2,0.738921
user_f930e37f,9,user_920c074a,0.731095
user_f930e37f,10,user_0a0bcaa6,0.728848
user_f930e37f,11,user_723406a0,0.725772
user_f930e37f,12,user_f75c71f0,0.724714
user_f930e37f,13,user_40a0bad3,0.724128
user_f930e37f,14,user_f60a09b3,0.721160
user_f930e37f,15,user_7924afc9,0.720392
user_f959eee4,1,user_636d1da4,0.533536
user_f959eee4,2,user_f959eee4,0.532171
user_f959eee4,3,user_cdd86523,0.454634
user_f959eee4,4,user_a7c6197a,0.451863
user_f959eee4,5,user_8e217d1b,0.448265
user_f959eee4,6,user_8d85acb5,0.442947
user_f959eee4,7,user_9c5071dd,0.442194
user_f959eee4,8,user_fde2d265,0.438056
user_f959eee4,9,user_7fd91653,0.437713
user_f959eee4,10,user_d8335067,0.437024
user_f959eee4,11,user_32f31383,0.430260
user_f959eee4,12,user_5a283043,0.429243
user_f959eee4,13,user_846d1f36,0.426982
user_f959eee4,14,user_3a39cc49,0.423424
user_f959eee4,15,user_cbabbcee,0.418622
user_fa60616d,1,user_f827c7dd,0.704631
user_fa60616d,2,user_f6188968,0.669792
user_fa60616d,3,user_f930e37f,0.669127
user_fa60616d,4,user_058c1800,0.668031
user_fa60616d,5,user_45d008d3,0.667737
user_fa60616d,6,user_0f006eec,0.655156
user_fa60616d,7,user_454733da,0.651957
user_fa60616d,8,user_906e2423,0.651112
user_fa60616d,9,user_6fc85c06,0.647218
user_fa60616d,10,user_9ee84e18,0.646097
user_fa60616d,11,user_1e08d102,0.644814
user_fa60616d,12,user_9bee2a7c,0.641055
user_fa60616d,13,user_a346dfc4,0.639851
user_fa60616d,14,user_c4c70447,0.638011
user_fa60616d,15,user_89e04335,0.636148
user_fa69a385,1,user_94cad3a5,0.787887
user_fa69a385,2,user_6c2d672f,0.773229
user_fa69a385,3,user_6fc85c06,0.752594
user_fa69a385,4,user_b9036662,0.744140
user_fa69a385,5,user_1a7d6cd5,0.741846
user_fa69a385,6,user_b9b94432,0.739961
user_fa69a385,7,user_f930e37f,0.732737
user_fa69a385,8,user_ded778b8,0.728538
user_fa69a385,9,user_fdc08e26,0.727131
user_fa69a385,10,user_fdcaaf41,0.725467
user_fa69a385,11,user_5c82df31,0.723535
user_fa69a385,12,user_e3f9409b,0.721895
user_fa69a385,13,user_07ec3726,0.720562
user_fa69a385,14,user_9571d0d5,0.720426
user_fa69a385,15,user_16ac4154,0.718324
user_fb427339,1,user_94cad3a5,0.819021
user_fb427339,2,user_9fe4e0f5,0.799779
user_fb427339,3,user_b0129d9e,0.789459
user_fb427339,4,user_1a7d6cd5,0.786388
user_fb427339,5,user_3b79395c,0.784423
user_fb427339,6,user_7f623d19,0.782031
user_fb427339,7,user_02fecea2,0.780031
user_fb427339,8,user_6c2d672f,0.778837
user_fb427339,9,user_107259c3,0.778613
user_fb427339,10,user_3b1da5d9,0.776463
user_fb427339,11,user_ea67f9c6,0.775633
user_fb427339,12,user_8713f22a,0.769436
user_fb427339,13,user_3431c049,0.765508
user_fb427339,14,user_586752e4,0.762641
user_fb427339,15,user_166a3647,0.762113
user_fb64cb55,1,user_9ee84e18,0.775312
user_fb64cb55,2,user_fb64cb55,0.732459
user_fb64cb55,3,user_ba4a78fc,0.725391
user_fb64cb55,4,user_6011e674,0.723026
user_fb64cb55,5,user_c41de62b,0.716356
user_fb64cb55,6,user_903329bb,0.715866
user_fb64cb55,7,user_56980aa9,0.713740
user_fb64cb55,8,user_65d73ac1,0.713670
user_fb64cb55,9,user_417702c5,0.709952
user_fb64cb55,10,user_d023a78e,0.708475
user_fb64cb55,11,user_ed3091a2,0.694376
user_fb64cb55,12,user_9571d0d5,0.692610
user_fb64cb55,13,user_59e8bc2a,0.692604
user_fb64cb55,14,user_f827c7dd,0.691892
user_fb64cb55,15,user_16ac4154,0.690542
user_fb8f46c8,1,user_364bb955,0.792104
user_fb8f46c8,2,user_166a3647,0.780594
user_fb8f46c8,3,user_5c9b579a,0.778330
user_fb8f46c8,4,user_476670f9,0.775722
user_fb8f46c8,5,user_95d648bc,0.761086
user_fb8f46c8,6,user_02fecea2,0.758932
user_fb8f46c8,7,user_fcf93ee8,0.756767
user_fb8f46c8,8,user_e6dd44b0,0.756463
user_fb8f46c8,9,user_3e284ba5,0.751191
user_fb8f46c8,10,user_b1a5a37e,0.749702
user_fb8f46c8,11,user_b0129d9e,0.746984
user_fb8f46c8,12,user_da51dede,0.746272
user_fb8f46c8,13,user_d691d016,0.741245
user_fb8f46c8,14,user_737dd050,0.739685
user_fb8f46c8,15,user_8ae8c359,0.739269
user_fbed237d,1,user_0bc8e727,0.791166
user_fbed237d,2,user_fbed237d,0.771218
user_fbed237d,3,user_2c2a5c24,0.765893
user_fbed237d,4,user_0e82fe11,0.763962
user_fbed237d,5,user_62b122b9,0.758958
user_fbed237d,6,user_daf59045,0.753787
user_fbed237d,7,user_5fddc7f1,0.752682
user_fbed237d,8,user_74cfb8ef,0.749430
user_fbed237d,9,user_a61b0d31,0.747590
user_fbed237d,10,user_b4214db6,0.744527
user_fbed237d,11,user_e30558fe,0.739066
user_fbed237d,12,user_03969305,0.738253
user_fbed237d,13,user_98f18241,0.737518
user_fbed237d,14,user_5c9b579a,0.737153
user_fbed237d,15,user_586752e4,0.734245
user_fc1cfe0b,1,user_fc1cfe0b,0.681860
user_fc1cfe0b,2,user_56980aa9,0.681007
user_fc1cfe0b,3,user_9ee84e18,0.643468
user_fc1cfe0b,4,user_e4f8ab0c,0.638031
user_fc1cfe0b,5,user_d023a78e,0.635022
user_fc1cfe0b,6,user_9571d0d5,0.634950
user_fc1cfe0b,7,user_3eb49f37,0.633840
user_fc1cfe0b,8,user_b9036662,0.619701
user_fc1cfe0b,9,user_eafc973e,0.617753
user_fc1cfe0b,10,user_454733da,0.611211
user_fc1cfe0b,11,user_0cc626ee,0.610264
user_fc1cfe0b,12,user_423c81dc,0.609665
user_fc1cfe0b,13,user_f827c7dd,0.604510
user_fc1cfe0b,14,user_ba4a78fc,0.603559
user_fc1cfe0b,15,user_f6188968,0.588123
user_fca58a87,1,user_165a2706,0.820879
user_fca58a87,2,user_fca58a87,0.806201
user_fca58a87,3,user_fb64cb55,0.792230
user_fca58a87,4,user_835666af,0.784006
user_fca58a87,5,user_8e97a154,0.762125
user_fca58a87,6,user_6fc85c06,0.761586
user_fca58a87,7,user_acb51eed,0.761106
user_fca58a87,8,user_9ee84e18,0.759815
user_fca58a87,9,user_f60a09b3,0.759125
user_fca58a87,10,user_83afc7b2,0.754995
user_fca58a87,11,user_a4a77a7d,0.754697
user_fca58a87,12,user_737dd050,0.754472
user_fca58a87,13,user_89e04335,0.754146
user_fca58a87,14,user_f0cf195f,0.750589
user_fca58a87,15,user_5ac1a174,0.748221
user_fcf93ee8,1,user_c1a70ab7,0.741512
user_fcf93ee8,2,user_41b20ee4,0.637585
user_fcf93ee8,3,user_fa69a385,0.626360
user_fcf93ee8,4,user_bbb0205e,0.601554
user_fcf93ee8,5,user_a4aab257,0.589673
user_fcf93ee8,6,user_94f4a027,0.584063
user_fcf93ee8,7,user_d14b7d7b,0.582517
user_fcf93ee8,8,user_8006727d,0.568140
user_fcf93ee8,9,user_52f895f1,0.566760
user_fcf93ee8,10,user_0bd8ba7c,0.560874
user_fcf93ee8,11,user_2c3eb234,0.558986
user_fcf93ee8,12,user_0a3f46b9,0.554820
user_fcf93ee8,13,user_795eb408,0.544069
user_fcf93ee8,14,user_470c0785,0.540596
user_fcf93ee8,15,user_9818dcae,0.538188
user_fdc08e26,1,user_4f3b6241,0.776769
user_fdc08e26,2,user_c7beef01,0.745701
user_fdc08e26,3,user_aaa1e595,0.721141
user_fdc08e26,4,user_9a5457b0,0.717903
user_fdc08e26,5,user_7f623d19,0.717756
user_fdc08e26,6,user_0128a546,0.717250
user_fdc08e26,7,user_76638121,0.711443
user_fdc08e26,8,user_b63ea1d4,0.705384
user_fdc08e26,9,user_88e84020,0.702802
user_fdc08e26,10,user_9c88ee3d,0.699441
user_fdc08e26,11,user_94cad3a5,0.695814
user_fdc08e26,12,user_6c2d672f,0.693897
user_fdc08e26,13,user_1246b252,0.690615
user_fdc08e26,14,user_efb27a8e,0.688744
user_fdc08e26,15,user_3431c049,0.687069
user_fdcaaf41,1,user_df8dc9bb,0.791893
user_fdcaaf41,2,user_107259c3,0.785415
user_fdcaaf41,3,user_25798310,0.774897
user_fdcaaf41,4,user_03410579,0.772552
user_fdcaaf41,5,user_147d1bbb,0.770362
user_fdcaaf41,6,user_b0129d9e,0.769190
user_fdcaaf41,7,user_885e8708,0.759966
user_fdcaaf41,8,user_7a8f7f3e,0.758401
user_fdcaaf41,9,user_166a3647,0.752717
user_fdcaaf41,10,user_500badda,0.747909
user_fdcaaf41,11,user_7f56f9a5,0.746737
user_fdcaaf41,12,user_0c578ab5,0.743565
user_fdcaaf41,13,user_fdcaaf41,0.742305
user_fdcaaf41,14,user_7b5f54c0,0.740693
user_fdcaaf41,15,user_89571ce8,0.740012
user_fde2d265,1,user_ec574395,0.818697
user_fde2d265,2,user_6bf0e007,0.815524
user_fde2d265,3,user_111cfe7d,0.815188
user_fde2d265,4,user_69a4dd06,0.808432
user_fde2d265,5,user_4f3b6241,0.799720
user_fde2d265,6,user_74d27419,0.793606
user_fde2d265,7,user_94f185bc,0.791445
user_fde2d265,8,user_fde2d265,0.791391
user_fde2d265,9,user_2e05a7a0,0.789555
user_fde2d265,10,user_29cd4556,0.785802
user_fde2d265,11,user_e802076d,0.784959
user_fde2d265,12,user_9bee2a7c,0.784587
user_fde2d265,13,user_380ddd3f,0.772709
user_fde2d265,14,user_cf393213,0.771877
user_fde2d265,15,user_91f807b9,0.767065
user_fe922ad0,1,user_03969305,0.819119
user_fe922ad0,2,user_6fc85c06,0.810840
user_fe922ad0,3,user_df8dc9bb,0.810229
user_fe922ad0,4,user_e59c000f,0.807129
user_fe922ad0,5,user_88b2faba,0.805334
user_fe922ad0,6,user_e5a6abbe,0.802710
user_fe922ad0,7,user_6a13946a,0.800444
user_fe922ad0,8,user_0898fc4b,0.798202
user_fe922ad0,9,user_fdcaaf41,0.798109
user_fe922ad0,10,user_6ab8f7d4,0.797882
user_fe922ad0,11,user_147d1bbb,0.796291
user_fe922ad0,12,user_5993b36a,0.795684
user_fe922ad0,13,user_83afc7b2,0.793796
user_fe922ad0,14,user_2e81a539,0.791478
user_fe922ad0,15,user_89e04335,0.789051
user_ff39b6cf,1,user_8e5e899b,0.777600
user_ff39b6cf,2,user_c59ebe9c,0.764050
user_ff39b6cf,3,user_4144252d,0.758282
user_ff39b6cf,4,user_29266f60,0.741284
user_ff39b6cf,5,user_87e5d9b0,0.740194
user_ff39b6cf,6,user_ff39b6cf,0.732964
user_ff39b6cf,7,user_3b1da5d9,0.724641
user_ff39b6cf,8,user_233fda02,0.718644
user_ff39b6cf,9,user_107259c3,0.715611
user_ff39b6cf,10,user_b1d0760b,0.707025
user_ff39b6cf,11,user_5c9b579a,0.697184
user_ff39b6cf,12,user_07db2c6a,0.697115
user_ff39b6cf,13,user_df8dc9bb,0.694989
user_ff39b6cf,14,user_ea67f9c6,0.692467
user_ff39b6cf,15,user_166a3647,0.690713
user_ff591131,1,user_f60a09b3,0.811813
user_ff591131,2,user_6fc85c06,0.811638
user_ff591131,3,user_39b3eda0,0.805413
user_ff591131,4,user_ff591131,0.803315
user_ff591131,5,user_5c82df31,0.794906
user_ff591131,6,user_e6057285,0.774169
user_ff591131,7,user_7fd91653,0.771775
user_ff591131,8,user_df8dc9bb,0.767440
user_ff591131,9,user_7f56f9a5,0.754763
user_ff591131,10,user_7a8f7f3e,0.753133
user_ff591131,11,user_83afc7b2,0.752083
user_ff591131,12,user_a4893af1,0.751335
user_ff591131,13,user_058c1800,0.750675
user_ff591131,14,user_c5f32c0d,0.749332
user_ff591131,15,user_394c25cc,0.746601
