query_user_id,rank,candidate_user_id,score
user_0168255c,1,user_5d1b0daf,0.855243
user_0168255c,2,user_f43d6008,0.837722
user_0168255c,3,user_4384dffe,0.760597
user_0168255c,4,user_ca6074df,0.758552
user_0168255c,5,user_8f8346ad,0.740905
user_0168255c,6,user_4bf6a4a0,0.734167
user_0168255c,7,user_2f766c23,0.730021
user_0168255c,8,user_6b311f43,0.729501
user_0168255c,9,user_650da71b,0.727406
user_0168255c,10,user_126670d7,0.725762
user_0168255c,11,user_6d2cb415,0.725019
user_0168255c,12,user_c32db875,0.722820
user_0168255c,13,user_18522854,0.720732
user_0168255c,14,user_a8dc91a3,0.719399
user_0168255c,15,user_9ce96cbf,0.715311
user_02016939,1,user_02016939,0.835446
user_02016939,2,user_6ae9ce92,0.831031
user_02016939,3,user_70bbda36,0.809193
user_02016939,4,user_70580e9a,0.809015
user_02016939,5,user_930dc61d,0.808190
user_02016939,6,user_fba6bcd4,0.804644
user_02016939,7,user_fde27362,0.801631
user_02016939,8,user_205d25f3,0.796175
user_02016939,9,user_ba085464,0.791994
user_02016939,10,user_74cfb8ef,0.788026
user_02016939,11,user_5c9b579a,0.785092
user_02016939,12,user_1f09455f,0.781110
user_02016939,13,user_95d648bc,0.779504
user_02016939,14,user_e6dd44b0,0.777533
user_02016939,15,user_ed1aaed8,0.775806
user_0285dee3,1,user_5d35f631,0.773924
user_0285dee3,2,user_d70942c1,0.761995
user_0285dee3,3,user_a75b4d6e,0.751192
user_0285dee3,4,user_a8dc91a3,0.748251
user_0285dee3,5,user_c4b781ce,0.747010
user_0285dee3,6,user_d96972e5,0.739929
user_0285dee3,7,user_5349c6cf,0.734285
user_0285dee3,8,user_756e2f00,0.731128
user_0285dee3,9,user_79f04645,0.730378
user_0285dee3,10,user_f0b144fc,0.728956
user_0285dee3,11,user_e802076d,0.728325
user_0285dee3,12,user_df8dc9bb,0.726719
user_0285dee3,13,user_380ddd3f,0.725864
user_0285dee3,14,user_6bf0e007,0.723039
user_0285dee3,15,user_69a4dd06,0.722023
user_02d03e8a,1,user_906e2423,0.743477
user_02d03e8a,2,user_2e05a7a0,0.731475
user_02d03e8a,3,user_07ec3726,0.697383
user_02d03e8a,4,user_96d9cb9a,0.695698
user_02d03e8a,5,user_6fbf6191,0.692417
user_02d03e8a,6,user_74d27419,0.680698
user_02d03e8a,7,user_ee8d5ec5,0.670815
user_02d03e8a,8,user_b9036662,0.668428
user_02d03e8a,9,user_380ddd3f,0.666323
user_02d03e8a,10,user_f107081e,0.665000
user_02d03e8a,11,user_6d2cb415,0.663038
user_02d03e8a,12,user_c8f82360,0.661442
user_02d03e8a,13,user_b8f24804,0.660925
user_02d03e8a,14,user_9bee2a7c,0.658749
user_02d03e8a,15,user_cf393213,0.651690
user_02d8a1f8,1,user_afff552a,0.834990
user_02d8a1f8,2,user_d1d16d30,0.830877
user_02d8a1f8,3,user_b325310b,0.818743
user_02d8a1f8,4,user_1b7f8c56,0.813314
user_02d8a1f8,5,user_aa2fbe83,0.806289
user_02d8a1f8,6,user_a01f16ac,0.804394
user_02d8a1f8,7,user_1936a7c3,0.803526
user_02d8a1f8,8,user_95d648bc,0.801823
user_02d8a1f8,9,user_d3663143,0.801381
user_02d8a1f8,10,user_940c7213,0.799730
user_02d8a1f8,11,user_7b052f32,0.797477
user_02d8a1f8,12,user_2cb4b018,0.789775
user_02d8a1f8,13,user_5881b259,0.783450
user_02d8a1f8,14,user_f8e2246f,0.781183
user_02d8a1f8,15,user_9c5071dd,0.781076
user_02fecea2,1,user_03410579,0.794242
user_02fecea2,2,user_aabd2642,0.790776
user_02fecea2,3,user_2cb4b018,0.781142
user_02fecea2,4,user_500badda,0.781008
user_02fecea2,5,user_920c074a,0.775065
user_02fecea2,6,user_b0129d9e,0.768034
user_02fecea2,7,user_1b7f8c56,0.764035
user_02fecea2,8,user_f51339f8,0.757861
user_02fecea2,9,user_95d648bc,0.753808
user_02fecea2,10,user_1a7d6cd5,0.752446
user_02fecea2,11,user_fdcaaf41,0.752106
user_02fecea2,12,user_6c2d672f,0.750628
user_02fecea2,13,user_cbabbcee,0.749329
user_02fecea2,14,user_df8dc9bb,0.748057
user_02fecea2,15,user_0c578ab5,0.747857
user_03410579,1,user_f14dc486,0.742221
user_03410579,2,user_0bd8ba7c,0.699439
user_03410579,3,user_d20928cc,0.666106
user_03410579,4,user_515ae840,0.657839
user_03410579,5,user_2c3eb234,0.650500
user_03410579,6,user_8c0c7619,0.634837
user_03410579,7,user_8a3bbeb2,0.633079
user_03410579,8,user_ba4f42bb,0.623573
user_03410579,9,user_ac6e9129,0.611815
user_03410579,10,user_470c0785,0.610375
user_03410579,11,user_795eb408,0.609942
user_03410579,12,user_63b4ae7a,0.608352
user_03410579,13,user_a4aab257,0.599989
user_03410579,14,user_c1a70ab7,0.599600
user_03410579,15,user_4bf6a4a0,0.599584
user_043ea160,1,user_043ea160,0.805676
user_043ea160,2,user_d2c97c8e,0.755683
user_043ea160,3,user_89e04335,0.748854
user_043ea160,4,user_52c9252c,0.740831
user_043ea160,5,user_e88c308b,0.734605
user_043ea160,6,user_9a307ebe,0.731734
user_043ea160,7,user_3971c3e6,0.719472
user_043ea160,8,user_205d25f3,0.716399
user_043ea160,9,user_394c25cc,0.713177
user_043ea160,10,user_98f18241,0.713021
user_043ea160,11,user_96013176,0.712390
user_043ea160,12,user_dca78fea,0.709691
user_043ea160,13,user_2e81a539,0.705735
user_043ea160,14,user_e5a6abbe,0.703208
user_043ea160,15,user_aabd2642,0.697774
user_04d29f9c,1,user_1a2755b3,0.771574
user_04d29f9c,2,user_04d29f9c,0.768333
user_04d29f9c,3,user_a7bfc229,0.766057
user_04d29f9c,4,user_cbabbcee,0.762928
user_04d29f9c,5,user_2c69b83e,0.762811
user_04d29f9c,6,user_13fb2e34,0.761088
user_04d29f9c,7,user_cdd86523,0.758408
user_04d29f9c,8,user_147d1bbb,0.757659
user_04d29f9c,9,user_02fecea2,0.740562
user_04d29f9c,10,user_cf393213,0.740255
user_04d29f9c,11,user_40a0bad3,0.733086
user_04d29f9c,12,user_7b5f54c0,0.730157
user_04d29f9c,13,user_09dea596,0.729486
user_04d29f9c,14,user_dbc4828c,0.728115
user_04d29f9c,15,user_03410579,0.725377
user_04d8419e,1,user_52f895f1,0.683575
user_04d8419e,2,user_397cfe20,0.636470
user_04d8419e,3,user_b1c16312,0.606889
user_04d8419e,4,user_19622b77,0.603404
user_04d8419e,5,user_94f4a027,0.591015
user_04d8419e,6,user_fa69a385,0.590980
user_04d8419e,7,user_c1a70ab7,0.588059
user_04d8419e,8,user_a2503734,0.566028
user_04d8419e,9,user_3666402b,0.560766
user_04d8419e,10,user_da245b56,0.555269
user_04d8419e,11,user_0bd8ba7c,0.551834
user_04d8419e,12,user_9a5457b0,0.550480
user_04d8419e,13,user_9b6481e4,0.548752
user_04d8419e,14,user_bbb0205e,0.547052
user_04d8419e,15,user_815b7baf,0.540601
user_0521a7ac,1,user_89e04335,0.698619
user_0521a7ac,2,user_fe67197f,0.678646
user_0521a7ac,3,user_6fc85c06,0.677053
user_0521a7ac,4,user_a743aff9,0.676610
user_0521a7ac,5,user_394c25cc,0.675955
user_0521a7ac,6,user_c67f26cc,0.674420
user_0521a7ac,7,user_7fd91653,0.673844
user_0521a7ac,8,user_d849ac6e,0.673600
user_0521a7ac,9,user_906e2423,0.664980
user_0521a7ac,10,user_96d9cb9a,0.662952
user_0521a7ac,11,user_d8335067,0.662934
user_0521a7ac,12,user_5c82df31,0.662769
user_0521a7ac,13,user_ff591131,0.662723
user_0521a7ac,14,user_69df6330,0.662117
user_0521a7ac,15,user_8f39f021,0.657741
user_058c1800,1,user_1e08d102,0.847614
user_058c1800,2,user_68d19df8,0.832287
user_058c1800,3,user_5881b259,0.829230
user_058c1800,4,user_dc326993,0.824639
user_058c1800,5,user_c39d41d7,0.815931
user_058c1800,6,user_723406a0,0.806966
user_058c1800,7,user_dbc4828c,0.794019
user_058c1800,8,user_433bdef0,0.791822
user_058c1800,9,user_8f8346ad,0.788012
user_058c1800,10,user_0a245f61,0.783254
user_058c1800,11,user_d199bef3,0.783159
user_058c1800,12,user_eae91488,0.782933
user_058c1800,13,user_83e30c57,0.782922
user_058c1800,14,user_7924afc9,0.782110
user_058c1800,15,user_cdd86523,0.780498
user_0697c470,1,user_0cc626ee,0.833979
user_0697c470,2,user_0a0bcaa6,0.815537
user_0697c470,3,user_030cf51a,0.772680
user_0697c470,4,user_69df6330,0.772463
user_0697c470,5,user_c008345b,0.768477
user_0697c470,6,user_4b139395,0.757309
user_0697c470,7,user_058d9dc1,0.753182
user_0697c470,8,user_d3663143,0.752764
user_0697c470,9,user_e8d15537,0.747369
user_0697c470,10,user_6fc85c06,0.743047
user_0697c470,11,user_25b48a9a,0.736876
user_0697c470,12,user_b9036662,0.736341
user_0697c470,13,user_bd05225b,0.732934
user_0697c470,14,user_1b7f8c56,0.726158
user_0697c470,15,user_f27da10a,0.722113
user_07cb458d,1,user_7b5f54c0,0.850737
user_07cb458d,2,user_147d1bbb,0.826445
user_07cb458d,3,user_07cb458d,0.824742
user_07cb458d,4,user_6deada35,0.820640
user_07cb458d,5,user_c994138f,0.816831
user_07cb458d,6,user_acd6ddfb,0.814280
user_07cb458d,7,user_ed1aaed8,0.812721
user_07cb458d,8,user_54c1ebee,0.812145
user_07cb458d,9,user_25798310,0.811458
user_07cb458d,10,user_aabd2642,0.806232
user_07cb458d,11,user_3e284ba5,0.804334
user_07cb458d,12,user_b63ea1d4,0.803509
user_07cb458d,13,user_d691d016,0.801940
user_07cb458d,14,user_e5a6abbe,0.800658
user_07cb458d,15,user_405db206,0.800585
user_07db2c6a,1,user_903329bb,0.779557
user_07db2c6a,2,user_8e5e899b,0.764657
user_07db2c6a,3,user_233fda02,0.757778
user_07db2c6a,4,user_aa4cc34a,0.751280
user_07db2c6a,5,user_4144252d,0.748149
user_07db2c6a,6,user_87e5d9b0,0.745607
user_07db2c6a,7,user_07db2c6a,0.720300
user_07db2c6a,8,user_3b90fb53,0.715654
user_07db2c6a,9,user_ff39b6cf,0.708208
user_07db2c6a,10,user_2c39731d,0.702616
user_07db2c6a,11,user_5d7cbf11,0.699281
user_07db2c6a,12,user_687feee4,0.692802
user_07db2c6a,13,user_c81fae29,0.689903
user_07db2c6a,14,user_9da8848a,0.687084
user_07db2c6a,15,user_0e82fe11,0.686026
user_07faa0fc,1,user_07faa0fc,0.717067
user_07faa0fc,2,user_dc20c886,0.676768
user_07faa0fc,3,user_233fda02,0.658955
user_07faa0fc,4,user_c81fae29,0.640659
user_07faa0fc,5,user_17054ec7,0.640621
user_07faa0fc,6,user_8e5e899b,0.633766
user_07faa0fc,7,user_74c84045,0.627001
user_07faa0fc,8,user_903329bb,0.620938
user_07faa0fc,9,user_9ee84e18,0.619114
user_07faa0fc,10,user_1b2d69c1,0.611570
user_07faa0fc,11,user_23e46560,0.608707
user_07faa0fc,12,user_4144252d,0.606543
user_07faa0fc,13,user_5c9b579a,0.601983
user_07faa0fc,14,user_ff39b6cf,0.599835
user_07faa0fc,15,user_87e5d9b0,0.596984
user_08aa624b,1,user_08aa624b,0.802285
user_08aa624b,2,user_8ac8f24f,0.782194
user_08aa624b,3,user_2d74cd4c,0.768627
user_08aa624b,4,user_81a80789,0.767150
user_08aa624b,5,user_1c45ab75,0.756724
user_08aa624b,6,user_acd6ddfb,0.756033
user_08aa624b,7,user_b325310b,0.753602
user_08aa624b,8,user_7b5f54c0,0.751860
user_08aa624b,9,user_2dc10d2d,0.750236
user_08aa624b,10,user_b6b89f00,0.749421
user_08aa624b,11,user_6bb64984,0.745882
user_08aa624b,12,user_ee89e069,0.733913
user_08aa624b,13,user_2cb4b018,0.731182
user_08aa624b,14,user_be06391b,0.729809
user_08aa624b,15,user_afff552a,0.729574
user_08c32973,1,user_6fa47d61,0.875137
user_08c32973,2,user_25652863,0.837599
user_08c32973,3,user_2efde048,0.835276
user_08c32973,4,user_08c32973,0.817671
user_08c32973,5,user_421ae417,0.809064
user_08c32973,6,user_7de6f343,0.808068
user_08c32973,7,user_2c2a5c24,0.805339
user_08c32973,8,user_0bc8e727,0.795850
user_08c32973,9,user_40efa894,0.792759
user_08c32973,10,user_372c2b3e,0.790057
user_08c32973,11,user_bf30f80d,0.789889
user_08c32973,12,user_4ea1ef09,0.785327
user_08c32973,13,user_e409a56d,0.781128
user_08c32973,14,user_f3377028,0.780027
user_08c32973,15,user_04f39d22,0.770942
user_08e9ce6e,1,user_6a28fa5d,0.775432
user_08e9ce6e,2,user_c73333a5,0.762116
user_08e9ce6e,3,user_aa19d173,0.734978
user_08e9ce6e,4,user_687feee4,0.722585
user_08e9ce6e,5,user_8e48a3f8,0.708207
user_08e9ce6e,6,user_5fddc7f1,0.707773
user_08e9ce6e,7,user_08e9ce6e,0.673215
user_08e9ce6e,8,user_1022be44,0.649047
user_08e9ce6e,9,user_6fa47d61,0.640306
user_08e9ce6e,10,user_eced69e7,0.639505
user_08e9ce6e,11,user_3bb7992e,0.638044
user_08e9ce6e,12,user_85c97ea1,0.635251
user_08e9ce6e,13,user_a615a6d1,0.634462
user_08e9ce6e,14,user_bf30f80d,0.630167
user_08e9ce6e,15,user_372c2b3e,0.626691
user_092e219d,1,user_0669bdf6,0.777772
user_092e219d,2,user_02d8a1f8,0.769301
user_092e219d,3,user_e5a6abbe,0.765829
user_092e219d,4,user_07cb458d,0.763841
user_092e219d,5,user_50e2a836,0.759299
user_092e219d,6,user_858fa00c,0.757789
user_092e219d,7,user_2a704b9c,0.753252
user_092e219d,8,user_ce424e88,0.752629
user_092e219d,9,user_636ad58f,0.747633
user_092e219d,10,user_84e93af7,0.747339
user_092e219d,11,user_38f4dfac,0.745253
user_092e219d,12,user_d955d7e2,0.743386
user_092e219d,13,user_c39d41d7,0.742367
user_092e219d,14,user_68d19df8,0.738734
user_092e219d,15,user_8d22714e,0.737835
user_0a0bcaa6,1,user_c34e791e,0.852963
user_0a0bcaa6,2,user_cf393213,0.827888
user_0a0bcaa6,3,user_2dd5b531,0.821444
user_0a0bcaa6,4,user_67acd9b1,0.815840
user_0a0bcaa6,5,user_8be3f554,0.814764
user_0a0bcaa6,6,user_b9036662,0.806575
user_0a0bcaa6,7,user_8f8346ad,0.806338
user_0a0bcaa6,8,user_8f39f021,0.803475
user_0a0bcaa6,9,user_16ac4154,0.803128
user_0a0bcaa6,10,user_2e05a7a0,0.795215
user_0a0bcaa6,11,user_41d0c897,0.793577
user_0a0bcaa6,12,user_9a307ebe,0.792171
user_0a0bcaa6,13,user_fdc08e26,0.792149
user_0a0bcaa6,14,user_1a2755b3,0.791628
user_0a0bcaa6,15,user_0eb2abf1,0.790852
user_0a245f61,1,user_0a245f61,0.896417
user_0a245f61,2,user_5881b259,0.861549
user_0a245f61,3,user_eae91488,0.853549
user_0a245f61,4,user_5c5a0b40,0.829569
user_0a245f61,5,user_80dc757f,0.827989
user_0a245f61,6,user_adab54a0,0.825171
user_0a245f61,7,user_f654c33b,0.822656
user_0a245f61,8,user_eb0927d1,0.821444
user_0a245f61,9,user_c5f32c0d,0.820503
user_0a245f61,10,user_b4214db6,0.817818
user_0a245f61,11,user_d199bef3,0.806320
user_0a245f61,12,user_ef954c6e,0.805965
user_0a245f61,13,user_b23aa915,0.804776
user_0a245f61,14,user_02d03e8a,0.804393
user_0a245f61,15,user_e59c000f,0.802632
user_0b5c256a,1,user_23ecc36a,0.785138
user_0b5c256a,2,user_5d1b0daf,0.761647
user_0b5c256a,3,user_5a6c91dd,0.736203
user_0b5c256a,4,user_a2503734,0.715444
user_0b5c256a,5,user_c6f50d12,0.713237
user_0b5c256a,6,user_2b03934e,0.711025
user_0b5c256a,7,user_8f8346ad,0.705292
user_0b5c256a,8,user_74d27419,0.692020
user_0b5c256a,9,user_18522854,0.691787
user_0b5c256a,10,user_efcacf59,0.689311
user_0b5c256a,11,user_b2dd04c8,0.685350
user_0b5c256a,12,user_ca6074df,0.684633
user_0b5c256a,13,user_d20928cc,0.682877
user_0b5c256a,14,user_a8dc91a3,0.682761
user_0b5c256a,15,user_0b5c256a,0.681876
user_0b64b183,1,user_0898fc4b,0.851814
user_0b64b183,2,user_83afc7b2,0.838761
user_0b64b183,3,user_e5a6abbe,0.836827
user_0b64b183,4,user_c5f32c0d,0.827391
user_0b64b183,5,user_df8dc9bb,0.826328
user_0b64b183,6,user_fba6bcd4,0.820857
user_0b64b183,7,user_b16e0cf8,0.820761
user_0b64b183,8,user_e6dd44b0,0.819882
user_0b64b183,9,user_e802076d,0.818340
user_0b64b183,10,user_ef954c6e,0.818258
user_0b64b183,11,user_147d1bbb,0.816968
user_0b64b183,12,user_0669bdf6,0.816957
user_0b64b183,13,user_b337cb0c,0.815535
user_0b64b183,14,user_03969305,0.814859
user_0b64b183,15,user_70bbda36,0.811254
user_0c578ab5,1,user_e2e59795,0.818209
user_0c578ab5,2,user_aabd2642,0.786558
user_0c578ab5,3,user_aa4cc34a,0.779575
user_0c578ab5,4,user_107259c3,0.771734
user_0c578ab5,5,user_0c578ab5,0.765854
user_0c578ab5,6,user_03410579,0.759766
user_0c578ab5,7,user_147d1bbb,0.758228
user_0c578ab5,8,user_bd05225b,0.757107
user_0c578ab5,9,user_b0129d9e,0.755258
user_0c578ab5,10,user_2cb4b018,0.753313
user_0c578ab5,11,user_fdcaaf41,0.753138
user_0c578ab5,12,user_63b4be5f,0.752553
user_0c578ab5,13,user_7c7220a4,0.751360
user_0c578ab5,14,user_2e81a539,0.751051
user_0c578ab5,15,user_166a3647,0.750191
user_0c8c48ac,1,user_f59d3941,0.671924
user_0c8c48ac,2,user_a6a094cf,0.643943
user_0c8c48ac,3,user_c81fae29,0.637347
user_0c8c48ac,4,user_78eff25f,0.623172
user_0c8c48ac,5,user_89197ce5,0.612455
user_0c8c48ac,6,user_dcf52d26,0.608508
user_0c8c48ac,7,user_3f1d04a6,0.603385
user_0c8c48ac,8,user_a5d9fab6,0.592826
user_0c8c48ac,9,user_d7fde080,0.587205
user_0c8c48ac,10,user_dc20c886,0.578377
user_0c8c48ac,11,user_ed3091a2,0.578141
user_0c8c48ac,12,user_8afa3eba,0.575967
user_0c8c48ac,13,user_17054ec7,0.573440
user_0c8c48ac,14,user_59e8bc2a,0.572719
user_0c8c48ac,15,user_07db2c6a,0.571207
user_0cc626ee,1,user_7b5f54c0,0.841897
user_0cc626ee,2,user_70bbda36,0.834953
user_0cc626ee,3,user_83afc7b2,0.833129
user_0cc626ee,4,user_166a3647,0.827717
user_0cc626ee,5,user_25798310,0.827127
user_0cc626ee,6,user_bd05225b,0.818768
user_0cc626ee,7,user_54c1ebee,0.818229
user_0cc626ee,8,user_c5f32c0d,0.817992
user_0cc626ee,9,user_147d1bbb,0.817544
user_0cc626ee,10,user_b16e0cf8,0.813123
user_0cc626ee,11,user_0898fc4b,0.812391
user_0cc626ee,12,user_df8dc9bb,0.811958
user_0cc626ee,13,user_fba6bcd4,0.810331
user_0cc626ee,14,user_c39d41d7,0.809074
user_0cc626ee,15,user_81a80789,0.808027
user_0cd29f02,1,user_bbe73426,0.805420
user_0cd29f02,2,user_cb2fe204,0.767276
user_0cd29f02,3,user_7a7dda35,0.759202
user_0cd29f02,4,user_970963fd,0.755933
user_0cd29f02,5,user_4f8b6987,0.740277
user_0cd29f02,6,user_1f1dc5e0,0.734209
user_0cd29f02,7,user_bf69de98,0.732627
user_0cd29f02,8,user_39b3eda0,0.730482
user_0cd29f02,9,user_a01f16ac,0.730185
user_0cd29f02,10,user_43a979d2,0.729626
user_0cd29f02,11,user_205d25f3,0.724519
user_0cd29f02,12,user_b605d5c9,0.724307
user_0cd29f02,13,user_2e81a539,0.723186
user_0cd29f02,14,user_920c074a,0.722865
user_0cd29f02,15,user_7b052f32,0.721601
user_0f0ad720,1,user_5a5bee64,0.719493
user_0f0ad720,2,user_2f4cc646,0.687291
user_0f0ad720,3,user_acd6ddfb,0.642997
user_0f0ad720,4,user_d5379647,0.640234
user_0f0ad720,5,user_1ae8e7f5,0.634776
user_0f0ad720,6,user_90202189,0.633630
user_0f0ad720,7,user_07db2c6a,0.626283
user_0f0ad720,8,user_7b5f54c0,0.619758
user_0f0ad720,9,user_07cb458d,0.613363
user_0f0ad720,10,user_81a80789,0.609405
user_0f0ad720,11,user_1022be44,0.604437
user_0f0ad720,12,user_8e92b8c1,0.597990
user_0f0ad720,13,user_8e48a3f8,0.587796
user_0f0ad720,14,user_d6175d39,0.585363
user_0f0ad720,15,user_a7f8db34,0.584939
user_107259c3,1,user_0128a546,0.783269
user_107259c3,2,user_3353b96b,0.771433
user_107259c3,3,user_107259c3,0.768495
user_107259c3,4,user_17054ec7,0.765684
user_107259c3,5,user_a411fb06,0.754238
user_107259c3,6,user_ea67f9c6,0.736225
user_107259c3,7,user_1ae8e7f5,0.728009
user_107259c3,8,user_9c88ee3d,0.726751
user_107259c3,9,user_f070eee7,0.718687
user_107259c3,10,user_8e5e899b,0.718267
user_107259c3,11,user_233fda02,0.718032
user_107259c3,12,user_ab434739,0.711725
user_107259c3,13,user_586752e4,0.710772
user_107259c3,14,user_ff39b6cf,0.707565
user_107259c3,15,user_6169d3b8,0.701581
user_10e64e28,1,user_3535252b,0.711630
user_10e64e28,2,user_9ce96cbf,0.683763
user_10e64e28,3,user_c157ca97,0.677997
user_10e64e28,4,user_c32db875,0.676668
user_10e64e28,5,user_efcacf59,0.654585
user_10e64e28,6,user_8c0c7619,0.652988
user_10e64e28,7,user_66a7ce5a,0.651293
user_10e64e28,8,user_61f90240,0.649970
user_10e64e28,9,user_2b03934e,0.642473
user_10e64e28,10,user_8be3f554,0.642431
user_10e64e28,11,user_b429ec64,0.642317
user_10e64e28,12,user_6b86248b,0.640933
user_10e64e28,13,user_e88c308b,0.639614
user_10e64e28,14,user_d2bd9832,0.638163
user_10e64e28,15,user_18522854,0.636242
user_111cfe7d,1,user_f60a09b3,0.873528
user_111cfe7d,2,user_e6057285,0.864722
user_111cfe7d,3,user_e802076d,0.855118
user_111cfe7d,4,user_6fc85c06,0.849186
user_111cfe7d,5,user_14a2d3c6,0.844939
user_111cfe7d,6,user_84c14a6f,0.843160
user_111cfe7d,7,user_5c82df31,0.836974
user_111cfe7d,8,user_e59c000f,0.836872
user_111cfe7d,9,user_bd05225b,0.832386
user_111cfe7d,10,user_f4f9490d,0.830852
user_111cfe7d,11,user_f27da10a,0.828304
user_111cfe7d,12,user_886f7373,0.827609
user_111cfe7d,13,user_0669bdf6,0.826218
user_111cfe7d,14,user_83afc7b2,0.819290
user_111cfe7d,15,user_a743aff9,0.816223
user_11e8421f,1,user_8a3bbeb2,0.669114
user_11e8421f,2,user_11e8421f,0.609846
user_11e8421f,3,user_0bd8ba7c,0.583074
user_11e8421f,4,user_2c3eb234,0.570440
user_11e8421f,5,user_8c11f026,0.537712
user_11e8421f,6,user_32934d38,0.493431
user_11e8421f,7,user_ebe17c78,0.481717
user_11e8421f,8,user_ee923f9d,0.468906
user_11e8421f,9,user_07ec3726,0.466020
user_11e8421f,10,user_89f449b4,0.454232
user_11e8421f,11,user_4a57e449,0.442964
user_11e8421f,12,user_19622b77,0.441209
user_11e8421f,13,user_c7beef01,0.433178
user_11e8421f,14,user_63b4ae7a,0.432464
user_11e8421f,15,user_41b20ee4,0.430926
user_1230e05a,1,user_1230e05a,0.882018
user_1230e05a,2,user_96c3cc43,0.768930
user_1230e05a,3,user_378003e3,0.746118
user_1230e05a,4,user_56e6d0cd,0.736055
user_1230e05a,5,user_75bc9924,0.733401
user_1230e05a,6,user_75905116,0.724212
user_1230e05a,7,user_d036c911,0.723112
user_1230e05a,8,user_85810097,0.716222
user_1230e05a,9,user_1736acbe,0.712255
user_1230e05a,10,user_695e56c9,0.710583
user_1230e05a,11,user_19952166,0.707482
user_1230e05a,12,user_97330742,0.693226
user_1230e05a,13,user_3535252b,0.692618
user_1230e05a,14,user_8d968cfb,0.691740
user_1230e05a,15,user_d5379647,0.687422
user_126670d7,1,user_f75c71f0,0.776651
user_126670d7,2,user_6a13946a,0.775117
user_126670d7,3,user_e4f8ab0c,0.767841
user_126670d7,4,user_226be32f,0.766004
user_126670d7,5,user_6fc85c06,0.759957
user_126670d7,6,user_5c82df31,0.748545
user_126670d7,7,user_058c1800,0.747422
user_126670d7,8,user_f60a09b3,0.733881
user_126670d7,9,user_9571d0d5,0.732978
user_126670d7,10,user_82d93459,0.728641
user_126670d7,11,user_56980aa9,0.728128
user_126670d7,12,user_0cc626ee,0.727669
user_126670d7,13,user_bd05225b,0.719992
user_126670d7,14,user_f27da10a,0.719086
user_126670d7,15,user_e8a7be73,0.718745
user_1302cb61,1,user_52f895f1,0.723671
user_1302cb61,2,user_da245b56,0.678566
user_1302cb61,3,user_1a7d6cd5,0.642383
user_1302cb61,4,user_b0129d9e,0.628953
user_1302cb61,5,user_942ff21e,0.623092
user_1302cb61,6,user_19622b77,0.618035
user_1302cb61,7,user_f2f860bd,0.614195
user_1302cb61,8,user_8fb63eca,0.608847
user_1302cb61,9,user_4d4f73a6,0.608160
user_1302cb61,10,user_81a80789,0.603422
user_1302cb61,11,user_9a5457b0,0.597855
user_1302cb61,12,user_3431c049,0.591168
user_1302cb61,13,user_02fecea2,0.590725
user_1302cb61,14,user_c1a70ab7,0.581643
user_1302cb61,15,user_c50a487d,0.579606
user_13f8ee07,1,user_6fc85c06,0.709286
user_13f8ee07,2,user_27a3fa64,0.695526
user_13f8ee07,3,user_7924afc9,0.690095
user_13f8ee07,4,user_7b052f32,0.689574
user_13f8ee07,5,user_fdcaaf41,0.683932
user_13f8ee07,6,user_9571d0d5,0.679285
user_13f8ee07,7,user_3ae49e46,0.677591
user_13f8ee07,8,user_ebddf9c1,0.672909
user_13f8ee07,9,user_1936a7c3,0.669637
user_13f8ee07,10,user_63b4be5f,0.666501
user_13f8ee07,11,user_f930e37f,0.665682
user_13f8ee07,12,user_7f56f9a5,0.665088
user_13f8ee07,13,user_2dd189e3,0.659885
user_13f8ee07,14,user_f75c71f0,0.658671
user_13f8ee07,15,user_b563e90b,0.654668
user_13fb2e34,1,user_13fb2e34,0.890075
user_13fb2e34,2,user_c903d3bb,0.842125
user_13fb2e34,3,user_09dea596,0.792346
user_13fb2e34,4,user_b9b94432,0.758414
user_13fb2e34,5,user_cd100edd,0.753653
user_13fb2e34,6,user_c50a487d,0.736641
user_13fb2e34,7,user_cbabbcee,0.732374
user_13fb2e34,8,user_1a7d6cd5,0.727844
user_13fb2e34,9,user_03410579,0.714225
user_13fb2e34,10,user_6c2d672f,0.694177
user_13fb2e34,11,user_e8ff8a9a,0.680407
user_13fb2e34,12,user_e9d1886c,0.676816
user_13fb2e34,13,user_bd6a40d5,0.676363
user_13fb2e34,14,user_500badda,0.673396
user_13fb2e34,15,user_fcf93ee8,0.672853
user_147d1bbb,1,user_920c074a,0.856344
user_147d1bbb,2,user_7f56f9a5,0.851965
user_147d1bbb,3,user_03410579,0.844125
user_147d1bbb,4,user_aabd2642,0.842414
user_147d1bbb,5,user_b0129d9e,0.837218
user_147d1bbb,6,user_5c9b579a,0.830769
user_147d1bbb,7,user_2e81a539,0.829877
user_147d1bbb,8,user_fdcaaf41,0.816777
user_147d1bbb,9,user_147d1bbb,0.815303
user_147d1bbb,10,user_364bb955,0.807031
user_147d1bbb,11,user_03969305,0.801176
user_147d1bbb,12,user_1b7f8c56,0.797101
user_147d1bbb,13,user_88b2faba,0.796430
user_147d1bbb,14,user_d758a0a1,0.794462
user_147d1bbb,15,user_9da8848a,0.792355
user_14a2d3c6,1,user_dac2c359,0.713545
user_14a2d3c6,2,user_84c14a6f,0.706749
user_14a2d3c6,3,user_14a2d3c6,0.702738
user_14a2d3c6,4,user_0669bdf6,0.691910
user_14a2d3c6,5,user_8285a696,0.690561
user_14a2d3c6,6,user_3eb49f37,0.677890
user_14a2d3c6,7,user_78eff25f,0.667293
user_14a2d3c6,8,user_ff591131,0.666185
user_14a2d3c6,9,user_5ac1a174,0.664749
user_14a2d3c6,10,user_8e5e899b,0.663262
user_14a2d3c6,11,user_ff39b6cf,0.660409
user_14a2d3c6,12,user_586752e4,0.657433
user_14a2d3c6,13,user_efa5697b,0.656255
user_14a2d3c6,14,user_4144252d,0.654769
user_14a2d3c6,15,user_058d9dc1,0.651637
user_159646d5,1,user_5bc74ae7,0.654310
user_159646d5,2,user_3850eb9e,0.529921
user_159646d5,3,user_b350e22b,0.518942
user_159646d5,4,user_b9d253e8,0.514243
user_159646d5,5,user_f5fea76f,0.506407
user_159646d5,6,user_f6188968,0.504223
user_159646d5,7,user_00723699,0.502466
user_159646d5,8,user_82d93459,0.501241
user_159646d5,9,user_e931b2cd,0.500436
user_159646d5,10,user_74da5a13,0.499970
user_159646d5,11,user_3bb7992e,0.499678
user_159646d5,12,user_032f6993,0.497635
user_159646d5,13,user_5a283043,0.492607
user_159646d5,14,user_2e81a539,0.488935
user_159646d5,15,user_bd05225b,0.488412
user_164057cc,1,user_164057cc,0.730414
user_164057cc,2,user_aa2fbe83,0.715050
user_164057cc,3,user_95d648bc,0.713910
user_164057cc,4,user_737dd050,0.708350
user_164057cc,5,user_1b7f8c56,0.699989
user_164057cc,6,user_e5a6abbe,0.697061
user_164057cc,7,user_7af2ed90,0.695239
user_164057cc,8,user_aabd2642,0.691493
user_164057cc,9,user_b1a5a37e,0.691194
user_164057cc,10,user_0e685b64,0.690844
user_164057cc,11,user_2dc10d2d,0.689462
user_164057cc,12,user_fb64cb55,0.689131
user_164057cc,13,user_940c7213,0.688384
user_164057cc,14,user_d2c97c8e,0.686936
user_164057cc,15,user_f8e2246f,0.686358
user_164fe4b8,1,user_9b6481e4,0.775319
user_164fe4b8,2,user_9bee2a7c,0.727486
user_164fe4b8,3,user_9e328c4e,0.725599
user_164fe4b8,4,user_55058479,0.699658
user_164fe4b8,5,user_c7beef01,0.689849
user_164fe4b8,6,user_c8f82360,0.686624
user_164fe4b8,7,user_9a5457b0,0.685112
user_164fe4b8,8,user_815b7baf,0.680180
user_164fe4b8,9,user_4f3b6241,0.669273
user_164fe4b8,10,user_259776c7,0.665002
user_164fe4b8,11,user_ffe2efae,0.659773
user_164fe4b8,12,user_6fbf6191,0.651986
user_164fe4b8,13,user_0128a546,0.648353
user_164fe4b8,14,user_b1c16312,0.646561
user_164fe4b8,15,user_9351238d,0.644794
user_165a2706,1,user_835666af,0.765228
user_165a2706,2,user_165a2706,0.754335
user_165a2706,3,user_fb64cb55,0.724129
user_165a2706,4,user_59e8bc2a,0.713056
user_165a2706,5,user_903329bb,0.705752
user_165a2706,6,user_fca58a87,0.705299
user_165a2706,7,user_9ee84e18,0.665444
user_165a2706,8,user_737dd050,0.656946
user_165a2706,9,user_6a0b0e92,0.650339
user_165a2706,10,user_aa4cc34a,0.650147
user_165a2706,11,user_058d9dc1,0.641617
user_165a2706,12,user_8e97a154,0.630003
user_165a2706,13,user_d10d1f24,0.629338
user_165a2706,14,user_5d7cbf11,0.629205
user_165a2706,15,user_d023a78e,0.624076
user_16b87e34,1,user_fdcaaf41,0.826836
user_16b87e34,2,user_14a2d3c6,0.815312
user_16b87e34,3,user_147d1bbb,0.813231
user_16b87e34,4,user_25798310,0.809632
user_16b87e34,5,user_5ac1a174,0.808190
user_16b87e34,6,user_df8dc9bb,0.803536
user_16b87e34,7,user_aabd2642,0.801580
user_16b87e34,8,user_d758a0a1,0.800798
user_16b87e34,9,user_0cc626ee,0.799101
user_16b87e34,10,user_a57e47b1,0.797228
user_16b87e34,11,user_88b2faba,0.796372
user_16b87e34,12,user_bd05225b,0.793679
user_16b87e34,13,user_83afc7b2,0.791991
user_16b87e34,14,user_50e2a836,0.790576
user_16b87e34,15,user_f4f9490d,0.789560
user_17355c30,1,user_17355c30,0.816283
user_17355c30,2,user_c4b781ce,0.803740
user_17355c30,3,user_01916bd2,0.803662
user_17355c30,4,user_a75b4d6e,0.791013
user_17355c30,5,user_29cd4556,0.776251
user_17355c30,6,user_6a13946a,0.768188
user_17355c30,7,user_5349c6cf,0.761029
user_17355c30,8,user_8d22714e,0.756409
user_17355c30,9,user_79f04645,0.750597
user_17355c30,10,user_df8dc9bb,0.750450
user_17355c30,11,user_858fa00c,0.748324
user_17355c30,12,user_5d35f631,0.745671
user_17355c30,13,user_a2480011,0.744002
user_17355c30,14,user_ecc1ca0a,0.743268
user_17355c30,15,user_a04b2a78,0.737638
user_17607ebc,1,user_a7c6197a,0.684279
user_17607ebc,2,user_38f4dfac,0.667571
user_17607ebc,3,user_2b03934e,0.656405
user_17607ebc,4,user_884ffdb2,0.644672
user_17607ebc,5,user_aa31484a,0.635817
user_17607ebc,6,user_98ca16a6,0.635357
user_17607ebc,7,user_96013176,0.634193
user_17607ebc,8,user_fca58a87,0.631271
user_17607ebc,9,user_83afc7b2,0.629074
user_17607ebc,10,user_df3c19a7,0.626403
user_17607ebc,11,user_17607ebc,0.620675
user_17607ebc,12,user_2a704b9c,0.619966
user_17607ebc,13,user_959adfc8,0.616670
user_17607ebc,14,user_f030b951,0.616179
user_17607ebc,15,user_c39d41d7,0.614644
user_183b3783,1,user_74d27419,0.814627
user_183b3783,2,user_ec574395,0.810370
user_183b3783,3,user_9ce96cbf,0.808398
user_183b3783,4,user_8f8346ad,0.804565
user_183b3783,5,user_55058479,0.797112
user_183b3783,6,user_6fbf6191,0.795369
user_183b3783,7,user_0b5c256a,0.790969
user_183b3783,8,user_f43d6008,0.784236
user_183b3783,9,user_a6c2e760,0.784088
user_183b3783,10,user_91f807b9,0.783674
user_183b3783,11,user_5d1b0daf,0.780296
user_183b3783,12,user_54b19b29,0.778775
user_183b3783,13,user_111cfe7d,0.769891
user_183b3783,14,user_cf393213,0.769677
user_183b3783,15,user_2e05a7a0,0.766758
user_18522854,1,user_ee14f818,0.811519
user_18522854,2,user_54c1ebee,0.776782
user_18522854,3,user_c204a1dd,0.769347
user_18522854,4,user_c35d6565,0.766056
user_18522854,5,user_daf37424,0.765684
user_18522854,6,user_8be3f554,0.763654
user_18522854,7,user_15179955,0.763643
user_18522854,8,user_4db0d490,0.762287
user_18522854,9,user_e802076d,0.757013
user_18522854,10,user_406c399e,0.753807
user_18522854,11,user_69df6330,0.751074
user_18522854,12,user_657c72ca,0.750359
user_18522854,13,user_65d73ac1,0.746250
user_18522854,14,user_96013176,0.745437
user_18522854,15,user_c5f32c0d,0.744895
user_18892460,1,user_e6057285,0.834583
user_18892460,2,user_a151ddab,0.833880
user_18892460,3,user_e59c000f,0.820967
user_18892460,4,user_2e81a539,0.820709
user_18892460,5,user_fba6bcd4,0.820174
user_18892460,6,user_14a2d3c6,0.818983
user_18892460,7,user_5881b259,0.818484
user_18892460,8,user_bd05225b,0.816489
user_18892460,9,user_18892460,0.815397
user_18892460,10,user_54c1ebee,0.812094
user_18892460,11,user_3239132f,0.809849
user_18892460,12,user_ed1aaed8,0.809228
user_18892460,13,user_b4214db6,0.806885
user_18892460,14,user_147d1bbb,0.800883
user_18892460,15,user_0898fc4b,0.800093
user_18c333c6,1,user_18c333c6,0.723825
user_18c333c6,2,user_fefec402,0.651122
user_18c333c6,3,user_65d73ac1,0.639425
user_18c333c6,4,user_567057e7,0.631288
user_18c333c6,5,user_f030b951,0.630106
user_18c333c6,6,user_74da5a13,0.623962
user_18c333c6,7,user_a9ed2c9e,0.620223
user_18c333c6,8,user_b9d253e8,0.614780
user_18c333c6,9,user_dca78fea,0.612998
user_18c333c6,10,user_74e32d78,0.609721
user_18c333c6,11,user_3ff3188b,0.604807
user_18c333c6,12,user_406c399e,0.603362
user_18c333c6,13,user_2b03934e,0.597440
user_18c333c6,14,user_fcf93ee8,0.589287
user_18c333c6,15,user_fb8f46c8,0.588462
user_192a215d,1,user_62b122b9,0.825936
user_192a215d,2,user_0bc8e727,0.807680
user_192a215d,3,user_25652863,0.803607
user_192a215d,4,user_a61b0d31,0.792357
user_192a215d,5,user_6fa47d61,0.766121
user_192a215d,6,user_e6dd44b0,0.757444
user_192a215d,7,user_2efde048,0.757361
user_192a215d,8,user_372c2b3e,0.757289
user_192a215d,9,user_7de6f343,0.755076
user_192a215d,10,user_fbed237d,0.753051
user_192a215d,11,user_40efa894,0.747874
user_192a215d,12,user_2c2a5c24,0.745924
user_192a215d,13,user_b1a5a37e,0.742748
user_192a215d,14,user_e409a56d,0.738738
user_192a215d,15,user_a2825b06,0.738708
user_194b92fc,1,user_8fbb6d9c,0.843488
user_194b92fc,2,user_9e39a95d,0.842301
user_194b92fc,3,user_d3663143,0.835910
user_194b92fc,4,user_1b7f8c56,0.814048
user_194b92fc,5,user_194b92fc,0.811862
user_194b92fc,6,user_25b48a9a,0.808183
user_194b92fc,7,user_16ac4154,0.798675
user_194b92fc,8,user_6011e674,0.791644
user_194b92fc,9,user_e838707b,0.788766
user_194b92fc,10,user_43049634,0.787891
user_194b92fc,11,user_b325310b,0.787794
user_194b92fc,12,user_f8e2246f,0.786578
user_194b92fc,13,user_3ac315cb,0.784856
user_194b92fc,14,user_6bb64984,0.783423
user_194b92fc,15,user_417702c5,0.782725
user_19641691,1,user_19641691,0.855312
user_19641691,2,user_93cdb7a1,0.781063
user_19641691,3,user_acb899e9,0.738107
user_19641691,4,user_5c9b579a,0.731841
user_19641691,5,user_fde27362,0.730038
user_19641691,6,user_b0129d9e,0.727580
user_19641691,7,user_7c7220a4,0.726502
user_19641691,8,user_b4f295b3,0.726147
user_19641691,9,user_b1d0760b,0.725058
user_19641691,10,user_c81fae29,0.716642
user_19641691,11,user_e2e59795,0.712896
user_19641691,12,user_70bbda36,0.711967
user_19641691,13,user_ded778b8,0.711919
user_19641691,14,user_baeb91b3,0.710083
user_19641691,15,user_5fddc7f1,0.707274
user_19952166,1,user_b2dd04c8,0.818841
user_19952166,2,user_d20928cc,0.818164
user_19952166,3,user_b429ec64,0.806025
user_19952166,4,user_2b03934e,0.795785
user_19952166,5,user_515ae840,0.792555
user_19952166,6,user_650da71b,0.791810
user_19952166,7,user_4e42bf97,0.788114
user_19952166,8,user_4bf6a4a0,0.780166
user_19952166,9,user_756e2f00,0.775957
user_19952166,10,user_829844fd,0.770129
user_19952166,11,user_5d1b0daf,0.766437
user_19952166,12,user_9ce96cbf,0.766425
user_19952166,13,user_8a669dcd,0.763049
user_19952166,14,user_0eeab432,0.751955
user_19952166,15,user_a8dc91a3,0.748162
user_1a2755b3,1,user_1a2755b3,0.903955
user_1a2755b3,2,user_15179955,0.879151
user_1a2755b3,3,user_0eb2abf1,0.871684
user_1a2755b3,4,user_c06d9b71,0.857248
user_1a2755b3,5,user_a57e47b1,0.844942
user_1a2755b3,6,user_405db206,0.833838
user_1a2755b3,7,user_cdd86523,0.832061
user_1a2755b3,8,user_b49274ca,0.831747
user_1a2755b3,9,user_40a0bad3,0.831394
user_1a2755b3,10,user_5a283043,0.824909
user_1a2755b3,11,user_ebddf9c1,0.819315
user_1a2755b3,12,user_a6c2e760,0.819234
user_1a2755b3,13,user_2dd5b531,0.818331
user_1a2755b3,14,user_fdcaaf41,0.817441
user_1a2755b3,15,user_7924afc9,0.817380
user_1a4bec69,1,user_1a4bec69,0.900524
user_1a4bec69,2,user_a52dd639,0.889447
user_1a4bec69,3,user_e409a56d,0.883863
user_1a4bec69,4,user_7de6f343,0.877772
user_1a4bec69,5,user_6fa47d61,0.860617
user_1a4bec69,6,user_25652863,0.857503
user_1a4bec69,7,user_04f39d22,0.842825
user_1a4bec69,8,user_2c2a5c24,0.839503
user_1a4bec69,9,user_2efde048,0.838484
user_1a4bec69,10,user_421ae417,0.832139
user_1a4bec69,11,user_4ea1ef09,0.831986
user_1a4bec69,12,user_81c4dae1,0.830511
user_1a4bec69,13,user_40efa894,0.826132
user_1a4bec69,14,user_08c32973,0.820118
user_1a4bec69,15,user_b2aba63a,0.819025
user_1a7d6cd5,1,user_683369b1,0.785168
user_1a7d6cd5,2,user_19622b77,0.784269
user_1a7d6cd5,3,user_52f895f1,0.743172
user_1a7d6cd5,4,user_c50a487d,0.720301
user_1a7d6cd5,5,user_3b79395c,0.712869
user_1a7d6cd5,6,user_942ff21e,0.705656
user_1a7d6cd5,7,user_1a7d6cd5,0.688345
user_1a7d6cd5,8,user_4d4f73a6,0.688151
user_1a7d6cd5,9,user_9d9fba70,0.680054
user_1a7d6cd5,10,user_e8ff8a9a,0.673670
user_1a7d6cd5,11,user_fe922ad0,0.670312
user_1a7d6cd5,12,user_338e1332,0.669863
user_1a7d6cd5,13,user_ffe2efae,0.668139
user_1a7d6cd5,14,user_f2f860bd,0.667499
user_1a7d6cd5,15,user_ab8e847b,0.665603
user_1b2d69c1,1,user_1b2d69c1,0.857382
user_1b2d69c1,2,user_74c84045,0.848433
user_1b2d69c1,3,user_e30558fe,0.841047
user_1b2d69c1,4,user_baa70592,0.816268
user_1b2d69c1,5,user_58892c7c,0.740801
user_1b2d69c1,6,user_98f18241,0.714502
user_1b2d69c1,7,user_07faa0fc,0.696728
user_1b2d69c1,8,user_3ff3188b,0.692662
user_1b2d69c1,9,user_43049634,0.686588
user_1b2d69c1,10,user_fba6bcd4,0.682090
user_1b2d69c1,11,user_04f39d22,0.677682
user_1b2d69c1,12,user_f030b951,0.672679
user_1b2d69c1,13,user_1b7f8c56,0.668212
user_1b2d69c1,14,user_40efa894,0.667868
user_1b2d69c1,15,user_b4214db6,0.667835
user_1b7f8c56,1,user_649f4327,0.826969
user_1b7f8c56,2,user_55058479,0.824080
user_1b7f8c56,3,user_c41de62b,0.813585
user_1b7f8c56,4,user_25b48a9a,0.810707
user_1b7f8c56,5,user_c8f82360,0.808608
user_1b7f8c56,6,user_c34e791e,0.804180
user_1b7f8c56,7,user_16ac4154,0.804087
user_1b7f8c56,8,user_54b19b29,0.803217
user_1b7f8c56,9,user_9bee2a7c,0.785176
user_1b7f8c56,10,user_56980aa9,0.784270
user_1b7f8c56,11,user_ab86ab82,0.782458
user_1b7f8c56,12,user_6fbf6191,0.776589
user_1b7f8c56,13,user_417702c5,0.774388
user_1b7f8c56,14,user_2e05a7a0,0.772412
user_1b7f8c56,15,user_f930e37f,0.772340
user_1b89f77a,1,user_02d03e8a,0.861515
user_1b89f77a,2,user_03969305,0.856486
user_1b89f77a,3,user_2dd5b531,0.845213
user_1b89f77a,4,user_7924afc9,0.843809
user_1b89f77a,5,user_adab54a0,0.839888
user_1b89f77a,6,user_e59c000f,0.838503
user_1b89f77a,7,user_a4a77a7d,0.835225
user_1b89f77a,8,user_c5f32c0d,0.833031
user_1b89f77a,9,user_e1730a9c,0.831673
user_1b89f77a,10,user_94f185bc,0.830583
user_1b89f77a,11,user_0cee87f3,0.824622
user_1b89f77a,12,user_69df6330,0.823153
user_1b89f77a,13,user_ef954c6e,0.822807
user_1b89f77a,14,user_f654c33b,0.820726
user_1b89f77a,15,user_433bdef0,0.818786
user_1d775dd8,1,user_ff591131,0.679405
user_1d775dd8,2,user_96a45b45,0.659609
user_1d775dd8,3,user_5c82df31,0.656844
user_1d775dd8,4,user_a4893af1,0.654996
user_1d775dd8,5,user_38433566,0.654872
user_1d775dd8,6,user_3239132f,0.651171
user_1d775dd8,7,user_4144252d,0.649635
user_1d775dd8,8,user_32f31383,0.646679
user_1d775dd8,9,user_524450e9,0.638111
user_1d775dd8,10,user_14a2d3c6,0.633591
user_1d775dd8,11,user_8ae8c359,0.632677
user_1d775dd8,12,user_a151ddab,0.629209
user_1d775dd8,13,user_858fa00c,0.628757
user_1d775dd8,14,user_e8a7be73,0.627167
user_1d775dd8,15,user_9da8848a,0.626076
user_1dc24686,1,user_7924afc9,0.821075
user_1dc24686,2,user_a743aff9,0.820185
user_1dc24686,3,user_c06d9b71,0.815273
user_1dc24686,4,user_dc326993,0.807552
user_1dc24686,5,user_5881b259,0.802742
user_1dc24686,6,user_b605d5c9,0.793439
user_1dc24686,7,user_f51339f8,0.792667
user_1dc24686,8,user_d1d16d30,0.791851
user_1dc24686,9,user_433bdef0,0.786440
user_1dc24686,10,user_69df6330,0.782288
user_1dc24686,11,user_e1730a9c,0.780557
user_1dc24686,12,user_0a0bcaa6,0.779677
user_1dc24686,13,user_80dc757f,0.776982
user_1dc24686,14,user_7fd91653,0.770819
user_1dc24686,15,user_fdcaaf41,0.769987
user_1df51301,1,user_c008345b,0.856669
user_1df51301,2,user_fba6bcd4,0.852586
user_1df51301,3,user_e802076d,0.839528
user_1df51301,4,user_0b64b183,0.830534
user_1df51301,5,user_03969305,0.827400
user_1df51301,6,user_bd05225b,0.826460
user_1df51301,7,user_e6dd44b0,0.825723
user_1df51301,8,user_5349c6cf,0.823182
user_1df51301,9,user_dbc4828c,0.821398
user_1df51301,10,user_4f755977,0.817998
user_1df51301,11,user_500badda,0.817358
user_1df51301,12,user_0c578ab5,0.816455
user_1df51301,13,user_a01f16ac,0.812176
user_1df51301,14,user_1b7f8c56,0.811867
user_1df51301,15,user_cbabbcee,0.811229
user_1e302679,1,user_71b9b8e0,0.761291
user_1e302679,2,user_25b48a9a,0.749013
user_1e302679,3,user_543e79f5,0.747757
user_1e302679,4,user_acb51eed,0.738941
user_1e302679,5,user_417702c5,0.737554
user_1e302679,6,user_e838707b,0.737210
user_1e302679,7,user_4f864d55,0.730909
user_1e302679,8,user_00723699,0.729973
user_1e302679,9,user_f8e2246f,0.728114
user_1e302679,10,user_c8f82360,0.727766
user_1e302679,11,user_2dc10d2d,0.718869
user_1e302679,12,user_b78601b5,0.717404
user_1e302679,13,user_940c7213,0.715433
user_1e302679,14,user_9c5cd7fa,0.703401
user_1e302679,15,user_649f4327,0.702755
user_1f1dc5e0,1,user_1f1dc5e0,0.838992
user_1f1dc5e0,2,user_0521a7ac,0.815535
user_1f1dc5e0,3,user_eb0927d1,0.810231
user_1f1dc5e0,4,user_e6057285,0.802549
user_1f1dc5e0,5,user_ef954c6e,0.752652
user_1f1dc5e0,6,user_394c25cc,0.747529
user_1f1dc5e0,7,user_5881b259,0.746388
user_1f1dc5e0,8,user_3049510b,0.744654
user_1f1dc5e0,9,user_89e04335,0.742161
user_1f1dc5e0,10,user_d1d16d30,0.741540
user_1f1dc5e0,11,user_886f7373,0.741136
user_1f1dc5e0,12,user_1936a7c3,0.734458
user_1f1dc5e0,13,user_c204a1dd,0.725664
user_1f1dc5e0,14,user_9c5071dd,0.721887
user_1f1dc5e0,15,user_80dc757f,0.715092
user_1f636ddc,1,user_70bbda36,0.843748
user_1f636ddc,2,user_e696f3ae,0.827797
user_1f636ddc,3,user_02016939,0.824006
user_1f636ddc,4,user_9a307ebe,0.823914
user_1f636ddc,5,user_2c69b83e,0.821324
user_1f636ddc,6,user_13fb2e34,0.819784
user_1f636ddc,7,user_500badda,0.819177
user_1f636ddc,8,user_e9d1886c,0.814672
user_1f636ddc,9,user_09dea596,0.810212
user_1f636ddc,10,user_02fecea2,0.804277
user_1f636ddc,11,user_7a8f7f3e,0.801217
user_1f636ddc,12,user_5526cbfd,0.800558
user_1f636ddc,13,user_fcf93ee8,0.800277
user_1f636ddc,14,user_586752e4,0.798097
user_1f636ddc,15,user_107259c3,0.797926
user_205d25f3,1,user_70bbda36,0.878735
user_205d25f3,2,user_02016939,0.872745
user_205d25f3,3,user_586752e4,0.821884
user_205d25f3,4,user_737dd050,0.820277
user_205d25f3,5,user_54c1ebee,0.807422
user_205d25f3,6,user_5526cbfd,0.804519
user_205d25f3,7,user_ded778b8,0.795488
user_205d25f3,8,user_147d1bbb,0.794820
user_205d25f3,9,user_5a6f92a6,0.785365
user_205d25f3,10,user_930dc61d,0.784981
user_205d25f3,11,user_ed1aaed8,0.783743
user_205d25f3,12,user_9a307ebe,0.783059
user_205d25f3,13,user_8e97a154,0.778957
user_205d25f3,14,user_1fb8e9e5,0.773053
user_205d25f3,15,user_70580e9a,0.772243
user_20e741d0,1,user_5c9b579a,0.817499
user_20e741d0,2,user_03410579,0.814124
user_20e741d0,3,user_81a80789,0.808316
user_20e741d0,4,user_7b5f54c0,0.804671
user_20e741d0,5,user_364bb955,0.801092
user_20e741d0,6,user_1246b252,0.796358
user_20e741d0,7,user_1a7d6cd5,0.786666
user_20e741d0,8,user_b0129d9e,0.786069
user_20e741d0,9,user_02fecea2,0.780940
user_20e741d0,10,user_70bbda36,0.779840
user_20e741d0,11,user_0d32f0ed,0.778610
user_20e741d0,12,user_25798310,0.776788
user_20e741d0,13,user_3b1da5d9,0.771035
user_20e741d0,14,user_885e8708,0.770951
user_20e741d0,15,user_166a3647,0.766586
user_2142b6e1,1,user_2142b6e1,0.806292
user_2142b6e1,2,user_1a7d6cd5,0.779372
user_2142b6e1,3,user_04d29f9c,0.774569
user_2142b6e1,4,user_89571ce8,0.764157
user_2142b6e1,5,user_8fb63eca,0.762983
user_2142b6e1,6,user_03410579,0.762079
user_2142b6e1,7,user_147d1bbb,0.761020
user_2142b6e1,8,user_1246b252,0.752602
user_2142b6e1,9,user_7b5f54c0,0.750205
user_2142b6e1,10,user_02fecea2,0.747611
user_2142b6e1,11,user_3431c049,0.737420
user_2142b6e1,12,user_70bbda36,0.736890
user_2142b6e1,13,user_166a3647,0.733133
user_2142b6e1,14,user_81a80789,0.730347
user_2142b6e1,15,user_c50a487d,0.727696
user_21b4fa31,1,user_21b4fa31,0.854535
user_21b4fa31,2,user_9692f077,0.725231
user_21b4fa31,3,user_a3a4a20a,0.716715
user_21b4fa31,4,user_0c578ab5,0.703043
user_21b4fa31,5,user_e696f3ae,0.697440
user_21b4fa31,6,user_3ff3188b,0.693222
user_21b4fa31,7,user_e51692a6,0.684434
user_21b4fa31,8,user_2c69b83e,0.680945
user_21b4fa31,9,user_c34e791e,0.678457
user_21b4fa31,10,user_7c7220a4,0.677139
user_21b4fa31,11,user_16ac4154,0.676965
user_21b4fa31,12,user_0f0ad720,0.676789
user_21b4fa31,13,user_f030b951,0.672864
user_21b4fa31,14,user_3ac315cb,0.671715
user_21b4fa31,15,user_1c7b7780,0.670903
user_226be32f,1,user_b45d0d20,0.847820
user_226be32f,2,user_33f2a818,0.818760
user_226be32f,3,user_7d6962d9,0.767937
user_226be32f,4,user_829844fd,0.708948
user_226be32f,5,user_c1aa2063,0.690992
user_226be32f,6,user_b2dd04c8,0.690893
user_226be32f,7,user_79a1811b,0.684436
user_226be32f,8,user_7cb1ae65,0.650495
user_226be32f,9,user_3ce4c1f8,0.641520
user_226be32f,10,user_aae78e0d,0.629511
user_226be32f,11,user_18522854,0.624238
user_226be32f,12,user_0f006eec,0.623433
user_226be32f,13,user_d20928cc,0.606761
user_226be32f,14,user_b1c16312,0.602397
user_226be32f,15,user_6d2cb415,0.590811
user_2373103d,1,user_68d19df8,0.784154
user_2373103d,2,user_e5a6abbe,0.782344
user_2373103d,3,user_2373103d,0.774527
user_2373103d,4,user_b23aa915,0.767305
user_2373103d,5,user_c5f32c0d,0.760313
user_2373103d,6,user_7fd91653,0.759700
user_2373103d,7,user_38ab51d4,0.758391
user_2373103d,8,user_886f7373,0.757259
user_2373103d,9,user_636ad58f,0.755131
user_2373103d,10,user_032e5bc8,0.754165
user_2373103d,11,user_5c5a0b40,0.752448
user_2373103d,12,user_0669bdf6,0.751172
user_2373103d,13,user_d199bef3,0.744739
user_2373103d,14,user_39b3eda0,0.740344
user_2373103d,15,user_ff591131,0.737404
user_23e46560,1,user_23e46560,0.812390
user_23e46560,2,user_58892c7c,0.811369
user_23e46560,3,user_07faa0fc,0.772611
user_23e46560,4,user_1b2d69c1,0.638703
user_23e46560,5,user_2eaaa117,0.636954
user_23e46560,6,user_a9ed5193,0.608832
user_23e46560,7,user_74c84045,0.591761
user_23e46560,8,user_85c97ea1,0.555824
user_23e46560,9,user_e30558fe,0.548543
user_23e46560,10,user_baa70592,0.528885
user_23e46560,11,user_74da5a13,0.497429
user_23e46560,12,user_aa19d173,0.473185
user_23e46560,13,user_d461f818,0.468653
user_23e46560,14,user_b9d253e8,0.468591
user_23e46560,15,user_1022be44,0.460821
user_245fd42f,1,user_723406a0,0.901708
user_245fd42f,2,user_5881b259,0.870551
user_245fd42f,3,user_c39d41d7,0.863346
user_245fd42f,4,user_d955d7e2,0.861359
user_245fd42f,5,user_954805d7,0.843377
user_245fd42f,6,user_dbc4828c,0.842320
user_245fd42f,7,user_a57e47b1,0.819500
user_245fd42f,8,user_91f807b9,0.816206
user_245fd42f,9,user_636ad58f,0.813299
user_245fd42f,10,user_dd0bd02d,0.812623
user_245fd42f,11,user_50e2a836,0.810666
user_245fd42f,12,user_69df6330,0.805130
user_245fd42f,13,user_1ef33a43,0.804965
user_245fd42f,14,user_a743aff9,0.804368
user_245fd42f,15,user_d1d16d30,0.802824
user_25652863,1,user_6fa47d61,0.869759
user_25652863,2,user_25652863,0.858109
user_25652863,3,user_7de6f343,0.857753
user_25652863,4,user_40efa894,0.856359
user_25652863,5,user_04f39d22,0.842859
user_25652863,6,user_74cfb8ef,0.840988
user_25652863,7,user_421ae417,0.837040
user_25652863,8,user_ba8b1c05,0.833788
user_25652863,9,user_372c2b3e,0.828020
user_25652863,10,user_08c32973,0.827813
user_25652863,11,user_e409a56d,0.822349
user_25652863,12,user_0bc8e727,0.820447
user_25652863,13,user_2efde048,0.818049
user_25652863,14,user_bf30f80d,0.817796
user_25652863,15,user_2c2a5c24,0.815259
user_25798310,1,user_7bbd1543,0.709454
user_25798310,2,user_4aaa8404,0.707805
user_25798310,3,user_09dea596,0.705981
user_25798310,4,user_205d25f3,0.695947
user_25798310,5,user_7c7220a4,0.694534
user_25798310,6,user_93cdb7a1,0.683543
user_25798310,7,user_e9d1886c,0.681307
user_25798310,8,user_fde27362,0.674476
user_25798310,9,user_ba085464,0.670986
user_25798310,10,user_6ae9ce92,0.668959
user_25798310,11,user_98f18241,0.659040
user_25798310,12,user_b9b94432,0.652882
user_25798310,13,user_baeb91b3,0.648301
user_25798310,14,user_a743aff9,0.647839
user_25798310,15,user_124651ff,0.638903
user_25b48a9a,1,user_25b48a9a,0.847346
user_25b48a9a,2,user_9a5457b0,0.824815
user_25b48a9a,3,user_16ac4154,0.823565
user_25b48a9a,4,user_c2f18cf7,0.817872
user_25b48a9a,5,user_57c1d6c0,0.811963
user_25b48a9a,6,user_56980aa9,0.810152
user_25b48a9a,7,user_67acd9b1,0.809203
user_25b48a9a,8,user_c34e791e,0.804558
user_25b48a9a,9,user_9351238d,0.800770
user_25b48a9a,10,user_fdc08e26,0.798325
user_25b48a9a,11,user_b9036662,0.796209
user_25b48a9a,12,user_03969305,0.792668
user_25b48a9a,13,user_9a307ebe,0.787430
user_25b48a9a,14,user_417702c5,0.785732
user_25b48a9a,15,user_f930e37f,0.783875
user_26565155,1,user_a57e47b1,0.863487
user_26565155,2,user_88b2faba,0.853460
user_26565155,3,user_fdcaaf41,0.852595
user_26565155,4,user_cdd86523,0.848681
user_26565155,5,user_147d1bbb,0.831137
user_26565155,6,user_dd1d7b22,0.826745
user_26565155,7,user_0eb2abf1,0.813905
user_26565155,8,user_2dd5b531,0.805257
user_26565155,9,user_c06d9b71,0.799548
user_26565155,10,user_40a0bad3,0.797871
user_26565155,11,user_1a2755b3,0.795404
user_26565155,12,user_e5a6abbe,0.793571
user_26565155,13,user_03969305,0.792692
user_26565155,14,user_7924afc9,0.788493
user_26565155,15,user_69df6330,0.787869
user_26fa9d90,1,user_fb64cb55,0.874615
user_26fa9d90,2,user_940c7213,0.828579
user_26fa9d90,3,user_1b7f8c56,0.816033
user_26fa9d90,4,user_33c6501d,0.812452
user_26fa9d90,5,user_eb0927d1,0.810561
user_26fa9d90,6,user_6c2d672f,0.803058
user_26fa9d90,7,user_5881b259,0.796118
user_26fa9d90,8,user_d3663143,0.794187
user_26fa9d90,9,user_95d648bc,0.792850
user_26fa9d90,10,user_0a0bcaa6,0.792318
user_26fa9d90,11,user_c008345b,0.789569
user_26fa9d90,12,user_fdcaaf41,0.788021
user_26fa9d90,13,user_f8e2246f,0.786780
user_26fa9d90,14,user_bd05225b,0.786569
user_26fa9d90,15,user_ab30f0fb,0.786474
user_27a3fa64,1,user_27a3fa64,0.861152
user_27a3fa64,2,user_bbe73426,0.829766
user_27a3fa64,3,user_1936a7c3,0.822902
user_27a3fa64,4,user_bf69de98,0.815559
user_27a3fa64,5,user_7b052f32,0.813053
user_27a3fa64,6,user_cb2fe204,0.807647
user_27a3fa64,7,user_205d25f3,0.805477
user_27a3fa64,8,user_7f56f9a5,0.796388
user_27a3fa64,9,user_920c074a,0.775245
user_27a3fa64,10,user_2e81a539,0.772860
user_27a3fa64,11,user_3049510b,0.766026
user_27a3fa64,12,user_e6057285,0.759987
user_27a3fa64,13,user_1f1dc5e0,0.759731
user_27a3fa64,14,user_d1d16d30,0.756704
user_27a3fa64,15,user_dc326993,0.756355
user_2920b35e,1,user_2920b35e,0.867399
user_2920b35e,2,user_d6175d39,0.788937
user_2920b35e,3,user_f030b951,0.782170
user_2920b35e,4,user_b6350ec1,0.781431
user_2920b35e,5,user_ed1aaed8,0.765628
user_2920b35e,6,user_fba6bcd4,0.748537
user_2920b35e,7,user_dd1d7b22,0.746694
user_2920b35e,8,user_1ef33a43,0.746566
user_2920b35e,9,user_3ff3188b,0.746446
user_2920b35e,10,user_2c69b83e,0.741817
user_2920b35e,11,user_cc1c8897,0.741043
user_2920b35e,12,user_657c72ca,0.734649
user_2920b35e,13,user_70580e9a,0.732045
user_2920b35e,14,user_3971c3e6,0.730704
user_2920b35e,15,user_b4214db6,0.730267
user_29cd4556,1,user_86685a27,0.564525
user_29cd4556,2,user_f5c4370b,0.538473
user_29cd4556,3,user_ed3091a2,0.513731
user_29cd4556,4,user_e70b6a25,0.503580
user_29cd4556,5,user_16b87e34,0.498858
user_29cd4556,6,user_1bcbacb3,0.493906
user_29cd4556,7,user_17355c30,0.487334
user_29cd4556,8,user_6058434c,0.483508
user_29cd4556,9,user_49b1ac46,0.461566
user_29cd4556,10,user_a6a094cf,0.450281
user_29cd4556,11,user_f827c7dd,0.449216
user_29cd4556,12,user_07db2c6a,0.446226
user_29cd4556,13,user_3a55606c,0.444756
user_29cd4556,14,user_598cc905,0.442569
user_29cd4556,15,user_3666402b,0.439380
user_2a704b9c,1,user_723406a0,0.825695
user_2a704b9c,2,user_82879210,0.822502
user_2a704b9c,3,user_9dda4af9,0.820338
user_2a704b9c,4,user_b4214db6,0.818601
user_2a704b9c,5,user_8d968cfb,0.816233
user_2a704b9c,6,user_5881b259,0.815602
user_2a704b9c,7,user_8663226a,0.812026
user_2a704b9c,8,user_4db0d490,0.811796
user_2a704b9c,9,user_dbc4828c,0.811441
user_2a704b9c,10,user_657c72ca,0.805950
user_2a704b9c,11,user_1ef33a43,0.804339
user_2a704b9c,12,user_3f2fbc90,0.800968
user_2a704b9c,13,user_84e93af7,0.799770
user_2a704b9c,14,user_c39d41d7,0.798214
user_2a704b9c,15,user_73623b4e,0.796520
user_2a94c885,1,user_cf393213,0.704468
user_2a94c885,2,user_32f31383,0.699594
user_2a94c885,3,user_9600e8bf,0.693556
user_2a94c885,4,user_cdd86523,0.690194
user_2a94c885,5,user_0eb2abf1,0.682430
user_2a94c885,6,user_84c14a6f,0.673261
user_2a94c885,7,user_f4f9490d,0.670087
user_2a94c885,8,user_a57e47b1,0.656362
user_2a94c885,9,user_b7f60e64,0.655509
user_2a94c885,10,user_6fbf6191,0.653094
user_2a94c885,11,user_61f90240,0.645114
user_2a94c885,12,user_a6c2e760,0.644363
user_2a94c885,13,user_259776c7,0.644265
user_2a94c885,14,user_0a3bcf86,0.644073
user_2a94c885,15,user_c8f82360,0.640832
user_2b271761,1,user_7aa3746b,0.849754
user_2b271761,2,user_a4a77a7d,0.840854
user_2b271761,3,user_5881b259,0.837781
user_2b271761,4,user_fde2d265,0.834934
user_2b271761,5,user_954805d7,0.829799
user_2b271761,6,user_89e04335,0.826159
user_2b271761,7,user_2dd5b531,0.820992
user_2b271761,8,user_8a760553,0.818429
user_2b271761,9,user_636ad58f,0.809688
user_2b271761,10,user_c39d41d7,0.806374
user_2b271761,11,user_15179955,0.806100
user_2b271761,12,user_adab54a0,0.804984
user_2b271761,13,user_30802254,0.804829
user_2b271761,14,user_80dc757f,0.804674
user_2b271761,15,user_5c5a0b40,0.802480
user_2b750e1c,1,user_2c3eb234,0.636778
user_2b750e1c,2,user_8a3bbeb2,0.632420
user_2b750e1c,3,user_0bd8ba7c,0.606320
user_2b750e1c,4,user_b8f24804,0.581971
user_2b750e1c,5,user_ee923f9d,0.580057
user_2b750e1c,6,user_2b03934e,0.554694
user_2b750e1c,7,user_32934d38,0.551243
user_2b750e1c,8,user_f52ced02,0.547753
user_2b750e1c,9,user_fb8f46c8,0.545231
user_2b750e1c,10,user_515ae840,0.544068
user_2b750e1c,11,user_4e42bf97,0.540479
user_2b750e1c,12,user_ebe17c78,0.539599
user_2b750e1c,13,user_89f449b4,0.538883
user_2b750e1c,14,user_1e302679,0.523894
user_2b750e1c,15,user_f14dc486,0.521473
user_2b79ef0b,1,user_0ff0b922,0.820610
user_2b79ef0b,2,user_b4f295b3,0.789509
user_2b79ef0b,3,user_500badda,0.788491
user_2b79ef0b,4,user_2b79ef0b,0.788331
user_2b79ef0b,5,user_e64d80ba,0.784353
user_2b79ef0b,6,user_124651ff,0.781988
user_2b79ef0b,7,user_2cb4b018,0.773651
user_2b79ef0b,8,user_6c2d672f,0.771292
user_2b79ef0b,9,user_147d1bbb,0.751279
user_2b79ef0b,10,user_ded778b8,0.751064
user_2b79ef0b,11,user_a3a4a20a,0.750277
user_2b79ef0b,12,user_bd05225b,0.744424
user_2b79ef0b,13,user_166a3647,0.743756
user_2b79ef0b,14,user_0898fc4b,0.743754
user_2b79ef0b,15,user_e6dd44b0,0.742264
user_2c3eb234,1,user_3bc84c13,0.780970
user_2c3eb234,2,user_67acd9b1,0.773164
user_2c3eb234,3,user_9a5457b0,0.770984
user_2c3eb234,4,user_f930e37f,0.770909
user_2c3eb234,5,user_124651ff,0.754332
user_2c3eb234,6,user_ded778b8,0.744821
user_2c3eb234,7,user_16ac4154,0.741117
user_2c3eb234,8,user_6fc85c06,0.738089
user_2c3eb234,9,user_6d421600,0.725056
user_2c3eb234,10,user_43049634,0.722488
user_2c3eb234,11,user_9bee2a7c,0.722303
user_2c3eb234,12,user_b9036662,0.719630
user_2c3eb234,13,user_07ec3726,0.715462
user_2c3eb234,14,user_04f39d22,0.711235
user_2c3eb234,15,user_5159d3a1,0.711183
user_2c69b83e,1,user_54c1ebee,0.886708
user_2c69b83e,2,user_147d1bbb,0.870665
user_2c69b83e,3,user_7b5f54c0,0.867100
user_2c69b83e,4,user_c994138f,0.865838
user_2c69b83e,5,user_fba6bcd4,0.861639
user_2c69b83e,6,user_5881b259,0.859362
user_2c69b83e,7,user_bd05225b,0.857981
user_2c69b83e,8,user_88b2faba,0.856166
user_2c69b83e,9,user_c5f32c0d,0.855742
user_2c69b83e,10,user_03969305,0.854104
user_2c69b83e,11,user_2c69b83e,0.853038
user_2c69b83e,12,user_25798310,0.852803
user_2c69b83e,13,user_e6057285,0.852621
user_2c69b83e,14,user_96013176,0.851924
user_2c69b83e,15,user_ed1aaed8,0.851549
user_2c940ff8,1,user_2c940ff8,0.815501
user_2c940ff8,2,user_0f006eec,0.780508
user_2c940ff8,3,user_98a676ce,0.707109
user_2c940ff8,4,user_2b03934e,0.675273
user_2c940ff8,5,user_23ecc36a,0.665553
user_2c940ff8,6,user_858fa00c,0.663259
user_2c940ff8,7,user_406c399e,0.638076
user_2c940ff8,8,user_8be3f554,0.634131
user_2c940ff8,9,user_4893b4d0,0.632103
user_2c940ff8,10,user_a8dc91a3,0.631752
user_2c940ff8,11,user_b2dd04c8,0.631316
user_2c940ff8,12,user_8a669dcd,0.627660
user_2c940ff8,13,user_8c0c7619,0.616670
user_2c940ff8,14,user_18522854,0.613462
user_2c940ff8,15,user_66a7ce5a,0.611934
user_2d74cd4c,1,user_6bb64984,0.857517
user_2d74cd4c,2,user_417702c5,0.854568
user_2d74cd4c,3,user_3ff3188b,0.851791
user_2d74cd4c,4,user_b6b89f00,0.850263
user_2d74cd4c,5,user_9dda4af9,0.849061
user_2d74cd4c,6,user_3ac315cb,0.847401
user_2d74cd4c,7,user_8fbb6d9c,0.845002
user_2d74cd4c,8,user_d3663143,0.844391
user_2d74cd4c,9,user_1b7f8c56,0.840130
user_2d74cd4c,10,user_b325310b,0.839213
user_2d74cd4c,11,user_c34e791e,0.834765
user_2d74cd4c,12,user_16ac4154,0.832472
user_2d74cd4c,13,user_6011e674,0.832196
user_2d74cd4c,14,user_aa2fbe83,0.831971
user_2d74cd4c,15,user_940c7213,0.831368
user_2dc10d2d,1,user_acb51eed,0.846305
user_2dc10d2d,2,user_aa2fbe83,0.831220
user_2dc10d2d,3,user_940c7213,0.828208
user_2dc10d2d,4,user_33c6501d,0.826884
user_2dc10d2d,5,user_afff552a,0.825018
user_2dc10d2d,6,user_fb64cb55,0.820844
user_2dc10d2d,7,user_5993b36a,0.820106
user_2dc10d2d,8,user_2cb4b018,0.819849
user_2dc10d2d,9,user_1b7f8c56,0.811753
user_2dc10d2d,10,user_95d648bc,0.803795
user_2dc10d2d,11,user_bd05225b,0.803621
user_2dc10d2d,12,user_c5f32c0d,0.800924
user_2dc10d2d,13,user_8ac8f24f,0.797079
user_2dc10d2d,14,user_165a2706,0.797012
user_2dc10d2d,15,user_be06391b,0.793216
user_2dd189e3,1,user_5881b259,0.846019
user_2dd189e3,2,user_c39d41d7,0.845676
user_2dd189e3,3,user_e59c000f,0.837404
user_2dd189e3,4,user_636ad58f,0.835496
user_2dd189e3,5,user_83afc7b2,0.833648
user_2dd189e3,6,user_89e04335,0.831811
user_2dd189e3,7,user_a4a77a7d,0.830217
user_2dd189e3,8,user_69df6330,0.829565
user_2dd189e3,9,user_c5f32c0d,0.825394
user_2dd189e3,10,user_1936a7c3,0.824398
user_2dd189e3,11,user_0898fc4b,0.824072
user_2dd189e3,12,user_7924afc9,0.821677
user_2dd189e3,13,user_03969305,0.819467
user_2dd189e3,14,user_5993b36a,0.819344
user_2dd189e3,15,user_a743aff9,0.818989
user_2eaaa117,1,user_02016939,0.797878
user_2eaaa117,2,user_ded778b8,0.789488
user_2eaaa117,3,user_6ae9ce92,0.787882
user_2eaaa117,4,user_70bbda36,0.780408
user_2eaaa117,5,user_2eaaa117,0.746414
user_2eaaa117,6,user_fde27362,0.745483
user_2eaaa117,7,user_107259c3,0.745029
user_2eaaa117,8,user_930dc61d,0.743902
user_2eaaa117,9,user_6169d3b8,0.742055
user_2eaaa117,10,user_500badda,0.741397
user_2eaaa117,11,user_baeb91b3,0.740684
user_2eaaa117,12,user_586752e4,0.736919
user_2eaaa117,13,user_ba085464,0.736557
user_2eaaa117,14,user_acb51eed,0.736097
user_2eaaa117,15,user_124651ff,0.733100
user_2eb5d860,1,user_c5c57a9d,0.815864
user_2eb5d860,2,user_039d004e,0.709994
user_2eb5d860,3,user_2dd189e3,0.693700
user_2eb5d860,4,user_c67f26cc,0.687670
user_2eb5d860,5,user_efac3c1d,0.680614
user_2eb5d860,6,user_d20928cc,0.679383
user_2eb5d860,7,user_23ecc36a,0.669989
user_2eb5d860,8,user_515ae840,0.668085
user_2eb5d860,9,user_2eb5d860,0.660385
user_2eb5d860,10,user_f14dc486,0.657684
user_2eb5d860,11,user_4384dffe,0.637404
user_2eb5d860,12,user_b2dd04c8,0.633848
user_2eb5d860,13,user_c32db875,0.631777
user_2eb5d860,14,user_d849ac6e,0.627190
user_2eb5d860,15,user_4b139395,0.625811
user_2efde048,1,user_08c32973,0.848665
user_2efde048,2,user_2efde048,0.837716
user_2efde048,3,user_6fa47d61,0.833801
user_2efde048,4,user_2c2a5c24,0.831820
user_2efde048,5,user_f5e1eee0,0.829712
user_2efde048,6,user_f3377028,0.829461
user_2efde048,7,user_bf30f80d,0.823345
user_2efde048,8,user_7de6f343,0.810707
user_2efde048,9,user_ba8b1c05,0.802689
user_2efde048,10,user_64cd3098,0.801018
user_2efde048,11,user_e409a56d,0.799520
user_2efde048,12,user_4ea1ef09,0.799464
user_2efde048,13,user_04f39d22,0.792022
user_2efde048,14,user_25652863,0.788829
user_2efde048,15,user_74cfb8ef,0.787614
user_2f1085dd,1,user_107259c3,0.816611
user_2f1085dd,2,user_1ae8e7f5,0.772596
user_2f1085dd,3,user_baeb91b3,0.767491
user_2f1085dd,4,user_6169d3b8,0.761921
user_2f1085dd,5,user_17054ec7,0.760576
user_2f1085dd,6,user_f070eee7,0.760412
user_2f1085dd,7,user_e2e59795,0.755744
user_2f1085dd,8,user_76638121,0.754668
user_2f1085dd,9,user_b4f295b3,0.747072
user_2f1085dd,10,user_7c7220a4,0.743868
user_2f1085dd,11,user_6476648d,0.731314
user_2f1085dd,12,user_b1d0760b,0.723449
user_2f1085dd,13,user_5c9b579a,0.721538
user_2f1085dd,14,user_7f623d19,0.720522
user_2f1085dd,15,user_ea67f9c6,0.717711
user_2f766c23,1,user_b325310b,0.877552
user_2f766c23,2,user_afff552a,0.850704
user_2f766c23,3,user_aa2fbe83,0.837356
user_2f766c23,4,user_b6b89f00,0.830181
user_2f766c23,5,user_1b7f8c56,0.829170
user_2f766c23,6,user_ee89e069,0.826431
user_2f766c23,7,user_f8e2246f,0.812600
user_2f766c23,8,user_d3663143,0.811998
user_2f766c23,9,user_3ac315cb,0.808702
user_2f766c23,10,user_2d74cd4c,0.790408
user_2f766c23,11,user_940c7213,0.790229
user_2f766c23,12,user_2cb4b018,0.788742
user_2f766c23,13,user_1a2755b3,0.788179
user_2f766c23,14,user_fba6bcd4,0.787841
user_2f766c23,15,user_95d648bc,0.783684
user_3049510b,1,user_b605d5c9,0.793533
user_3049510b,2,user_c67f26cc,0.788909
user_3049510b,3,user_bd05225b,0.764906
user_3049510b,4,user_d758a0a1,0.764740
user_3049510b,5,user_c39d41d7,0.762768
user_3049510b,6,user_2dd189e3,0.761415
user_3049510b,7,user_aabd2642,0.761247
user_3049510b,8,user_5881b259,0.761085
user_3049510b,9,user_c0eba9f2,0.759509
user_3049510b,10,user_920c074a,0.751634
user_3049510b,11,user_2e81a539,0.749564
user_3049510b,12,user_1f1dc5e0,0.748013
user_3049510b,13,user_4b139395,0.746266
user_3049510b,14,user_14a2d3c6,0.746060
user_3049510b,15,user_5993b36a,0.745569
user_30802254,1,user_cf393213,0.831948
user_30802254,2,user_8f8346ad,0.811904
user_30802254,3,user_2dd5b531,0.808742
user_30802254,4,user_ec574395,0.797737
user_30802254,5,user_111cfe7d,0.791370
user_30802254,6,user_4c8199a7,0.786563
user_30802254,7,user_b9036662,0.784313
user_30802254,8,user_54b19b29,0.777717
user_30802254,9,user_74d27419,0.774704
user_30802254,10,user_c4c70447,0.772612
user_30802254,11,user_aa2fbe83,0.771474
user_30802254,12,user_45926b89,0.770760
user_30802254,13,user_9a307ebe,0.761725
user_30802254,14,user_89e04335,0.757848
user_30802254,15,user_f4f9490d,0.757692
user_3121653d,1,user_75251485,0.712131
user_3121653d,2,user_b1c16312,0.693844
user_3121653d,3,user_b429ec64,0.680988
user_3121653d,4,user_829844fd,0.672897
user_3121653d,5,user_a2503734,0.666082
user_3121653d,6,user_23ecc36a,0.659901
user_3121653d,7,user_d20928cc,0.658098
user_3121653d,8,user_938164a5,0.651143
user_3121653d,9,user_b2dd04c8,0.649673
user_3121653d,10,user_515ae840,0.645108
user_3121653d,11,user_756e2f00,0.643997
user_3121653d,12,user_c6f50d12,0.643531
user_3121653d,13,user_49b1ac46,0.639956
user_3121653d,14,user_c32db875,0.636570
user_3121653d,15,user_4e42bf97,0.626620
user_32934d38,1,user_8f8346ad,0.729663
user_32934d38,2,user_c4c70447,0.719546
user_32934d38,3,user_ec574395,0.706059
user_32934d38,4,user_165a2706,0.703387
user_32934d38,5,user_74d27419,0.689698
user_32934d38,6,user_a7c6197a,0.685153
user_32934d38,7,user_fca58a87,0.678534
user_32934d38,8,user_a8dc91a3,0.675809
user_32934d38,9,user_3c81ee09,0.675451
user_32934d38,10,user_91f807b9,0.675396
user_32934d38,11,user_cf393213,0.672441
user_32934d38,12,user_38433566,0.670573
user_32934d38,13,user_94f185bc,0.669960
user_32934d38,14,user_6fc85c06,0.668491
user_32934d38,15,user_83afc7b2,0.667927
user_32ae32f9,1,user_e838707b,0.831722
user_32ae32f9,2,user_8be3f554,0.801210
user_32ae32f9,3,user_acb51eed,0.798200
user_32ae32f9,4,user_9dda4af9,0.795353
user_32ae32f9,5,user_4f864d55,0.789892
user_32ae32f9,6,user_1b7f8c56,0.788595
user_32ae32f9,7,user_417702c5,0.779033
user_32ae32f9,8,user_16ac4154,0.773807
user_32ae32f9,9,user_d3663143,0.772246
user_32ae32f9,10,user_f8e2246f,0.771124
user_32ae32f9,11,user_3ac315cb,0.769075
user_32ae32f9,12,user_d2c97c8e,0.767561
user_32ae32f9,13,user_d849ac6e,0.765717
user_32ae32f9,14,user_2cb4b018,0.765487
user_32ae32f9,15,user_940c7213,0.764007
user_32f31383,1,user_886f7373,0.866037
user_32f31383,2,user_e59c000f,0.854952
user_32f31383,3,user_14a2d3c6,0.853688
user_32f31383,4,user_5c5a0b40,0.848095
user_32f31383,5,user_e802076d,0.846860
user_32f31383,6,user_e6057285,0.841274
user_32f31383,7,user_03969305,0.841272
user_32f31383,8,user_2dd5b531,0.840288
user_32f31383,9,user_89e04335,0.836125
user_32f31383,10,user_8a760553,0.834725
user_32f31383,11,user_cf393213,0.833203
user_32f31383,12,user_b23aa915,0.832663
user_32f31383,13,user_394c25cc,0.830659
user_32f31383,14,user_5881b259,0.829636
user_32f31383,15,user_84c14a6f,0.827046
user_3353b96b,1,user_baeb91b3,0.864702
user_3353b96b,2,user_107259c3,0.819710
user_3353b96b,3,user_70bbda36,0.814897
user_3353b96b,4,user_b4f295b3,0.808799
user_3353b96b,5,user_6169d3b8,0.803639
user_3353b96b,6,user_ded778b8,0.797500
user_3353b96b,7,user_3353b96b,0.792530
user_3353b96b,8,user_7c7220a4,0.790267
user_3353b96b,9,user_17054ec7,0.784808
user_3353b96b,10,user_ea67f9c6,0.776749
user_3353b96b,11,user_02016939,0.774738
user_3353b96b,12,user_ba085464,0.768456
user_3353b96b,13,user_124651ff,0.767720
user_3353b96b,14,user_f070eee7,0.767060
user_3353b96b,15,user_fcf93ee8,0.766719
user_338e1332,1,user_df8dc9bb,0.860929
user_338e1332,2,user_5a6f92a6,0.856784
user_338e1332,3,user_3239132f,0.856741
user_338e1332,4,user_147d1bbb,0.856462
user_338e1332,5,user_54c1ebee,0.851053
user_338e1332,6,user_e6057285,0.846670
user_338e1332,7,user_b350e22b,0.843077
user_338e1332,8,user_e802076d,0.842619
user_338e1332,9,user_83afc7b2,0.840237
user_338e1332,10,user_586752e4,0.837568
user_338e1332,11,user_25798310,0.837309
user_338e1332,12,user_8e97a154,0.836189
user_338e1332,13,user_c5f32c0d,0.833733
user_338e1332,14,user_a151ddab,0.832066
user_338e1332,15,user_3e284ba5,0.830083
user_34b1fb84,1,user_fba6bcd4,0.836749
user_34b1fb84,2,user_aabd2642,0.832059
user_34b1fb84,3,user_1b7f8c56,0.827002
user_34b1fb84,4,user_9a307ebe,0.825542
user_34b1fb84,5,user_ef954c6e,0.819250
user_34b1fb84,6,user_95d648bc,0.816662
user_34b1fb84,7,user_e5a6abbe,0.814708
user_34b1fb84,8,user_9dda4af9,0.812717
user_34b1fb84,9,user_bf69de98,0.809333
user_34b1fb84,10,user_72b93300,0.806759
user_34b1fb84,11,user_e6057285,0.806648
user_34b1fb84,12,user_54c1ebee,0.806137
user_34b1fb84,13,user_205d25f3,0.804957
user_34b1fb84,14,user_e88c308b,0.804487
user_34b1fb84,15,user_aa2fbe83,0.804338
user_364bb955,1,user_147d1bbb,0.839966
user_364bb955,2,user_166a3647,0.838939
user_364bb955,3,user_df8dc9bb,0.836774
user_364bb955,4,user_3e284ba5,0.830748
user_364bb955,5,user_3239132f,0.826874
user_364bb955,6,user_70bbda36,0.822846
user_364bb955,7,user_02fecea2,0.818193
user_364bb955,8,user_364bb955,0.815737
user_364bb955,9,user_a4893af1,0.814050
user_364bb955,10,user_83afc7b2,0.813138
user_364bb955,11,user_25798310,0.811839
user_364bb955,12,user_54c1ebee,0.810180
user_364bb955,13,user_500badda,0.807829
user_364bb955,14,user_7b5f54c0,0.807676
user_364bb955,15,user_cbabbcee,0.806948
user_36dd1253,1,user_36dd1253,0.782122
user_36dd1253,2,user_f51339f8,0.757708
user_36dd1253,3,user_7de6f343,0.757124
user_36dd1253,4,user_4bd9303b,0.747643
user_36dd1253,5,user_ed1aaed8,0.742731
user_36dd1253,6,user_a7b901f2,0.731188
user_36dd1253,7,user_82c86537,0.725711
user_36dd1253,8,user_364bb955,0.723017
user_36dd1253,9,user_54c1ebee,0.722685
user_36dd1253,10,user_147d1bbb,0.722018
user_36dd1253,11,user_cbabbcee,0.720791
user_36dd1253,12,user_7f56f9a5,0.717212
user_36dd1253,13,user_70bbda36,0.715834
user_36dd1253,14,user_795650bb,0.714490
user_36dd1253,15,user_e802076d,0.713909
user_372c2b3e,1,user_372c2b3e,0.870337
user_372c2b3e,2,user_7de6f343,0.869631
user_372c2b3e,3,user_2efde048,0.860878
user_372c2b3e,4,user_6fa47d61,0.841810
user_372c2b3e,5,user_4ea1ef09,0.841210
user_372c2b3e,6,user_72b93300,0.840063
user_372c2b3e,7,user_40efa894,0.835748
user_372c2b3e,8,user_f5e1eee0,0.835590
user_372c2b3e,9,user_74cfb8ef,0.831568
user_372c2b3e,10,user_82c86537,0.826446
user_372c2b3e,11,user_a3a4a20a,0.826099
user_372c2b3e,12,user_25652863,0.821152
user_372c2b3e,13,user_0bc8e727,0.817307
user_372c2b3e,14,user_04f39d22,0.815141
user_372c2b3e,15,user_f3377028,0.813476
user_378003e3,1,user_378003e3,0.866963
user_378003e3,2,user_96c3cc43,0.782510
user_378003e3,3,user_19952166,0.779889
user_378003e3,4,user_582ff5b2,0.728172
user_378003e3,5,user_75905116,0.716530
user_378003e3,6,user_66a7ce5a,0.714384
user_378003e3,7,user_26565155,0.711268
user_378003e3,8,user_1736acbe,0.709800
user_378003e3,9,user_1230e05a,0.709598
user_378003e3,10,user_46bb5302,0.703672
user_378003e3,11,user_ba4f42bb,0.700364
user_378003e3,12,user_470c0785,0.693851
user_378003e3,13,user_56e6d0cd,0.686068
user_378003e3,14,user_ca6074df,0.684770
user_378003e3,15,user_97330742,0.683812
user_37be663c,1,user_9b6481e4,0.710870
user_37be663c,2,user_ffe2efae,0.697095
user_37be663c,3,user_3431c049,0.694772
user_37be663c,4,user_c7beef01,0.666925
user_37be663c,5,user_3b79395c,0.662979
user_37be663c,6,user_9a5457b0,0.658719
user_37be663c,7,user_02fecea2,0.658609
user_37be663c,8,user_9351238d,0.650406
user_37be663c,9,user_67acd9b1,0.647058
user_37be663c,10,user_1a7d6cd5,0.642215
user_37be663c,11,user_9e328c4e,0.632186
user_37be663c,12,user_16ac4154,0.631427
user_37be663c,13,user_815b7baf,0.629162
user_37be663c,14,user_c50a487d,0.629058
user_37be663c,15,user_e696f3ae,0.627651
user_38390331,1,user_9bee2a7c,0.838434
user_38390331,2,user_ab86ab82,0.824216
user_38390331,3,user_4f3b6241,0.815475
user_38390331,4,user_4a57e449,0.797486
user_38390331,5,user_f930e37f,0.796672
user_38390331,6,user_2e05a7a0,0.793454
user_38390331,7,user_906e2423,0.771158
user_38390331,8,user_55058479,0.768617
user_38390331,9,user_c8f82360,0.768306
user_38390331,10,user_c34e791e,0.766607
user_38390331,11,user_cf393213,0.763985
user_38390331,12,user_b9036662,0.763170
user_38390331,13,user_9571d0d5,0.760026
user_38390331,14,user_8006727d,0.757205
user_38390331,15,user_9351238d,0.754174
user_3850eb9e,1,user_3ff88cf0,0.877854
user_3850eb9e,2,user_a7145605,0.843919
user_3850eb9e,3,user_81c4dae1,0.828485
user_3850eb9e,4,user_3850eb9e,0.828473
user_3850eb9e,5,user_b9d253e8,0.824377
user_3850eb9e,6,user_43049634,0.816202
user_3850eb9e,7,user_74e32d78,0.797057
user_3850eb9e,8,user_ae306850,0.787754
user_3850eb9e,9,user_b14ec02b,0.776790
user_3850eb9e,10,user_476670f9,0.772680
user_3850eb9e,11,user_b563e90b,0.751290
user_3850eb9e,12,user_46bb5302,0.750935
user_3850eb9e,13,user_c92c8f83,0.740554
user_3850eb9e,14,user_db4c3fb9,0.739240
user_3850eb9e,15,user_032f6993,0.737234
user_38ab51d4,1,user_f654c33b,0.828738
user_38ab51d4,2,user_5881b259,0.820463
user_38ab51d4,3,user_17607ebc,0.819001
user_38ab51d4,4,user_c39d41d7,0.811775
user_38ab51d4,5,user_b6350ec1,0.811351
user_38ab51d4,6,user_fba6bcd4,0.805375
user_38ab51d4,7,user_73f34c5d,0.803343
user_38ab51d4,8,user_095ff43e,0.800535
user_38ab51d4,9,user_43a979d2,0.798915
user_38ab51d4,10,user_b16e0cf8,0.798530
user_38ab51d4,11,user_8663226a,0.796477
user_38ab51d4,12,user_954805d7,0.795646
user_38ab51d4,13,user_d1d16d30,0.795606
user_38ab51d4,14,user_dc32d458,0.791719
user_38ab51d4,15,user_636ad58f,0.790882
user_3971c3e6,1,user_8ae8c359,0.840976
user_3971c3e6,2,user_df8dc9bb,0.801552
user_3971c3e6,3,user_500badda,0.793491
user_3971c3e6,4,user_3e284ba5,0.787062
user_3971c3e6,5,user_e6dd44b0,0.786481
user_3971c3e6,6,user_a4893af1,0.785492
user_3971c3e6,7,user_fcf93ee8,0.785106
user_3971c3e6,8,user_147d1bbb,0.784336
user_3971c3e6,9,user_38433566,0.783599
user_3971c3e6,10,user_03410579,0.779098
user_3971c3e6,11,user_107259c3,0.777846
user_3971c3e6,12,user_e59c000f,0.777398
user_3971c3e6,13,user_79f38f6d,0.776925
user_3971c3e6,14,user_26fa9d90,0.771362
user_3971c3e6,15,user_364bb955,0.769997
user_39939c54,1,user_d1d16d30,0.867323
user_39939c54,2,user_c06d9b71,0.855759
user_39939c54,3,user_cdd86523,0.854510
user_39939c54,4,user_a57e47b1,0.846623
user_39939c54,5,user_a743aff9,0.844907
user_39939c54,6,user_9600e8bf,0.841119
user_39939c54,7,user_ebddf9c1,0.839895
user_39939c54,8,user_84c14a6f,0.838925
user_39939c54,9,user_e6057285,0.836240
user_39939c54,10,user_7924afc9,0.835040
user_39939c54,11,user_1a2755b3,0.834545
user_39939c54,12,user_5881b259,0.832617
user_39939c54,13,user_bbe73426,0.830838
user_39939c54,14,user_15179955,0.826011
user_39939c54,15,user_c35d6565,0.825709
user_39aad1a2,1,user_39aad1a2,0.815799
user_39aad1a2,2,user_423c81dc,0.771184
user_39aad1a2,3,user_226be32f,0.753833
user_39aad1a2,4,user_032e5bc8,0.747514
user_39aad1a2,5,user_ab30f0fb,0.747059
user_39aad1a2,6,user_bd05225b,0.734020
user_39aad1a2,7,user_0898fc4b,0.732728
user_39aad1a2,8,user_e8cdb142,0.730639
user_39aad1a2,9,user_0669bdf6,0.730473
user_39aad1a2,10,user_ecc1ca0a,0.723702
user_39aad1a2,11,user_f60a09b3,0.723358
user_39aad1a2,12,user_6fc85c06,0.723139
user_39aad1a2,13,user_524450e9,0.721230
user_39aad1a2,14,user_5b714afd,0.720803
user_39aad1a2,15,user_6c2d672f,0.719762
user_39f8897b,1,user_39f8897b,0.622056
user_39f8897b,2,user_98ca16a6,0.514951
user_39f8897b,3,user_f1157204,0.468482
user_39f8897b,4,user_c8f82360,0.444028
user_39f8897b,5,user_3a39cc49,0.439009
user_39f8897b,6,user_795650bb,0.436038
user_39f8897b,7,user_1e302679,0.428939
user_39f8897b,8,user_a75b16f2,0.425336
user_39f8897b,9,user_51779823,0.413561
user_39f8897b,10,user_7709815a,0.411520
user_39f8897b,11,user_71f7b692,0.399921
user_39f8897b,12,user_fb8f46c8,0.398287
user_39f8897b,13,user_8a3bbeb2,0.397856
user_39f8897b,14,user_fe67197f,0.396437
user_39f8897b,15,user_2c3eb234,0.395367
user_3a55606c,1,user_e70b6a25,0.703868
user_3a55606c,2,user_78eff25f,0.662793
user_3a55606c,3,user_49b1ac46,0.658199
user_3a55606c,4,user_3a55606c,0.653209
user_3a55606c,5,user_86685a27,0.636329
user_3a55606c,6,user_8e5e899b,0.626823
user_3a55606c,7,user_8afa3eba,0.620191
user_3a55606c,8,user_ff39b6cf,0.611964
user_3a55606c,9,user_903329bb,0.608086
user_3a55606c,10,user_07db2c6a,0.604939
user_3a55606c,11,user_ed3091a2,0.600230
user_3a55606c,12,user_9b517815,0.599794
user_3a55606c,13,user_dcf52d26,0.598093
user_3a55606c,14,user_2c39731d,0.595925
user_3a55606c,15,user_e8cdb142,0.593371
user_3b1da5d9,1,user_9a5457b0,0.736696
user_3b1da5d9,2,user_9b6481e4,0.732953
user_3b1da5d9,3,user_3b1da5d9,0.730026
user_3b1da5d9,4,user_1a7d6cd5,0.729281
user_3b1da5d9,5,user_3431c049,0.718566
user_3b1da5d9,6,user_07ec3726,0.714788
user_3b1da5d9,7,user_b0129d9e,0.714303
user_3b1da5d9,8,user_02fecea2,0.712106
user_3b1da5d9,9,user_52f895f1,0.707300
user_3b1da5d9,10,user_8fb63eca,0.707015
user_3b1da5d9,11,user_81a80789,0.702095
user_3b1da5d9,12,user_c50a487d,0.693808
user_3b1da5d9,13,user_67acd9b1,0.692803
user_3b1da5d9,14,user_94cad3a5,0.690923
user_3b1da5d9,15,user_b63ea1d4,0.688424
user_3b90fb53,1,user_2cb4b018,0.802872
user_3b90fb53,2,user_cbabbcee,0.801783
user_3b90fb53,3,user_7fd91653,0.798635
user_3b90fb53,4,user_bd05225b,0.793579
user_3b90fb53,5,user_cdd86523,0.792730
user_3b90fb53,6,user_0b64b183,0.791309
user_3b90fb53,7,user_50e2a836,0.789695
user_3b90fb53,8,user_ebddf9c1,0.786202
user_3b90fb53,9,user_a57e47b1,0.785906
user_3b90fb53,10,user_226be32f,0.783332
user_3b90fb53,11,user_1b7f8c56,0.782592
user_3b90fb53,12,user_3b90fb53,0.781612
user_3b90fb53,13,user_c06d9b71,0.777625
user_3b90fb53,14,user_b337cb0c,0.775175
user_3b90fb53,15,user_f0cf195f,0.775009
user_3bb7992e,1,user_40efa894,0.835975
user_3bb7992e,2,user_25652863,0.833389
user_3bb7992e,3,user_372c2b3e,0.830067
user_3bb7992e,4,user_3bb7992e,0.827408
user_3bb7992e,5,user_7de6f343,0.813373
user_3bb7992e,6,user_6fa47d61,0.812580
user_3bb7992e,7,user_74cfb8ef,0.805977
user_3bb7992e,8,user_0f0ad720,0.804730
user_3bb7992e,9,user_a615a6d1,0.797800
user_3bb7992e,10,user_2c2a5c24,0.796756
user_3bb7992e,11,user_bf30f80d,0.791428
user_3bb7992e,12,user_500badda,0.791125
user_3bb7992e,13,user_1fb8e9e5,0.790393
user_3bb7992e,14,user_e409a56d,0.785462
user_3bb7992e,15,user_f7fd2885,0.782106
user_3ce4c1f8,1,user_abde0618,0.770645
user_3ce4c1f8,2,user_fb8f46c8,0.721757
user_3ce4c1f8,3,user_ff7631ef,0.715460
user_3ce4c1f8,4,user_39aad1a2,0.706183
user_3ce4c1f8,5,user_91db6e48,0.700166
user_3ce4c1f8,6,user_c50a487d,0.697953
user_3ce4c1f8,7,user_0898fc4b,0.693519
user_3ce4c1f8,8,user_02fecea2,0.682895
user_3ce4c1f8,9,user_f930e37f,0.682455
user_3ce4c1f8,10,user_16ac4154,0.681850
user_3ce4c1f8,11,user_6ab8f7d4,0.679893
user_3ce4c1f8,12,user_9a307ebe,0.674078
user_3ce4c1f8,13,user_e6dd44b0,0.671116
user_3ce4c1f8,14,user_1246b252,0.668257
user_3ce4c1f8,15,user_e696f3ae,0.662762
user_3e284ba5,1,user_03969305,0.812664
user_3e284ba5,2,user_02fecea2,0.811131
user_3e284ba5,3,user_70bbda36,0.807771
user_3e284ba5,4,user_9a307ebe,0.805191
user_3e284ba5,5,user_e696f3ae,0.790822
user_3e284ba5,6,user_67acd9b1,0.788592
user_3e284ba5,7,user_1df51301,0.785408
user_3e284ba5,8,user_ed1aaed8,0.784873
user_3e284ba5,9,user_2c69b83e,0.783565
user_3e284ba5,10,user_586752e4,0.778453
user_3e284ba5,11,user_13fb2e34,0.770936
user_3e284ba5,12,user_e6dd44b0,0.766886
user_3e284ba5,13,user_3ff3188b,0.765405
user_3e284ba5,14,user_f930e37f,0.764362
user_3e284ba5,15,user_e9d1886c,0.764113
user_3eb49f37,1,user_858fa00c,0.738504
user_3eb49f37,2,user_efa5697b,0.738281
user_3eb49f37,3,user_7d944883,0.722522
user_3eb49f37,4,user_dac2c359,0.710802
user_3eb49f37,5,user_058d9dc1,0.710528
user_3eb49f37,6,user_3eb49f37,0.709460
user_3eb49f37,7,user_ab30f0fb,0.705938
user_3eb49f37,8,user_5ac1a174,0.699905
user_3eb49f37,9,user_e8cdb142,0.692961
user_3eb49f37,10,user_ed3091a2,0.685449
user_3eb49f37,11,user_7322f4ef,0.671227
user_3eb49f37,12,user_8e5e899b,0.670943
user_3eb49f37,13,user_823846de,0.667105
user_3eb49f37,14,user_0669bdf6,0.665567
user_3eb49f37,15,user_d4b7e22e,0.664951
user_3f1d04a6,1,user_74c84045,0.808919
user_3f1d04a6,2,user_107259c3,0.777504
user_3f1d04a6,3,user_dca78fea,0.776388
user_3f1d04a6,4,user_b4214db6,0.773555
user_3f1d04a6,5,user_f0cf195f,0.769408
user_3f1d04a6,6,user_6fc85c06,0.767640
user_3f1d04a6,7,user_bd05225b,0.765175
user_3f1d04a6,8,user_fcf93ee8,0.765084
user_3f1d04a6,9,user_ded778b8,0.762637
user_3f1d04a6,10,user_7c7220a4,0.761419
user_3f1d04a6,11,user_1b2d69c1,0.760460
user_3f1d04a6,12,user_9a307ebe,0.759961
user_3f1d04a6,13,user_124651ff,0.758064
user_3f1d04a6,14,user_f4f9490d,0.755128
user_3f1d04a6,15,user_89e04335,0.754873
user_3f2894b5,1,user_e802076d,0.707054
user_3f2894b5,2,user_66772d98,0.706723
user_3f2894b5,3,user_b16e0cf8,0.691242
user_3f2894b5,4,user_406c399e,0.687453
user_3f2894b5,5,user_32934d38,0.675768
user_3f2894b5,6,user_10e64e28,0.666521
user_3f2894b5,7,user_89e04335,0.660782
user_3f2894b5,8,user_869fcb2b,0.658828
user_3f2894b5,9,user_96013176,0.655260
user_3f2894b5,10,user_80dc757f,0.654082
user_3f2894b5,11,user_daf37424,0.653649
user_3f2894b5,12,user_adab54a0,0.648724
user_3f2894b5,13,user_73623b4e,0.647441
user_3f2894b5,14,user_54c1ebee,0.647310
user_3f2894b5,15,user_b23aa915,0.646142
user_3f798a8b,1,user_0b64b183,0.848701
user_3f798a8b,2,user_c008345b,0.824270
user_3f798a8b,3,user_1b7f8c56,0.814418
user_3f798a8b,4,user_e6dd44b0,0.813231
user_3f798a8b,5,user_147d1bbb,0.808023
user_3f798a8b,6,user_fba6bcd4,0.804681
user_3f798a8b,7,user_95d648bc,0.804642
user_3f798a8b,8,user_3ac315cb,0.803857
user_3f798a8b,9,user_2cb4b018,0.803640
user_3f798a8b,10,user_9e39a95d,0.802691
user_3f798a8b,11,user_5881b259,0.802521
user_3f798a8b,12,user_b6350ec1,0.802257
user_3f798a8b,13,user_1a2755b3,0.801112
user_3f798a8b,14,user_c39d41d7,0.800757
user_3f798a8b,15,user_88b2faba,0.799561
user_3ff3188b,1,user_46bb5302,0.758756
user_3ff3188b,2,user_33b2b77f,0.735653
user_3ff3188b,3,user_8006727d,0.732831
user_3ff3188b,4,user_ab86ab82,0.693808
user_3ff3188b,5,user_c34e791e,0.680917
user_3ff3188b,6,user_67acd9b1,0.678271
user_3ff3188b,7,user_8c0c7619,0.678236
user_3ff3188b,8,user_8be3f554,0.677201
user_3ff3188b,9,user_a9ed2c9e,0.675160
user_3ff3188b,10,user_63b4ae7a,0.670798
user_3ff3188b,11,user_126670d7,0.670508
user_3ff3188b,12,user_9a307ebe,0.669040
user_3ff3188b,13,user_338e1332,0.665208
user_3ff3188b,14,user_56e6d0cd,0.664544
user_3ff3188b,15,user_65d73ac1,0.663737
user_3ff88cf0,1,user_c92c8f83,0.848191
user_3ff88cf0,2,user_81c4dae1,0.819909
user_3ff88cf0,3,user_3ff88cf0,0.813009
user_3ff88cf0,4,user_a7145605,0.790441
user_3ff88cf0,5,user_46bb5302,0.785420
user_3ff88cf0,6,user_ae306850,0.774476
user_3ff88cf0,7,user_3850eb9e,0.772370
user_3ff88cf0,8,user_e409a56d,0.750326
user_3ff88cf0,9,user_2efde048,0.750285
user_3ff88cf0,10,user_cc1c8897,0.744408
user_3ff88cf0,11,user_9c7183c8,0.740322
user_3ff88cf0,12,user_b14ec02b,0.732275
user_3ff88cf0,13,user_f5e1eee0,0.729428
user_3ff88cf0,14,user_c34e791e,0.725597
user_3ff88cf0,15,user_3ff3188b,0.720466
user_40a0bad3,1,user_f1157204,0.698858
user_40a0bad3,2,user_65d73ac1,0.677637
user_40a0bad3,3,user_32934d38,0.663711
user_40a0bad3,4,user_c8f82360,0.659765
user_40a0bad3,5,user_18522854,0.648271
user_40a0bad3,6,user_40a0bad3,0.648111
user_40a0bad3,7,user_2e05a7a0,0.645042
user_40a0bad3,8,user_515ae840,0.640955
user_40a0bad3,9,user_2c3eb234,0.639569
user_40a0bad3,10,user_a16d1fb6,0.639429
user_40a0bad3,11,user_2b03934e,0.638743
user_40a0bad3,12,user_406c399e,0.637575
user_40a0bad3,13,user_07ec3726,0.632356
user_40a0bad3,14,user_4a57e449,0.630318
user_40a0bad3,15,user_d67450a8,0.627446
user_40efa894,1,user_2e60c125,0.769993
user_40efa894,2,user_bf30f80d,0.752619
user_40efa894,3,user_08c32973,0.736104
user_40efa894,4,user_38fbcf73,0.733465
user_40efa894,5,user_ba8b1c05,0.731034
user_40efa894,6,user_40efa894,0.730904
user_40efa894,7,user_f3377028,0.729853
user_40efa894,8,user_6fa47d61,0.727325
user_40efa894,9,user_f5e1eee0,0.723123
user_40efa894,10,user_f7fd2885,0.718313
user_40efa894,11,user_83e45cc0,0.716922
user_40efa894,12,user_64cd3098,0.713653
user_40efa894,13,user_2c2a5c24,0.699272
user_40efa894,14,user_74cfb8ef,0.699097
user_40efa894,15,user_372c2b3e,0.696176
user_41b20ee4,1,user_9a5457b0,0.770074
user_41b20ee4,2,user_2c69b83e,0.765568
user_41b20ee4,3,user_acd6ddfb,0.758870
user_41b20ee4,4,user_16ac4154,0.747094
user_41b20ee4,5,user_67acd9b1,0.744119
user_41b20ee4,6,user_b63ea1d4,0.740874
user_41b20ee4,7,user_aabd2642,0.730887
user_41b20ee4,8,user_58bfeaad,0.729122
user_41b20ee4,9,user_02fecea2,0.726462
user_41b20ee4,10,user_ffe2efae,0.724156
user_41b20ee4,11,user_bbb0205e,0.723394
user_41b20ee4,12,user_649f4327,0.718361
user_41b20ee4,13,user_b1a5a37e,0.717564
user_41b20ee4,14,user_476670f9,0.716582
user_41b20ee4,15,user_8713f22a,0.715280
user_433bdef0,1,user_adab54a0,0.776869
user_433bdef0,2,user_9dda4af9,0.775092
user_433bdef0,3,user_b6d05d1d,0.765355
user_433bdef0,4,user_dae4304f,0.759964
user_433bdef0,5,user_c35d6565,0.755271
user_433bdef0,6,user_c34e791e,0.751706
user_433bdef0,7,user_a8dc91a3,0.749289
user_433bdef0,8,user_daf37424,0.747148
user_433bdef0,9,user_a4a77a7d,0.745700
user_433bdef0,10,user_2dd5b531,0.745075
user_433bdef0,11,user_7aa3746b,0.739942
user_433bdef0,12,user_8be3f554,0.738742
user_433bdef0,13,user_8f8346ad,0.737743
user_433bdef0,14,user_29cd4556,0.736785
user_433bdef0,15,user_b49274ca,0.735532
user_434f3511,1,user_0c578ab5,0.777394
user_434f3511,2,user_e2e59795,0.775519
user_434f3511,3,user_b0129d9e,0.770025
user_434f3511,4,user_7f56f9a5,0.761462
user_434f3511,5,user_920c074a,0.755367
user_434f3511,6,user_500badda,0.754204
user_434f3511,7,user_70bbda36,0.748649
user_434f3511,8,user_ded778b8,0.746329
user_434f3511,9,user_107259c3,0.741428
user_434f3511,10,user_93cdb7a1,0.738646
user_434f3511,11,user_03410579,0.735304
user_434f3511,12,user_5c9b579a,0.731372
user_434f3511,13,user_0d32f0ed,0.730199
user_434f3511,14,user_fde27362,0.728295
user_434f3511,15,user_124651ff,0.726626
user_44567221,1,user_7fef9da8,0.768812
user_44567221,2,user_94cad3a5,0.684281
user_44567221,3,user_8fb63eca,0.654589
user_44567221,4,user_83a58842,0.642162
user_44567221,5,user_6c2d672f,0.633728
user_44567221,6,user_b0129d9e,0.627949
user_44567221,7,user_5a6f92a6,0.619369
user_44567221,8,user_d2bd9832,0.618297
user_44567221,9,user_13fb2e34,0.616098
user_44567221,10,user_7f56f9a5,0.613268
user_44567221,11,user_e8ff8a9a,0.608806
user_44567221,12,user_500badda,0.608699
user_44567221,13,user_03410579,0.608110
user_44567221,14,user_3b79395c,0.605898
user_44567221,15,user_f930e37f,0.605663
user_454733da,1,user_454733da,0.727328
user_454733da,2,user_75251485,0.697068
user_454733da,3,user_88f46c7b,0.696157
user_454733da,4,user_4d4f73a6,0.685718
user_454733da,5,user_ba4a78fc,0.666416
user_454733da,6,user_f827c7dd,0.663740
user_454733da,7,user_c6f50d12,0.663059
user_454733da,8,user_eafc973e,0.661784
user_454733da,9,user_9ee84e18,0.660033
user_454733da,10,user_91f807b9,0.656670
user_454733da,11,user_45d008d3,0.655225
user_454733da,12,user_835666af,0.652977
user_454733da,13,user_3a55606c,0.652407
user_454733da,14,user_56980aa9,0.646674
user_454733da,15,user_18522854,0.646270
user_45926b89,1,user_45926b89,0.851640
user_45926b89,2,user_54b19b29,0.824216
user_45926b89,3,user_2dd5b531,0.821465
user_45926b89,4,user_e5a6abbe,0.820685
user_45926b89,5,user_15179955,0.816273
user_45926b89,6,user_83e30c57,0.814747
user_45926b89,7,user_dae4304f,0.811814
user_45926b89,8,user_0eb2abf1,0.811261
user_45926b89,9,user_41d0c897,0.809123
user_45926b89,10,user_adab54a0,0.808449
user_45926b89,11,user_4db0d490,0.808274
user_45926b89,12,user_c34e791e,0.808021
user_45926b89,13,user_c4c70447,0.806336
user_45926b89,14,user_8be3f554,0.806001
user_45926b89,15,user_dc326993,0.803427
user_45d008d3,1,user_0ef44f54,0.769712
user_45d008d3,2,user_c4b781ce,0.766726
user_45d008d3,3,user_f827c7dd,0.752201
user_45d008d3,4,user_6a0b0e92,0.751146
user_45d008d3,5,user_17355c30,0.733762
user_45d008d3,6,user_29cd4556,0.723521
user_45d008d3,7,user_d758a0a1,0.720820
user_45d008d3,8,user_858fa00c,0.710302
user_45d008d3,9,user_79f04645,0.706106
user_45d008d3,10,user_5fddc7f1,0.697239
user_45d008d3,11,user_5ac1a174,0.695469
user_45d008d3,12,user_9571d0d5,0.692437
user_45d008d3,13,user_37cd2dc9,0.692161
user_45d008d3,14,user_0cc626ee,0.691319
user_45d008d3,15,user_03969305,0.690954
user_4607d25d,1,user_80dc757f,0.810464
user_4607d25d,2,user_e802076d,0.779521
user_4607d25d,3,user_406c399e,0.775170
user_4607d25d,4,user_30802254,0.769397
user_4607d25d,5,user_02d03e8a,0.768140
user_4607d25d,6,user_394c25cc,0.762862
user_4607d25d,7,user_15179955,0.757687
user_4607d25d,8,user_b23aa915,0.755607
user_4607d25d,9,user_9600e8bf,0.752408
user_4607d25d,10,user_f654c33b,0.752345
user_4607d25d,11,user_38dc2894,0.750855
user_4607d25d,12,user_0a3bcf86,0.741507
user_4607d25d,13,user_886f7373,0.739897
user_4607d25d,14,user_5c5a0b40,0.739750
user_4607d25d,15,user_111cfe7d,0.737004
user_46e2e7ec,1,user_46e2e7ec,0.559904
user_46e2e7ec,2,user_f5138e15,0.530627
user_46e2e7ec,3,user_ba4f42bb,0.476924
user_46e2e7ec,4,user_8f08aa94,0.439631
user_46e2e7ec,5,user_795eb408,0.409757
user_46e2e7ec,6,user_0bd8ba7c,0.405967
user_46e2e7ec,7,user_ba085464,0.404916
user_46e2e7ec,8,user_470c0785,0.400898
user_46e2e7ec,9,user_126670d7,0.393450
user_46e2e7ec,10,user_f959eee4,0.386708
user_46e2e7ec,11,user_4bf6a4a0,0.385024
user_46e2e7ec,12,user_2f1085dd,0.384087
user_46e2e7ec,13,user_24668d84,0.381919
user_46e2e7ec,14,user_d20928cc,0.374446
user_46e2e7ec,15,user_63b4ae7a,0.373964
user_476670f9,1,user_02fecea2,0.836569
user_476670f9,2,user_43049634,0.830636
user_476670f9,3,user_2c69b83e,0.825524
user_476670f9,4,user_ae306850,0.821673
user_476670f9,5,user_04d29f9c,0.819244
user_476670f9,6,user_476670f9,0.815509
user_476670f9,7,user_3b79395c,0.813539
user_476670f9,8,user_a3a4a20a,0.811715
user_476670f9,9,user_67acd9b1,0.806587
user_476670f9,10,user_1b7f8c56,0.796537
user_476670f9,11,user_3ff3188b,0.794616
user_476670f9,12,user_b63ea1d4,0.794112
user_476670f9,13,user_e696f3ae,0.793756
user_476670f9,14,user_ed1aaed8,0.793517
user_476670f9,15,user_3b1da5d9,0.793309
user_4aaa8404,1,user_543e79f5,0.681643
user_4aaa8404,2,user_4aaa8404,0.672992
user_4aaa8404,3,user_daf53db6,0.614276
user_4aaa8404,4,user_795eb408,0.603344
user_4aaa8404,5,user_829844fd,0.599902
user_4aaa8404,6,user_bbb0205e,0.593453
user_4aaa8404,7,user_9c5cd7fa,0.593007
user_4aaa8404,8,user_515ae840,0.591991
user_4aaa8404,9,user_c0392523,0.591595
user_4aaa8404,10,user_d20928cc,0.587166
user_4aaa8404,11,user_49b1ac46,0.586563
user_4aaa8404,12,user_d10d1f24,0.580786
user_4aaa8404,13,user_f14dc486,0.580520
user_4aaa8404,14,user_c8f82360,0.580141
user_4aaa8404,15,user_6f6b71fc,0.579505
user_4ab9d510,1,user_4bf6a4a0,0.770906
user_4ab9d510,2,user_d20928cc,0.666572
user_4ab9d510,3,user_515ae840,0.663050
user_4ab9d510,4,user_a4aab257,0.662464
user_4ab9d510,5,user_2c3eb234,0.651678
user_4ab9d510,6,user_c32db875,0.649606
user_4ab9d510,7,user_d14b7d7b,0.637962
user_4ab9d510,8,user_650da71b,0.622188
user_4ab9d510,9,user_63b4ae7a,0.619415
user_4ab9d510,10,user_26565155,0.616445
user_4ab9d510,11,user_19952166,0.615621
user_4ab9d510,12,user_8c0c7619,0.612615
user_4ab9d510,13,user_f14dc486,0.609241
user_4ab9d510,14,user_5d1b0daf,0.606620
user_4ab9d510,15,user_4e42bf97,0.593088
user_4b139395,1,user_039d004e,0.920010
user_4b139395,2,user_c67f26cc,0.874758
user_4b139395,3,user_2dd189e3,0.864633
user_4b139395,4,user_4b139395,0.818546
user_4b139395,5,user_2eb5d860,0.777544
user_4b139395,6,user_c5c57a9d,0.747722
user_4b139395,7,user_3a55606c,0.742757
user_4b139395,8,user_906e2423,0.729888
user_4b139395,9,user_d849ac6e,0.724162
user_4b139395,10,user_0cc626ee,0.707092
user_4b139395,11,user_5b698646,0.706417
user_4b139395,12,user_b9036662,0.696673
user_4b139395,13,user_058c1800,0.691355
user_4b139395,14,user_c39d41d7,0.689103
user_4b139395,15,user_56980aa9,0.688312
user_4b8335bd,1,user_3e1f9dc1,0.631308
user_4b8335bd,2,user_21b4fa31,0.605837
user_4b8335bd,3,user_c34e791e,0.563386
user_4b8335bd,4,user_46bb5302,0.559363
user_4b8335bd,5,user_8006727d,0.555783
user_4b8335bd,6,user_e30558fe,0.555176
user_4b8335bd,7,user_3ac315cb,0.548975
user_4b8335bd,8,user_be018f9d,0.545971
user_4b8335bd,9,user_33b2b77f,0.542490
user_4b8335bd,10,user_f1157204,0.537837
user_4b8335bd,11,user_9bee2a7c,0.534829
user_4b8335bd,12,user_b1a5a37e,0.534332
user_4b8335bd,13,user_9a5457b0,0.530090
user_4b8335bd,14,user_5159d3a1,0.528986
user_4b8335bd,15,user_ab86ab82,0.527609
user_4bd9303b,1,user_b0129d9e,0.781282
user_4bd9303b,2,user_4bd9303b,0.771906
user_4bd9303b,3,user_e2e59795,0.770115
user_4bd9303b,4,user_ded778b8,0.770010
user_4bd9303b,5,user_a7b901f2,0.763468
user_4bd9303b,6,user_9fe4e0f5,0.761955
user_4bd9303b,7,user_66772d98,0.760957
user_4bd9303b,8,user_f51339f8,0.759406
user_4bd9303b,9,user_79f38f6d,0.758009
user_4bd9303b,10,user_7de6f343,0.757474
user_4bd9303b,11,user_70bbda36,0.753792
user_4bd9303b,12,user_364bb955,0.752603
user_4bd9303b,13,user_74cfb8ef,0.752248
user_4bd9303b,14,user_03410579,0.747363
user_4bd9303b,15,user_5526cbfd,0.746690
user_4cad4295,1,user_147d1bbb,0.847327
user_4cad4295,2,user_e6057285,0.842295
user_4cad4295,3,user_66772d98,0.838366
user_4cad4295,4,user_81a80789,0.837876
user_4cad4295,5,user_aabd2642,0.836559
user_4cad4295,6,user_364bb955,0.836485
user_4cad4295,7,user_70bbda36,0.834709
user_4cad4295,8,user_03410579,0.833958
user_4cad4295,9,user_25798310,0.832799
user_4cad4295,10,user_b0129d9e,0.829223
user_4cad4295,11,user_166a3647,0.827642
user_4cad4295,12,user_586752e4,0.826368
user_4cad4295,13,user_3b1da5d9,0.822495
user_4cad4295,14,user_5a6f92a6,0.821080
user_4cad4295,15,user_5c9b579a,0.820869
user_4d4f73a6,1,user_1bcbacb3,0.762625
user_4d4f73a6,2,user_75251485,0.758048
user_4d4f73a6,3,user_a2503734,0.731657
user_4d4f73a6,4,user_9ce96cbf,0.727660
user_4d4f73a6,5,user_4d4f73a6,0.724649
user_4d4f73a6,6,user_ed3091a2,0.716098
user_4d4f73a6,7,user_6a98b381,0.708799
user_4d4f73a6,8,user_5b698646,0.707497
user_4d4f73a6,9,user_a04b2a78,0.695341
user_4d4f73a6,10,user_884ffdb2,0.695268
user_4d4f73a6,11,user_9d9fba70,0.684818
user_4d4f73a6,12,user_8285a696,0.684355
user_4d4f73a6,13,user_8be3f554,0.678145
user_4d4f73a6,14,user_a8dc91a3,0.672577
user_4d4f73a6,15,user_6a0b0e92,0.671540
user_4e42bf97,1,user_94f185bc,0.865738
user_4e42bf97,2,user_03969305,0.857954
user_4e42bf97,3,user_df8dc9bb,0.844644
user_4e42bf97,4,user_fdc08e26,0.825328
user_4e42bf97,5,user_6bf0e007,0.822906
user_4e42bf97,6,user_e59c000f,0.822039
user_4e42bf97,7,user_6fc85c06,0.820900
user_4e42bf97,8,user_e802076d,0.814054
user_4e42bf97,9,user_5349c6cf,0.812953
user_4e42bf97,10,user_7a8f7f3e,0.810478
user_4e42bf97,11,user_7f56f9a5,0.806217
user_4e42bf97,12,user_6a13946a,0.804997
user_4e42bf97,13,user_29cd4556,0.802179
user_4e42bf97,14,user_9571d0d5,0.800815
user_4e42bf97,15,user_79f04645,0.793194
user_4e54f3d7,1,user_4bf6a4a0,0.827252
user_4e54f3d7,2,user_8c0c7619,0.797613
user_4e54f3d7,3,user_63b4ae7a,0.764128
user_4e54f3d7,4,user_d20928cc,0.757125
user_4e54f3d7,5,user_9ce96cbf,0.750256
user_4e54f3d7,6,user_d14b7d7b,0.750233
user_4e54f3d7,7,user_26565155,0.734085
user_4e54f3d7,8,user_126670d7,0.732183
user_4e54f3d7,9,user_2b03934e,0.731695
user_4e54f3d7,10,user_515ae840,0.730916
user_4e54f3d7,11,user_5d1b0daf,0.729724
user_4e54f3d7,12,user_2c3eb234,0.726806
user_4e54f3d7,13,user_39939c54,0.705838
user_4e54f3d7,14,user_c0392523,0.699624
user_4e54f3d7,15,user_66a7ce5a,0.698367
user_4f3b6241,1,user_70bbda36,0.896928
user_4f3b6241,2,user_147d1bbb,0.882524
user_4f3b6241,3,user_03969305,0.880409
user_4f3b6241,4,user_df8dc9bb,0.876454
user_4f3b6241,5,user_54c1ebee,0.875257
user_4f3b6241,6,user_03410579,0.870568
user_4f3b6241,7,user_e802076d,0.862925
user_4f3b6241,8,user_7a8f7f3e,0.862555
user_4f3b6241,9,user_586752e4,0.861813
user_4f3b6241,10,user_02fecea2,0.861180
user_4f3b6241,11,user_5c9b579a,0.860387
user_4f3b6241,12,user_3e284ba5,0.857405
user_4f3b6241,13,user_9a307ebe,0.856005
user_4f3b6241,14,user_e59c000f,0.850568
user_4f3b6241,15,user_25798310,0.850444
user_4f8b6987,1,user_38dc2894,0.842614
user_4f8b6987,2,user_89e04335,0.842155
user_4f8b6987,3,user_dc326993,0.808681
user_4f8b6987,4,user_2dd5b531,0.805735
user_4f8b6987,5,user_ef954c6e,0.803943
user_4f8b6987,6,user_e59c000f,0.801793
user_4f8b6987,7,user_394c25cc,0.800417
user_4f8b6987,8,user_3ae49e46,0.797133
user_4f8b6987,9,user_94f185bc,0.789974
user_4f8b6987,10,user_6d071251,0.784585
user_4f8b6987,11,user_45926b89,0.784560
user_4f8b6987,12,user_e6057285,0.784536
user_4f8b6987,13,user_83afc7b2,0.782289
user_4f8b6987,14,user_69df6330,0.782207
user_4f8b6987,15,user_4e800fa1,0.781118
user_500badda,1,user_500badda,0.812640
user_500badda,2,user_40efa894,0.809026
user_500badda,3,user_7de6f343,0.801851
user_500badda,4,user_d2c97c8e,0.799159
user_500badda,5,user_74cfb8ef,0.797244
user_500badda,6,user_64cd3098,0.795787
user_500badda,7,user_6d421600,0.785798
user_500badda,8,user_7c3d63ce,0.781983
user_500badda,9,user_2c2a5c24,0.781428
user_500badda,10,user_ba8b1c05,0.780853
user_500badda,11,user_0bc8e727,0.771514
user_500badda,12,user_43049634,0.768165
user_500badda,13,user_6fa47d61,0.766567
user_500badda,14,user_04f39d22,0.764417
user_500badda,15,user_98f18241,0.762750
user_5062c872,1,user_5062c872,0.849165
user_5062c872,2,user_2e60c125,0.693117
user_5062c872,3,user_502a8cea,0.645601
user_5062c872,4,user_bf30f80d,0.638505
user_5062c872,5,user_2efde048,0.612462
user_5062c872,6,user_192a215d,0.608233
user_5062c872,7,user_f14dc486,0.606202
user_5062c872,8,user_6fa47d61,0.596359
user_5062c872,9,user_75905116,0.593070
user_5062c872,10,user_08c32973,0.588156
user_5062c872,11,user_f3377028,0.584790
user_5062c872,12,user_53b85563,0.582018
user_5062c872,13,user_ba8b1c05,0.569041
user_5062c872,14,user_85c97ea1,0.567649
user_5062c872,15,user_58bfeaad,0.565469
user_515ae840,1,user_40a0bad3,0.858467
user_515ae840,2,user_a57e47b1,0.846050
user_515ae840,3,user_fba6bcd4,0.845956
user_515ae840,4,user_4f755977,0.838834
user_515ae840,5,user_ebddf9c1,0.837026
user_515ae840,6,user_cdd86523,0.832709
user_515ae840,7,user_03969305,0.830527
user_515ae840,8,user_bd05225b,0.829920
user_515ae840,9,user_dbc4828c,0.824857
user_515ae840,10,user_7924afc9,0.822007
user_515ae840,11,user_e802076d,0.820363
user_515ae840,12,user_88b2faba,0.817376
user_515ae840,13,user_c39d41d7,0.816859
user_515ae840,14,user_c06d9b71,0.816499
user_515ae840,15,user_1b7f8c56,0.811663
user_524450e9,1,user_c5f32c0d,0.803137
user_524450e9,2,user_39b3eda0,0.802214
user_524450e9,3,user_54c1ebee,0.800257
user_524450e9,4,user_e6057285,0.796814
user_524450e9,5,user_bd05225b,0.795128
user_524450e9,6,user_c008345b,0.789119
user_524450e9,7,user_e59c000f,0.787508
user_524450e9,8,user_7fd91653,0.778436
user_524450e9,9,user_5993b36a,0.777092
user_524450e9,10,user_b23aa915,0.776071
user_524450e9,11,user_83afc7b2,0.773514
user_524450e9,12,user_886f7373,0.771725
user_524450e9,13,user_5881b259,0.769390
user_524450e9,14,user_f27da10a,0.767155
user_524450e9,15,user_7924afc9,0.766126
user_529e3009,1,user_529e3009,0.823525
user_529e3009,2,user_7c8639cd,0.740494
user_529e3009,3,user_c008345b,0.702792
user_529e3009,4,user_869fcb2b,0.685415
user_529e3009,5,user_ded778b8,0.665868
user_529e3009,6,user_cbabbcee,0.657639
user_529e3009,7,user_f0cf195f,0.656409
user_529e3009,8,user_058d9dc1,0.655350
user_529e3009,9,user_0b64b183,0.649330
user_529e3009,10,user_5c82df31,0.643522
user_529e3009,11,user_d96972e5,0.642171
user_529e3009,12,user_f60a09b3,0.639477
user_529e3009,13,user_9991e1d8,0.636887
user_529e3009,14,user_a57a04fa,0.634128
user_529e3009,15,user_ff591131,0.629097
user_52d3881c,1,user_52d3881c,0.844813
user_52d3881c,2,user_3971c3e6,0.758234
user_52d3881c,3,user_aabd2642,0.751347
user_52d3881c,4,user_4e54f3d7,0.746673
user_52d3881c,5,user_c204a1dd,0.743255
user_52d3881c,6,user_d2c97c8e,0.742202
user_52d3881c,7,user_bf69de98,0.737475
user_52d3881c,8,user_3535252b,0.735175
user_52d3881c,9,user_e5a6abbe,0.734029
user_52d3881c,10,user_183b3783,0.730229
user_52d3881c,11,user_f4cc9f3d,0.727679
user_52d3881c,12,user_1ef33a43,0.726347
user_52d3881c,13,user_7a7dda35,0.724828
user_52d3881c,14,user_e6057285,0.723947
user_52d3881c,15,user_1b7f8c56,0.722506
user_53325367,1,user_53325367,0.847109
user_53325367,2,user_a743aff9,0.723872
user_53325367,3,user_70580e9a,0.714353
user_53325367,4,user_1a2755b3,0.713222
user_53325367,5,user_be018f9d,0.712606
user_53325367,6,user_f030b951,0.710818
user_53325367,7,user_3e1f9dc1,0.710521
user_53325367,8,user_7bbd1543,0.699474
user_53325367,9,user_df3c19a7,0.699039
user_53325367,10,user_40a0bad3,0.698496
user_53325367,11,user_c39d41d7,0.693727
user_53325367,12,user_bd19a016,0.693461
user_53325367,13,user_fba6bcd4,0.688050
user_53325367,14,user_84fe1a7a,0.687666
user_53325367,15,user_fa60616d,0.685999
user_54c1ebee,1,user_df8dc9bb,0.861436
user_54c1ebee,2,user_586752e4,0.857101
user_54c1ebee,3,user_26fa9d90,0.857083
user_54c1ebee,4,user_107259c3,0.850839
user_54c1ebee,5,user_54c1ebee,0.846810
user_54c1ebee,6,user_8e97a154,0.843344
user_54c1ebee,7,user_70bbda36,0.840257
user_54c1ebee,8,user_02016939,0.835916
user_54c1ebee,9,user_5a6f92a6,0.829592
user_54c1ebee,10,user_737dd050,0.829453
user_54c1ebee,11,user_7f56f9a5,0.827397
user_54c1ebee,12,user_5526cbfd,0.817779
user_54c1ebee,13,user_9a307ebe,0.815919
user_54c1ebee,14,user_7a8f7f3e,0.815808
user_54c1ebee,15,user_147d1bbb,0.814507
user_56909460,1,user_6bf0e007,0.789307
user_56909460,2,user_4c8199a7,0.787906
user_56909460,3,user_df8dc9bb,0.787178
user_56909460,4,user_a75b4d6e,0.787149
user_56909460,5,user_e8a7be73,0.778793
user_56909460,6,user_c4b781ce,0.777532
user_56909460,7,user_6a13946a,0.767892
user_56909460,8,user_69a4dd06,0.767343
user_56909460,9,user_0669bdf6,0.767041
user_56909460,10,user_e59c000f,0.765876
user_56909460,11,user_5349c6cf,0.762741
user_56909460,12,user_7fd91653,0.758879
user_56909460,13,user_bd47000f,0.753569
user_56909460,14,user_79f04645,0.753296
user_56909460,15,user_14a2d3c6,0.751705
user_56980aa9,1,user_69df6330,0.878779
user_56980aa9,2,user_3f2fbc90,0.871042
user_56980aa9,3,user_56980aa9,0.849417
user_56980aa9,4,user_e8d15537,0.842977
user_56980aa9,5,user_e59c000f,0.822037
user_56980aa9,6,user_c5f32c0d,0.819343
user_56980aa9,7,user_bd05225b,0.815738
user_56980aa9,8,user_5993b36a,0.814460
user_56980aa9,9,user_c60d65b5,0.811893
user_56980aa9,10,user_4b139395,0.811476
user_56980aa9,11,user_a4a77a7d,0.810147
user_56980aa9,12,user_737dd050,0.805908
user_56980aa9,13,user_29cd4556,0.802530
user_56980aa9,14,user_0cc626ee,0.801925
user_56980aa9,15,user_f27da10a,0.798813
user_5738db35,1,user_7c7220a4,0.735760
user_5738db35,2,user_500badda,0.712635
user_5738db35,3,user_03410579,0.711288
user_5738db35,4,user_f070eee7,0.709923
user_5738db35,5,user_ee05ee55,0.703147
user_5738db35,6,user_3239132f,0.699997
user_5738db35,7,user_205d25f3,0.693551
user_5738db35,8,user_14a2d3c6,0.692324
user_5738db35,9,user_0c578ab5,0.684438
user_5738db35,10,user_1f1dc5e0,0.683026
user_5738db35,11,user_5738db35,0.677395
user_5738db35,12,user_fcf93ee8,0.675487
user_5738db35,13,user_acb899e9,0.674103
user_5738db35,14,user_5a6f92a6,0.670084
user_5738db35,15,user_3e284ba5,0.667710
user_582ff5b2,1,user_8663226a,0.856187
user_582ff5b2,2,user_73f34c5d,0.852751
user_582ff5b2,3,user_fba6bcd4,0.850461
user_582ff5b2,4,user_17607ebc,0.845411
user_582ff5b2,5,user_43a979d2,0.844807
user_582ff5b2,6,user_d6175d39,0.837149
user_582ff5b2,7,user_b6350ec1,0.835690
user_582ff5b2,8,user_b16e0cf8,0.828720
user_582ff5b2,9,user_df3c19a7,0.815391
user_582ff5b2,10,user_1a2755b3,0.809506
user_582ff5b2,11,user_c39d41d7,0.806343
user_582ff5b2,12,user_70580e9a,0.801285
user_582ff5b2,13,user_dbc4828c,0.800443
user_582ff5b2,14,user_f654c33b,0.799129
user_582ff5b2,15,user_bd19a016,0.797516
user_586752e4,1,user_423c81dc,0.784595
user_586752e4,2,user_91f807b9,0.771147
user_586752e4,3,user_8d22714e,0.758955
user_586752e4,4,user_0cc626ee,0.756236
user_586752e4,5,user_f827c7dd,0.754257
user_586752e4,6,user_6a0b0e92,0.753506
user_586752e4,7,user_29cd4556,0.750386
user_586752e4,8,user_723406a0,0.748953
user_586752e4,9,user_4b139395,0.744557
user_586752e4,10,user_f27da10a,0.742741
user_586752e4,11,user_eafc973e,0.740730
user_586752e4,12,user_884ffdb2,0.737167
user_586752e4,13,user_9ee84e18,0.734785
user_586752e4,14,user_586752e4,0.731386
user_586752e4,15,user_56980aa9,0.729903
user_58892c7c,1,user_baa70592,0.828954
user_58892c7c,2,user_1b2d69c1,0.810528
user_58892c7c,3,user_e30558fe,0.807710
user_58892c7c,4,user_74c84045,0.775277
user_58892c7c,5,user_3ff3188b,0.761679
user_58892c7c,6,user_58892c7c,0.730298
user_58892c7c,7,user_67acd9b1,0.729020
user_58892c7c,8,user_98f18241,0.727602
user_58892c7c,9,user_e6dd44b0,0.726507
user_58892c7c,10,user_a3a4a20a,0.710141
user_58892c7c,11,user_04f39d22,0.710011
user_58892c7c,12,user_c34e791e,0.704345
user_58892c7c,13,user_6d421600,0.704308
user_58892c7c,14,user_f030b951,0.703706
user_58892c7c,15,user_81c4dae1,0.703538
user_58bfeaad,1,user_58bfeaad,0.844541
user_58bfeaad,2,user_7de6f343,0.830814
user_58bfeaad,3,user_74cfb8ef,0.812909
user_58bfeaad,4,user_6fa47d61,0.781038
user_58bfeaad,5,user_ba8b1c05,0.777193
user_58bfeaad,6,user_0bc8e727,0.770679
user_58bfeaad,7,user_d2c97c8e,0.769281
user_58bfeaad,8,user_f5e1eee0,0.768073
user_58bfeaad,9,user_2c2a5c24,0.762373
user_58bfeaad,10,user_40efa894,0.761928
user_58bfeaad,11,user_ba085464,0.761177
user_58bfeaad,12,user_a3a4a20a,0.761066
user_58bfeaad,13,user_25652863,0.761048
user_58bfeaad,14,user_daf59045,0.760585
user_58bfeaad,15,user_0f0ad720,0.759596
user_59d9db83,1,user_c157ca97,0.652601
user_59d9db83,2,user_efcacf59,0.597342
user_59d9db83,3,user_18522854,0.595635
user_59d9db83,4,user_5a6c91dd,0.595455
user_59d9db83,5,user_91f5e7af,0.593096
user_59d9db83,6,user_3ae49e46,0.585705
user_59d9db83,7,user_89e04335,0.580416
user_59d9db83,8,user_c536b01d,0.578383
user_59d9db83,9,user_52d3881c,0.577302
user_59d9db83,10,user_a7c6197a,0.571696
user_59d9db83,11,user_a151ddab,0.571154
user_59d9db83,12,user_8e217d1b,0.570550
user_59d9db83,13,user_4f8b6987,0.570007
user_59d9db83,14,user_6b86248b,0.563936
user_59d9db83,15,user_aabd2642,0.563354
user_5a5bee64,1,user_9dda4af9,0.831270
user_5a5bee64,2,user_c35d6565,0.829318
user_5a5bee64,3,user_e6dd44b0,0.814018
user_5a5bee64,4,user_c39d41d7,0.813335
user_5a5bee64,5,user_07cb458d,0.812093
user_5a5bee64,6,user_0898fc4b,0.811871
user_5a5bee64,7,user_d6175d39,0.811318
user_5a5bee64,8,user_88b2faba,0.808417
user_5a5bee64,9,user_fba6bcd4,0.808367
user_5a5bee64,10,user_b6350ec1,0.803237
user_5a5bee64,11,user_e5a6abbe,0.799990
user_5a5bee64,12,user_96013176,0.798978
user_5a5bee64,13,user_b16e0cf8,0.797965
user_5a5bee64,14,user_f030b951,0.797958
user_5a5bee64,15,user_5c5a0b40,0.797876
user_5a6c91dd,1,user_405db206,0.846807
user_5a6c91dd,2,user_dbc4828c,0.839006
user_5a6c91dd,3,user_2e81a539,0.823518
user_5a6c91dd,4,user_723406a0,0.808196
user_5a6c91dd,5,user_03969305,0.807813
user_5a6c91dd,6,user_c39d41d7,0.807295
user_5a6c91dd,7,user_f930e37f,0.804638
user_5a6c91dd,8,user_96013176,0.803519
user_5a6c91dd,9,user_dc32d458,0.803082
user_5a6c91dd,10,user_5c9b579a,0.793255
user_5a6c91dd,11,user_c994138f,0.788725
user_5a6c91dd,12,user_d758a0a1,0.788219
user_5a6c91dd,13,user_3121653d,0.788185
user_5a6c91dd,14,user_5881b259,0.787983
user_5a6c91dd,15,user_73f34c5d,0.785404
user_5a6f92a6,1,user_2b03934e,0.581123
user_5a6f92a6,2,user_9ce96cbf,0.578052
user_5a6f92a6,3,user_0eeab432,0.565984
user_5a6f92a6,4,user_d20928cc,0.552352
user_5a6f92a6,5,user_32934d38,0.545656
user_5a6f92a6,6,user_32f31383,0.541891
user_5a6f92a6,7,user_916503d6,0.537908
user_5a6f92a6,8,user_efcacf59,0.535410
user_5a6f92a6,9,user_515ae840,0.533628
user_5a6f92a6,10,user_a2503734,0.532926
user_5a6f92a6,11,user_79a1811b,0.532821
user_5a6f92a6,12,user_23ecc36a,0.529207
user_5a6f92a6,13,user_756e2f00,0.529042
user_5a6f92a6,14,user_f14dc486,0.526800
user_5a6f92a6,15,user_b7f60e64,0.525424
user_5ac1a174,1,user_5ac1a174,0.787407
user_5ac1a174,2,user_e8cdb142,0.762221
user_5ac1a174,3,user_438fb63c,0.744177
user_5ac1a174,4,user_858fa00c,0.736379
user_5ac1a174,5,user_ff39b6cf,0.733159
user_5ac1a174,6,user_5d35f631,0.716776
user_5ac1a174,7,user_8e5e899b,0.715083
user_5ac1a174,8,user_d758a0a1,0.696337
user_5ac1a174,9,user_0e82fe11,0.695519
user_5ac1a174,10,user_78eff25f,0.690275
user_5ac1a174,11,user_d7fde080,0.685307
user_5ac1a174,12,user_4144252d,0.684573
user_5ac1a174,13,user_c4b781ce,0.682449
user_5ac1a174,14,user_233fda02,0.680059
user_5ac1a174,15,user_ed3091a2,0.678584
user_5c09bb3d,1,user_d6175d39,0.765090
user_5c09bb3d,2,user_5a6c91dd,0.757577
user_5c09bb3d,3,user_ce424e88,0.756431
user_5c09bb3d,4,user_38f4dfac,0.741258
user_5c09bb3d,5,user_07cb458d,0.738877
user_5c09bb3d,6,user_73623b4e,0.737448
user_5c09bb3d,7,user_9d65649f,0.720147
user_5c09bb3d,8,user_aa31484a,0.718120
user_5c09bb3d,9,user_02d8a1f8,0.712180
user_5c09bb3d,10,user_df3c19a7,0.709695
user_5c09bb3d,11,user_7b5f54c0,0.704724
user_5c09bb3d,12,user_c39d41d7,0.704593
user_5c09bb3d,13,user_43a979d2,0.703891
user_5c09bb3d,14,user_2c69b83e,0.703267
user_5c09bb3d,15,user_092e219d,0.699165
user_5c5a0b40,1,user_164fe4b8,0.716278
user_5c5a0b40,2,user_ab86ab82,0.712816
user_5c5a0b40,3,user_33b2b77f,0.694941
user_5c5a0b40,4,user_2e05a7a0,0.692649
user_5c5a0b40,5,user_4a57e449,0.674830
user_5c5a0b40,6,user_8006727d,0.658663
user_5c5a0b40,7,user_55058479,0.655811
user_5c5a0b40,8,user_c7beef01,0.637518
user_5c5a0b40,9,user_a16d1fb6,0.635922
user_5c5a0b40,10,user_f7bb8af1,0.627609
user_5c5a0b40,11,user_4f3b6241,0.627467
user_5c5a0b40,12,user_1df51301,0.625816
user_5c5a0b40,13,user_8be3f554,0.620601
user_5c5a0b40,14,user_c8f82360,0.617538
user_5c5a0b40,15,user_9bee2a7c,0.614539
user_5c82df31,1,user_56980aa9,0.792290
user_5c82df31,2,user_3f2fbc90,0.777191
user_5c82df31,3,user_e4f8ab0c,0.714393
user_5c82df31,4,user_e8d15537,0.711470
user_5c82df31,5,user_5c82df31,0.707117
user_5c82df31,6,user_165a2706,0.703780
user_5c82df31,7,user_6fc85c06,0.702975
user_5c82df31,8,user_9ee84e18,0.701604
user_5c82df31,9,user_d2bd9832,0.699714
user_5c82df31,10,user_b9036662,0.699680
user_5c82df31,11,user_82d93459,0.696764
user_5c82df31,12,user_423c81dc,0.692003
user_5c82df31,13,user_61f90240,0.691376
user_5c82df31,14,user_69df6330,0.690908
user_5c82df31,15,user_e59c000f,0.690781
user_5d1b0daf,1,user_5c5a0b40,0.876360
user_5d1b0daf,2,user_17607ebc,0.867358
user_5d1b0daf,3,user_b16e0cf8,0.865546
user_5d1b0daf,4,user_f654c33b,0.860085
user_5d1b0daf,5,user_2373103d,0.858086
user_5d1b0daf,6,user_c5f32c0d,0.857891
user_5d1b0daf,7,user_636ad58f,0.845896
user_5d1b0daf,8,user_02d03e8a,0.845174
user_5d1b0daf,9,user_5881b259,0.843010
user_5d1b0daf,10,user_7aa3746b,0.842790
user_5d1b0daf,11,user_c39d41d7,0.841125
user_5d1b0daf,12,user_a01f16ac,0.838373
user_5d1b0daf,13,user_d1d16d30,0.837742
user_5d1b0daf,14,user_c35d6565,0.835329
user_5d1b0daf,15,user_02d8a1f8,0.835147
user_5f4ee256,1,user_5f4ee256,0.524723
user_5f4ee256,2,user_9b517815,0.462470
user_5f4ee256,3,user_13f8ee07,0.460060
user_5f4ee256,4,user_6b311f43,0.456161
user_5f4ee256,5,user_438fb63c,0.444302
user_5f4ee256,6,user_8c0c7619,0.435542
user_5f4ee256,7,user_18522854,0.428742
user_5f4ee256,8,user_9ffdf5e5,0.425287
user_5f4ee256,9,user_6d2cb415,0.424700
user_5f4ee256,10,user_942ff21e,0.421792
user_5f4ee256,11,user_683369b1,0.419589
user_5f4ee256,12,user_1232c39b,0.415298
user_5f4ee256,13,user_d4b7e22e,0.413970
user_5f4ee256,14,user_49b1ac46,0.413613
user_5f4ee256,15,user_26565155,0.409436
user_6169d3b8,1,user_6169d3b8,0.876463
user_6169d3b8,2,user_107259c3,0.787369
user_6169d3b8,3,user_1ae8e7f5,0.736582
user_6169d3b8,4,user_8713f22a,0.734120
user_6169d3b8,5,user_b4f295b3,0.728002
user_6169d3b8,6,user_f070eee7,0.716357
user_6169d3b8,7,user_ea67f9c6,0.711984
user_6169d3b8,8,user_baeb91b3,0.711913
user_6169d3b8,9,user_a7f8db34,0.705111
user_6169d3b8,10,user_25798310,0.699922
user_6169d3b8,11,user_5c9b579a,0.698774
user_6169d3b8,12,user_586752e4,0.695249
user_6169d3b8,13,user_7f623d19,0.693235
user_6169d3b8,14,user_6476648d,0.689483
user_6169d3b8,15,user_bd05225b,0.689320
user_61f90240,1,user_9a307ebe,0.845359
user_61f90240,2,user_586752e4,0.831792
user_61f90240,3,user_e696f3ae,0.822272
user_61f90240,4,user_daf37424,0.821216
user_61f90240,5,user_54c1ebee,0.806850
user_61f90240,6,user_c994138f,0.801685
user_61f90240,7,user_fdc08e26,0.800563
user_61f90240,8,user_70bbda36,0.798324
user_61f90240,9,user_5a6f92a6,0.797489
user_61f90240,10,user_83afc7b2,0.795052
user_61f90240,11,user_107259c3,0.793426
user_61f90240,12,user_737dd050,0.793155
user_61f90240,13,user_89e04335,0.790353
user_61f90240,14,user_6deada35,0.788400
user_61f90240,15,user_03969305,0.787176
user_63110023,1,user_63110023,0.809335
user_63110023,2,user_fba6bcd4,0.674897
user_63110023,3,user_aa31484a,0.662784
user_63110023,4,user_8663226a,0.661147
user_63110023,5,user_ece9bfd2,0.655289
user_63110023,6,user_dd6e7bcb,0.647256
user_63110023,7,user_4f755977,0.637373
user_63110023,8,user_d6175d39,0.634954
user_63110023,9,user_b6350ec1,0.624477
user_63110023,10,user_43a979d2,0.624258
user_63110023,11,user_17607ebc,0.623845
user_63110023,12,user_bdcc6e7d,0.622230
user_63110023,13,user_75bc9924,0.617079
user_63110023,14,user_2373103d,0.615032
user_63110023,15,user_5526cbfd,0.614887
user_636d1da4,1,user_83afc7b2,0.873557
user_636d1da4,2,user_38433566,0.859478
user_636d1da4,3,user_e59c000f,0.857541
user_636d1da4,4,user_e8a7be73,0.854248
user_636d1da4,5,user_c5f32c0d,0.850360
user_636d1da4,6,user_e6057285,0.843836
user_636d1da4,7,user_e5a6abbe,0.837892
user_636d1da4,8,user_bd05225b,0.837194
user_636d1da4,9,user_8d22714e,0.836290
user_636d1da4,10,user_5993b36a,0.834839
user_636d1da4,11,user_18892460,0.833117
user_636d1da4,12,user_a4a77a7d,0.831637
user_636d1da4,13,user_03969305,0.829900
user_636d1da4,14,user_0669bdf6,0.829560
user_636d1da4,15,user_ef954c6e,0.827663
user_6427334a,1,user_8fe14601,0.810223
user_6427334a,2,user_79f04645,0.784880
user_6427334a,3,user_3f2fbc90,0.777911
user_6427334a,4,user_17607ebc,0.770270
user_6427334a,5,user_f654c33b,0.768999
user_6427334a,6,user_fde2d265,0.765383
user_6427334a,7,user_84e93af7,0.764369
user_6427334a,8,user_15179955,0.753043
user_6427334a,9,user_dbc4828c,0.748709
user_6427334a,10,user_723406a0,0.748052
user_6427334a,11,user_4db0d490,0.747953
user_6427334a,12,user_29cd4556,0.745259
user_6427334a,13,user_8a760553,0.744356
user_6427334a,14,user_0cee87f3,0.743430
user_6427334a,15,user_c35d6565,0.742567
user_6476648d,1,user_107259c3,0.795079
user_6476648d,2,user_586752e4,0.774916
user_6476648d,3,user_b1d0760b,0.774097
user_6476648d,4,user_5c9b579a,0.770922
user_6476648d,5,user_fcf93ee8,0.756931
user_6476648d,6,user_70bbda36,0.756704
user_6476648d,7,user_ea67f9c6,0.750422
user_6476648d,8,user_5a6f92a6,0.749788
user_6476648d,9,user_b0129d9e,0.743596
user_6476648d,10,user_737dd050,0.743349
user_6476648d,11,user_66772d98,0.742565
user_6476648d,12,user_7a8f7f3e,0.741888
user_6476648d,13,user_03410579,0.737507
user_6476648d,14,user_f75c71f0,0.737422
user_6476648d,15,user_1a7d6cd5,0.737031
user_649f4327,1,user_649f4327,0.827934
user_649f4327,2,user_25b48a9a,0.814791
user_649f4327,3,user_aa2fbe83,0.786418
user_649f4327,4,user_6bb64984,0.785292
user_649f4327,5,user_16ac4154,0.780795
user_649f4327,6,user_1b7f8c56,0.776694
user_649f4327,7,user_b350e22b,0.773409
user_649f4327,8,user_02fecea2,0.770128
user_649f4327,9,user_3ac315cb,0.766046
user_649f4327,10,user_2c69b83e,0.765692
user_649f4327,11,user_acb51eed,0.764439
user_649f4327,12,user_acd6ddfb,0.763165
user_649f4327,13,user_940c7213,0.762668
user_649f4327,14,user_c41de62b,0.756789
user_649f4327,15,user_737dd050,0.756002
user_657c72ca,1,user_73f34c5d,0.856695
user_657c72ca,2,user_b49274ca,0.841147
user_657c72ca,3,user_dd1d7b22,0.838625
user_657c72ca,4,user_cdd86523,0.836334
user_657c72ca,5,user_0eb2abf1,0.835140
user_657c72ca,6,user_c39d41d7,0.834452
user_657c72ca,7,user_84e93af7,0.832016
user_657c72ca,8,user_40a0bad3,0.831594
user_657c72ca,9,user_dbc4828c,0.827762
user_657c72ca,10,user_1a2755b3,0.826334
user_657c72ca,11,user_fde2d265,0.821152
user_657c72ca,12,user_69df6330,0.814489
user_657c72ca,13,user_a57e47b1,0.813699
user_657c72ca,14,user_d1d16d30,0.813151
user_657c72ca,15,user_15179955,0.812850
user_6592f2e4,1,user_6592f2e4,0.824753
user_6592f2e4,2,user_2cb4b018,0.802627
user_6592f2e4,3,user_72b93300,0.770819
user_6592f2e4,4,user_acb51eed,0.761407
user_6592f2e4,5,user_8739102b,0.752667
user_6592f2e4,6,user_81c4dae1,0.741471
user_6592f2e4,7,user_fba6bcd4,0.737708
user_6592f2e4,8,user_e6dd44b0,0.737065
user_6592f2e4,9,user_bd05225b,0.736561
user_6592f2e4,10,user_95d648bc,0.734748
user_6592f2e4,11,user_b9d253e8,0.730828
user_6592f2e4,12,user_3e284ba5,0.730046
user_6592f2e4,13,user_0898fc4b,0.728039
user_6592f2e4,14,user_166a3647,0.725957
user_6592f2e4,15,user_ef954c6e,0.725076
user_65d73ac1,1,user_b325310b,0.879060
user_65d73ac1,2,user_1a2755b3,0.875689
user_65d73ac1,3,user_afff552a,0.860637
user_65d73ac1,4,user_aa2fbe83,0.834309
user_65d73ac1,5,user_3ac315cb,0.832113
user_65d73ac1,6,user_1b7f8c56,0.814916
user_65d73ac1,7,user_fba6bcd4,0.798766
user_65d73ac1,8,user_b6b89f00,0.797685
user_65d73ac1,9,user_d3663143,0.794475
user_65d73ac1,10,user_2cb4b018,0.789672
user_65d73ac1,11,user_940c7213,0.787756
user_65d73ac1,12,user_d1d16d30,0.787642
user_65d73ac1,13,user_53325367,0.781232
user_65d73ac1,14,user_3e1f9dc1,0.775576
user_65d73ac1,15,user_9e39a95d,0.771332
user_68349053,1,user_68349053,0.761089
user_68349053,2,user_1c7b7780,0.727073
user_68349053,3,user_f5e2976e,0.721448
user_68349053,4,user_2920b35e,0.684039
user_68349053,5,user_e6dd44b0,0.675487
user_68349053,6,user_a2825b06,0.671682
user_68349053,7,user_417702c5,0.668034
user_68349053,8,user_d6175d39,0.666247
user_68349053,9,user_9fefea54,0.664161
user_68349053,10,user_ed1aaed8,0.658680
user_68349053,11,user_07cb458d,0.653473
user_68349053,12,user_3e284ba5,0.653103
user_68349053,13,user_70580e9a,0.651664
user_68349053,14,user_fba6bcd4,0.649958
user_68349053,15,user_2c69b83e,0.649040
user_68d19df8,1,user_4384dffe,0.757191
user_68d19df8,2,user_26565155,0.747207
user_68d19df8,3,user_c32db875,0.745289
user_68d19df8,4,user_4bf6a4a0,0.741639
user_68d19df8,5,user_19952166,0.737868
user_68d19df8,6,user_d20928cc,0.726845
user_68d19df8,7,user_126670d7,0.715842
user_68d19df8,8,user_8c0c7619,0.704400
user_68d19df8,9,user_75251485,0.702026
user_68d19df8,10,user_66a7ce5a,0.699100
user_68d19df8,11,user_582ff5b2,0.696298
user_68d19df8,12,user_c60d65b5,0.695839
user_68d19df8,13,user_f43d6008,0.691209
user_68d19df8,14,user_f14dc486,0.690311
user_68d19df8,15,user_ba4f42bb,0.688175
user_69193575,1,user_0b5c256a,0.761751
user_69193575,2,user_f43d6008,0.747983
user_69193575,3,user_829844fd,0.708704
user_69193575,4,user_756e2f00,0.680216
user_69193575,5,user_b2dd04c8,0.678295
user_69193575,6,user_9ce96cbf,0.678066
user_69193575,7,user_a8dc91a3,0.675241
user_69193575,8,user_8c0c7619,0.673624
user_69193575,9,user_5d1b0daf,0.671757
user_69193575,10,user_2b03934e,0.662643
user_69193575,11,user_d20928cc,0.662403
user_69193575,12,user_91f807b9,0.657713
user_69193575,13,user_75251485,0.652200
user_69193575,14,user_8f8346ad,0.649149
user_69193575,15,user_23ecc36a,0.647926
user_69a4dd06,1,user_8d968cfb,0.831578
user_69a4dd06,2,user_9dda4af9,0.822842
user_69a4dd06,3,user_c39d41d7,0.804591
user_69a4dd06,4,user_058c1800,0.804431
user_69a4dd06,5,user_dbc4828c,0.801842
user_69a4dd06,6,user_e6dd44b0,0.800527
user_69a4dd06,7,user_9ee84e18,0.800447
user_69a4dd06,8,user_daf37424,0.800041
user_69a4dd06,9,user_96013176,0.799034
user_69a4dd06,10,user_7aa3746b,0.798181
user_69a4dd06,11,user_5b698646,0.798003
user_69a4dd06,12,user_c994138f,0.796688
user_69a4dd06,13,user_ab5592eb,0.795428
user_69a4dd06,14,user_3121653d,0.794569
user_69a4dd06,15,user_29cd4556,0.793328
user_69df6330,1,user_69df6330,0.905561
user_69df6330,2,user_e8d15537,0.893405
user_69df6330,3,user_4db0d490,0.843856
user_69df6330,4,user_c60d65b5,0.842236
user_69df6330,5,user_56980aa9,0.835953
user_69df6330,6,user_b9036662,0.825843
user_69df6330,7,user_8f39f021,0.824929
user_69df6330,8,user_b49274ca,0.824018
user_69df6330,9,user_83e30c57,0.820497
user_69df6330,10,user_29cd4556,0.819107
user_69df6330,11,user_adab54a0,0.806608
user_69df6330,12,user_f654c33b,0.805141
user_69df6330,13,user_b6d05d1d,0.800495
user_69df6330,14,user_3f2fbc90,0.800489
user_69df6330,15,user_0eb2abf1,0.796574
user_6ab1739a,1,user_8fbb6d9c,0.837477
user_6ab1739a,2,user_b325310b,0.817825
user_6ab1739a,3,user_99c67f2f,0.811866
user_6ab1739a,4,user_2d74cd4c,0.801579
user_6ab1739a,5,user_1b7f8c56,0.794247
user_6ab1739a,6,user_649f4327,0.793368
user_6ab1739a,7,user_2f766c23,0.791246
user_6ab1739a,8,user_e838707b,0.787415
user_6ab1739a,9,user_b6b89f00,0.786398
user_6ab1739a,10,user_417702c5,0.785923
user_6ab1739a,11,user_f8e2246f,0.778803
user_6ab1739a,12,user_6011e674,0.776530
user_6ab1739a,13,user_aa2fbe83,0.769220
user_6ab1739a,14,user_d3663143,0.768931
user_6ab1739a,15,user_1c7b7780,0.761061
user_6ab8f7d4,1,user_4c8199a7,0.735589
user_6ab8f7d4,2,user_0898fc4b,0.735035
user_6ab8f7d4,3,user_a151ddab,0.729694
user_6ab8f7d4,4,user_bd47000f,0.726088
user_6ab8f7d4,5,user_8e97a154,0.722773
user_6ab8f7d4,6,user_8d22714e,0.714645
user_6ab8f7d4,7,user_83afc7b2,0.709197
user_6ab8f7d4,8,user_524450e9,0.709193
user_6ab8f7d4,9,user_ff591131,0.707388
user_6ab8f7d4,10,user_ff7631ef,0.706497
user_6ab8f7d4,11,user_a4893af1,0.706372
user_6ab8f7d4,12,user_e59c000f,0.705052
user_6ab8f7d4,13,user_0cc626ee,0.704526
user_6ab8f7d4,14,user_f0cf195f,0.704224
user_6ab8f7d4,15,user_df8dc9bb,0.702806
user_6d071251,1,user_8c0c7619,0.690258
user_6d071251,2,user_18522854,0.654575
user_6d071251,3,user_126670d7,0.649456
user_6d071251,4,user_0f006eec,0.639982
user_6d071251,5,user_fe922ad0,0.634906
user_6d071251,6,user_b8f24804,0.627428
user_6d071251,7,user_a151ddab,0.625032
user_6d071251,8,user_406c399e,0.621423
user_6d071251,9,user_c0392523,0.620267
user_6d071251,10,user_2eb5d860,0.612624
user_6d071251,11,user_0eeab432,0.611110
user_6d071251,12,user_d14b7d7b,0.611012
user_6d071251,13,user_75251485,0.610644
user_6d071251,14,user_d849ac6e,0.602691
user_6d071251,15,user_6b311f43,0.601065
user_6d2cb415,1,user_c994138f,0.807171
user_6d2cb415,2,user_b350e22b,0.798176
user_6d2cb415,3,user_3121653d,0.780801
user_6d2cb415,4,user_ee8d5ec5,0.773202
user_6d2cb415,5,user_daf37424,0.767559
user_6d2cb415,6,user_8be3f554,0.766112
user_6d2cb415,7,user_c35d6565,0.763541
user_6d2cb415,8,user_ab439a92,0.759898
user_6d2cb415,9,user_29cd4556,0.758204
user_6d2cb415,10,user_a75b16f2,0.754853
user_6d2cb415,11,user_f930e37f,0.752848
user_6d2cb415,12,user_91f807b9,0.751481
user_6d2cb415,13,user_338e1332,0.751231
user_6d2cb415,14,user_9dda4af9,0.750633
user_6d2cb415,15,user_56e6d0cd,0.748482
user_6d421600,1,user_82c86537,0.823921
user_6d421600,2,user_0bc8e727,0.778337
user_6d421600,3,user_7c3d63ce,0.740891
user_6d421600,4,user_a3a4a20a,0.728842
user_6d421600,5,user_6d421600,0.719514
user_6d421600,6,user_a7b901f2,0.716740
user_6d421600,7,user_7de6f343,0.715316
user_6d421600,8,user_4ea1ef09,0.701024
user_6d421600,9,user_04f39d22,0.697118
user_6d421600,10,user_e2e59795,0.696783
user_6d421600,11,user_6fa47d61,0.691945
user_6d421600,12,user_795650bb,0.691016
user_6d421600,13,user_bf30f80d,0.686078
user_6d421600,14,user_daf59045,0.684603
user_6d421600,15,user_74cfb8ef,0.683159
user_6f1b0197,1,user_b49274ca,0.806035
user_6f1b0197,2,user_4db0d490,0.781851
user_6f1b0197,3,user_4384dffe,0.741444
user_6f1b0197,4,user_d036c911,0.739692
user_6f1b0197,5,user_c2f18cf7,0.728751
user_6f1b0197,6,user_82879210,0.721249
user_6f1b0197,7,user_b6d05d1d,0.719621
user_6f1b0197,8,user_96c3cc43,0.716397
user_6f1b0197,9,user_b7ba6422,0.715669
user_6f1b0197,10,user_6b311f43,0.713946
user_6f1b0197,11,user_9dda4af9,0.712228
user_6f1b0197,12,user_582ff5b2,0.709690
user_6f1b0197,13,user_d93b53bd,0.703644
user_6f1b0197,14,user_5d1b0daf,0.700859
user_6f1b0197,15,user_84e93af7,0.692402
user_6fa47d61,1,user_0bd8ba7c,0.674837
user_6fa47d61,2,user_ba4f42bb,0.657838
user_6fa47d61,3,user_470c0785,0.638706
user_6fa47d61,4,user_2e60c125,0.637364
user_6fa47d61,5,user_4bf6a4a0,0.618985
user_6fa47d61,6,user_502a8cea,0.618105
user_6fa47d61,7,user_f14dc486,0.601904
user_6fa47d61,8,user_63b4ae7a,0.589640
user_6fa47d61,9,user_d20928cc,0.585001
user_6fa47d61,10,user_192a215d,0.581838
user_6fa47d61,11,user_2c3eb234,0.576043
user_6fa47d61,12,user_26565155,0.575857
user_6fa47d61,13,user_5062c872,0.568362
user_6fa47d61,14,user_8c0c7619,0.567349
user_6fa47d61,15,user_6fa47d61,0.564708
user_6fc85c06,1,user_f52ced02,0.762861
user_6fc85c06,2,user_ff7631ef,0.715346
user_6fc85c06,3,user_abde0618,0.701134
user_6fc85c06,4,user_6fc85c06,0.696163
user_6fc85c06,5,user_9571d0d5,0.693256
user_6fc85c06,6,user_f930e37f,0.685127
user_6fc85c06,7,user_fb8f46c8,0.682386
user_6fc85c06,8,user_6ab8f7d4,0.680442
user_6fc85c06,9,user_0cc626ee,0.673339
user_6fc85c06,10,user_e4f8ab0c,0.664191
user_6fc85c06,11,user_8e97a154,0.656622
user_6fc85c06,12,user_b2aba63a,0.655796
user_6fc85c06,13,user_39aad1a2,0.655702
user_6fc85c06,14,user_96d9cb9a,0.655021
user_6fc85c06,15,user_226be32f,0.651347
user_6fccf8b5,1,user_6fccf8b5,0.730547
user_6fccf8b5,2,user_e7ff2beb,0.560118
user_6fccf8b5,3,user_3bc84c13,0.513556
user_6fccf8b5,4,user_a3a4a20a,0.504208
user_6fccf8b5,5,user_17355c30,0.501375
user_6fccf8b5,6,user_96013176,0.497527
user_6fccf8b5,7,user_124651ff,0.496136
user_6fccf8b5,8,user_94cad3a5,0.492956
user_6fccf8b5,9,user_9571d0d5,0.492241
user_6fccf8b5,10,user_f930e37f,0.483994
user_6fccf8b5,11,user_6fc85c06,0.481597
user_6fccf8b5,12,user_9a5457b0,0.478898
user_6fccf8b5,13,user_f6188968,0.478661
user_6fccf8b5,14,user_858fa00c,0.478176
user_6fccf8b5,15,user_67acd9b1,0.472496
user_723406a0,1,user_0e82fe11,0.804026
user_723406a0,2,user_bd47000f,0.791810
user_723406a0,3,user_5ac1a174,0.789906
user_723406a0,4,user_eb0927d1,0.786283
user_723406a0,5,user_14a2d3c6,0.776778
user_723406a0,6,user_5fddc7f1,0.776281
user_723406a0,7,user_5993b36a,0.774271
user_723406a0,8,user_39aad1a2,0.773018
user_723406a0,9,user_e6057285,0.770706
user_723406a0,10,user_b4214db6,0.767589
user_723406a0,11,user_6a13946a,0.765433
user_723406a0,12,user_7c7220a4,0.763459
user_723406a0,13,user_bd05225b,0.762192
user_723406a0,14,user_87e5d9b0,0.762109
user_723406a0,15,user_5881b259,0.758989
user_72bed676,1,user_41b20ee4,0.757755
user_72bed676,2,user_c1a70ab7,0.712276
user_72bed676,3,user_19622b77,0.697466
user_72bed676,4,user_0bd8ba7c,0.688257
user_72bed676,5,user_fa69a385,0.679675
user_72bed676,6,user_94f4a027,0.657194
user_72bed676,7,user_3666402b,0.643081
user_72bed676,8,user_397cfe20,0.638340
user_72bed676,9,user_52f895f1,0.637630
user_72bed676,10,user_bbb0205e,0.635126
user_72bed676,11,user_f14dc486,0.615332
user_72bed676,12,user_8a3bbeb2,0.612308
user_72bed676,13,user_683369b1,0.608054
user_72bed676,14,user_2c3eb234,0.605210
user_72bed676,15,user_d14b7d7b,0.588909
user_7322f4ef,1,user_59e8bc2a,0.717703
user_7322f4ef,2,user_d023a78e,0.637731
user_7322f4ef,3,user_78eff25f,0.633086
user_7322f4ef,4,user_f59d3941,0.614558
user_7322f4ef,5,user_5b7d5e00,0.604642
user_7322f4ef,6,user_835666af,0.602974
user_7322f4ef,7,user_903329bb,0.594766
user_7322f4ef,8,user_22b484cb,0.569996
user_7322f4ef,9,user_5d7cbf11,0.560312
user_7322f4ef,10,user_dc20c886,0.556061
user_7322f4ef,11,user_29266f60,0.554696
user_7322f4ef,12,user_fb64cb55,0.554404
user_7322f4ef,13,user_f3f15c55,0.550421
user_7322f4ef,14,user_8285a696,0.547169
user_7322f4ef,15,user_dcf52d26,0.539655
user_737d3148,1,user_737d3148,0.825615
user_737d3148,2,user_eda37c14,0.823575
user_737d3148,3,user_979ee068,0.819194
user_737d3148,4,user_e59c000f,0.800595
user_737d3148,5,user_414a6eaf,0.785073
user_737d3148,6,user_f5fea76f,0.767979
user_737d3148,7,user_22adb798,0.762215
user_737d3148,8,user_14a2d3c6,0.762048
user_737d3148,9,user_b350e22b,0.761005
user_737d3148,10,user_92fe4471,0.758398
user_737d3148,11,user_586752e4,0.753312
user_737d3148,12,user_f10e7063,0.747283
user_737d3148,13,user_0669bdf6,0.742418
user_737d3148,14,user_8ae8c359,0.742192
user_737d3148,15,user_bd05225b,0.739451
user_73a4377d,1,user_d758a0a1,0.805940
user_73a4377d,2,user_bd05225b,0.804734
user_73a4377d,3,user_5349c6cf,0.796497
user_73a4377d,4,user_03969305,0.789386
user_73a4377d,5,user_5ac1a174,0.784413
user_73a4377d,6,user_7a8f7f3e,0.782853
user_73a4377d,7,user_7b052f32,0.781501
user_73a4377d,8,user_f27da10a,0.779175
user_73a4377d,9,user_f10e7063,0.776680
user_73a4377d,10,user_4b139395,0.772024
user_73a4377d,11,user_6a13946a,0.770485
user_73a4377d,12,user_14a2d3c6,0.770039
user_73a4377d,13,user_b605d5c9,0.769956
user_73a4377d,14,user_f60a09b3,0.769509
user_73a4377d,15,user_a1b097c2,0.759589
user_73f34c5d,1,user_5ac1a174,0.846700
user_73f34c5d,2,user_87e5d9b0,0.839293
user_73f34c5d,3,user_233fda02,0.795308
user_73f34c5d,4,user_e8cdb142,0.780641
user_73f34c5d,5,user_0e82fe11,0.773671
user_73f34c5d,6,user_14a2d3c6,0.772296
user_73f34c5d,7,user_3b90fb53,0.768964
user_73f34c5d,8,user_8e5e899b,0.768773
user_73f34c5d,9,user_ff39b6cf,0.768714
user_73f34c5d,10,user_d758a0a1,0.768258
user_73f34c5d,11,user_4144252d,0.763888
user_73f34c5d,12,user_f4f9490d,0.762000
user_73f34c5d,13,user_50e2a836,0.758791
user_73f34c5d,14,user_a57e47b1,0.756118
user_73f34c5d,15,user_858fa00c,0.756001
user_74025dc0,1,user_74025dc0,0.868794
user_74025dc0,2,user_e6057285,0.860888
user_74025dc0,3,user_54c1ebee,0.848800
user_74025dc0,4,user_a6c5a10c,0.834494
user_74025dc0,5,user_d691d016,0.830205
user_74025dc0,6,user_e5a6abbe,0.827580
user_74025dc0,7,user_3971c3e6,0.818936
user_74025dc0,8,user_72b93300,0.817158
user_74025dc0,9,user_2e81a539,0.812584
user_74025dc0,10,user_394c25cc,0.807797
user_74025dc0,11,user_c35d6565,0.805940
user_74025dc0,12,user_d2c97c8e,0.805796
user_74025dc0,13,user_18892460,0.804540
user_74025dc0,14,user_147d1bbb,0.801348
user_74025dc0,15,user_9a307ebe,0.800802
user_74cfb8ef,1,user_74cfb8ef,0.907354
user_74cfb8ef,2,user_7de6f343,0.873341
user_74cfb8ef,3,user_aabd2642,0.858859
user_74cfb8ef,4,user_364bb955,0.856920
user_74cfb8ef,5,user_3b1da5d9,0.854838
user_74cfb8ef,6,user_500badda,0.851857
user_74cfb8ef,7,user_70bbda36,0.849076
user_74cfb8ef,8,user_ba8b1c05,0.846537
user_74cfb8ef,9,user_b0129d9e,0.839845
user_74cfb8ef,10,user_e2e59795,0.838971
user_74cfb8ef,11,user_02fecea2,0.830323
user_74cfb8ef,12,user_81a80789,0.826904
user_74cfb8ef,13,user_5c9b579a,0.825206
user_74cfb8ef,14,user_1a7d6cd5,0.824415
user_74cfb8ef,15,user_107259c3,0.819501
user_74e32d78,1,user_aa08d5a8,0.749985
user_74e32d78,2,user_74da5a13,0.692942
user_74e32d78,3,user_8e48a3f8,0.679218
user_74e32d78,4,user_3850eb9e,0.624516
user_74e32d78,5,user_b9d253e8,0.621137
user_74e32d78,6,user_a7145605,0.620146
user_74e32d78,7,user_1022be44,0.613477
user_74e32d78,8,user_c92c8f83,0.608939
user_74e32d78,9,user_9c7183c8,0.608675
user_74e32d78,10,user_032f6993,0.594954
user_74e32d78,11,user_687feee4,0.594535
user_74e32d78,12,user_3ff88cf0,0.590167
user_74e32d78,13,user_cc1c8897,0.585599
user_74e32d78,14,user_c81fae29,0.581288
user_74e32d78,15,user_9d9fba70,0.579620
user_756e2f00,1,user_c35d6565,0.855633
user_756e2f00,2,user_e802076d,0.814732
user_756e2f00,3,user_886f7373,0.811785
user_756e2f00,4,user_daf37424,0.796151
user_756e2f00,5,user_7aa3746b,0.795228
user_756e2f00,6,user_9dda4af9,0.795055
user_756e2f00,7,user_9a307ebe,0.793661
user_756e2f00,8,user_e5a6abbe,0.792361
user_756e2f00,9,user_394c25cc,0.789784
user_756e2f00,10,user_df8dc9bb,0.789630
user_756e2f00,11,user_e6057285,0.787526
user_756e2f00,12,user_36d44add,0.784989
user_756e2f00,13,user_ef954c6e,0.784384
user_756e2f00,14,user_bdcc6e7d,0.783487
user_756e2f00,15,user_83afc7b2,0.781607
user_75905116,1,user_04f39d22,0.891070
user_75905116,2,user_7de6f343,0.866687
user_75905116,3,user_daf59045,0.864834
user_75905116,4,user_d2c97c8e,0.836673
user_75905116,5,user_43049634,0.834740
user_75905116,6,user_0bc8e727,0.833984
user_75905116,7,user_7c3d63ce,0.832468
user_75905116,8,user_82c86537,0.825591
user_75905116,9,user_74cfb8ef,0.823179
user_75905116,10,user_6d421600,0.822585
user_75905116,11,user_98f18241,0.819432
user_75905116,12,user_83e45cc0,0.815185
user_75905116,13,user_1fb8e9e5,0.814967
user_75905116,14,user_f3377028,0.808169
user_75905116,15,user_f5e1eee0,0.799843
user_7709815a,1,user_f3a9f844,0.815164
user_7709815a,2,user_e14b88a8,0.600960
user_7709815a,3,user_043ea160,0.573783
user_7709815a,4,user_7d944883,0.477360
user_7709815a,5,user_8e5e899b,0.473680
user_7709815a,6,user_beca29a3,0.469750
user_7709815a,7,user_4144252d,0.444275
user_7709815a,8,user_3b90fb53,0.444108
user_7709815a,9,user_36d44add,0.438412
user_7709815a,10,user_92fe4471,0.432752
user_7709815a,11,user_8e97a154,0.432332
user_7709815a,12,user_59d9db83,0.430800
user_7709815a,13,user_72b93300,0.426883
user_7709815a,14,user_8739102b,0.424347
user_7709815a,15,user_2e81a539,0.421943
user_78eff25f,1,user_78eff25f,0.766051
user_78eff25f,2,user_0ef44f54,0.705507
user_78eff25f,3,user_dcf52d26,0.688417
user_78eff25f,4,user_f827c7dd,0.679570
user_78eff25f,5,user_9b517815,0.678909
user_78eff25f,6,user_37cd2dc9,0.656529
user_78eff25f,7,user_6a0b0e92,0.611111
user_78eff25f,8,user_f59d3941,0.598522
user_78eff25f,9,user_438fb63c,0.591951
user_78eff25f,10,user_8afa3eba,0.582750
user_78eff25f,11,user_a6a094cf,0.580602
user_78eff25f,12,user_88f46c7b,0.579903
user_78eff25f,13,user_5f4ee256,0.578321
user_78eff25f,14,user_858fa00c,0.568274
user_78eff25f,15,user_23ecc36a,0.564400
user_7924afc9,1,user_5c5a0b40,0.858578
user_7924afc9,2,user_b49274ca,0.851022
user_7924afc9,3,user_c5f32c0d,0.838305
user_7924afc9,4,user_f654c33b,0.833580
user_7924afc9,5,user_636ad58f,0.833036
user_7924afc9,6,user_7924afc9,0.829598
user_7924afc9,7,user_84e93af7,0.826085
user_7924afc9,8,user_bd05225b,0.826077
user_7924afc9,9,user_f27da10a,0.825233
user_7924afc9,10,user_c96b90fe,0.823250
user_7924afc9,11,user_50e2a836,0.819994
user_7924afc9,12,user_5881b259,0.818559
user_7924afc9,13,user_c39d41d7,0.814668
user_7924afc9,14,user_0669bdf6,0.813166
user_7924afc9,15,user_c008345b,0.810380
user_795eb408,1,user_b4f295b3,0.812829
user_795eb408,2,user_107259c3,0.800839
user_795eb408,3,user_e64d80ba,0.794049
user_795eb408,4,user_93cdb7a1,0.759329
user_795eb408,5,user_70bbda36,0.758205
user_795eb408,6,user_500badda,0.749731
user_795eb408,7,user_0ff0b922,0.748153
user_795eb408,8,user_e2e59795,0.744502
user_795eb408,9,user_b1d0760b,0.743657
user_795eb408,10,user_5c9b579a,0.743125
user_795eb408,11,user_b0129d9e,0.742563
user_795eb408,12,user_fcf93ee8,0.733728
user_795eb408,13,user_da51dede,0.733340
user_795eb408,14,user_364bb955,0.733184
user_795eb408,15,user_74cfb8ef,0.733059
user_79f04645,1,user_29cd4556,0.847323
user_79f04645,2,user_17607ebc,0.845570
user_79f04645,3,user_723406a0,0.842588
user_79f04645,4,user_43a979d2,0.840971
user_79f04645,5,user_c39d41d7,0.840109
user_79f04645,6,user_79f04645,0.839699
user_79f04645,7,user_bd05225b,0.834941
user_79f04645,8,user_5881b259,0.831485
user_79f04645,9,user_5349c6cf,0.821869
user_79f04645,10,user_0669bdf6,0.820847
user_79f04645,11,user_b5af9db9,0.816637
user_79f04645,12,user_d758a0a1,0.816420
user_79f04645,13,user_954805d7,0.815947
user_79f04645,14,user_7a7dda35,0.814512
user_79f04645,15,user_8fe14601,0.813285
user_7a8f7f3e,1,user_900ffd5c,0.835405
user_7a8f7f3e,2,user_bb8be7e3,0.783564
user_7a8f7f3e,3,user_da51dede,0.776792
user_7a8f7f3e,4,user_7a8f7f3e,0.767042
user_7a8f7f3e,5,user_166a3647,0.731735
user_7a8f7f3e,6,user_25798310,0.728794
user_7a8f7f3e,7,user_107259c3,0.727933
user_7a8f7f3e,8,user_a4893af1,0.723512
user_7a8f7f3e,9,user_b4f295b3,0.719579
user_7a8f7f3e,10,user_5b714afd,0.712595
user_7a8f7f3e,11,user_df8dc9bb,0.709666
user_7a8f7f3e,12,user_c5f32c0d,0.708587
user_7a8f7f3e,13,user_7b5f54c0,0.707177
user_7a8f7f3e,14,user_500badda,0.706845
user_7a8f7f3e,15,user_70bbda36,0.706821
user_7b052f32,1,user_e802076d,0.715257
user_7b052f32,2,user_66772d98,0.704777
user_7b052f32,3,user_e6057285,0.703636
user_7b052f32,4,user_83a58842,0.703026
user_7b052f32,5,user_8dd20d7f,0.702209
user_7b052f32,6,user_586752e4,0.700145
user_7b052f32,7,user_b337cb0c,0.698466
user_7b052f32,8,user_a151ddab,0.688321
user_7b052f32,9,user_89e04335,0.683609
user_7b052f32,10,user_fe67197f,0.683307
user_7b052f32,11,user_147d1bbb,0.682936
user_7b052f32,12,user_394c25cc,0.680122
user_7b052f32,13,user_7f56f9a5,0.677847
user_7b052f32,14,user_6fc85c06,0.676216
user_7b052f32,15,user_5c82df31,0.675467
user_7b2d0be1,1,user_efb27a8e,0.638311
user_7b2d0be1,2,user_3666402b,0.627130
user_7b2d0be1,3,user_ecf8f97f,0.597081
user_7b2d0be1,4,user_72bed676,0.571846
user_7b2d0be1,5,user_bb8be7e3,0.570449
user_7b2d0be1,6,user_f7bb8af1,0.561897
user_7b2d0be1,7,user_88e84020,0.561896
user_7b2d0be1,8,user_ffe2efae,0.559687
user_7b2d0be1,9,user_c130412b,0.557882
user_7b2d0be1,10,user_476670f9,0.554673
user_7b2d0be1,11,user_32934d38,0.550734
user_7b2d0be1,12,user_1246b252,0.549585
user_7b2d0be1,13,user_2142b6e1,0.548008
user_7b2d0be1,14,user_a16d1fb6,0.547302
user_7b2d0be1,15,user_e0c65725,0.546854
user_7b4c75ab,1,user_c81fae29,0.657899
user_7b4c75ab,2,user_5fddc7f1,0.606059
user_7b4c75ab,3,user_4b8335bd,0.598305
user_7b4c75ab,4,user_6a28fa5d,0.597126
user_7b4c75ab,5,user_aa19d173,0.584314
user_7b4c75ab,6,user_7b4c75ab,0.565574
user_7b4c75ab,7,user_ac6e9129,0.565351
user_7b4c75ab,8,user_ee05ee55,0.560228
user_7b4c75ab,9,user_1022be44,0.554871
user_7b4c75ab,10,user_f070eee7,0.543029
user_7b4c75ab,11,user_c73333a5,0.542958
user_7b4c75ab,12,user_8eac0a68,0.539047
user_7b4c75ab,13,user_a5e548ce,0.532216
user_7b4c75ab,14,user_17054ec7,0.523249
user_7b4c75ab,15,user_434f3511,0.520721
user_7c45fa70,1,user_7c45fa70,0.818851
user_7c45fa70,2,user_ded778b8,0.693570
user_7c45fa70,3,user_fcf93ee8,0.676894
user_7c45fa70,4,user_ba085464,0.658676
user_7c45fa70,5,user_18c333c6,0.656883
user_7c45fa70,6,user_3bb7992e,0.655241
user_7c45fa70,7,user_124651ff,0.652392
user_7c45fa70,8,user_5fddc7f1,0.647723
user_7c45fa70,9,user_1022be44,0.641438
user_7c45fa70,10,user_500badda,0.635991
user_7c45fa70,11,user_058d9dc1,0.635347
user_7c45fa70,12,user_d96972e5,0.634650
user_7c45fa70,13,user_b9d253e8,0.632303
user_7c45fa70,14,user_0ff0b922,0.631880
user_7c45fa70,15,user_0e408c4a,0.630492
user_7c7220a4,1,user_74cfb8ef,0.871718
user_7c7220a4,2,user_d2c97c8e,0.835355
user_7c7220a4,3,user_daf59045,0.830676
user_7c7220a4,4,user_7de6f343,0.820781
user_7c7220a4,5,user_e696f3ae,0.816563
user_7c7220a4,6,user_107259c3,0.813421
user_7c7220a4,7,user_70bbda36,0.811691
user_7c7220a4,8,user_e2e59795,0.810755
user_7c7220a4,9,user_fdc08e26,0.808522
user_7c7220a4,10,user_03969305,0.803249
user_7c7220a4,11,user_7c7220a4,0.800214
user_7c7220a4,12,user_04f39d22,0.798705
user_7c7220a4,13,user_83e45cc0,0.796513
user_7c7220a4,14,user_9a307ebe,0.793912
user_7c7220a4,15,user_a3a4a20a,0.789720
user_7f623d19,1,user_7f623d19,0.775840
user_7f623d19,2,user_2920b35e,0.685216
user_7f623d19,3,user_2c69b83e,0.676461
user_7f623d19,4,user_6169d3b8,0.673330
user_7f623d19,5,user_338e1332,0.664249
user_7f623d19,6,user_9692f077,0.661618
user_7f623d19,7,user_f030b951,0.652934
user_7f623d19,8,user_b63ea1d4,0.651452
user_7f623d19,9,user_e696f3ae,0.648966
user_7f623d19,10,user_8713f22a,0.645911
user_7f623d19,11,user_ea67f9c6,0.645585
user_7f623d19,12,user_6476648d,0.645472
user_7f623d19,13,user_53b85563,0.645049
user_7f623d19,14,user_107259c3,0.643701
user_7f623d19,15,user_76638121,0.640836
user_7fd91653,1,user_7fd91653,0.922393
user_7fd91653,2,user_b605d5c9,0.835219
user_7fd91653,3,user_a01f16ac,0.815055
user_7fd91653,4,user_5349c6cf,0.810249
user_7fd91653,5,user_c06d9b71,0.809214
user_7fd91653,6,user_d1d16d30,0.808312
user_7fd91653,7,user_7b052f32,0.803715
user_7fd91653,8,user_7924afc9,0.792328
user_7fd91653,9,user_ef954c6e,0.789499
user_7fd91653,10,user_5881b259,0.787893
user_7fd91653,11,user_1936a7c3,0.784766
user_7fd91653,12,user_e59c000f,0.782854
user_7fd91653,13,user_d70942c1,0.782623
user_7fd91653,14,user_18892460,0.778307
user_7fd91653,15,user_b337cb0c,0.776735
user_7fef9da8,1,user_7924afc9,0.846026
user_7fef9da8,2,user_fdcaaf41,0.840267
user_7fef9da8,3,user_a57e47b1,0.834276
user_7fef9da8,4,user_dc326993,0.832999
user_7fef9da8,5,user_2dd5b531,0.821882
user_7fef9da8,6,user_41d0c897,0.821555
user_7fef9da8,7,user_a743aff9,0.816266
user_7fef9da8,8,user_c06d9b71,0.815229
user_7fef9da8,9,user_d1d16d30,0.802586
user_7fef9da8,10,user_9d786aa8,0.799662
user_7fef9da8,11,user_a8c2208d,0.795989
user_7fef9da8,12,user_45926b89,0.791843
user_7fef9da8,13,user_69df6330,0.788365
user_7fef9da8,14,user_dd1d7b22,0.786621
user_7fef9da8,15,user_cdd86523,0.786592
user_8006727d,1,user_9600e8bf,0.747371
user_8006727d,2,user_406c399e,0.741995
user_8006727d,3,user_30802254,0.736652
user_8006727d,4,user_0eb2abf1,0.723949
user_8006727d,5,user_caa6a7b6,0.722527
user_8006727d,6,user_cf393213,0.720526
user_8006727d,7,user_d849ac6e,0.718454
user_8006727d,8,user_8a760553,0.708991
user_8006727d,9,user_65d73ac1,0.706754
user_8006727d,10,user_fde2d265,0.704576
user_8006727d,11,user_89e04335,0.703625
user_8006727d,12,user_84c14a6f,0.695402
user_8006727d,13,user_8e217d1b,0.692838
user_8006727d,14,user_15179955,0.691970
user_8006727d,15,user_32f31383,0.689665
user_80da26a6,1,user_886f7373,0.826296
user_80da26a6,2,user_869fcb2b,0.791773
user_80da26a6,3,user_b23aa915,0.786647
user_80da26a6,4,user_5c5a0b40,0.783678
user_80da26a6,5,user_e802076d,0.777452
user_80da26a6,6,user_10e64e28,0.771015
user_80da26a6,7,user_02d03e8a,0.769497
user_80da26a6,8,user_0697c470,0.762498
user_80da26a6,9,user_80dc757f,0.760103
user_80da26a6,10,user_96013176,0.758631
user_80da26a6,11,user_a151ddab,0.758022
user_80da26a6,12,user_394c25cc,0.752775
user_80da26a6,13,user_0521a7ac,0.750601
user_80da26a6,14,user_54c1ebee,0.748765
user_80da26a6,15,user_38dc2894,0.746061
user_80dc757f,1,user_ec574395,0.864989
user_80dc757f,2,user_29cd4556,0.853859
user_80dc757f,3,user_a8dc91a3,0.848386
user_80dc757f,4,user_79f04645,0.839888
user_80dc757f,5,user_8fe14601,0.824980
user_80dc757f,6,user_d93b53bd,0.820192
user_80dc757f,7,user_b6d05d1d,0.813637
user_80dc757f,8,user_2dd5b531,0.809505
user_80dc757f,9,user_fde2d265,0.803950
user_80dc757f,10,user_8f8346ad,0.802492
user_80dc757f,11,user_69a4dd06,0.801223
user_80dc757f,12,user_03969305,0.800428
user_80dc757f,13,user_6bf0e007,0.795025
user_80dc757f,14,user_94f185bc,0.794615
user_80dc757f,15,user_380ddd3f,0.790218
user_81a80789,1,user_07ec3726,0.806308
user_81a80789,2,user_9a5457b0,0.793929
user_81a80789,3,user_4f3b6241,0.785902
user_81a80789,4,user_f930e37f,0.776189
user_81a80789,5,user_67acd9b1,0.772714
user_81a80789,6,user_9351238d,0.766450
user_81a80789,7,user_3bc84c13,0.764149
user_81a80789,8,user_94cad3a5,0.759944
user_81a80789,9,user_d2bd9832,0.757416
user_81a80789,10,user_9b6481e4,0.751117
user_81a80789,11,user_d67450a8,0.749229
user_81a80789,12,user_a2503734,0.744865
user_81a80789,13,user_b1c16312,0.742669
user_81a80789,14,user_2eb5d860,0.741265
user_81a80789,15,user_4d4f73a6,0.739613
user_823846de,1,user_efa5697b,0.777958
user_823846de,2,user_ab30f0fb,0.740722
user_823846de,3,user_d5379647,0.729054
user_823846de,4,user_884ffdb2,0.722267
user_823846de,5,user_a4a77a7d,0.714405
user_823846de,6,user_96013176,0.709090
user_823846de,7,user_3f2fbc90,0.705096
user_823846de,8,user_4db0d490,0.704926
user_823846de,9,user_657c72ca,0.698720
user_823846de,10,user_823846de,0.697031
user_823846de,11,user_3121653d,0.693356
user_823846de,12,user_29cd4556,0.691338
user_823846de,13,user_858fa00c,0.690649
user_823846de,14,user_ce424e88,0.688263
user_823846de,15,user_ab5592eb,0.687881
user_8285a696,1,user_2cb4b018,0.863357
user_8285a696,2,user_95d648bc,0.856150
user_8285a696,3,user_1b7f8c56,0.855950
user_8285a696,4,user_e6057285,0.845028
user_8285a696,5,user_e802076d,0.844995
user_8285a696,6,user_c008345b,0.838481
user_8285a696,7,user_fba6bcd4,0.837790
user_8285a696,8,user_88b2faba,0.836633
user_8285a696,9,user_0898fc4b,0.835098
user_8285a696,10,user_bd05225b,0.833097
user_8285a696,11,user_03969305,0.832056
user_8285a696,12,user_5993b36a,0.831498
user_8285a696,13,user_e6dd44b0,0.830747
user_8285a696,14,user_364bb955,0.828153
user_8285a696,15,user_f0cf195f,0.828119
user_82879210,1,user_c39d41d7,0.825044
user_82879210,2,user_dd1d7b22,0.822453
user_82879210,3,user_84e93af7,0.822173
user_82879210,4,user_73f34c5d,0.816757
user_82879210,5,user_dbc4828c,0.815222
user_82879210,6,user_723406a0,0.810559
user_82879210,7,user_8d968cfb,0.809691
user_82879210,8,user_5881b259,0.800935
user_82879210,9,user_07cb458d,0.799628
user_82879210,10,user_50e2a836,0.798940
user_82879210,11,user_c008345b,0.797434
user_82879210,12,user_954805d7,0.797058
user_82879210,13,user_1a2755b3,0.794985
user_82879210,14,user_fba6bcd4,0.794496
user_82879210,15,user_b6350ec1,0.793770
user_829844fd,1,user_eb0927d1,0.866869
user_829844fd,2,user_e6057285,0.863033
user_829844fd,3,user_5881b259,0.856248
user_829844fd,4,user_bd05225b,0.841407
user_829844fd,5,user_fb64cb55,0.838289
user_829844fd,6,user_c5f32c0d,0.830588
user_829844fd,7,user_a4a77a7d,0.828846
user_829844fd,8,user_0898fc4b,0.826432
user_829844fd,9,user_0e82fe11,0.825574
user_829844fd,10,user_5b714afd,0.825065
user_829844fd,11,user_b4214db6,0.824772
user_829844fd,12,user_8d22714e,0.824586
user_829844fd,13,user_0669bdf6,0.824020
user_829844fd,14,user_723406a0,0.819122
user_829844fd,15,user_0a3bcf86,0.818905
user_82d93459,1,user_82d93459,0.768877
user_82d93459,2,user_e8e9acac,0.760461
user_82d93459,3,user_9ee84e18,0.753291
user_82d93459,4,user_4f864d55,0.751620
user_82d93459,5,user_c41de62b,0.747281
user_82d93459,6,user_25b48a9a,0.739228
user_82d93459,7,user_00723699,0.732088
user_82d93459,8,user_fb64cb55,0.731991
user_82d93459,9,user_4d4f73a6,0.727777
user_82d93459,10,user_39aad1a2,0.727091
user_82d93459,11,user_acb51eed,0.726285
user_82d93459,12,user_940c7213,0.722624
user_82d93459,13,user_0cc626ee,0.722324
user_82d93459,14,user_91db6e48,0.713627
user_82d93459,15,user_903329bb,0.710965
user_83e45cc0,1,user_c73333a5,0.732536
user_83e45cc0,2,user_aa19d173,0.711078
user_83e45cc0,3,user_5fddc7f1,0.703008
user_83e45cc0,4,user_687feee4,0.684660
user_83e45cc0,5,user_6a28fa5d,0.678971
user_83e45cc0,6,user_8e48a3f8,0.666032
user_83e45cc0,7,user_85c97ea1,0.664946
user_83e45cc0,8,user_1022be44,0.664570
user_83e45cc0,9,user_2e60c125,0.647509
user_83e45cc0,10,user_a615a6d1,0.633699
user_83e45cc0,11,user_74cfb8ef,0.628710
user_83e45cc0,12,user_2c2a5c24,0.626264
user_83e45cc0,13,user_07db2c6a,0.624629
user_83e45cc0,14,user_bf30f80d,0.621012
user_83e45cc0,15,user_6fa47d61,0.619737
user_84703a6e,1,user_e6057285,0.802599
user_84703a6e,2,user_89e04335,0.794389
user_84703a6e,3,user_d1d16d30,0.787716
user_84703a6e,4,user_41d0c897,0.785967
user_84703a6e,5,user_1f1dc5e0,0.784811
user_84703a6e,6,user_f51339f8,0.783148
user_84703a6e,7,user_c06d9b71,0.774393
user_84703a6e,8,user_9600e8bf,0.770076
user_84703a6e,9,user_cf393213,0.761814
user_84703a6e,10,user_2dd5b531,0.760430
user_84703a6e,11,user_f75c71f0,0.755553
user_84703a6e,12,user_5881b259,0.755309
user_84703a6e,13,user_1936a7c3,0.754255
user_84703a6e,14,user_e802076d,0.753494
user_84703a6e,15,user_f0cf195f,0.753062
user_84c14a6f,1,user_cdd86523,0.861029
user_84c14a6f,2,user_a743aff9,0.851634
user_84c14a6f,3,user_0eb2abf1,0.850081
user_84c14a6f,4,user_fde2d265,0.848880
user_84c14a6f,5,user_15179955,0.848414
user_84c14a6f,6,user_84c14a6f,0.846909
user_84c14a6f,7,user_b49274ca,0.846471
user_84c14a6f,8,user_2dd5b531,0.846087
user_84c14a6f,9,user_dd1d7b22,0.844242
user_84c14a6f,10,user_d1d16d30,0.840841
user_84c14a6f,11,user_a57e47b1,0.837022
user_84c14a6f,12,user_40a0bad3,0.835317
user_84c14a6f,13,user_7924afc9,0.832689
user_84c14a6f,14,user_1a2755b3,0.829160
user_84c14a6f,15,user_c06d9b71,0.828885
user_84fe1a7a,1,user_dca78fea,0.805266
user_84fe1a7a,2,user_7b052f32,0.797668
user_84fe1a7a,3,user_72b93300,0.791658
user_84fe1a7a,4,user_fba6bcd4,0.791006
user_84fe1a7a,5,user_a01f16ac,0.785818
user_84fe1a7a,6,user_1b7f8c56,0.782540
user_84fe1a7a,7,user_e6057285,0.778556
user_84fe1a7a,8,user_84fe1a7a,0.777908
user_84fe1a7a,9,user_5993b36a,0.776477
user_84fe1a7a,10,user_a6c5a10c,0.774606
user_84fe1a7a,11,user_d1d16d30,0.772894
user_84fe1a7a,12,user_bbe73426,0.772656
user_84fe1a7a,13,user_2e81a539,0.768556
user_84fe1a7a,14,user_6d071251,0.768122
user_84fe1a7a,15,user_b337cb0c,0.766759
user_85810097,1,user_1b460965,0.738926
user_85810097,2,user_582ff5b2,0.738278
user_85810097,3,user_c32db875,0.738114
user_85810097,4,user_66a7ce5a,0.736567
user_85810097,5,user_515ae840,0.735926
user_85810097,6,user_f14dc486,0.725552
user_85810097,7,user_d20928cc,0.723553
user_85810097,8,user_26565155,0.723492
user_85810097,9,user_85810097,0.723147
user_85810097,10,user_d67450a8,0.707271
user_85810097,11,user_2b03934e,0.695949
user_85810097,12,user_ca6074df,0.685200
user_85810097,13,user_4bf6a4a0,0.681050
user_85810097,14,user_5d1b0daf,0.679685
user_85810097,15,user_0eeab432,0.678550
user_8663226a,1,user_8663226a,0.881852
user_8663226a,2,user_fba6bcd4,0.858071
user_8663226a,3,user_d6175d39,0.849545
user_8663226a,4,user_b6350ec1,0.842885
user_8663226a,5,user_2373103d,0.842567
user_8663226a,6,user_aa31484a,0.833404
user_8663226a,7,user_17607ebc,0.832635
user_8663226a,8,user_3f798a8b,0.831855
user_8663226a,9,user_02d03e8a,0.827169
user_8663226a,10,user_b16e0cf8,0.825595
user_8663226a,11,user_43a979d2,0.814535
user_8663226a,12,user_c35d6565,0.811957
user_8663226a,13,user_9dda4af9,0.811637
user_8663226a,14,user_f654c33b,0.803561
user_8663226a,15,user_73f34c5d,0.799426
user_86685a27,1,user_ed3091a2,0.810753
user_86685a27,2,user_5ac1a174,0.787912
user_86685a27,3,user_90e5fee6,0.785276
user_86685a27,4,user_0e82fe11,0.770794
user_86685a27,5,user_0cc626ee,0.767088
user_86685a27,6,user_8d22714e,0.755304
user_86685a27,7,user_17355c30,0.752423
user_86685a27,8,user_d758a0a1,0.747831
user_86685a27,9,user_6a13946a,0.747293
user_86685a27,10,user_ecc1ca0a,0.745113
user_86685a27,11,user_ab30f0fb,0.738326
user_86685a27,12,user_f27da10a,0.738099
user_86685a27,13,user_0669bdf6,0.737694
user_86685a27,14,user_f60a09b3,0.732722
user_86685a27,15,user_5a6f92a6,0.731081
user_869fcb2b,1,user_6fbf6191,0.825342
user_869fcb2b,2,user_9bee2a7c,0.788055
user_869fcb2b,3,user_c8f82360,0.749310
user_869fcb2b,4,user_2e05a7a0,0.746348
user_869fcb2b,5,user_74d27419,0.742811
user_869fcb2b,6,user_5159d3a1,0.734939
user_869fcb2b,7,user_25b48a9a,0.733595
user_869fcb2b,8,user_55058479,0.729338
user_869fcb2b,9,user_54b19b29,0.719977
user_869fcb2b,10,user_380ddd3f,0.718292
user_869fcb2b,11,user_194b92fc,0.713161
user_869fcb2b,12,user_cf393213,0.711633
user_869fcb2b,13,user_b9036662,0.708594
user_869fcb2b,14,user_7c8639cd,0.708477
user_869fcb2b,15,user_ee8d5ec5,0.705634
user_8713f22a,1,user_ba010eec,0.746369
user_8713f22a,2,user_efb27a8e,0.745702
user_8713f22a,3,user_c130412b,0.742580
user_8713f22a,4,user_8713f22a,0.713317
user_8713f22a,5,user_a16d1fb6,0.703173
user_8713f22a,6,user_ab8e847b,0.693522
user_8713f22a,7,user_ffe2efae,0.691710
user_8713f22a,8,user_9c88ee3d,0.671112
user_8713f22a,9,user_9a5457b0,0.666355
user_8713f22a,10,user_885e8708,0.644067
user_8713f22a,11,user_67acd9b1,0.642080
user_8713f22a,12,user_0128a546,0.638221
user_8713f22a,13,user_b2aba63a,0.636997
user_8713f22a,14,user_3666402b,0.636754
user_8713f22a,15,user_3b79395c,0.632624
user_87e5d9b0,1,user_87e5d9b0,0.854284
user_87e5d9b0,2,user_107259c3,0.821176
user_87e5d9b0,3,user_29266f60,0.820066
user_87e5d9b0,4,user_233fda02,0.797168
user_87e5d9b0,5,user_8e5e899b,0.796074
user_87e5d9b0,6,user_4144252d,0.790859
user_87e5d9b0,7,user_df8dc9bb,0.787636
user_87e5d9b0,8,user_83afc7b2,0.785724
user_87e5d9b0,9,user_f4f9490d,0.784759
user_87e5d9b0,10,user_ff39b6cf,0.779542
user_87e5d9b0,11,user_5a6f92a6,0.777741
user_87e5d9b0,12,user_5ac1a174,0.776961
user_87e5d9b0,13,user_bd05225b,0.772676
user_87e5d9b0,14,user_ea67f9c6,0.771698
user_87e5d9b0,15,user_a4893af1,0.769874
user_885e8708,1,user_83afc7b2,0.855955
user_885e8708,2,user_25798310,0.854926
user_885e8708,3,user_8d22714e,0.849395
user_885e8708,4,user_147d1bbb,0.843478
user_885e8708,5,user_df8dc9bb,0.842919
user_885e8708,6,user_f27da10a,0.838467
user_885e8708,7,user_bd05225b,0.831227
user_885e8708,8,user_7a8f7f3e,0.829805
user_885e8708,9,user_107259c3,0.826613
user_885e8708,10,user_e8a7be73,0.821685
user_885e8708,11,user_a4893af1,0.818265
user_885e8708,12,user_032e5bc8,0.816293
user_885e8708,13,user_c5f32c0d,0.815281
user_885e8708,14,user_0cc626ee,0.814011
user_885e8708,15,user_f10e7063,0.813853
user_88f46c7b,1,user_0a245f61,0.839364
user_88f46c7b,2,user_88f46c7b,0.823018
user_88f46c7b,3,user_eae91488,0.812445
user_88f46c7b,4,user_b4214db6,0.755767
user_88f46c7b,5,user_9571d0d5,0.734769
user_88f46c7b,6,user_f930e37f,0.731360
user_88f46c7b,7,user_723406a0,0.725525
user_88f46c7b,8,user_5b698646,0.719190
user_88f46c7b,9,user_5881b259,0.718999
user_88f46c7b,10,user_a743aff9,0.718433
user_88f46c7b,11,user_69df6330,0.718072
user_88f46c7b,12,user_b9036662,0.717220
user_88f46c7b,13,user_39aad1a2,0.716253
user_88f46c7b,14,user_c39d41d7,0.713617
user_88f46c7b,15,user_4b139395,0.712534
user_89f449b4,1,user_cdd86523,0.730940
user_89f449b4,2,user_259776c7,0.701378
user_89f449b4,3,user_cf393213,0.696396
user_89f449b4,4,user_f4f9490d,0.680285
user_89f449b4,5,user_7c8639cd,0.678829
user_89f449b4,6,user_6fbf6191,0.674895
user_89f449b4,7,user_a57e47b1,0.667579
user_89f449b4,8,user_fdcaaf41,0.657740
user_89f449b4,9,user_32f31383,0.650303
user_89f449b4,10,user_67acd9b1,0.645691
user_89f449b4,11,user_9a5457b0,0.639165
user_89f449b4,12,user_e3f9409b,0.631632
user_89f449b4,13,user_a57a04fa,0.631311
user_89f449b4,14,user_89e04335,0.625213
user_89f449b4,15,user_94cad3a5,0.623748
user_8a760553,1,user_73f34c5d,0.871718
user_8a760553,2,user_636ad58f,0.870858
user_8a760553,3,user_5881b259,0.857551
user_8a760553,4,user_c39d41d7,0.856909
user_8a760553,5,user_d1d16d30,0.848769
user_8a760553,6,user_954805d7,0.834377
user_8a760553,7,user_d70942c1,0.833632
user_8a760553,8,user_cdd86523,0.830213
user_8a760553,9,user_fba6bcd4,0.829140
user_8a760553,10,user_dd1d7b22,0.828007
user_8a760553,11,user_9600e8bf,0.826396
user_8a760553,12,user_dbc4828c,0.826124
user_8a760553,13,user_50e2a836,0.824130
user_8a760553,14,user_b6350ec1,0.823870
user_8a760553,15,user_dc32d458,0.823690
user_8ae8c359,1,user_f54058d0,0.819412
user_8ae8c359,2,user_8ae8c359,0.808826
user_8ae8c359,3,user_ed1aaed8,0.797122
user_8ae8c359,4,user_364bb955,0.788315
user_8ae8c359,5,user_3e284ba5,0.785717
user_8ae8c359,6,user_e6dd44b0,0.781269
user_8ae8c359,7,user_d691d016,0.763142
user_8ae8c359,8,user_5c9b579a,0.763128
user_8ae8c359,9,user_95d648bc,0.762515
user_8ae8c359,10,user_1246b252,0.758755
user_8ae8c359,11,user_3239132f,0.757155
user_8ae8c359,12,user_500badda,0.746623
user_8ae8c359,13,user_4bd9303b,0.745713
user_8ae8c359,14,user_03410579,0.741171
user_8ae8c359,15,user_ef05ad51,0.738552
user_8afa3eba,1,user_ff39b6cf,0.716290
user_8afa3eba,2,user_8e5e899b,0.710611
user_8afa3eba,3,user_22b484cb,0.663950
user_8afa3eba,4,user_d7fde080,0.662605
user_8afa3eba,5,user_2c39731d,0.657366
user_8afa3eba,6,user_a7f8db34,0.652779
user_8afa3eba,7,user_07db2c6a,0.646943
user_8afa3eba,8,user_858fa00c,0.644588
user_8afa3eba,9,user_87bbc3b5,0.643690
user_8afa3eba,10,user_87e5d9b0,0.639610
user_8afa3eba,11,user_233fda02,0.638904
user_8afa3eba,12,user_b628264a,0.634825
user_8afa3eba,13,user_acd6ddfb,0.634381
user_8afa3eba,14,user_49b1ac46,0.631896
user_8afa3eba,15,user_e8cdb142,0.627715
user_8c6db6ed,1,user_1bcbacb3,0.782496
user_8c6db6ed,2,user_78eff25f,0.642969
user_8c6db6ed,3,user_8afa3eba,0.635059
user_8c6db6ed,4,user_86685a27,0.633575
user_8c6db6ed,5,user_22b484cb,0.630538
user_8c6db6ed,6,user_903329bb,0.622852
user_8c6db6ed,7,user_a6a094cf,0.604563
user_8c6db6ed,8,user_d0a0f883,0.598937
user_8c6db6ed,9,user_ed3091a2,0.598076
user_8c6db6ed,10,user_5d7cbf11,0.596362
user_8c6db6ed,11,user_a5d9fab6,0.587151
user_8c6db6ed,12,user_835666af,0.586858
user_8c6db6ed,13,user_49b1ac46,0.579337
user_8c6db6ed,14,user_59e8bc2a,0.577477
user_8c6db6ed,15,user_6a98b381,0.577404
user_8d22714e,1,user_8d22714e,0.856634
user_8d22714e,2,user_723406a0,0.856281
user_8d22714e,3,user_c39d41d7,0.823499
user_8d22714e,4,user_5881b259,0.816411
user_8d22714e,5,user_d955d7e2,0.808228
user_8d22714e,6,user_5993b36a,0.808152
user_8d22714e,7,user_dbc4828c,0.805200
user_8d22714e,8,user_e5a6abbe,0.804714
user_8d22714e,9,user_bd05225b,0.802371
user_8d22714e,10,user_50e2a836,0.802286
user_8d22714e,11,user_636ad58f,0.798575
user_8d22714e,12,user_f27da10a,0.794501
user_8d22714e,13,user_c5f32c0d,0.792808
user_8d22714e,14,user_0f0ad720,0.790777
user_8d22714e,15,user_91f807b9,0.784323
user_8d85acb5,1,user_c8f82360,0.746890
user_8d85acb5,2,user_194b92fc,0.671225
user_8d85acb5,3,user_c41de62b,0.656273
user_8d85acb5,4,user_6ab1739a,0.652662
user_8d85acb5,5,user_daf53db6,0.640162
user_8d85acb5,6,user_8d85acb5,0.632897
user_8d85acb5,7,user_55058479,0.630725
user_8d85acb5,8,user_649f4327,0.630179
user_8d85acb5,9,user_08aa624b,0.629907
user_8d85acb5,10,user_b78601b5,0.624598
user_8d85acb5,11,user_e838707b,0.622058
user_8d85acb5,12,user_9c5cd7fa,0.619595
user_8d85acb5,13,user_9bee2a7c,0.614631
user_8d85acb5,14,user_46bb5302,0.614087
user_8d85acb5,15,user_25b48a9a,0.608488
user_8d968cfb,1,user_5881b259,0.881299
user_8d968cfb,2,user_dc32d458,0.877979
user_8d968cfb,3,user_f654c33b,0.872355
user_8d968cfb,4,user_0cee87f3,0.862966
user_8d968cfb,5,user_c39d41d7,0.862555
user_8d968cfb,6,user_7aa3746b,0.862125
user_8d968cfb,7,user_dd1d7b22,0.856169
user_8d968cfb,8,user_15179955,0.855178
user_8d968cfb,9,user_b16e0cf8,0.854384
user_8d968cfb,10,user_d1d16d30,0.850728
user_8d968cfb,11,user_723406a0,0.849463
user_8d968cfb,12,user_adab54a0,0.848269
user_8d968cfb,13,user_d199bef3,0.847879
user_8d968cfb,14,user_03969305,0.844974
user_8d968cfb,15,user_636ad58f,0.843759
user_8da30894,1,user_f3f15c55,0.625649
user_8da30894,2,user_5b7d5e00,0.595152
user_8da30894,3,user_ad15a0a4,0.552590
user_8da30894,4,user_d023a78e,0.535629
user_8da30894,5,user_8da30894,0.504634
user_8da30894,6,user_59e8bc2a,0.503387
user_8da30894,7,user_a5d9fab6,0.486005
user_8da30894,8,user_9b517815,0.474547
user_8da30894,9,user_22b484cb,0.466490
user_8da30894,10,user_f59d3941,0.448420
user_8da30894,11,user_598cc905,0.447456
user_8da30894,12,user_903329bb,0.440424
user_8da30894,13,user_91321efa,0.431521
user_8da30894,14,user_a6a094cf,0.425842
user_8da30894,15,user_835666af,0.422300
user_8dd20d7f,1,user_8dd20d7f,0.777913
user_8dd20d7f,2,user_f930e37f,0.770491
user_8dd20d7f,3,user_ebddf9c1,0.749580
user_8dd20d7f,4,user_cf393213,0.744692
user_8dd20d7f,5,user_cdd86523,0.737239
user_8dd20d7f,6,user_a57e47b1,0.726940
user_8dd20d7f,7,user_a75b16f2,0.726216
user_8dd20d7f,8,user_14a2d3c6,0.725523
user_8dd20d7f,9,user_f4f9490d,0.722046
user_8dd20d7f,10,user_c994138f,0.721251
user_8dd20d7f,11,user_1b7f8c56,0.717820
user_8dd20d7f,12,user_e6057285,0.713796
user_8dd20d7f,13,user_aabd2642,0.711433
user_8dd20d7f,14,user_a6c2e760,0.709014
user_8dd20d7f,15,user_2e81a539,0.707498
user_8e48a3f8,1,user_5c9b579a,0.819062
user_8e48a3f8,2,user_364bb955,0.762065
user_8e48a3f8,3,user_b0129d9e,0.761369
user_8e48a3f8,4,user_da51dede,0.753634
user_8e48a3f8,5,user_70bbda36,0.749394
user_8e48a3f8,6,user_74cfb8ef,0.745764
user_8e48a3f8,7,user_687feee4,0.744906
user_8e48a3f8,8,user_fcf93ee8,0.744636
user_8e48a3f8,9,user_586752e4,0.743549
user_8e48a3f8,10,user_d2c97c8e,0.740679
user_8e48a3f8,11,user_3bb7992e,0.739588
user_8e48a3f8,12,user_ef05ad51,0.739424
user_8e48a3f8,13,user_500badda,0.736628
user_8e48a3f8,14,user_885e8708,0.736337
user_8e48a3f8,15,user_166a3647,0.731163
user_8e97a154,1,user_8e97a154,0.822220
user_8e97a154,2,user_586752e4,0.815629
user_8e97a154,3,user_8713f22a,0.800435
user_8e97a154,4,user_94cad3a5,0.793852
user_8e97a154,5,user_687feee4,0.789851
user_8e97a154,6,user_5a6f92a6,0.783907
user_8e97a154,7,user_9ee84e18,0.783177
user_8e97a154,8,user_9571d0d5,0.781012
user_8e97a154,9,user_0cc626ee,0.780739
user_8e97a154,10,user_166a3647,0.780287
user_8e97a154,11,user_ded778b8,0.776707
user_8e97a154,12,user_ea67f9c6,0.771699
user_8e97a154,13,user_f27da10a,0.771607
user_8e97a154,14,user_107259c3,0.770622
user_8e97a154,15,user_df8dc9bb,0.767550
user_8eac0a68,1,user_81a80789,0.741355
user_8eac0a68,2,user_1a7d6cd5,0.727016
user_8eac0a68,3,user_3e284ba5,0.722607
user_8eac0a68,4,user_02fecea2,0.721473
user_8eac0a68,5,user_76638121,0.719038
user_8eac0a68,6,user_70bbda36,0.716009
user_8eac0a68,7,user_e5f67397,0.711083
user_8eac0a68,8,user_8713f22a,0.706498
user_8eac0a68,9,user_ded778b8,0.701971
user_8eac0a68,10,user_2f4cc646,0.700324
user_8eac0a68,11,user_500badda,0.699617
user_8eac0a68,12,user_b0129d9e,0.698136
user_8eac0a68,13,user_7b5f54c0,0.692744
user_8eac0a68,14,user_6169d3b8,0.691693
user_8eac0a68,15,user_166a3647,0.691353
user_8f08aa94,1,user_ded778b8,0.825890
user_8f08aa94,2,user_70bbda36,0.814614
user_8f08aa94,3,user_e802076d,0.805805
user_8f08aa94,4,user_147d1bbb,0.796377
user_8f08aa94,5,user_c008345b,0.791892
user_8f08aa94,6,user_0ff0b922,0.790214
user_8f08aa94,7,user_ba085464,0.789831
user_8f08aa94,8,user_e6dd44b0,0.779890
user_8f08aa94,9,user_bd47000f,0.778730
user_8f08aa94,10,user_02016939,0.776399
user_8f08aa94,11,user_cbabbcee,0.775112
user_8f08aa94,12,user_dca78fea,0.775112
user_8f08aa94,13,user_fa60616d,0.771790
user_8f08aa94,14,user_1a2755b3,0.769525
user_8f08aa94,15,user_88b2faba,0.767566
user_8fe14601,1,user_b6350ec1,0.907084
user_8fe14601,2,user_e6dd44b0,0.887941
user_8fe14601,3,user_fba6bcd4,0.886214
user_8fe14601,4,user_2920b35e,0.875048
user_8fe14601,5,user_d6175d39,0.870407
user_8fe14601,6,user_b16e0cf8,0.857777
user_8fe14601,7,user_3ff3188b,0.850143
user_8fe14601,8,user_f030b951,0.848702
user_8fe14601,9,user_c39d41d7,0.845843
user_8fe14601,10,user_9dda4af9,0.839464
user_8fe14601,11,user_73f34c5d,0.839023
user_8fe14601,12,user_81c4dae1,0.838079
user_8fe14601,13,user_88b2faba,0.837834
user_8fe14601,14,user_40efa894,0.837136
user_8fe14601,15,user_07cb458d,0.836039
user_90202189,1,user_9571d0d5,0.812871
user_90202189,2,user_03969305,0.799832
user_90202189,3,user_89e04335,0.799040
user_90202189,4,user_daf37424,0.791157
user_90202189,5,user_9a307ebe,0.782968
user_90202189,6,user_9ee84e18,0.781436
user_90202189,7,user_e59c000f,0.781251
user_90202189,8,user_f930e37f,0.775290
user_90202189,9,user_586752e4,0.774701
user_90202189,10,user_df8dc9bb,0.774322
user_90202189,11,user_058c1800,0.774062
user_90202189,12,user_2dd5b531,0.771293
user_90202189,13,user_96013176,0.770488
user_90202189,14,user_6fc85c06,0.769725
user_90202189,15,user_3f2894b5,0.765709
user_902af20f,1,user_1a4bec69,0.862550
user_902af20f,2,user_a52dd639,0.834055
user_902af20f,3,user_2efde048,0.816313
user_902af20f,4,user_08c32973,0.790935
user_902af20f,5,user_e409a56d,0.775998
user_902af20f,6,user_4ea1ef09,0.774393
user_902af20f,7,user_6fa47d61,0.774298
user_902af20f,8,user_2c2a5c24,0.773571
user_902af20f,9,user_81c4dae1,0.763837
user_902af20f,10,user_7de6f343,0.761716
user_902af20f,11,user_421ae417,0.757595
user_902af20f,12,user_25652863,0.756449
user_902af20f,13,user_3ff3188b,0.754339
user_902af20f,14,user_902af20f,0.754245
user_902af20f,15,user_58bfeaad,0.746802
user_903329bb,1,user_903329bb,0.749028
user_903329bb,2,user_daf53db6,0.702660
user_903329bb,3,user_0a3f46b9,0.675893
user_903329bb,4,user_22b484cb,0.672518
user_903329bb,5,user_4f864d55,0.661636
user_903329bb,6,user_233fda02,0.646871
user_903329bb,7,user_b78601b5,0.644538
user_903329bb,8,user_d5379647,0.636466
user_903329bb,9,user_e8e9acac,0.630121
user_903329bb,10,user_9ee84e18,0.628899
user_903329bb,11,user_18227c28,0.622603
user_903329bb,12,user_938164a5,0.621426
user_903329bb,13,user_00723699,0.617196
user_903329bb,14,user_543e79f5,0.616414
user_903329bb,15,user_bbb0205e,0.608261
user_906e2423,1,user_9ce96cbf,0.837948
user_906e2423,2,user_8f8346ad,0.821549
user_906e2423,3,user_efac3c1d,0.817587
user_906e2423,4,user_91f807b9,0.803522
user_906e2423,5,user_a8dc91a3,0.797496
user_906e2423,6,user_a151ddab,0.791792
user_906e2423,7,user_906e2423,0.787750
user_906e2423,8,user_433bdef0,0.784596
user_906e2423,9,user_d849ac6e,0.783881
user_906e2423,10,user_5d1b0daf,0.781243
user_906e2423,11,user_3f2fbc90,0.777489
user_906e2423,12,user_8be3f554,0.774000
user_906e2423,13,user_9dda4af9,0.773403
user_906e2423,14,user_29cd4556,0.772145
user_906e2423,15,user_f43d6008,0.770039
user_916503d6,1,user_2d74cd4c,0.883376
user_916503d6,2,user_f8e2246f,0.869590
user_916503d6,3,user_b325310b,0.867473
user_916503d6,4,user_d3663143,0.866722
user_916503d6,5,user_71b9b8e0,0.851681
user_916503d6,6,user_b6b89f00,0.841406
user_916503d6,7,user_940c7213,0.839005
user_916503d6,8,user_08aa624b,0.824412
user_916503d6,9,user_aa2fbe83,0.817761
user_916503d6,10,user_afff552a,0.813692
user_916503d6,11,user_9dda4af9,0.810718
user_916503d6,12,user_6bb64984,0.808509
user_916503d6,13,user_fb64cb55,0.807363
user_916503d6,14,user_8fbb6d9c,0.799534
user_916503d6,15,user_1b7f8c56,0.797154
user_920c074a,1,user_9d9fba70,0.788097
user_920c074a,2,user_942ff21e,0.783020
user_920c074a,3,user_efb27a8e,0.773086
user_920c074a,4,user_4d4f73a6,0.761875
user_920c074a,5,user_ffe2efae,0.741313
user_920c074a,6,user_52f895f1,0.738539
user_920c074a,7,user_66a7ce5a,0.718872
user_920c074a,8,user_9351238d,0.707056
user_920c074a,9,user_fe922ad0,0.701204
user_920c074a,10,user_65d73ac1,0.698223
user_920c074a,11,user_a16d1fb6,0.697954
user_920c074a,12,user_16b87e34,0.692196
user_920c074a,13,user_c994138f,0.690848
user_920c074a,14,user_acd6ddfb,0.682779
user_920c074a,15,user_338e1332,0.680607
user_938164a5,1,user_884ffdb2,0.827759
user_938164a5,2,user_405db206,0.806080
user_938164a5,3,user_83e30c57,0.799236
user_938164a5,4,user_5881b259,0.769391
user_938164a5,5,user_3121653d,0.765783
user_938164a5,6,user_723406a0,0.762047
user_938164a5,7,user_f930e37f,0.761894
user_938164a5,8,user_c39d41d7,0.757936
user_938164a5,9,user_03969305,0.749110
user_938164a5,10,user_69df6330,0.748560
user_938164a5,11,user_a57e47b1,0.747904
user_938164a5,12,user_954805d7,0.743864
user_938164a5,13,user_b4214db6,0.742326
user_938164a5,14,user_c4c70447,0.740440
user_938164a5,15,user_40a0bad3,0.735596
user_943e4045,1,user_c1a70ab7,0.689766
user_943e4045,2,user_fa69a385,0.688289
user_943e4045,3,user_41b20ee4,0.681382
user_943e4045,4,user_d14b7d7b,0.678674
user_943e4045,5,user_94f4a027,0.664236
user_943e4045,6,user_3666402b,0.663748
user_943e4045,7,user_0bd8ba7c,0.661408
user_943e4045,8,user_2c3eb234,0.644787
user_943e4045,9,user_a4aab257,0.631074
user_943e4045,10,user_938164a5,0.627878
user_943e4045,11,user_338e1332,0.627279
user_943e4045,12,user_8006727d,0.622101
user_943e4045,13,user_bbb0205e,0.617489
user_943e4045,14,user_63b4ae7a,0.613546
user_943e4045,15,user_8c0c7619,0.612101
user_954805d7,1,user_c39d41d7,0.887494
user_954805d7,2,user_dbc4828c,0.875246
user_954805d7,3,user_e6dd44b0,0.871029
user_954805d7,4,user_954805d7,0.863382
user_954805d7,5,user_5881b259,0.862969
user_954805d7,6,user_2c69b83e,0.858599
user_954805d7,7,user_b6350ec1,0.858525
user_954805d7,8,user_636ad58f,0.858489
user_954805d7,9,user_405db206,0.858372
user_954805d7,10,user_96013176,0.857646
user_954805d7,11,user_07cb458d,0.854414
user_954805d7,12,user_fba6bcd4,0.853213
user_954805d7,13,user_0898fc4b,0.849872
user_954805d7,14,user_3121653d,0.848576
user_954805d7,15,user_7aa3746b,0.847840
user_959adfc8,1,user_8d22714e,0.850488
user_959adfc8,2,user_b350e22b,0.831730
user_959adfc8,3,user_df8dc9bb,0.827671
user_959adfc8,4,user_e8a7be73,0.825880
user_959adfc8,5,user_c5f32c0d,0.825085
user_959adfc8,6,user_a4a77a7d,0.821143
user_959adfc8,7,user_83afc7b2,0.817145
user_959adfc8,8,user_0669bdf6,0.812342
user_959adfc8,9,user_e59c000f,0.808520
user_959adfc8,10,user_032e5bc8,0.806951
user_959adfc8,11,user_0cc626ee,0.806336
user_959adfc8,12,user_38433566,0.804908
user_959adfc8,13,user_a151ddab,0.804695
user_959adfc8,14,user_f27da10a,0.802521
user_959adfc8,15,user_886f7373,0.800886
user_95d648bc,1,user_6011e674,0.837719
user_95d648bc,2,user_417702c5,0.827172
user_95d648bc,3,user_95d648bc,0.786928
user_95d648bc,4,user_2d74cd4c,0.786712
user_95d648bc,5,user_f8e2246f,0.784403
user_95d648bc,6,user_65d73ac1,0.781520
user_95d648bc,7,user_b325310b,0.773068
user_95d648bc,8,user_4f864d55,0.772655
user_95d648bc,9,user_8d968cfb,0.768139
user_95d648bc,10,user_9dda4af9,0.765066
user_95d648bc,11,user_99c67f2f,0.763672
user_95d648bc,12,user_e6dd44b0,0.760986
user_95d648bc,13,user_aabd2642,0.755848
user_95d648bc,14,user_53b85563,0.751654
user_95d648bc,15,user_8fbb6d9c,0.751465
user_9600e8bf,1,user_bd05225b,0.876460
user_9600e8bf,2,user_5881b259,0.870437
user_9600e8bf,3,user_c39d41d7,0.868413
user_9600e8bf,4,user_2e81a539,0.848910
user_9600e8bf,5,user_107259c3,0.848171
user_9600e8bf,6,user_586752e4,0.842739
user_9600e8bf,7,user_f27da10a,0.842180
user_9600e8bf,8,user_96013176,0.841171
user_9600e8bf,9,user_147d1bbb,0.836796
user_9600e8bf,10,user_03969305,0.836773
user_9600e8bf,11,user_e59c000f,0.836258
user_9600e8bf,12,user_636ad58f,0.836099
user_9600e8bf,13,user_e6057285,0.834560
user_9600e8bf,14,user_c5f32c0d,0.833722
user_9600e8bf,15,user_83afc7b2,0.830192
user_96013176,1,user_b1c16312,0.799237
user_96013176,2,user_55058479,0.766390
user_96013176,3,user_c41de62b,0.736507
user_96013176,4,user_c8f82360,0.724589
user_96013176,5,user_9bee2a7c,0.713655
user_96013176,6,user_46bb5302,0.712960
user_96013176,7,user_d67450a8,0.703920
user_96013176,8,user_6fbf6191,0.671386
user_96013176,9,user_25b48a9a,0.668142
user_96013176,10,user_8006727d,0.663613
user_96013176,11,user_daf53db6,0.659212
user_96013176,12,user_bbb0205e,0.657337
user_96013176,13,user_5159d3a1,0.655488
user_96013176,14,user_194b92fc,0.653639
user_96013176,15,user_4f3b6241,0.652511
user_9692f077,1,user_4bf6a4a0,0.778876
user_9692f077,2,user_c32db875,0.759662
user_9692f077,3,user_19952166,0.739123
user_9692f077,4,user_0eeab432,0.726707
user_9692f077,5,user_26565155,0.717364
user_9692f077,6,user_d20928cc,0.710532
user_9692f077,7,user_f14dc486,0.700582
user_9692f077,8,user_9ce96cbf,0.679054
user_9692f077,9,user_515ae840,0.668518
user_9692f077,10,user_96c3cc43,0.660014
user_9692f077,11,user_a2503734,0.659878
user_9692f077,12,user_23ecc36a,0.657571
user_9692f077,13,user_5d1b0daf,0.657192
user_9692f077,14,user_66a7ce5a,0.655273
user_9692f077,15,user_8c0c7619,0.654248
user_96c3cc43,1,user_79f04645,0.902950
user_96c3cc43,2,user_8fe14601,0.876268
user_96c3cc43,3,user_29cd4556,0.869155
user_96c3cc43,4,user_d70942c1,0.864383
user_96c3cc43,5,user_03969305,0.860945
user_96c3cc43,6,user_5349c6cf,0.853393
user_96c3cc43,7,user_43a979d2,0.851643
user_96c3cc43,8,user_fde2d265,0.850196
user_96c3cc43,9,user_17607ebc,0.842897
user_96c3cc43,10,user_6bf0e007,0.841735
user_96c3cc43,11,user_df8dc9bb,0.840340
user_96c3cc43,12,user_5881b259,0.839466
user_96c3cc43,13,user_94f185bc,0.837348
user_96c3cc43,14,user_723406a0,0.835036
user_96c3cc43,15,user_ec574395,0.834826
user_96d9cb9a,1,user_96d9cb9a,0.857672
user_96d9cb9a,2,user_cf393213,0.796716
user_96d9cb9a,3,user_e8a7be73,0.793013
user_96d9cb9a,4,user_89e04335,0.791030
user_96d9cb9a,5,user_2dd5b531,0.787600
user_96d9cb9a,6,user_e59c000f,0.775514
user_96d9cb9a,7,user_ef954c6e,0.774017
user_96d9cb9a,8,user_74d27419,0.772458
user_96d9cb9a,9,user_6bf0e007,0.769213
user_96d9cb9a,10,user_9a307ebe,0.768813
user_96d9cb9a,11,user_6fc85c06,0.768796
user_96d9cb9a,12,user_1cfedba8,0.765275
user_96d9cb9a,13,user_d96972e5,0.763894
user_96d9cb9a,14,user_f4f9490d,0.761027
user_96d9cb9a,15,user_a4a77a7d,0.759845
user_97330742,1,user_7b4c75ab,0.803188
user_97330742,2,user_e59c000f,0.775454
user_97330742,3,user_6deada35,0.770992
user_97330742,4,user_586752e4,0.768677
user_97330742,5,user_9ee84e18,0.758363
user_97330742,6,user_9a307ebe,0.755667
user_97330742,7,user_96013176,0.755632
user_97330742,8,user_f5fea76f,0.755264
user_97330742,9,user_b4214db6,0.752548
user_97330742,10,user_02016939,0.751926
user_97330742,11,user_e6dd44b0,0.751701
user_97330742,12,user_5c9b579a,0.748750
user_97330742,13,user_91db6e48,0.746226
user_97330742,14,user_70bbda36,0.744392
user_97330742,15,user_ed1aaed8,0.743203
user_979ee068,1,user_f5fea76f,0.832646
user_979ee068,2,user_979ee068,0.825146
user_979ee068,3,user_737d3148,0.813245
user_979ee068,4,user_e59c000f,0.786614
user_979ee068,5,user_414a6eaf,0.782969
user_979ee068,6,user_032e5bc8,0.777556
user_979ee068,7,user_eda37c14,0.777300
user_979ee068,8,user_a6c5a10c,0.776103
user_979ee068,9,user_bd05225b,0.772186
user_979ee068,10,user_f10e7063,0.771797
user_979ee068,11,user_5c9b579a,0.768321
user_979ee068,12,user_2e81a539,0.767878
user_979ee068,13,user_92fe4471,0.761774
user_979ee068,14,user_3239132f,0.760653
user_979ee068,15,user_54c1ebee,0.755545
user_9818dcae,1,user_b63ea1d4,0.810640
user_9818dcae,2,user_e8e9acac,0.797851
user_9818dcae,3,user_9351238d,0.790162
user_9818dcae,4,user_ffe2efae,0.786268
user_9818dcae,5,user_67acd9b1,0.780912
user_9818dcae,6,user_9a5457b0,0.770103
user_9818dcae,7,user_02fecea2,0.768414
user_9818dcae,8,user_56e6d0cd,0.767538
user_9818dcae,9,user_daf37424,0.758959
user_9818dcae,10,user_3431c049,0.758560
user_9818dcae,11,user_3b79395c,0.757857
user_9818dcae,12,user_9a307ebe,0.754484
user_9818dcae,13,user_8713f22a,0.753224
user_9818dcae,14,user_81a80789,0.752102
user_9818dcae,15,user_c994138f,0.751951
user_98a676ce,1,user_f4f9490d,0.852330
user_98a676ce,2,user_ff39b6cf,0.846818
user_98a676ce,3,user_233fda02,0.838996
user_98a676ce,4,user_b4214db6,0.807357
user_98a676ce,5,user_87e5d9b0,0.802781
user_98a676ce,6,user_107259c3,0.799765
user_98a676ce,7,user_03969305,0.796901
user_98a676ce,8,user_14a2d3c6,0.796335
user_98a676ce,9,user_586752e4,0.795690
user_98a676ce,10,user_6a13946a,0.793140
user_98a676ce,11,user_e59c000f,0.788358
user_98a676ce,12,user_4144252d,0.786186
user_98a676ce,13,user_9ee84e18,0.784698
user_98a676ce,14,user_fdc08e26,0.783868
user_98a676ce,15,user_29266f60,0.782040
user_98ca16a6,1,user_a151ddab,0.784671
user_98ca16a6,2,user_74d27419,0.783319
user_98ca16a6,3,user_89e04335,0.777834
user_98ca16a6,4,user_b2dd04c8,0.767343
user_98ca16a6,5,user_5c5a0b40,0.765850
user_98ca16a6,6,user_e802076d,0.761684
user_98ca16a6,7,user_e8a7be73,0.752488
user_98ca16a6,8,user_30802254,0.747164
user_98ca16a6,9,user_829844fd,0.745642
user_98ca16a6,10,user_cf393213,0.744562
user_98ca16a6,11,user_03969305,0.744391
user_98ca16a6,12,user_40a0bad3,0.743255
user_98ca16a6,13,user_a4a77a7d,0.742727
user_98ca16a6,14,user_8d22714e,0.742435
user_98ca16a6,15,user_0521a7ac,0.741065
user_98f18241,1,user_c1a70ab7,0.658794
user_98f18241,2,user_b1c16312,0.606687
user_98f18241,3,user_41b20ee4,0.599587
user_98f18241,4,user_bbb0205e,0.590081
user_98f18241,5,user_19622b77,0.585021
user_98f18241,6,user_0bd8ba7c,0.572978
user_98f18241,7,user_515ae840,0.572866
user_98f18241,8,user_470c0785,0.560882
user_98f18241,9,user_b1a5a37e,0.555096
user_98f18241,10,user_a9ed5193,0.545796
user_98f18241,11,user_0b1b1d1c,0.545723
user_98f18241,12,user_58bfeaad,0.538547
user_98f18241,13,user_338e1332,0.537985
user_98f18241,14,user_46bb5302,0.536782
user_98f18241,15,user_502a8cea,0.534476
user_9991e1d8,1,user_fba6bcd4,0.831833
user_9991e1d8,2,user_e802076d,0.793465
user_9991e1d8,3,user_a743aff9,0.785814
user_9991e1d8,4,user_c008345b,0.776814
user_9991e1d8,5,user_b5af9db9,0.775800
user_9991e1d8,6,user_1a2755b3,0.775379
user_9991e1d8,7,user_62b122b9,0.772633
user_9991e1d8,8,user_b16e0cf8,0.767447
user_9991e1d8,9,user_d1d16d30,0.767380
user_9991e1d8,10,user_1b7f8c56,0.766844
user_9991e1d8,11,user_e6057285,0.765951
user_9991e1d8,12,user_17607ebc,0.762867
user_9991e1d8,13,user_0ff0b922,0.762739
user_9991e1d8,14,user_bd05225b,0.761658
user_9991e1d8,15,user_72b93300,0.760382
user_99c67f2f,1,user_b325310b,0.868226
user_99c67f2f,2,user_99c67f2f,0.853759
user_99c67f2f,3,user_d3663143,0.842435
user_99c67f2f,4,user_2d74cd4c,0.838194
user_99c67f2f,5,user_9e39a95d,0.837501
user_99c67f2f,6,user_6011e674,0.830112
user_99c67f2f,7,user_8fbb6d9c,0.829476
user_99c67f2f,8,user_1b7f8c56,0.819242
user_99c67f2f,9,user_f8e2246f,0.815268
user_99c67f2f,10,user_aabd2642,0.784938
user_99c67f2f,11,user_b6b89f00,0.784061
user_99c67f2f,12,user_95d648bc,0.780819
user_99c67f2f,13,user_6bb64984,0.779272
user_99c67f2f,14,user_649f4327,0.768161
user_99c67f2f,15,user_417702c5,0.764764
user_9a307ebe,1,user_9a307ebe,0.808865
user_9a307ebe,2,user_7c7220a4,0.805405
user_9a307ebe,3,user_aa2fbe83,0.789662
user_9a307ebe,4,user_03969305,0.761509
user_9a307ebe,5,user_bd19a016,0.757661
user_9a307ebe,6,user_fa60616d,0.757531
user_9a307ebe,7,user_1a2755b3,0.751040
user_9a307ebe,8,user_cf393213,0.750206
user_9a307ebe,9,user_fba6bcd4,0.747925
user_9a307ebe,10,user_e696f3ae,0.746391
user_9a307ebe,11,user_14a2d3c6,0.743721
user_9a307ebe,12,user_2c69b83e,0.738591
user_9a307ebe,13,user_afff552a,0.736808
user_9a307ebe,14,user_fdc08e26,0.735910
user_9a307ebe,15,user_02016939,0.731833
user_9a5457b0,1,user_89e04335,0.843271
user_9a5457b0,2,user_6fc85c06,0.841604
user_9a5457b0,3,user_e59c000f,0.840066
user_9a5457b0,4,user_c5f32c0d,0.833798
user_9a5457b0,5,user_03969305,0.820327
user_9a5457b0,6,user_df8dc9bb,0.819580
user_9a5457b0,7,user_9571d0d5,0.818486
user_9a5457b0,8,user_9a307ebe,0.816851
user_9a5457b0,9,user_a4a77a7d,0.812647
user_9a5457b0,10,user_e6057285,0.812633
user_9a5457b0,11,user_5526cbfd,0.812607
user_9a5457b0,12,user_69df6330,0.811978
user_9a5457b0,13,user_a4893af1,0.810887
user_9a5457b0,14,user_83afc7b2,0.809497
user_9a5457b0,15,user_e8a7be73,0.808697
user_9b517815,1,user_78eff25f,0.731127
user_9b517815,2,user_f827c7dd,0.714824
user_9b517815,3,user_dc20c886,0.687442
user_9b517815,4,user_6a0b0e92,0.680373
user_9b517815,5,user_a6a094cf,0.675712
user_9b517815,6,user_8afa3eba,0.670901
user_9b517815,7,user_ff39b6cf,0.670879
user_9b517815,8,user_454733da,0.670164
user_9b517815,9,user_8e5e899b,0.666998
user_9b517815,10,user_9b517815,0.666848
user_9b517815,11,user_0cc626ee,0.664574
user_9b517815,12,user_9ee84e18,0.664096
user_9b517815,13,user_4d4f73a6,0.658318
user_9b517815,14,user_17355c30,0.655297
user_9b517815,15,user_0ef44f54,0.655236
user_9b6481e4,1,user_8c11f026,0.761625
user_9b6481e4,2,user_c7beef01,0.760568
user_9b6481e4,3,user_8a3bbeb2,0.699809
user_9b6481e4,4,user_9b6481e4,0.695488
user_9b6481e4,5,user_3bc84c13,0.690978
user_9b6481e4,6,user_07ec3726,0.655238
user_9b6481e4,7,user_4a57e449,0.644967
user_9b6481e4,8,user_763b4ffe,0.639076
user_9b6481e4,9,user_9c88ee3d,0.623808
user_9b6481e4,10,user_ffe2efae,0.614693
user_9b6481e4,11,user_04d8419e,0.612473
user_9b6481e4,12,user_124651ff,0.598533
user_9b6481e4,13,user_b2aba63a,0.597847
user_9b6481e4,14,user_ab86ab82,0.596742
user_9b6481e4,15,user_0d32f0ed,0.594559
user_9bee2a7c,1,user_9bee2a7c,0.809209
user_9bee2a7c,2,user_8f39f021,0.776374
user_9bee2a7c,3,user_906e2423,0.774287
user_9bee2a7c,4,user_b9036662,0.771223
user_9bee2a7c,5,user_16ac4154,0.740498
user_9bee2a7c,6,user_2dd189e3,0.737090
user_9bee2a7c,7,user_f930e37f,0.727621
user_9bee2a7c,8,user_4f3b6241,0.726284
user_9bee2a7c,9,user_6fc85c06,0.724703
user_9bee2a7c,10,user_c67f26cc,0.721999
user_9bee2a7c,11,user_a75b16f2,0.719821
user_9bee2a7c,12,user_94cad3a5,0.714164
user_9bee2a7c,13,user_cdd86523,0.713535
user_9bee2a7c,14,user_d849ac6e,0.712094
user_9bee2a7c,15,user_f60a09b3,0.711950
user_9c5cd7fa,1,user_16ac4154,0.820666
user_9c5cd7fa,2,user_1b7f8c56,0.806856
user_9c5cd7fa,3,user_7c7220a4,0.800682
user_9c5cd7fa,4,user_fdcaaf41,0.800596
user_9c5cd7fa,5,user_d3663143,0.799141
user_9c5cd7fa,6,user_6c2d672f,0.797936
user_9c5cd7fa,7,user_63b4be5f,0.777841
user_9c5cd7fa,8,user_aabd2642,0.777670
user_9c5cd7fa,9,user_aa4cc34a,0.770691
user_9c5cd7fa,10,user_2c69b83e,0.768518
user_9c5cd7fa,11,user_2cb4b018,0.767912
user_9c5cd7fa,12,user_9e39a95d,0.757289
user_9c5cd7fa,13,user_94cad3a5,0.757074
user_9c5cd7fa,14,user_fe67197f,0.754885
user_9c5cd7fa,15,user_b4f295b3,0.753528
user_9c5e4782,1,user_d691d016,0.843954
user_9c5e4782,2,user_9a307ebe,0.828123
user_9c5e4782,3,user_d2c97c8e,0.818136
user_9c5e4782,4,user_a6c5a10c,0.813418
user_9c5e4782,5,user_3971c3e6,0.812865
user_9c5e4782,6,user_8dd20d7f,0.807194
user_9c5e4782,7,user_54c1ebee,0.806569
user_9c5e4782,8,user_e6057285,0.793010
user_9c5e4782,9,user_476670f9,0.790728
user_9c5e4782,10,user_586752e4,0.790668
user_9c5e4782,11,user_f930e37f,0.787188
user_9c5e4782,12,user_df8dc9bb,0.786916
user_9c5e4782,13,user_03969305,0.784454
user_9c5e4782,14,user_3e284ba5,0.784251
user_9c5e4782,15,user_e696f3ae,0.782115
user_9c7183c8,1,user_3ff88cf0,0.856124
user_9c7183c8,2,user_b14ec02b,0.827096
user_9c7183c8,3,user_a7145605,0.825941
user_9c7183c8,4,user_43049634,0.801501
user_9c7183c8,5,user_3850eb9e,0.801039
user_9c7183c8,6,user_81c4dae1,0.794678
user_9c7183c8,7,user_ae306850,0.786741
user_9c7183c8,8,user_46bb5302,0.786198
user_9c7183c8,9,user_5159d3a1,0.778073
user_9c7183c8,10,user_74e32d78,0.775270
user_9c7183c8,11,user_b2aba63a,0.759474
user_9c7183c8,12,user_9c7183c8,0.750886
user_9c7183c8,13,user_6d421600,0.750557
user_9c7183c8,14,user_25b48a9a,0.747656
user_9c7183c8,15,user_b9036662,0.746749
user_9ce96cbf,1,user_9600e8bf,0.842020
user_9ce96cbf,2,user_5881b259,0.813520
user_9ce96cbf,3,user_e6057285,0.809380
user_9ce96cbf,4,user_15179955,0.801551
user_9ce96cbf,5,user_80dc757f,0.801470
user_9ce96cbf,6,user_e5a6abbe,0.799932
user_9ce96cbf,7,user_6d071251,0.796504
user_9ce96cbf,8,user_c39d41d7,0.796473
user_9ce96cbf,9,user_1a2755b3,0.795475
user_9ce96cbf,10,user_dc326993,0.794137
user_9ce96cbf,11,user_5c5a0b40,0.792801
user_9ce96cbf,12,user_c5f32c0d,0.792584
user_9ce96cbf,13,user_4db0d490,0.790852
user_9ce96cbf,14,user_ebddf9c1,0.789022
user_9ce96cbf,15,user_111cfe7d,0.787901
user_9d8095fc,1,user_b1c16312,0.722662
user_9d8095fc,2,user_9b6481e4,0.694645
user_9d8095fc,3,user_4e42bf97,0.687565
user_9d8095fc,4,user_9818dcae,0.682017
user_9d8095fc,5,user_3666402b,0.678703
user_9d8095fc,6,user_8a3bbeb2,0.677743
user_9d8095fc,7,user_397cfe20,0.676281
user_9d8095fc,8,user_9a5457b0,0.669508
user_9d8095fc,9,user_2c3eb234,0.668384
user_9d8095fc,10,user_52f895f1,0.667049
user_9d8095fc,11,user_0bd8ba7c,0.660679
user_9d8095fc,12,user_a2503734,0.648756
user_9d8095fc,13,user_3ce4c1f8,0.643655
user_9d8095fc,14,user_55058479,0.641449
user_9d8095fc,15,user_c7beef01,0.638548
user_9d9fba70,1,user_3f2fbc90,0.766793
user_9d9fba70,2,user_4b139395,0.765945
user_9d9fba70,3,user_7fd91653,0.762289
user_9d9fba70,4,user_29cd4556,0.762261
user_9d9fba70,5,user_433bdef0,0.750636
user_9d9fba70,6,user_723406a0,0.740858
user_9d9fba70,7,user_bd05225b,0.731307
user_9d9fba70,8,user_c39d41d7,0.731196
user_9d9fba70,9,user_ec574395,0.730923
user_9d9fba70,10,user_c60d65b5,0.730705
user_9d9fba70,11,user_f27da10a,0.730640
user_9d9fba70,12,user_111cfe7d,0.729087
user_9d9fba70,13,user_6a0b0e92,0.728741
user_9d9fba70,14,user_b4214db6,0.726318
user_9d9fba70,15,user_d758a0a1,0.726205
user_9dda4af9,1,user_1b7f8c56,0.849280
user_9dda4af9,2,user_2cb4b018,0.842050
user_9dda4af9,3,user_95d648bc,0.840168
user_9dda4af9,4,user_fba6bcd4,0.832888
user_9dda4af9,5,user_33c6501d,0.830285
user_9dda4af9,6,user_aabd2642,0.823785
user_9dda4af9,7,user_940c7213,0.822808
user_9dda4af9,8,user_b325310b,0.819398
user_9dda4af9,9,user_2e81a539,0.819319
user_9dda4af9,10,user_72b93300,0.815416
user_9dda4af9,11,user_5993b36a,0.815398
user_9dda4af9,12,user_e6dd44b0,0.814778
user_9dda4af9,13,user_88b2faba,0.810504
user_9dda4af9,14,user_0898fc4b,0.806429
user_9dda4af9,15,user_acb51eed,0.805454
user_9e328c4e,1,user_763b4ffe,0.774299
user_9e328c4e,2,user_9e328c4e,0.743675
user_9e328c4e,3,user_dbbf562e,0.565648
user_9e328c4e,4,user_3b1da5d9,0.547157
user_9e328c4e,5,user_9d8095fc,0.546629
user_9e328c4e,6,user_0d32f0ed,0.545651
user_9e328c4e,7,user_124651ff,0.538616
user_9e328c4e,8,user_9fe4e0f5,0.526288
user_9e328c4e,9,user_81a80789,0.522012
user_9e328c4e,10,user_76638121,0.521318
user_9e328c4e,11,user_9818dcae,0.509546
user_9e328c4e,12,user_3431c049,0.507197
user_9e328c4e,13,user_a3a4a20a,0.506915
user_9e328c4e,14,user_7f623d19,0.506079
user_9e328c4e,15,user_aabd2642,0.503102
user_9e39a95d,1,user_65d73ac1,0.833272
user_9e39a95d,2,user_649f4327,0.826844
user_9e39a95d,3,user_e838707b,0.816267
user_9e39a95d,4,user_2f766c23,0.792596
user_9e39a95d,5,user_9c5cd7fa,0.784353
user_9e39a95d,6,user_c8f82360,0.783093
user_9e39a95d,7,user_b6b89f00,0.782140
user_9e39a95d,8,user_b325310b,0.778519
user_9e39a95d,9,user_25b48a9a,0.776772
user_9e39a95d,10,user_c41de62b,0.774231
user_9e39a95d,11,user_417702c5,0.767532
user_9e39a95d,12,user_daf53db6,0.763975
user_9e39a95d,13,user_99c67f2f,0.759026
user_9e39a95d,14,user_aa2fbe83,0.757365
user_9e39a95d,15,user_6bb64984,0.755725
user_9f81cfba,1,user_25652863,0.818877
user_9f81cfba,2,user_e6dd44b0,0.767503
user_9f81cfba,3,user_421ae417,0.752884
user_9f81cfba,4,user_6fa47d61,0.745824
user_9f81cfba,5,user_e409a56d,0.737804
user_9f81cfba,6,user_0ff0b922,0.735834
user_9f81cfba,7,user_dbc4828c,0.723243
user_9f81cfba,8,user_07cb458d,0.720903
user_9f81cfba,9,user_70580e9a,0.720401
user_9f81cfba,10,user_50e2a836,0.717298
user_9f81cfba,11,user_b6350ec1,0.716110
user_9f81cfba,12,user_81c4dae1,0.715012
user_9f81cfba,13,user_fba6bcd4,0.710621
user_9f81cfba,14,user_7de6f343,0.708282
user_9f81cfba,15,user_795650bb,0.708055
user_9fc3c829,1,user_eda37c14,0.827626
user_9fc3c829,2,user_e59c000f,0.791974
user_9fc3c829,3,user_f10e7063,0.762890
user_9fc3c829,4,user_f5fea76f,0.759100
user_9fc3c829,5,user_bd05225b,0.758061
user_9fc3c829,6,user_6fc85c06,0.754219
user_9fc3c829,7,user_858fa00c,0.751948
user_9fc3c829,8,user_5c9b579a,0.748897
user_9fc3c829,9,user_414a6eaf,0.745095
user_9fc3c829,10,user_9571d0d5,0.745067
user_9fc3c829,11,user_2e81a539,0.741756
user_9fc3c829,12,user_9ee84e18,0.740431
user_9fc3c829,13,user_03969305,0.736435
user_9fc3c829,14,user_107259c3,0.735381
user_9fc3c829,15,user_233fda02,0.735298
user_9ff844ba,1,user_ab86ab82,0.797258
user_9ff844ba,2,user_3f2894b5,0.795955
user_9ff844ba,3,user_259776c7,0.784818
user_9ff844ba,4,user_4a57e449,0.784465
user_9ff844ba,5,user_c34e791e,0.776849
user_9ff844ba,6,user_57c1d6c0,0.771189
user_9ff844ba,7,user_daf37424,0.769837
user_9ff844ba,8,user_2e05a7a0,0.764572
user_9ff844ba,9,user_9bee2a7c,0.755269
user_9ff844ba,10,user_adab54a0,0.754575
user_9ff844ba,11,user_9a307ebe,0.750456
user_9ff844ba,12,user_c994138f,0.750379
user_9ff844ba,13,user_4db0d490,0.748490
user_9ff844ba,14,user_9351238d,0.745936
user_9ff844ba,15,user_2dd5b531,0.745186
user_a01f16ac,1,user_a01f16ac,0.815074
user_a01f16ac,2,user_c06d9b71,0.810991
user_a01f16ac,3,user_7b052f32,0.809111
user_a01f16ac,4,user_0b64b183,0.806508
user_a01f16ac,5,user_c008345b,0.806116
user_a01f16ac,6,user_bd05225b,0.797740
user_a01f16ac,7,user_e7ff2beb,0.792437
user_a01f16ac,8,user_5349c6cf,0.788827
user_a01f16ac,9,user_f0cf195f,0.788241
user_a01f16ac,10,user_5993b36a,0.788083
user_a01f16ac,11,user_6fc85c06,0.786795
user_a01f16ac,12,user_2e81a539,0.782380
user_a01f16ac,13,user_147d1bbb,0.781505
user_a01f16ac,14,user_0c578ab5,0.781239
user_a01f16ac,15,user_cbabbcee,0.780482
user_a0fa40f1,1,user_83afc7b2,0.889719
user_a0fa40f1,2,user_e59c000f,0.868385
user_a0fa40f1,3,user_c5f32c0d,0.863991
user_a0fa40f1,4,user_e6057285,0.861019
user_a0fa40f1,5,user_e5a6abbe,0.856652
user_a0fa40f1,6,user_8d22714e,0.854303
user_a0fa40f1,7,user_5c5a0b40,0.853664
user_a0fa40f1,8,user_ef954c6e,0.851993
user_a0fa40f1,9,user_b16e0cf8,0.851428
user_a0fa40f1,10,user_df8dc9bb,0.843461
user_a0fa40f1,11,user_38433566,0.843074
user_a0fa40f1,12,user_0898fc4b,0.838732
user_a0fa40f1,13,user_a4a77a7d,0.838410
user_a0fa40f1,14,user_0669bdf6,0.835221
user_a0fa40f1,15,user_5b714afd,0.834780
user_a151ddab,1,user_886f7373,0.802445
user_a151ddab,2,user_3971c3e6,0.781126
user_a151ddab,3,user_4f8b6987,0.777747
user_a151ddab,4,user_ef05ad51,0.767716
user_a151ddab,5,user_83afc7b2,0.759577
user_a151ddab,6,user_e6057285,0.758792
user_a151ddab,7,user_39b3eda0,0.757226
user_a151ddab,8,user_54c1ebee,0.751770
user_a151ddab,9,user_bf69de98,0.739213
user_a151ddab,10,user_3239132f,0.738403
user_a151ddab,11,user_b23aa915,0.737852
user_a151ddab,12,user_2373103d,0.735188
user_a151ddab,13,user_7a7dda35,0.734416
user_a151ddab,14,user_a151ddab,0.733805
user_a151ddab,15,user_ef954c6e,0.728831
user_a1b097c2,1,user_c4b781ce,0.860135
user_a1b097c2,2,user_5d35f631,0.801621
user_a1b097c2,3,user_69a4dd06,0.767042
user_a1b097c2,4,user_380ddd3f,0.749616
user_a1b097c2,5,user_a75b4d6e,0.747980
user_a1b097c2,6,user_5349c6cf,0.744903
user_a1b097c2,7,user_df8dc9bb,0.743786
user_a1b097c2,8,user_79f04645,0.739840
user_a1b097c2,9,user_6a13946a,0.737832
user_a1b097c2,10,user_17355c30,0.726486
user_a1b097c2,11,user_94f185bc,0.725029
user_a1b097c2,12,user_29cd4556,0.724713
user_a1b097c2,13,user_56909460,0.721795
user_a1b097c2,14,user_5ac1a174,0.719948
user_a1b097c2,15,user_01916bd2,0.714440
user_a2825b06,1,user_c5c57a9d,0.779338
user_a2825b06,2,user_e70b6a25,0.685424
user_a2825b06,3,user_efac3c1d,0.649006
user_a2825b06,4,user_515ae840,0.639151
user_a2825b06,5,user_2eb5d860,0.632264
user_a2825b06,6,user_75251485,0.627682
user_a2825b06,7,user_c67f26cc,0.620684
user_a2825b06,8,user_d20928cc,0.618908
user_a2825b06,9,user_23ecc36a,0.613097
user_a2825b06,10,user_49b1ac46,0.608341
user_a2825b06,11,user_51779823,0.607172
user_a2825b06,12,user_b7f60e64,0.603942
user_a2825b06,13,user_6b311f43,0.600499
user_a2825b06,14,user_d849ac6e,0.599176
user_a2825b06,15,user_1232c39b,0.596282
user_a2f8bfd2,1,user_c59ebe9c,0.861765
user_a2f8bfd2,2,user_3b1da5d9,0.745097
user_a2f8bfd2,3,user_a2f8bfd2,0.740719
user_a2f8bfd2,4,user_8713f22a,0.646337
user_a2f8bfd2,5,user_ba010eec,0.631152
user_a2f8bfd2,6,user_885e8708,0.623615
user_a2f8bfd2,7,user_83585fc6,0.619472
user_a2f8bfd2,8,user_ea67f9c6,0.616110
user_a2f8bfd2,9,user_9a5457b0,0.609931
user_a2f8bfd2,10,user_ab439a92,0.603406
user_a2f8bfd2,11,user_52f895f1,0.602109
user_a2f8bfd2,12,user_2c69b83e,0.600110
user_a2f8bfd2,13,user_166a3647,0.597664
user_a2f8bfd2,14,user_f54058d0,0.591642
user_a2f8bfd2,15,user_8e92b8c1,0.590045
user_a346dfc4,1,user_586752e4,0.816598
user_a346dfc4,2,user_9a307ebe,0.816393
user_a346dfc4,3,user_107259c3,0.814327
user_a346dfc4,4,user_25798310,0.812761
user_a346dfc4,5,user_6deada35,0.811494
user_a346dfc4,6,user_83afc7b2,0.811399
user_a346dfc4,7,user_df8dc9bb,0.805300
user_a346dfc4,8,user_6169d3b8,0.801620
user_a346dfc4,9,user_7b5f54c0,0.798414
user_a346dfc4,10,user_70bbda36,0.798284
user_a346dfc4,11,user_e696f3ae,0.797014
user_a346dfc4,12,user_5a6f92a6,0.796608
user_a346dfc4,13,user_54c1ebee,0.795400
user_a346dfc4,14,user_02016939,0.793477
user_a346dfc4,15,user_476670f9,0.791462
user_a4893af1,1,user_166a3647,0.740112
user_a4893af1,2,user_0b1b1d1c,0.721339
user_a4893af1,3,user_3239132f,0.700170
user_a4893af1,4,user_7af2ed90,0.699641
user_a4893af1,5,user_815b7baf,0.699230
user_a4893af1,6,user_ffe2efae,0.692904
user_a4893af1,7,user_201c8c78,0.689297
user_a4893af1,8,user_1246b252,0.689029
user_a4893af1,9,user_476670f9,0.688277
user_a4893af1,10,user_3e284ba5,0.684523
user_a4893af1,11,user_7b5f54c0,0.684356
user_a4893af1,12,user_8fb63eca,0.682359
user_a4893af1,13,user_02fecea2,0.678487
user_a4893af1,14,user_cbabbcee,0.675727
user_a4893af1,15,user_6f6b71fc,0.675302
user_a4a77a7d,1,user_823846de,0.654886
user_a4a77a7d,2,user_49b1ac46,0.605937
user_a4a77a7d,3,user_d5379647,0.590176
user_a4a77a7d,4,user_829844fd,0.586133
user_a4a77a7d,5,user_9f6180c4,0.579384
user_a4a77a7d,6,user_b7f60e64,0.570473
user_a4a77a7d,7,user_f14dc486,0.567122
user_a4a77a7d,8,user_2f766c23,0.560767
user_a4a77a7d,9,user_903329bb,0.557971
user_a4a77a7d,10,user_98a676ce,0.553634
user_a4a77a7d,11,user_a5d9fab6,0.543660
user_a4a77a7d,12,user_2b03934e,0.538013
user_a4a77a7d,13,user_515ae840,0.536448
user_a4a77a7d,14,user_d7fde080,0.532817
user_a4a77a7d,15,user_b2f3c0d2,0.529946
user_a4aab257,1,user_a4aab257,0.839502
user_a4aab257,2,user_63b4ae7a,0.756401
user_a4aab257,3,user_4bf6a4a0,0.754021
user_a4aab257,4,user_126670d7,0.732656
user_a4aab257,5,user_d14b7d7b,0.723460
user_a4aab257,6,user_b429ec64,0.715341
user_a4aab257,7,user_c0392523,0.704031
user_a4aab257,8,user_8c0c7619,0.662385
user_a4aab257,9,user_55058479,0.652868
user_a4aab257,10,user_d20928cc,0.643232
user_a4aab257,11,user_2c3eb234,0.641526
user_a4aab257,12,user_b8f24804,0.632181
user_a4aab257,13,user_24668d84,0.631830
user_a4aab257,14,user_f107081e,0.628235
user_a4aab257,15,user_515ae840,0.619291
user_a4ae4e77,1,user_0a245f61,0.907748
user_a4ae4e77,2,user_b4214db6,0.852883
user_a4ae4e77,3,user_eae91488,0.846278
user_a4ae4e77,4,user_5881b259,0.799350
user_a4ae4e77,5,user_723406a0,0.794060
user_a4ae4e77,6,user_fb64cb55,0.785144
user_a4ae4e77,7,user_c5f32c0d,0.763364
user_a4ae4e77,8,user_c39d41d7,0.758355
user_a4ae4e77,9,user_4b139395,0.754539
user_a4ae4e77,10,user_ab30f0fb,0.752761
user_a4ae4e77,11,user_eb0927d1,0.749357
user_a4ae4e77,12,user_1ef33a43,0.744788
user_a4ae4e77,13,user_88f46c7b,0.744460
user_a4ae4e77,14,user_884ffdb2,0.741335
user_a4ae4e77,15,user_0cc626ee,0.739103
user_a52dd639,1,user_a52dd639,0.887277
user_a52dd639,2,user_40efa894,0.802325
user_a52dd639,3,user_1a4bec69,0.800391
user_a52dd639,4,user_7de6f343,0.798899
user_a52dd639,5,user_2efde048,0.796660
user_a52dd639,6,user_25652863,0.792636
user_a52dd639,7,user_2c2a5c24,0.792335
user_a52dd639,8,user_e409a56d,0.791448
user_a52dd639,9,user_4ea1ef09,0.788137
user_a52dd639,10,user_1fb8e9e5,0.782999
user_a52dd639,11,user_372c2b3e,0.781464
user_a52dd639,12,user_6fa47d61,0.774235
user_a52dd639,13,user_74cfb8ef,0.767711
user_a52dd639,14,user_83e45cc0,0.766683
user_a52dd639,15,user_58bfeaad,0.762403
user_a57a04fa,1,user_d1d16d30,0.811763
user_a57a04fa,2,user_c06d9b71,0.799706
user_a57a04fa,3,user_e802076d,0.791976
user_a57a04fa,4,user_f51339f8,0.772186
user_a57a04fa,5,user_8ac8f24f,0.769198
user_a57a04fa,6,user_89e04335,0.766912
user_a57a04fa,7,user_0b64b183,0.765351
user_a57a04fa,8,user_a57a04fa,0.762020
user_a57a04fa,9,user_e6057285,0.761478
user_a57a04fa,10,user_c008345b,0.760185
user_a57a04fa,11,user_5349c6cf,0.758269
user_a57a04fa,12,user_9600e8bf,0.757714
user_a57a04fa,13,user_9c5071dd,0.754321
user_a57a04fa,14,user_5881b259,0.751808
user_a57a04fa,15,user_cbabbcee,0.750450
user_a57e47b1,1,user_2b03934e,0.817713
user_a57e47b1,2,user_66a7ce5a,0.813845
user_a57e47b1,3,user_65d73ac1,0.798116
user_a57e47b1,4,user_6b311f43,0.769800
user_a57e47b1,5,user_39939c54,0.768794
user_a57e47b1,6,user_a8dc91a3,0.768086
user_a57e47b1,7,user_c35d6565,0.754153
user_a57e47b1,8,user_3535252b,0.753748
user_a57e47b1,9,user_8be3f554,0.753222
user_a57e47b1,10,user_6b86248b,0.750564
user_a57e47b1,11,user_9d65649f,0.738357
user_a57e47b1,12,user_9dda4af9,0.738189
user_a57e47b1,13,user_582ff5b2,0.735991
user_a57e47b1,14,user_8a760553,0.735245
user_a57e47b1,15,user_5d1b0daf,0.732282
user_a6a094cf,1,user_e70b6a25,0.626092
user_a6a094cf,2,user_86685a27,0.623849
user_a6a094cf,3,user_6058434c,0.614572
user_a6a094cf,4,user_1bcbacb3,0.608539
user_a6a094cf,5,user_ed3091a2,0.590269
user_a6a094cf,6,user_f5c4370b,0.578517
user_a6a094cf,7,user_a6a094cf,0.559804
user_a6a094cf,8,user_2c39731d,0.545424
user_a6a094cf,9,user_17355c30,0.532654
user_a6a094cf,10,user_d0a0f883,0.516722
user_a6a094cf,11,user_a5d9fab6,0.515710
user_a6a094cf,12,user_dcf52d26,0.515398
user_a6a094cf,13,user_78eff25f,0.514816
user_a6a094cf,14,user_49b1ac46,0.511930
user_a6a094cf,15,user_ecd7b02a,0.506359
user_a743aff9,1,user_69df6330,0.913264
user_a743aff9,2,user_e8d15537,0.895303
user_a743aff9,3,user_c60d65b5,0.864411
user_a743aff9,4,user_f654c33b,0.842798
user_a743aff9,5,user_a743aff9,0.819621
user_a743aff9,6,user_b49274ca,0.796510
user_a743aff9,7,user_d036c911,0.793046
user_a743aff9,8,user_3f2fbc90,0.792538
user_a743aff9,9,user_5993b36a,0.788114
user_a743aff9,10,user_56980aa9,0.779304
user_a743aff9,11,user_c39d41d7,0.778876
user_a743aff9,12,user_723406a0,0.776066
user_a743aff9,13,user_a4a77a7d,0.775893
user_a743aff9,14,user_adab54a0,0.775225
user_a743aff9,15,user_29cd4556,0.768778
user_a8dc91a3,1,user_67acd9b1,0.848331
user_a8dc91a3,2,user_e8e9acac,0.814095
user_a8dc91a3,3,user_9a5457b0,0.803769
user_a8dc91a3,4,user_25b48a9a,0.803217
user_a8dc91a3,5,user_9351238d,0.795302
user_a8dc91a3,6,user_3f2894b5,0.794083
user_a8dc91a3,7,user_8be3f554,0.791193
user_a8dc91a3,8,user_3b79395c,0.783002
user_a8dc91a3,9,user_259776c7,0.782070
user_a8dc91a3,10,user_9571d0d5,0.781089
user_a8dc91a3,11,user_9a307ebe,0.778661
user_a8dc91a3,12,user_91db6e48,0.778038
user_a8dc91a3,13,user_c994138f,0.776697
user_a8dc91a3,14,user_9ee84e18,0.773197
user_a8dc91a3,15,user_f54058d0,0.772549
user_a973cf8e,1,user_aa2fbe83,0.875188
user_a973cf8e,2,user_1b7f8c56,0.867414
user_a973cf8e,3,user_3ac315cb,0.865581
user_a973cf8e,4,user_b325310b,0.858166
user_a973cf8e,5,user_1a2755b3,0.856892
user_a973cf8e,6,user_2cb4b018,0.854645
user_a973cf8e,7,user_fa60616d,0.852076
user_a973cf8e,8,user_afff552a,0.850306
user_a973cf8e,9,user_9e39a95d,0.840389
user_a973cf8e,10,user_d3663143,0.835063
user_a973cf8e,11,user_fba6bcd4,0.822178
user_a973cf8e,12,user_940c7213,0.820261
user_a973cf8e,13,user_03969305,0.819531
user_a973cf8e,14,user_b6b89f00,0.814312
user_a973cf8e,15,user_b6350ec1,0.811130
user_a9ed5193,1,user_e30558fe,0.834767
user_a9ed5193,2,user_1b2d69c1,0.833203
user_a9ed5193,3,user_74c84045,0.832129
user_a9ed5193,4,user_baa70592,0.830395
user_a9ed5193,5,user_81c4dae1,0.747610
user_a9ed5193,6,user_3ff88cf0,0.731485
user_a9ed5193,7,user_ae306850,0.724417
user_a9ed5193,8,user_58892c7c,0.722894
user_a9ed5193,9,user_b14ec02b,0.720230
user_a9ed5193,10,user_43049634,0.716660
user_a9ed5193,11,user_3ff3188b,0.712219
user_a9ed5193,12,user_74e32d78,0.711369
user_a9ed5193,13,user_98f18241,0.710102
user_a9ed5193,14,user_f030b951,0.698706
user_a9ed5193,15,user_40efa894,0.698034
user_aa4cc34a,1,user_89197ce5,0.782757
user_aa4cc34a,2,user_5c9b579a,0.755602
user_aa4cc34a,3,user_b1d0760b,0.750919
user_aa4cc34a,4,user_586752e4,0.742502
user_aa4cc34a,5,user_f75c71f0,0.741909
user_aa4cc34a,6,user_ded778b8,0.738843
user_aa4cc34a,7,user_107259c3,0.733742
user_aa4cc34a,8,user_6fc85c06,0.730628
user_aa4cc34a,9,user_f930e37f,0.729190
user_aa4cc34a,10,user_bd05225b,0.728203
user_aa4cc34a,11,user_9571d0d5,0.726363
user_aa4cc34a,12,user_17054ec7,0.725764
user_aa4cc34a,13,user_ea67f9c6,0.724718
user_aa4cc34a,14,user_9da8848a,0.722410
user_aa4cc34a,15,user_caaef3ca,0.720346
user_aaa1e595,1,user_16b87e34,0.740042
user_aaa1e595,2,user_3666402b,0.723758
user_aaa1e595,3,user_52f895f1,0.704406
user_aaa1e595,4,user_ffe2efae,0.699721
user_aaa1e595,5,user_338e1332,0.689886
user_aaa1e595,6,user_efb27a8e,0.681570
user_aaa1e595,7,user_c7beef01,0.676993
user_aaa1e595,8,user_83585fc6,0.676188
user_aaa1e595,9,user_c130412b,0.673434
user_aaa1e595,10,user_ab8e847b,0.672854
user_aaa1e595,11,user_7b5f54c0,0.664803
user_aaa1e595,12,user_476670f9,0.663701
user_aaa1e595,13,user_a16d1fb6,0.659214
user_aaa1e595,14,user_88e84020,0.658997
user_aaa1e595,15,user_942ff21e,0.655010
user_ab434739,1,user_ba085464,0.846071
user_ab434739,2,user_ab434739,0.825683
user_ab434739,3,user_7b2d0be1,0.794020
user_ab434739,4,user_6169d3b8,0.792475
user_ab434739,5,user_70bbda36,0.778710
user_ab434739,6,user_02016939,0.758337
user_ab434739,7,user_ded778b8,0.757500
user_ab434739,8,user_74cfb8ef,0.754234
user_ab434739,9,user_25652863,0.753483
user_ab434739,10,user_ac6d6bff,0.751226
user_ab434739,11,user_b4f295b3,0.747252
user_ab434739,12,user_7de6f343,0.746271
user_ab434739,13,user_ed1aaed8,0.740861
user_ab434739,14,user_fcf93ee8,0.735143
user_ab434739,15,user_5fddc7f1,0.734876
user_ab439a92,1,user_795eb408,0.728106
user_ab439a92,2,user_e64d80ba,0.677042
user_ab439a92,3,user_ab439a92,0.645271
user_ab439a92,4,user_515ae840,0.611316
user_ab439a92,5,user_0ff0b922,0.602100
user_ab439a92,6,user_b1c16312,0.589295
user_ab439a92,7,user_b4f295b3,0.584304
user_ab439a92,8,user_bb8be7e3,0.574314
user_ab439a92,9,user_d67450a8,0.572903
user_ab439a92,10,user_e3ea7712,0.569801
user_ab439a92,11,user_840e0a93,0.564593
user_ab439a92,12,user_2b79ef0b,0.563702
user_ab439a92,13,user_9a5457b0,0.559107
user_ab439a92,14,user_bbb0205e,0.544132
user_ab439a92,15,user_1b460965,0.541773
user_ab5592eb,1,user_ab5592eb,0.852080
user_ab5592eb,2,user_caebed72,0.771808
user_ab5592eb,3,user_38f4dfac,0.767312
user_ab5592eb,4,user_2b03934e,0.763415
user_ab5592eb,5,user_954805d7,0.749876
user_ab5592eb,6,user_fde2d265,0.740889
user_ab5592eb,7,user_884ffdb2,0.722905
user_ab5592eb,8,user_510aaba3,0.722050
user_ab5592eb,9,user_d199bef3,0.721281
user_ab5592eb,10,user_36d44add,0.717241
user_ab5592eb,11,user_7aa3746b,0.713768
user_ab5592eb,12,user_0eeab432,0.708161
user_ab5592eb,13,user_d0c1bf72,0.707364
user_ab5592eb,14,user_15179955,0.704772
user_ab5592eb,15,user_9d65649f,0.704232
user_ab8e847b,1,user_ffe2efae,0.785428
user_ab8e847b,2,user_9a5457b0,0.782819
user_ab8e847b,3,user_e696f3ae,0.775954
user_ab8e847b,4,user_94cad3a5,0.764127
user_ab8e847b,5,user_9fe4e0f5,0.761095
user_ab8e847b,6,user_7f623d19,0.759355
user_ab8e847b,7,user_b2aba63a,0.759225
user_ab8e847b,8,user_3431c049,0.757388
user_ab8e847b,9,user_3b79395c,0.751728
user_ab8e847b,10,user_8713f22a,0.746176
user_ab8e847b,11,user_0128a546,0.744207
user_ab8e847b,12,user_ea67f9c6,0.734848
user_ab8e847b,13,user_9351238d,0.733170
user_ab8e847b,14,user_67acd9b1,0.731688
user_ab8e847b,15,user_885e8708,0.731628
user_abde0618,1,user_5fddc7f1,0.740116
user_abde0618,2,user_7c7220a4,0.739522
user_abde0618,3,user_ba085464,0.736816
user_abde0618,4,user_0c578ab5,0.726847
user_abde0618,5,user_aabd2642,0.710065
user_abde0618,6,user_7bbd1543,0.702308
user_abde0618,7,user_acb899e9,0.700537
user_abde0618,8,user_6c2d672f,0.700492
user_abde0618,9,user_0bc8e727,0.698453
user_abde0618,10,user_abde0618,0.698199
user_abde0618,11,user_e2e59795,0.694603
user_abde0618,12,user_93cdb7a1,0.692933
user_abde0618,13,user_124651ff,0.692915
user_abde0618,14,user_7de6f343,0.687669
user_abde0618,15,user_ee05ee55,0.687517
user_ac6d6bff,1,user_0d32f0ed,0.829333
user_ac6d6bff,2,user_baeb91b3,0.816017
user_ac6d6bff,3,user_4bd9303b,0.790912
user_ac6d6bff,4,user_b4f295b3,0.779019
user_ac6d6bff,5,user_ac6d6bff,0.777841
user_ac6d6bff,6,user_7f623d19,0.777630
user_ac6d6bff,7,user_70bbda36,0.772424
user_ac6d6bff,8,user_ded778b8,0.770724
user_ac6d6bff,9,user_e2e59795,0.767837
user_ac6d6bff,10,user_107259c3,0.755694
user_ac6d6bff,11,user_7c7220a4,0.754732
user_ac6d6bff,12,user_b0129d9e,0.752310
user_ac6d6bff,13,user_74cfb8ef,0.743170
user_ac6d6bff,14,user_02016939,0.743148
user_ac6d6bff,15,user_3431c049,0.741292
user_ac6e9129,1,user_5fddc7f1,0.848899
user_ac6e9129,2,user_a5e548ce,0.787368
user_ac6e9129,3,user_ac6e9129,0.784729
user_ac6e9129,4,user_1022be44,0.767908
user_ac6e9129,5,user_c81fae29,0.761856
user_ac6e9129,6,user_6169d3b8,0.738212
user_ac6e9129,7,user_e5f67397,0.737245
user_ac6e9129,8,user_434f3511,0.736643
user_ac6e9129,9,user_aa19d173,0.726185
user_ac6e9129,10,user_687feee4,0.723926
user_ac6e9129,11,user_f070eee7,0.716648
user_ac6e9129,12,user_ee05ee55,0.713055
user_ac6e9129,13,user_07db2c6a,0.700950
user_ac6e9129,14,user_c73333a5,0.697532
user_ac6e9129,15,user_17054ec7,0.692031
user_acb51eed,1,user_aa2fbe83,0.880566
user_acb51eed,2,user_1b7f8c56,0.862790
user_acb51eed,3,user_3ac315cb,0.862051
user_acb51eed,4,user_9dda4af9,0.859763
user_acb51eed,5,user_d3663143,0.852175
user_acb51eed,6,user_940c7213,0.850282
user_acb51eed,7,user_b4214db6,0.849829
user_acb51eed,8,user_afff552a,0.842028
user_acb51eed,9,user_1a2755b3,0.841966
user_acb51eed,10,user_f030b951,0.840667
user_acb51eed,11,user_3ff3188b,0.837307
user_acb51eed,12,user_dd1d7b22,0.835426
user_acb51eed,13,user_03969305,0.834536
user_acb51eed,14,user_16ac4154,0.832231
user_acb51eed,15,user_adab54a0,0.832141
user_acb899e9,1,user_acb899e9,0.862909
user_acb899e9,2,user_e2e59795,0.816358
user_acb899e9,3,user_7c7220a4,0.809911
user_acb899e9,4,user_6476648d,0.805797
user_acb899e9,5,user_dca78fea,0.786198
user_acb899e9,6,user_107259c3,0.783935
user_acb899e9,7,user_ded778b8,0.783094
user_acb899e9,8,user_70bbda36,0.776331
user_acb899e9,9,user_0c578ab5,0.766585
user_acb899e9,10,user_93cdb7a1,0.766179
user_acb899e9,11,user_02016939,0.764956
user_acb899e9,12,user_205d25f3,0.760275
user_acb899e9,13,user_76638121,0.757582
user_acb899e9,14,user_74cfb8ef,0.757335
user_acb899e9,15,user_9a307ebe,0.750800
user_acd6ddfb,1,user_03969305,0.881146
user_acd6ddfb,2,user_2c69b83e,0.870428
user_acd6ddfb,3,user_f930e37f,0.863736
user_acd6ddfb,4,user_fdc08e26,0.855000
user_acd6ddfb,5,user_c994138f,0.851500
user_acd6ddfb,6,user_1df51301,0.847735
user_acd6ddfb,7,user_5526cbfd,0.843518
user_acd6ddfb,8,user_058c1800,0.841572
user_acd6ddfb,9,user_405db206,0.833039
user_acd6ddfb,10,user_e696f3ae,0.831860
user_acd6ddfb,11,user_dbc4828c,0.831262
user_acd6ddfb,12,user_f27da10a,0.827100
user_acd6ddfb,13,user_ed1aaed8,0.826909
user_acd6ddfb,14,user_147d1bbb,0.826326
user_acd6ddfb,15,user_c39d41d7,0.825287
user_ad15a0a4,1,user_fb64cb55,0.831470
user_ad15a0a4,2,user_903329bb,0.808874
user_ad15a0a4,3,user_aa4cc34a,0.804395
user_ad15a0a4,4,user_d10d1f24,0.795458
user_ad15a0a4,5,user_835666af,0.776115
user_ad15a0a4,6,user_6011e674,0.766615
user_ad15a0a4,7,user_2dc10d2d,0.741604
user_ad15a0a4,8,user_59e8bc2a,0.736566
user_ad15a0a4,9,user_33c6501d,0.734855
user_ad15a0a4,10,user_2817ec11,0.729858
user_ad15a0a4,11,user_00723699,0.721532
user_ad15a0a4,12,user_c709e252,0.718612
user_ad15a0a4,13,user_07db2c6a,0.714674
user_ad15a0a4,14,user_e8cdb142,0.713925
user_ad15a0a4,15,user_5d7cbf11,0.713701
user_b1c16312,1,user_39aad1a2,0.847353
user_b1c16312,2,user_423c81dc,0.827186
user_b1c16312,3,user_d67450a8,0.779552
user_b1c16312,4,user_f930e37f,0.773968
user_b1c16312,5,user_d2bd9832,0.748374
user_b1c16312,6,user_fdc08e26,0.746714
user_b1c16312,7,user_8be3f554,0.746541
user_b1c16312,8,user_16ac4154,0.746204
user_b1c16312,9,user_cf393213,0.741690
user_b1c16312,10,user_67acd9b1,0.740864
user_b1c16312,11,user_94f185bc,0.738660
user_b1c16312,12,user_9571d0d5,0.738069
user_b1c16312,13,user_a2503734,0.736121
user_b1c16312,14,user_89e04335,0.735391
user_b1c16312,15,user_d2c97c8e,0.733135
user_b23aa915,1,user_ee8d5ec5,0.688921
user_b23aa915,2,user_9bee2a7c,0.688114
user_b23aa915,3,user_94f185bc,0.683540
user_b23aa915,4,user_96d9cb9a,0.682647
user_b23aa915,5,user_54b19b29,0.681623
user_b23aa915,6,user_2e05a7a0,0.675978
user_b23aa915,7,user_41d0c897,0.673542
user_b23aa915,8,user_c4c70447,0.673019
user_b23aa915,9,user_69a4dd06,0.671041
user_b23aa915,10,user_55058479,0.666796
user_b23aa915,11,user_8be3f554,0.665858
user_b23aa915,12,user_8f8346ad,0.665667
user_b23aa915,13,user_cf393213,0.664642
user_b23aa915,14,user_ab86ab82,0.658729
user_b23aa915,15,user_e838707b,0.657187
user_b2aba63a,1,user_b2aba63a,0.693664
user_b2aba63a,2,user_bbb0205e,0.687474
user_b2aba63a,3,user_9b6481e4,0.674052
user_b2aba63a,4,user_5159d3a1,0.666191
user_b2aba63a,5,user_d14b7d7b,0.661113
user_b2aba63a,6,user_c0392523,0.657775
user_b2aba63a,7,user_126670d7,0.652354
user_b2aba63a,8,user_8006727d,0.644138
user_b2aba63a,9,user_c1a70ab7,0.637555
user_b2aba63a,10,user_a4aab257,0.633453
user_b2aba63a,11,user_8c0c7619,0.631317
user_b2aba63a,12,user_815b7baf,0.629089
user_b2aba63a,13,user_ab86ab82,0.624879
user_b2aba63a,14,user_67acd9b1,0.623810
user_b2aba63a,15,user_ffe2efae,0.620363
user_b2dd04c8,1,user_359d5dee,0.563825
user_b2dd04c8,2,user_9c5e4782,0.559045
user_b2dd04c8,3,user_c34f1f4d,0.509361
user_b2dd04c8,4,user_4f8b6987,0.496090
user_b2dd04c8,5,user_1cbb30b1,0.494367
user_b2dd04c8,6,user_10e64e28,0.485197
user_b2dd04c8,7,user_1ef33a43,0.470965
user_b2dd04c8,8,user_be06391b,0.470541
user_b2dd04c8,9,user_9600e8bf,0.470339
user_b2dd04c8,10,user_916503d6,0.469310
user_b2dd04c8,11,user_f0b144fc,0.465174
user_b2dd04c8,12,user_c3040c7c,0.450022
user_b2dd04c8,13,user_e6057285,0.448777
user_b2dd04c8,14,user_a7c6197a,0.445136
user_b2dd04c8,15,user_b5af9db9,0.437471
user_b2f3c0d2,1,user_56909460,0.648500
user_b2f3c0d2,2,user_b7f60e64,0.637088
user_b2f3c0d2,3,user_abde0618,0.632711
user_b2f3c0d2,4,user_39aad1a2,0.612906
user_b2f3c0d2,5,user_a57e47b1,0.600480
user_b2f3c0d2,6,user_f4f9490d,0.600040
user_b2f3c0d2,7,user_5d35f631,0.596564
user_b2f3c0d2,8,user_0a3bcf86,0.584326
user_b2f3c0d2,9,user_cdd86523,0.582367
user_b2f3c0d2,10,user_858fa00c,0.582109
user_b2f3c0d2,11,user_c4c70447,0.578193
user_b2f3c0d2,12,user_61f90240,0.577953
user_b2f3c0d2,13,user_1ef33a43,0.576848
user_b2f3c0d2,14,user_f6c0aefc,0.575660
user_b2f3c0d2,15,user_6ab8f7d4,0.574153
user_b325310b,1,user_daf53db6,0.832776
user_b325310b,2,user_649f4327,0.757639
user_b325310b,3,user_9c5cd7fa,0.745640
user_b325310b,4,user_99c67f2f,0.734898
user_b325310b,5,user_6bb64984,0.718693
user_b325310b,6,user_2f766c23,0.718172
user_b325310b,7,user_bbb0205e,0.709029
user_b325310b,8,user_417702c5,0.704134
user_b325310b,9,user_2d74cd4c,0.699099
user_b325310b,10,user_25b48a9a,0.689553
user_b325310b,11,user_f8e2246f,0.688466
user_b325310b,12,user_126670d7,0.686854
user_b325310b,13,user_8fbb6d9c,0.686838
user_b325310b,14,user_6011e674,0.681355
user_b325310b,15,user_1c7b7780,0.677260
user_b337cb0c,1,user_b337cb0c,0.858444
user_b337cb0c,2,user_e6057285,0.823903
user_b337cb0c,3,user_aabd2642,0.807155
user_b337cb0c,4,user_2e81a539,0.804246
user_b337cb0c,5,user_ebddf9c1,0.803213
user_b337cb0c,6,user_fba6bcd4,0.800724
user_b337cb0c,7,user_1a2755b3,0.800529
user_b337cb0c,8,user_0b64b183,0.797426
user_b337cb0c,9,user_1f1dc5e0,0.796425
user_b337cb0c,10,user_d1d16d30,0.796067
user_b337cb0c,11,user_7f56f9a5,0.794921
user_b337cb0c,12,user_a01f16ac,0.794880
user_b337cb0c,13,user_f51339f8,0.793156
user_b337cb0c,14,user_1b7f8c56,0.791109
user_b337cb0c,15,user_bbe73426,0.790933
user_b49274ca,1,user_daf37424,0.845012
user_b49274ca,2,user_e802076d,0.840045
user_b49274ca,3,user_15179955,0.829791
user_b49274ca,4,user_7aa3746b,0.827493
user_b49274ca,5,user_5c5a0b40,0.827479
user_b49274ca,6,user_c35d6565,0.827125
user_b49274ca,7,user_96013176,0.826085
user_b49274ca,8,user_adab54a0,0.825588
user_b49274ca,9,user_c994138f,0.821752
user_b49274ca,10,user_0cee87f3,0.821211
user_b49274ca,11,user_406c399e,0.817890
user_b49274ca,12,user_80dc757f,0.816581
user_b49274ca,13,user_1a2755b3,0.810710
user_b49274ca,14,user_b23aa915,0.807847
user_b49274ca,15,user_f654c33b,0.804334
user_b4d7e69a,1,user_5a283043,0.854834
user_b4d7e69a,2,user_b49274ca,0.832485
user_b4d7e69a,3,user_0eb2abf1,0.831040
user_b4d7e69a,4,user_15179955,0.824064
user_b4d7e69a,5,user_45926b89,0.823221
user_b4d7e69a,6,user_e5a6abbe,0.822480
user_b4d7e69a,7,user_1a2755b3,0.812864
user_b4d7e69a,8,user_c06d9b71,0.807804
user_b4d7e69a,9,user_ebddf9c1,0.806409
user_b4d7e69a,10,user_fde2d265,0.805829
user_b4d7e69a,11,user_69df6330,0.800968
user_b4d7e69a,12,user_50e2a836,0.800564
user_b4d7e69a,13,user_40a0bad3,0.800371
user_b4d7e69a,14,user_405db206,0.799573
user_b4d7e69a,15,user_ef954c6e,0.795167
user_b4f295b3,1,user_107259c3,0.827297
user_b4f295b3,2,user_3353b96b,0.804798
user_b4f295b3,3,user_b4f295b3,0.798894
user_b4f295b3,4,user_7f623d19,0.791158
user_b4f295b3,5,user_7c7220a4,0.787202
user_b4f295b3,6,user_0128a546,0.766614
user_b4f295b3,7,user_baeb91b3,0.756475
user_b4f295b3,8,user_ea67f9c6,0.755241
user_b4f295b3,9,user_f070eee7,0.747819
user_b4f295b3,10,user_0d32f0ed,0.745344
user_b4f295b3,11,user_76638121,0.738873
user_b4f295b3,12,user_6169d3b8,0.736100
user_b4f295b3,13,user_e2e59795,0.734292
user_b4f295b3,14,user_9c88ee3d,0.727876
user_b4f295b3,15,user_586752e4,0.727743
user_b563e90b,1,user_3ff88cf0,0.846885
user_b563e90b,2,user_b9d253e8,0.842453
user_b563e90b,3,user_b563e90b,0.832697
user_b563e90b,4,user_db4c3fb9,0.829345
user_b563e90b,5,user_3850eb9e,0.823610
user_b563e90b,6,user_cc1c8897,0.812645
user_b563e90b,7,user_74e32d78,0.811311
user_b563e90b,8,user_81c4dae1,0.804954
user_b563e90b,9,user_43049634,0.797895
user_b563e90b,10,user_b14ec02b,0.793918
user_b563e90b,11,user_ae306850,0.792143
user_b563e90b,12,user_38433566,0.786959
user_b563e90b,13,user_40efa894,0.781237
user_b563e90b,14,user_0898fc4b,0.781051
user_b563e90b,15,user_a7145605,0.774256
user_b5af9db9,1,user_fde2d265,0.753637
user_b5af9db9,2,user_a743aff9,0.746782
user_b5af9db9,3,user_d1d16d30,0.714721
user_b5af9db9,4,user_79f04645,0.710739
user_b5af9db9,5,user_43a979d2,0.709969
user_b5af9db9,6,user_c06d9b71,0.709402
user_b5af9db9,7,user_eae91488,0.703686
user_b5af9db9,8,user_954805d7,0.699135
user_b5af9db9,9,user_cdd86523,0.695046
user_b5af9db9,10,user_17607ebc,0.686022
user_b5af9db9,11,user_5881b259,0.684457
user_b5af9db9,12,user_c39d41d7,0.684277
user_b5af9db9,13,user_d70942c1,0.683323
user_b5af9db9,14,user_c96b90fe,0.682285
user_b5af9db9,15,user_5a283043,0.681623
user_b628264a,1,user_835666af,0.783837
user_b628264a,2,user_d955d7e2,0.769764
user_b628264a,3,user_8d22714e,0.726044
user_b628264a,4,user_78eff25f,0.699656
user_b628264a,5,user_b628264a,0.699620
user_b628264a,6,user_7d944883,0.682580
user_b628264a,7,user_d0a0f883,0.678789
user_b628264a,8,user_91f807b9,0.666642
user_b628264a,9,user_88f46c7b,0.664729
user_b628264a,10,user_903329bb,0.660970
user_b628264a,11,user_0cc626ee,0.657581
user_b628264a,12,user_fb64cb55,0.650642
user_b628264a,13,user_59e8bc2a,0.648095
user_b628264a,14,user_5d7cbf11,0.643082
user_b628264a,15,user_6a13946a,0.642684
user_b6350ec1,1,user_b6350ec1,0.882531
user_b6350ec1,2,user_e6dd44b0,0.853581
user_b6350ec1,3,user_c39d41d7,0.851661
user_b6350ec1,4,user_96013176,0.840980
user_b6350ec1,5,user_dc32d458,0.836218
user_b6350ec1,6,user_88b2faba,0.833259
user_b6350ec1,7,user_d199bef3,0.832263
user_b6350ec1,8,user_b16e0cf8,0.827900
user_b6350ec1,9,user_03969305,0.824609
user_b6350ec1,10,user_dbc4828c,0.823749
user_b6350ec1,11,user_73f34c5d,0.818653
user_b6350ec1,12,user_fba6bcd4,0.818427
user_b6350ec1,13,user_8d22714e,0.812568
user_b6350ec1,14,user_df3c19a7,0.812564
user_b6350ec1,15,user_5881b259,0.810545
user_b63ea1d4,1,user_b63ea1d4,0.866008
user_b63ea1d4,2,user_acd6ddfb,0.844387
user_b63ea1d4,3,user_7b5f54c0,0.835604
user_b63ea1d4,4,user_81a80789,0.828083
user_b63ea1d4,5,user_aabd2642,0.824390
user_b63ea1d4,6,user_3b1da5d9,0.814954
user_b63ea1d4,7,user_25798310,0.809814
user_b63ea1d4,8,user_2c69b83e,0.794499
user_b63ea1d4,9,user_166a3647,0.773010
user_b63ea1d4,10,user_032e5bc8,0.772050
user_b63ea1d4,11,user_8713f22a,0.769756
user_b63ea1d4,12,user_02fecea2,0.764342
user_b63ea1d4,13,user_54c1ebee,0.763928
user_b63ea1d4,14,user_6deada35,0.763510
user_b63ea1d4,15,user_70bbda36,0.760794
user_b6b89f00,1,user_c7beef01,0.750060
user_b6b89f00,2,user_9b6481e4,0.734938
user_b6b89f00,3,user_9a5457b0,0.730469
user_b6b89f00,4,user_9e328c4e,0.701424
user_b6b89f00,5,user_0128a546,0.695804
user_b6b89f00,6,user_9818dcae,0.693976
user_b6b89f00,7,user_3431c049,0.687960
user_b6b89f00,8,user_76638121,0.685943
user_b6b89f00,9,user_4f3b6241,0.678994
user_b6b89f00,10,user_a16d1fb6,0.675293
user_b6b89f00,11,user_3b1da5d9,0.673004
user_b6b89f00,12,user_9351238d,0.671404
user_b6b89f00,13,user_c8f82360,0.671096
user_b6b89f00,14,user_ffe2efae,0.669667
user_b6b89f00,15,user_dbbf562e,0.666430
user_b7ba6422,1,user_fc1cfe0b,0.817595
user_b7ba6422,2,user_f75c71f0,0.811882
user_b7ba6422,3,user_2cb4b018,0.781159
user_b7ba6422,4,user_b49274ca,0.777958
user_b7ba6422,5,user_cf393213,0.771273
user_b7ba6422,6,user_b7ba6422,0.770312
user_b7ba6422,7,user_ef954c6e,0.770176
user_b7ba6422,8,user_a743aff9,0.767969
user_b7ba6422,9,user_0a3bcf86,0.763946
user_b7ba6422,10,user_e838707b,0.761186
user_b7ba6422,11,user_2dd5b531,0.759477
user_b7ba6422,12,user_ebddf9c1,0.758712
user_b7ba6422,13,user_cdd86523,0.758627
user_b7ba6422,14,user_69df6330,0.758454
user_b7ba6422,15,user_f930e37f,0.757752
user_b888c512,1,user_ab30f0fb,0.813711
user_b888c512,2,user_423c81dc,0.812842
user_b888c512,3,user_39aad1a2,0.794511
user_b888c512,4,user_a743aff9,0.789218
user_b888c512,5,user_fdcaaf41,0.784003
user_b888c512,6,user_723406a0,0.780192
user_b888c512,7,user_5881b259,0.764401
user_b888c512,8,user_a57e47b1,0.759654
user_b888c512,9,user_f930e37f,0.757392
user_b888c512,10,user_03969305,0.755054
user_b888c512,11,user_405db206,0.754443
user_b888c512,12,user_7924afc9,0.754058
user_b888c512,13,user_0a0bcaa6,0.751950
user_b888c512,14,user_eae91488,0.751004
user_b888c512,15,user_dbc4828c,0.746761
user_b8f24804,1,user_e1730a9c,0.828240
user_b8f24804,2,user_2dd5b531,0.822123
user_b8f24804,3,user_89e04335,0.813993
user_b8f24804,4,user_7924afc9,0.812884
user_b8f24804,5,user_e59c000f,0.808983
user_b8f24804,6,user_dc326993,0.801851
user_b8f24804,7,user_6fc85c06,0.800682
user_b8f24804,8,user_94f185bc,0.799786
user_b8f24804,9,user_cf393213,0.797006
user_b8f24804,10,user_69df6330,0.795627
user_b8f24804,11,user_03969305,0.793818
user_b8f24804,12,user_45926b89,0.785091
user_b8f24804,13,user_41d0c897,0.784598
user_b8f24804,14,user_ef954c6e,0.780633
user_b8f24804,15,user_f930e37f,0.779172
user_b9036662,1,user_f930e37f,0.820438
user_b9036662,2,user_6fc85c06,0.815245
user_b9036662,3,user_b350e22b,0.815171
user_b9036662,4,user_0a3bcf86,0.814568
user_b9036662,5,user_e6057285,0.812227
user_b9036662,6,user_5526cbfd,0.808806
user_b9036662,7,user_69df6330,0.806329
user_b9036662,8,user_b9036662,0.805998
user_b9036662,9,user_a75b16f2,0.801785
user_b9036662,10,user_03969305,0.798480
user_b9036662,11,user_e59c000f,0.795046
user_b9036662,12,user_94f185bc,0.794549
user_b9036662,13,user_cf393213,0.794204
user_b9036662,14,user_89e04335,0.787767
user_b9036662,15,user_586752e4,0.786748
user_ba010eec,1,user_ba010eec,0.838667
user_ba010eec,2,user_8713f22a,0.816981
user_ba010eec,3,user_2c69b83e,0.812892
user_ba010eec,4,user_b63ea1d4,0.802208
user_ba010eec,5,user_3b1da5d9,0.792867
user_ba010eec,6,user_885e8708,0.777543
user_ba010eec,7,user_ffe2efae,0.773870
user_ba010eec,8,user_e696f3ae,0.770650
user_ba010eec,9,user_c994138f,0.770125
user_ba010eec,10,user_daf37424,0.767937
user_ba010eec,11,user_efb27a8e,0.766913
user_ba010eec,12,user_7b5f54c0,0.762877
user_ba010eec,13,user_70bbda36,0.762185
user_ba010eec,14,user_83585fc6,0.761269
user_ba010eec,15,user_9351238d,0.760938
user_ba463257,1,user_9dda4af9,0.751445
user_ba463257,2,user_c35d6565,0.742914
user_ba463257,3,user_9d65649f,0.738068
user_ba463257,4,user_5d1b0daf,0.737592
user_ba463257,5,user_8a760553,0.735871
user_ba463257,6,user_07cb458d,0.721289
user_ba463257,7,user_d93b53bd,0.719614
user_ba463257,8,user_c4c70447,0.719565
user_ba463257,9,user_b6d05d1d,0.718158
user_ba463257,10,user_2b03934e,0.717956
user_ba463257,11,user_ba463257,0.716663
user_ba463257,12,user_bdcc6e7d,0.715377
user_ba463257,13,user_4db0d490,0.715300
user_ba463257,14,user_88b2faba,0.714765
user_ba463257,15,user_65d73ac1,0.714169
user_ba8b1c05,1,user_74cfb8ef,0.888683
user_ba8b1c05,2,user_7de6f343,0.876850
user_ba8b1c05,3,user_83e45cc0,0.860193
user_ba8b1c05,4,user_04f39d22,0.840026
user_ba8b1c05,5,user_a3a4a20a,0.832850
user_ba8b1c05,6,user_40efa894,0.832273
user_ba8b1c05,7,user_2c2a5c24,0.829654
user_ba8b1c05,8,user_4ea1ef09,0.829075
user_ba8b1c05,9,user_daf59045,0.827651
user_ba8b1c05,10,user_ba8b1c05,0.824246
user_ba8b1c05,11,user_d2c97c8e,0.821775
user_ba8b1c05,12,user_f5e1eee0,0.818860
user_ba8b1c05,13,user_7c3d63ce,0.816541
user_ba8b1c05,14,user_421ae417,0.811784
user_ba8b1c05,15,user_58bfeaad,0.811749
user_baeb91b3,1,user_ded778b8,0.860078
user_baeb91b3,2,user_6ae9ce92,0.832319
user_baeb91b3,3,user_02016939,0.822501
user_baeb91b3,4,user_70bbda36,0.821573
user_baeb91b3,5,user_930dc61d,0.804583
user_baeb91b3,6,user_124651ff,0.790838
user_baeb91b3,7,user_d9b8914f,0.772655
user_baeb91b3,8,user_434f3511,0.763279
user_baeb91b3,9,user_daf59045,0.759782
user_baeb91b3,10,user_03969305,0.751771
user_baeb91b3,11,user_04f39d22,0.744591
user_baeb91b3,12,user_7bbd1543,0.743043
user_baeb91b3,13,user_c34e791e,0.741832
user_baeb91b3,14,user_baeb91b3,0.741228
user_baeb91b3,15,user_9a307ebe,0.740780
user_baf68fe9,1,user_baf68fe9,0.857705
user_baf68fe9,2,user_ab439a92,0.579322
user_baf68fe9,3,user_f030b951,0.577640
user_baf68fe9,4,user_5a5bee64,0.576023
user_baf68fe9,5,user_65d73ac1,0.574950
user_baf68fe9,6,user_515ae840,0.570060
user_baf68fe9,7,user_bdcc6e7d,0.568085
user_baf68fe9,8,user_2b03934e,0.567216
user_baf68fe9,9,user_53b85563,0.561912
user_baf68fe9,10,user_66a7ce5a,0.558404
user_baf68fe9,11,user_38f4dfac,0.552856
user_baf68fe9,12,user_e6dd44b0,0.551946
user_baf68fe9,13,user_d67450a8,0.550892
user_baf68fe9,14,user_07cb458d,0.550858
user_baf68fe9,15,user_1b460965,0.547658
user_bb8be7e3,1,user_93cdb7a1,0.803849
user_bb8be7e3,2,user_dca78fea,0.779405
user_bb8be7e3,3,user_acb899e9,0.773110
user_bb8be7e3,4,user_03410579,0.770778
user_bb8be7e3,5,user_66772d98,0.769120
user_bb8be7e3,6,user_586752e4,0.766399
user_bb8be7e3,7,user_a7b901f2,0.764830
user_bb8be7e3,8,user_c204a1dd,0.745586
user_bb8be7e3,9,user_5c9b579a,0.743375
user_bb8be7e3,10,user_96013176,0.738019
user_bb8be7e3,11,user_ded778b8,0.734386
user_bb8be7e3,12,user_2cb4b018,0.732176
user_bb8be7e3,13,user_b0129d9e,0.729098
user_bb8be7e3,14,user_70bbda36,0.727299
user_bb8be7e3,15,user_107259c3,0.726700
user_bbcbf015,1,user_ff39b6cf,0.789794
user_bbcbf015,2,user_0e82fe11,0.786398
user_bbcbf015,3,user_83afc7b2,0.775085
user_bbcbf015,4,user_858fa00c,0.774885
user_bbcbf015,5,user_87e5d9b0,0.765556
user_bbcbf015,6,user_bd05225b,0.763344
user_bbcbf015,7,user_50e2a836,0.759717
user_bbcbf015,8,user_0cc626ee,0.758338
user_bbcbf015,9,user_e8cdb142,0.756070
user_bbcbf015,10,user_a7f8db34,0.752064
user_bbcbf015,11,user_a4a77a7d,0.750577
user_bbcbf015,12,user_2c69b83e,0.747713
user_bbcbf015,13,user_25798310,0.746999
user_bbcbf015,14,user_96013176,0.745190
user_bbcbf015,15,user_9a307ebe,0.743477
user_bbe73426,1,user_adab54a0,0.866084
user_bbe73426,2,user_b23aa915,0.844674
user_bbe73426,3,user_80dc757f,0.814242
user_bbe73426,4,user_c35d6565,0.810055
user_bbe73426,5,user_5c5a0b40,0.809254
user_bbe73426,6,user_02d03e8a,0.803053
user_bbe73426,7,user_f654c33b,0.797299
user_bbe73426,8,user_e802076d,0.795676
user_bbe73426,9,user_886f7373,0.793198
user_bbe73426,10,user_8f8346ad,0.790016
user_bbe73426,11,user_0cee87f3,0.789938
user_bbe73426,12,user_b6d05d1d,0.787995
user_bbe73426,13,user_9dda4af9,0.786650
user_bbe73426,14,user_daf37424,0.785327
user_bbe73426,15,user_b16e0cf8,0.784300
user_bd19a016,1,user_2dd5b531,0.844414
user_bd19a016,2,user_45926b89,0.836000
user_bd19a016,3,user_8f8346ad,0.832146
user_bd19a016,4,user_83e30c57,0.825097
user_bd19a016,5,user_ec574395,0.813959
user_bd19a016,6,user_91f807b9,0.811705
user_bd19a016,7,user_b6d05d1d,0.809634
user_bd19a016,8,user_41d0c897,0.808096
user_bd19a016,9,user_c34e791e,0.807297
user_bd19a016,10,user_dae4304f,0.806539
user_bd19a016,11,user_c2f18cf7,0.804654
user_bd19a016,12,user_723406a0,0.804448
user_bd19a016,13,user_0eb2abf1,0.800548
user_bd19a016,14,user_adab54a0,0.796037
user_bd19a016,15,user_03969305,0.793010
user_bd47000f,1,user_f0cf195f,0.823693
user_bd47000f,2,user_a151ddab,0.812639
user_bd47000f,3,user_3239132f,0.812043
user_bd47000f,4,user_df8dc9bb,0.809301
user_bd47000f,5,user_cbabbcee,0.799708
user_bd47000f,6,user_0898fc4b,0.794077
user_bd47000f,7,user_d96972e5,0.793974
user_bd47000f,8,user_e6057285,0.792448
user_bd47000f,9,user_89e04335,0.787036
user_bd47000f,10,user_b4214db6,0.784550
user_bd47000f,11,user_8e97a154,0.784149
user_bd47000f,12,user_166a3647,0.782399
user_bd47000f,13,user_8d22714e,0.774726
user_bd47000f,14,user_5881b259,0.773165
user_bd47000f,15,user_a4a77a7d,0.772533
user_bdcc6e7d,1,user_bdcc6e7d,0.871015
user_bdcc6e7d,2,user_adab54a0,0.842013
user_bdcc6e7d,3,user_e802076d,0.811233
user_bdcc6e7d,4,user_c35d6565,0.801241
user_bdcc6e7d,5,user_dd6e7bcb,0.798511
user_bdcc6e7d,6,user_daf37424,0.796120
user_bdcc6e7d,7,user_b6d05d1d,0.795109
user_bdcc6e7d,8,user_03969305,0.784520
user_bdcc6e7d,9,user_9dda4af9,0.783966
user_bdcc6e7d,10,user_0cee87f3,0.781292
user_bdcc6e7d,11,user_4db0d490,0.778301
user_bdcc6e7d,12,user_b16e0cf8,0.775706
user_bdcc6e7d,13,user_2dd5b531,0.772979
user_bdcc6e7d,14,user_dae4304f,0.771944
user_bdcc6e7d,15,user_5c5a0b40,0.771684
user_be06391b,1,user_be06391b,0.865102
user_be06391b,2,user_acb51eed,0.826172
user_be06391b,3,user_00723699,0.822337
user_be06391b,4,user_a151ddab,0.822131
user_be06391b,5,user_940c7213,0.814299
user_be06391b,6,user_f8e2246f,0.802338
user_be06391b,7,user_2dc10d2d,0.802248
user_be06391b,8,user_e838707b,0.800032
user_be06391b,9,user_7af2ed90,0.795142
user_be06391b,10,user_aa2fbe83,0.786808
user_be06391b,11,user_71b9b8e0,0.786630
user_be06391b,12,user_fb64cb55,0.780058
user_be06391b,13,user_b6b89f00,0.777990
user_be06391b,14,user_afff552a,0.777551
user_be06391b,15,user_b325310b,0.777269
user_beca29a3,1,user_beca29a3,0.744427
user_beca29a3,2,user_f3a9f844,0.379542
user_beca29a3,3,user_0cd29f02,0.378859
user_beca29a3,4,user_043ea160,0.376127
user_beca29a3,5,user_636d1da4,0.316568
user_beca29a3,6,user_e838707b,0.307517
user_beca29a3,7,user_d54f676e,0.296483
user_beca29a3,8,user_3ae49e46,0.277054
user_beca29a3,9,user_245fd42f,0.275995
user_beca29a3,10,user_6deada35,0.275012
user_beca29a3,11,user_ef05ad51,0.274072
user_beca29a3,12,user_72b93300,0.267021
user_beca29a3,13,user_f4cc9f3d,0.263822
user_beca29a3,14,user_52d3881c,0.261855
user_beca29a3,15,user_caaef3ca,0.260995
user_bf30f80d,1,user_bf30f80d,0.861692
user_bf30f80d,2,user_4ea1ef09,0.854418
user_bf30f80d,3,user_08c32973,0.846651
user_bf30f80d,4,user_2c2a5c24,0.837309
user_bf30f80d,5,user_7de6f343,0.834903
user_bf30f80d,6,user_421ae417,0.833279
user_bf30f80d,7,user_f3377028,0.831716
user_bf30f80d,8,user_04f39d22,0.827802
user_bf30f80d,9,user_6fa47d61,0.826378
user_bf30f80d,10,user_2e60c125,0.822874
user_bf30f80d,11,user_74cfb8ef,0.815320
user_bf30f80d,12,user_f5e1eee0,0.812456
user_bf30f80d,13,user_e409a56d,0.811638
user_bf30f80d,14,user_83e45cc0,0.810522
user_bf30f80d,15,user_40efa894,0.805404
user_c008345b,1,user_d1d16d30,0.824410
user_c008345b,2,user_c06d9b71,0.798245
user_c008345b,3,user_caa6a7b6,0.792400
user_c008345b,4,user_a01f16ac,0.785266
user_c008345b,5,user_7b052f32,0.782219
user_c008345b,6,user_c008345b,0.775609
user_c008345b,7,user_f51339f8,0.768824
user_c008345b,8,user_1a2755b3,0.765785
user_c008345b,9,user_fdcaaf41,0.762167
user_c008345b,10,user_a743aff9,0.759179
user_c008345b,11,user_cb2fe204,0.757782
user_c008345b,12,user_bbe73426,0.751664
user_c008345b,13,user_e1730a9c,0.751135
user_c008345b,14,user_0b64b183,0.749850
user_c008345b,15,user_5881b259,0.748172
user_c0392523,1,user_acb51eed,0.809102
user_c0392523,2,user_940c7213,0.792375
user_c0392523,3,user_2cb4b018,0.779698
user_c0392523,4,user_afff552a,0.772640
user_c0392523,5,user_1b7f8c56,0.767399
user_c0392523,6,user_33c6501d,0.759567
user_c0392523,7,user_9e39a95d,0.759278
user_c0392523,8,user_8e97a154,0.758082
user_c0392523,9,user_a151ddab,0.756974
user_c0392523,10,user_f0cf195f,0.756965
user_c0392523,11,user_fb64cb55,0.754789
user_c0392523,12,user_aa2fbe83,0.754342
user_c0392523,13,user_0898fc4b,0.753761
user_c0392523,14,user_166a3647,0.751091
user_c0392523,15,user_147d1bbb,0.750014
user_c06d9b71,1,user_ef954c6e,0.867090
user_c06d9b71,2,user_e802076d,0.866799
user_c06d9b71,3,user_5c5a0b40,0.847763
user_c06d9b71,4,user_02d03e8a,0.846998
user_c06d9b71,5,user_e5a6abbe,0.844517
user_c06d9b71,6,user_96013176,0.842616
user_c06d9b71,7,user_40a0bad3,0.842187
user_c06d9b71,8,user_886f7373,0.842155
user_c06d9b71,9,user_e59c000f,0.839645
user_c06d9b71,10,user_b16e0cf8,0.834574
user_c06d9b71,11,user_c5f32c0d,0.827781
user_c06d9b71,12,user_c06d9b71,0.827273
user_c06d9b71,13,user_03969305,0.822791
user_c06d9b71,14,user_ebddf9c1,0.820076
user_c06d9b71,15,user_b337cb0c,0.818069
user_c0eba9f2,1,user_c0eba9f2,0.760149
user_c0eba9f2,2,user_3e284ba5,0.744193
user_c0eba9f2,3,user_03410579,0.740816
user_c0eba9f2,4,user_13fb2e34,0.737716
user_c0eba9f2,5,user_cbabbcee,0.736875
user_c0eba9f2,6,user_920c074a,0.722807
user_c0eba9f2,7,user_c903d3bb,0.718704
user_c0eba9f2,8,user_5c82df31,0.718535
user_c0eba9f2,9,user_f75c71f0,0.717577
user_c0eba9f2,10,user_364bb955,0.711931
user_c0eba9f2,11,user_d691d016,0.709706
user_c0eba9f2,12,user_a7bfc229,0.709208
user_c0eba9f2,13,user_5c9b579a,0.702709
user_c0eba9f2,14,user_c67f26cc,0.701746
user_c0eba9f2,15,user_0b1b1d1c,0.699525
user_c130412b,1,user_1a7d6cd5,0.764315
user_c130412b,2,user_8713f22a,0.722806
user_c130412b,3,user_89571ce8,0.711989
user_c130412b,4,user_36e75535,0.711775
user_c130412b,5,user_885e8708,0.708665
user_c130412b,6,user_476670f9,0.706761
user_c130412b,7,user_e0c65725,0.683243
user_c130412b,8,user_8fb63eca,0.680669
user_c130412b,9,user_2f4cc646,0.680421
user_c130412b,10,user_1ae8e7f5,0.676202
user_c130412b,11,user_3b79395c,0.674586
user_c130412b,12,user_4d4f73a6,0.674509
user_c130412b,13,user_226be32f,0.673727
user_c130412b,14,user_107259c3,0.669082
user_c130412b,15,user_166a3647,0.668971
user_c154e834,1,user_16ac4154,0.788805
user_c154e834,2,user_c154e834,0.781596
user_c154e834,3,user_67acd9b1,0.772689
user_c154e834,4,user_e696f3ae,0.771344
user_c154e834,5,user_3b79395c,0.770006
user_c154e834,6,user_25b48a9a,0.769262
user_c154e834,7,user_3ff3188b,0.768865
user_c154e834,8,user_c34e791e,0.765758
user_c154e834,9,user_2c69b83e,0.756310
user_c154e834,10,user_40a0bad3,0.751433
user_c154e834,11,user_fdc08e26,0.747526
user_c154e834,12,user_81c4dae1,0.740918
user_c154e834,13,user_c994138f,0.740691
user_c154e834,14,user_5526cbfd,0.740036
user_c154e834,15,user_476670f9,0.739974
user_c157ca97,1,user_bf69de98,0.795601
user_c157ca97,2,user_52d3881c,0.789641
user_c157ca97,3,user_3971c3e6,0.789176
user_c157ca97,4,user_2373103d,0.750994
user_c157ca97,5,user_4f8b6987,0.743115
user_c157ca97,6,user_e5a6abbe,0.741132
user_c157ca97,7,user_54c1ebee,0.741013
user_c157ca97,8,user_ef954c6e,0.734826
user_c157ca97,9,user_39b3eda0,0.723311
user_c157ca97,10,user_83afc7b2,0.720700
user_c157ca97,11,user_886f7373,0.719673
user_c157ca97,12,user_a6c5a10c,0.715144
user_c157ca97,13,user_ef05ad51,0.714843
user_c157ca97,14,user_e6057285,0.713819
user_c157ca97,15,user_147d1bbb,0.711159
user_c204a1dd,1,user_bbcbf015,0.631139
user_c204a1dd,2,user_dc32d458,0.587187
user_c204a1dd,3,user_82c86537,0.566646
user_c204a1dd,4,user_9da8848a,0.566518
user_c204a1dd,5,user_1df51301,0.561264
user_c204a1dd,6,user_f930e37f,0.555595
user_c204a1dd,7,user_d758a0a1,0.554130
user_c204a1dd,8,user_e10c98bb,0.521653
user_c204a1dd,9,user_c809e3d2,0.518645
user_c204a1dd,10,user_0a0bcaa6,0.518616
user_c204a1dd,11,user_84fe1a7a,0.517828
user_c204a1dd,12,user_03969305,0.515316
user_c204a1dd,13,user_daf59045,0.514034
user_c204a1dd,14,user_1a2755b3,0.513364
user_c204a1dd,15,user_2e81a539,0.513003
user_c2f18cf7,1,user_8be3f554,0.831201
user_c2f18cf7,2,user_8f8346ad,0.825210
user_c2f18cf7,3,user_b6d05d1d,0.822433
user_c2f18cf7,4,user_daf37424,0.808401
user_c2f18cf7,5,user_91db6e48,0.798537
user_c2f18cf7,6,user_29cd4556,0.797933
user_c2f18cf7,7,user_c994138f,0.794550
user_c2f18cf7,8,user_c2f18cf7,0.794346
user_c2f18cf7,9,user_67acd9b1,0.793598
user_c2f18cf7,10,user_3f2894b5,0.792939
user_c2f18cf7,11,user_91f807b9,0.792608
user_c2f18cf7,12,user_a8dc91a3,0.790256
user_c2f18cf7,13,user_c34e791e,0.787445
user_c2f18cf7,14,user_586752e4,0.787319
user_c2f18cf7,15,user_ca6074df,0.784925
user_c3040c7c,1,user_3e284ba5,0.831095
user_c3040c7c,2,user_25798310,0.816205
user_c3040c7c,3,user_3239132f,0.813185
user_c3040c7c,4,user_54c1ebee,0.807466
user_c3040c7c,5,user_032e5bc8,0.805944
user_c3040c7c,6,user_e6057285,0.802628
user_c3040c7c,7,user_a6c5a10c,0.802447
user_c3040c7c,8,user_524450e9,0.796955
user_c3040c7c,9,user_38433566,0.793669
user_c3040c7c,10,user_d691d016,0.793385
user_c3040c7c,11,user_500badda,0.791106
user_c3040c7c,12,user_8fb63eca,0.791033
user_c3040c7c,13,user_7b5f54c0,0.790812
user_c3040c7c,14,user_a4893af1,0.788812
user_c3040c7c,15,user_364bb955,0.787765
user_c39d41d7,1,user_a6c2e760,0.747223
user_c39d41d7,2,user_829844fd,0.744063
user_c39d41d7,3,user_a2503734,0.728817
user_c39d41d7,4,user_2e05a7a0,0.722303
user_c39d41d7,5,user_4f3b6241,0.720498
user_c39d41d7,6,user_0b5c256a,0.708931
user_c39d41d7,7,user_d67450a8,0.705924
user_c39d41d7,8,user_f930e37f,0.703088
user_c39d41d7,9,user_c4c70447,0.701276
user_c39d41d7,10,user_cf393213,0.700242
user_c39d41d7,11,user_ab86ab82,0.698934
user_c39d41d7,12,user_67acd9b1,0.697964
user_c39d41d7,13,user_0128a546,0.694924
user_c39d41d7,14,user_c8f82360,0.694387
user_c39d41d7,15,user_515ae840,0.691156
user_c41de62b,1,user_9ee84e18,0.818826
user_c41de62b,2,user_1b7f8c56,0.797880
user_c41de62b,3,user_aa2fbe83,0.795592
user_c41de62b,4,user_fb64cb55,0.787268
user_c41de62b,5,user_9571d0d5,0.786684
user_c41de62b,6,user_940c7213,0.779485
user_c41de62b,7,user_3ac315cb,0.776967
user_c41de62b,8,user_03969305,0.769432
user_c41de62b,9,user_acb51eed,0.768098
user_c41de62b,10,user_16ac4154,0.767193
user_c41de62b,11,user_95d648bc,0.764146
user_c41de62b,12,user_058c1800,0.762412
user_c41de62b,13,user_8fbb6d9c,0.760932
user_c41de62b,14,user_9e39a95d,0.759193
user_c41de62b,15,user_25b48a9a,0.758670
user_c4c70447,1,user_0898fc4b,0.859220
user_c4c70447,2,user_c39d41d7,0.855168
user_c4c70447,3,user_cdd86523,0.851154
user_c4c70447,4,user_5c5a0b40,0.845474
user_c4c70447,5,user_dbc4828c,0.843169
user_c4c70447,6,user_8a760553,0.840604
user_c4c70447,7,user_a4a77a7d,0.839775
user_c4c70447,8,user_3121653d,0.839767
user_c4c70447,9,user_723406a0,0.837973
user_c4c70447,10,user_bd05225b,0.837757
user_c4c70447,11,user_88b2faba,0.837538
user_c4c70447,12,user_a57e47b1,0.833414
user_c4c70447,13,user_c5f32c0d,0.833209
user_c4c70447,14,user_e6dd44b0,0.832764
user_c4c70447,15,user_73f34c5d,0.832486
user_c50a487d,1,user_54c1ebee,0.888620
user_c50a487d,2,user_147d1bbb,0.884336
user_c50a487d,3,user_ed1aaed8,0.873039
user_c50a487d,4,user_7f56f9a5,0.869184
user_c50a487d,5,user_df8dc9bb,0.866227
user_c50a487d,6,user_70bbda36,0.865765
user_c50a487d,7,user_aabd2642,0.860787
user_c50a487d,8,user_e6057285,0.859784
user_c50a487d,9,user_5c9b579a,0.859282
user_c50a487d,10,user_25798310,0.858929
user_c50a487d,11,user_3e284ba5,0.858151
user_c50a487d,12,user_fba6bcd4,0.854158
user_c50a487d,13,user_e802076d,0.851822
user_c50a487d,14,user_03969305,0.851645
user_c50a487d,15,user_2e81a539,0.850669
user_c536b01d,1,user_e5a6abbe,0.844828
user_c536b01d,2,user_ef954c6e,0.841111
user_c536b01d,3,user_dd1d7b22,0.830964
user_c536b01d,4,user_636ad58f,0.829512
user_c536b01d,5,user_15179955,0.826036
user_c536b01d,6,user_83afc7b2,0.822447
user_c536b01d,7,user_adab54a0,0.822130
user_c536b01d,8,user_0cee87f3,0.819610
user_c536b01d,9,user_8a760553,0.817197
user_c536b01d,10,user_5881b259,0.815850
user_c536b01d,11,user_c39d41d7,0.813163
user_c536b01d,12,user_954805d7,0.812442
user_c536b01d,13,user_c5f32c0d,0.811915
user_c536b01d,14,user_b16e0cf8,0.811811
user_c536b01d,15,user_405db206,0.807702
user_c59ebe9c,1,user_885e8708,0.809091
user_c59ebe9c,2,user_0d32f0ed,0.803039
user_c59ebe9c,3,user_3431c049,0.786176
user_c59ebe9c,4,user_3b1da5d9,0.784871
user_c59ebe9c,5,user_7f623d19,0.780261
user_c59ebe9c,6,user_fdcaaf41,0.760249
user_c59ebe9c,7,user_9a5457b0,0.758056
user_c59ebe9c,8,user_36e75535,0.751916
user_c59ebe9c,9,user_b0129d9e,0.750814
user_c59ebe9c,10,user_4bd9303b,0.750517
user_c59ebe9c,11,user_fdc08e26,0.748969
user_c59ebe9c,12,user_89571ce8,0.747350
user_c59ebe9c,13,user_2c69b83e,0.744025
user_c59ebe9c,14,user_5526cbfd,0.743749
user_c59ebe9c,15,user_aabd2642,0.742432
user_c5c57a9d,1,user_d0c1bf72,0.738825
user_c5c57a9d,2,user_0eeab432,0.727201
user_c5c57a9d,3,user_71f7b692,0.680828
user_c5c57a9d,4,user_6b311f43,0.646605
user_c5c57a9d,5,user_d8335067,0.619603
user_c5c57a9d,6,user_caebed72,0.580758
user_c5c57a9d,7,user_b58aa810,0.574420
user_c5c57a9d,8,user_efcacf59,0.552734
user_c5c57a9d,9,user_e8d15537,0.549194
user_c5c57a9d,10,user_2b03934e,0.544330
user_c5c57a9d,11,user_9d65649f,0.541655
user_c5c57a9d,12,user_259776c7,0.535732
user_c5c57a9d,13,user_8e217d1b,0.534881
user_c5c57a9d,14,user_38f4dfac,0.534163
user_c5c57a9d,15,user_cda36a95,0.533113
user_c5f32c0d,1,user_5881b259,0.832310
user_c5f32c0d,2,user_bd05225b,0.825958
user_c5f32c0d,3,user_2e81a539,0.825958
user_c5f32c0d,4,user_5526cbfd,0.825575
user_c5f32c0d,5,user_03969305,0.823147
user_c5f32c0d,6,user_c39d41d7,0.818094
user_c5f32c0d,7,user_69df6330,0.817185
user_c5f32c0d,8,user_b350e22b,0.815997
user_c5f32c0d,9,user_88b2faba,0.815971
user_c5f32c0d,10,user_c5f32c0d,0.815431
user_c5f32c0d,11,user_636ad58f,0.813960
user_c5f32c0d,12,user_3e284ba5,0.813658
user_c5f32c0d,13,user_e6057285,0.813483
user_c5f32c0d,14,user_e59c000f,0.812947
user_c5f32c0d,15,user_e802076d,0.812240
user_c60d65b5,1,user_69df6330,0.889215
user_c60d65b5,2,user_e8d15537,0.869714
user_c60d65b5,3,user_8f39f021,0.819704
user_c60d65b5,4,user_a743aff9,0.803831
user_c60d65b5,5,user_b9036662,0.802358
user_c60d65b5,6,user_c60d65b5,0.793332
user_c60d65b5,7,user_56980aa9,0.770907
user_c60d65b5,8,user_5993b36a,0.767901
user_c60d65b5,9,user_eb0927d1,0.763145
user_c60d65b5,10,user_5a283043,0.750556
user_c60d65b5,11,user_7924afc9,0.748092
user_c60d65b5,12,user_6fc85c06,0.745564
user_c60d65b5,13,user_cdd86523,0.745052
user_c60d65b5,14,user_c39d41d7,0.744925
user_c60d65b5,15,user_1936a7c3,0.739391
user_c67f26cc,1,user_abde0618,0.620723
user_c67f26cc,2,user_c67f26cc,0.588300
user_c67f26cc,3,user_56909460,0.576751
user_c67f26cc,4,user_fb8f46c8,0.565895
user_c67f26cc,5,user_13f8ee07,0.564152
user_c67f26cc,6,user_ff7631ef,0.536777
user_c67f26cc,7,user_8e5bead9,0.525443
user_c67f26cc,8,user_4b139395,0.522866
user_c67f26cc,9,user_c5c57a9d,0.520728
user_c67f26cc,10,user_98ca16a6,0.514879
user_c67f26cc,11,user_039d004e,0.508516
user_c67f26cc,12,user_c0eba9f2,0.504834
user_c67f26cc,13,user_2eb5d860,0.504050
user_c67f26cc,14,user_6ab8f7d4,0.503211
user_c67f26cc,15,user_2dd189e3,0.495983
user_c709e252,1,user_fb64cb55,0.832201
user_c709e252,2,user_acb51eed,0.805383
user_c709e252,3,user_6bb64984,0.797442
user_c709e252,4,user_8fbb6d9c,0.794116
user_c709e252,5,user_1b7f8c56,0.793684
user_c709e252,6,user_f8e2246f,0.792018
user_c709e252,7,user_33c6501d,0.788967
user_c709e252,8,user_940c7213,0.780370
user_c709e252,9,user_c41de62b,0.780075
user_c709e252,10,user_0cc626ee,0.777265
user_c709e252,11,user_165a2706,0.776895
user_c709e252,12,user_82d93459,0.776409
user_c709e252,13,user_b6b89f00,0.775690
user_c709e252,14,user_25b48a9a,0.772649
user_c709e252,15,user_aa2fbe83,0.770973
user_c809e3d2,1,user_d2c97c8e,0.765472
user_c809e3d2,2,user_72b93300,0.725989
user_c809e3d2,3,user_f5e1eee0,0.725035
user_c809e3d2,4,user_7c3d63ce,0.723598
user_c809e3d2,5,user_82c86537,0.721301
user_c809e3d2,6,user_ba8b1c05,0.720938
user_c809e3d2,7,user_f3377028,0.719039
user_c809e3d2,8,user_372c2b3e,0.709482
user_c809e3d2,9,user_1fb8e9e5,0.709137
user_c809e3d2,10,user_83e45cc0,0.707017
user_c809e3d2,11,user_4ea1ef09,0.699107
user_c809e3d2,12,user_bf30f80d,0.682624
user_c809e3d2,13,user_6fa47d61,0.680904
user_c809e3d2,14,user_2e60c125,0.680672
user_c809e3d2,15,user_eced69e7,0.677993
user_c81fae29,1,user_2c39731d,0.689677
user_c81fae29,2,user_b2f3c0d2,0.683160
user_c81fae29,3,user_a5d9fab6,0.672787
user_c81fae29,4,user_49b1ac46,0.658843
user_c81fae29,5,user_c883258f,0.623252
user_c81fae29,6,user_22b484cb,0.601339
user_c81fae29,7,user_d7fde080,0.596739
user_c81fae29,8,user_b7f60e64,0.594993
user_c81fae29,9,user_ff39b6cf,0.591898
user_c81fae29,10,user_8e5e899b,0.590798
user_c81fae29,11,user_8afa3eba,0.585895
user_c81fae29,12,user_18227c28,0.570438
user_c81fae29,13,user_87bbc3b5,0.569326
user_c81fae29,14,user_e8cdb142,0.560427
user_c81fae29,15,user_a7f8db34,0.553843
user_c883258f,1,user_c883258f,0.811803
user_c883258f,2,user_e8cdb142,0.749268
user_c883258f,3,user_8e5e899b,0.746907
user_c883258f,4,user_a7f8db34,0.742976
user_c883258f,5,user_2c39731d,0.742003
user_c883258f,6,user_87e5d9b0,0.729113
user_c883258f,7,user_903329bb,0.725636
user_c883258f,8,user_ff39b6cf,0.715558
user_c883258f,9,user_18227c28,0.712395
user_c883258f,10,user_858fa00c,0.701315
user_c883258f,11,user_22b484cb,0.700792
user_c883258f,12,user_b628264a,0.700198
user_c883258f,13,user_dc20c886,0.699444
user_c883258f,14,user_233fda02,0.695710
user_c883258f,15,user_4144252d,0.689789
user_c8e749e2,1,user_91f807b9,0.806160
user_c8e749e2,2,user_423c81dc,0.798910
user_c8e749e2,3,user_f930e37f,0.783166
user_c8e749e2,4,user_b9036662,0.771492
user_c8e749e2,5,user_74d27419,0.769987
user_c8e749e2,6,user_9571d0d5,0.763876
user_c8e749e2,7,user_cf393213,0.763121
user_c8e749e2,8,user_2e05a7a0,0.762548
user_c8e749e2,9,user_0a3bcf86,0.761026
user_c8e749e2,10,user_8f8346ad,0.760840
user_c8e749e2,11,user_4d4f73a6,0.758654
user_c8e749e2,12,user_8be3f554,0.758568
user_c8e749e2,13,user_9351238d,0.758059
user_c8e749e2,14,user_91db6e48,0.757262
user_c8e749e2,15,user_94f185bc,0.756557
user_c903d3bb,1,user_c903d3bb,0.836511
user_c903d3bb,2,user_13fb2e34,0.828447
user_c903d3bb,3,user_09dea596,0.733993
user_c903d3bb,4,user_b9b94432,0.688798
user_c903d3bb,5,user_940c7213,0.677936
user_c903d3bb,6,user_53325367,0.676199
user_c903d3bb,7,user_66772d98,0.662569
user_c903d3bb,8,user_a7bfc229,0.662047
user_c903d3bb,9,user_03410579,0.659575
user_c903d3bb,10,user_70bbda36,0.658191
user_c903d3bb,11,user_cbabbcee,0.652582
user_c903d3bb,12,user_52c9252c,0.644103
user_c903d3bb,13,user_5a6f92a6,0.640694
user_c903d3bb,14,user_04d29f9c,0.640022
user_c903d3bb,15,user_02fecea2,0.639465
user_c96b90fe,1,user_1b460965,0.729306
user_c96b90fe,2,user_d20928cc,0.723074
user_c96b90fe,3,user_efcacf59,0.710432
user_c96b90fe,4,user_582ff5b2,0.701966
user_c96b90fe,5,user_23ecc36a,0.690968
user_c96b90fe,6,user_39939c54,0.674672
user_c96b90fe,7,user_b2dd04c8,0.674569
user_c96b90fe,8,user_515ae840,0.674328
user_c96b90fe,9,user_a6c2e760,0.663307
user_c96b90fe,10,user_c32db875,0.660595
user_c96b90fe,11,user_b7f60e64,0.660400
user_c96b90fe,12,user_2b03934e,0.651590
user_c96b90fe,13,user_5d1b0daf,0.649625
user_c96b90fe,14,user_2f766c23,0.644088
user_c96b90fe,15,user_6b311f43,0.643977
user_c994138f,1,user_7f56f9a5,0.691084
user_c994138f,2,user_970963fd,0.671010
user_c994138f,3,user_b1d0760b,0.636934
user_c994138f,4,user_7b052f32,0.636245
user_c994138f,5,user_f0b144fc,0.634993
user_c994138f,6,user_f51339f8,0.634657
user_c994138f,7,user_38dc2894,0.618135
user_c994138f,8,user_63b4be5f,0.611088
user_c994138f,9,user_3049510b,0.607742
user_c994138f,10,user_f75c71f0,0.605160
user_c994138f,11,user_e6057285,0.603663
user_c994138f,12,user_205d25f3,0.599781
user_c994138f,13,user_1936a7c3,0.598412
user_c994138f,14,user_69193575,0.598340
user_c994138f,15,user_dc326993,0.596148
user_caa6a7b6,1,user_7b052f32,0.831913
user_caa6a7b6,2,user_d1d16d30,0.825341
user_caa6a7b6,3,user_1936a7c3,0.814062
user_caa6a7b6,4,user_14a2d3c6,0.803781
user_caa6a7b6,5,user_e6057285,0.799904
user_caa6a7b6,6,user_1f1dc5e0,0.797289
user_caa6a7b6,7,user_3049510b,0.794575
user_caa6a7b6,8,user_c06d9b71,0.784789
user_caa6a7b6,9,user_b605d5c9,0.778158
user_caa6a7b6,10,user_f4f9490d,0.773699
user_caa6a7b6,11,user_83afc7b2,0.769788
user_caa6a7b6,12,user_f60a09b3,0.766110
user_caa6a7b6,13,user_18892460,0.763405
user_caa6a7b6,14,user_7f56f9a5,0.762143
user_caa6a7b6,15,user_89e04335,0.761398
user_caebed72,1,user_2d74cd4c,0.841981
user_caebed72,2,user_f8e2246f,0.838735
user_caebed72,3,user_8fbb6d9c,0.826585
user_caebed72,4,user_d3663143,0.808432
user_caebed72,5,user_b325310b,0.804489
user_caebed72,6,user_1b7f8c56,0.804456
user_caebed72,7,user_0e685b64,0.798654
user_caebed72,8,user_b6b89f00,0.798466
user_caebed72,9,user_9e39a95d,0.794965
user_caebed72,10,user_08aa624b,0.790883
user_caebed72,11,user_ee89e069,0.790009
user_caebed72,12,user_6bb64984,0.785095
user_caebed72,13,user_71b9b8e0,0.783802
user_caebed72,14,user_417702c5,0.775456
user_caebed72,15,user_fb64cb55,0.770593
user_cb2fe204,1,user_165a2706,0.720257
user_cb2fe204,2,user_058d9dc1,0.702040
user_cb2fe204,3,user_8285a696,0.700865
user_cb2fe204,4,user_6a0b0e92,0.689914
user_cb2fe204,5,user_4d4f73a6,0.672332
user_cb2fe204,6,user_9ee84e18,0.670959
user_cb2fe204,7,user_84c14a6f,0.669798
user_cb2fe204,8,user_835666af,0.669419
user_cb2fe204,9,user_b2dd04c8,0.664066
user_cb2fe204,10,user_e4f8ab0c,0.661751
user_cb2fe204,11,user_18522854,0.657667
user_cb2fe204,12,user_2eb5d860,0.657508
user_cb2fe204,13,user_3bb7992e,0.654476
user_cb2fe204,14,user_ff591131,0.650012
user_cb2fe204,15,user_82d93459,0.645557
user_cb8245f7,1,user_0e408c4a,0.812440
user_cb8245f7,2,user_c34e791e,0.732307
user_cb8245f7,3,user_6476648d,0.731681
user_cb8245f7,4,user_7de6f343,0.728149
user_cb8245f7,5,user_b4f295b3,0.723127
user_cb8245f7,6,user_e5f67397,0.716608
user_cb8245f7,7,user_ba085464,0.714593
user_cb8245f7,8,user_70bbda36,0.712045
user_cb8245f7,9,user_e9d1886c,0.708661
user_cb8245f7,10,user_02016939,0.705189
user_cb8245f7,11,user_daf59045,0.703739
user_cb8245f7,12,user_04f39d22,0.701459
user_cb8245f7,13,user_a3a4a20a,0.699023
user_cb8245f7,14,user_0bc8e727,0.698802
user_cb8245f7,15,user_0ff0b922,0.697801
user_cdd86523,1,user_beca29a3,0.706222
user_cdd86523,2,user_0cd29f02,0.589382
user_cdd86523,3,user_18522854,0.584751
user_cdd86523,4,user_636d1da4,0.572840
user_cdd86523,5,user_6b311f43,0.553457
user_cdd86523,6,user_c157ca97,0.522705
user_cdd86523,7,user_d2bd9832,0.520118
user_cdd86523,8,user_8be3f554,0.514552
user_cdd86523,9,user_833d8832,0.512055
user_cdd86523,10,user_efcacf59,0.508598
user_cdd86523,11,user_d67450a8,0.506643
user_cdd86523,12,user_07db2c6a,0.506592
user_cdd86523,13,user_d69d04b7,0.506540
user_cdd86523,14,user_8e217d1b,0.502579
user_cdd86523,15,user_1b460965,0.501350
user_cf393213,1,user_e6057285,0.729868
user_cf393213,2,user_dc326993,0.715726
user_cf393213,3,user_89e04335,0.715681
user_cf393213,4,user_38dc2894,0.715494
user_cf393213,5,user_6d071251,0.710650
user_cf393213,6,user_dae4304f,0.709353
user_cf393213,7,user_3ae49e46,0.700145
user_cf393213,8,user_e838707b,0.696715
user_cf393213,9,user_fc1cfe0b,0.695442
user_cf393213,10,user_586752e4,0.694152
user_cf393213,11,user_394c25cc,0.693946
user_cf393213,12,user_7f56f9a5,0.693166
user_cf393213,13,user_ef954c6e,0.685711
user_cf393213,14,user_6fc85c06,0.680901
user_cf393213,15,user_d691d016,0.675030
user_d023a78e,1,user_d023a78e,0.817174
user_d023a78e,2,user_9ee84e18,0.705514
user_d023a78e,3,user_fb64cb55,0.699456
user_d023a78e,4,user_903329bb,0.698659
user_d023a78e,5,user_f827c7dd,0.674075
user_d023a78e,6,user_59e8bc2a,0.668366
user_d023a78e,7,user_737dd050,0.665133
user_d023a78e,8,user_835666af,0.658416
user_d023a78e,9,user_165a2706,0.652537
user_d023a78e,10,user_56980aa9,0.637635
user_d023a78e,11,user_6011e674,0.632073
user_d023a78e,12,user_9571d0d5,0.629567
user_d023a78e,13,user_acb51eed,0.628995
user_d023a78e,14,user_aa4cc34a,0.628276
user_d023a78e,15,user_5b7d5e00,0.627127
user_d036c911,1,user_3ff3188b,0.869527
user_d036c911,2,user_c34e791e,0.865360
user_d036c911,3,user_54b19b29,0.854659
user_d036c911,4,user_dae4304f,0.852690
user_d036c911,5,user_e696f3ae,0.852101
user_d036c911,6,user_9a307ebe,0.847849
user_d036c911,7,user_c2f18cf7,0.845656
user_d036c911,8,user_0eb2abf1,0.837536
user_d036c911,9,user_2dd5b531,0.834076
user_d036c911,10,user_2c69b83e,0.831881
user_d036c911,11,user_b6d05d1d,0.830645
user_d036c911,12,user_fdc08e26,0.829855
user_d036c911,13,user_45926b89,0.829792
user_d036c911,14,user_adab54a0,0.829573
user_d036c911,15,user_8d968cfb,0.826758
user_d074356a,1,user_815b7baf,0.618995
user_d074356a,2,user_8a3bbeb2,0.591697
user_d074356a,3,user_9b6481e4,0.578405
user_d074356a,4,user_ffe2efae,0.575356
user_d074356a,5,user_3353b96b,0.567780
user_d074356a,6,user_8006727d,0.566383
user_d074356a,7,user_33b2b77f,0.566313
user_d074356a,8,user_8f08aa94,0.560340
user_d074356a,9,user_fa69a385,0.558264
user_d074356a,10,user_fb8f46c8,0.558242
user_d074356a,11,user_ab86ab82,0.556554
user_d074356a,12,user_a411fb06,0.544169
user_d074356a,13,user_67acd9b1,0.540693
user_d074356a,14,user_a16d1fb6,0.534345
user_d074356a,15,user_0bd8ba7c,0.530209
user_d10d1f24,1,user_5b7d5e00,0.779745
user_d10d1f24,2,user_fb64cb55,0.747381
user_d10d1f24,3,user_d10d1f24,0.747102
user_d10d1f24,4,user_903329bb,0.735590
user_d10d1f24,5,user_835666af,0.733641
user_d10d1f24,6,user_59e8bc2a,0.721390
user_d10d1f24,7,user_f3f15c55,0.700426
user_d10d1f24,8,user_737dd050,0.678217
user_d10d1f24,9,user_2817ec11,0.675863
user_d10d1f24,10,user_7af2ed90,0.675686
user_d10d1f24,11,user_165a2706,0.664808
user_d10d1f24,12,user_2dc10d2d,0.664155
user_d10d1f24,13,user_5d7cbf11,0.658518
user_d10d1f24,14,user_acb51eed,0.658368
user_d10d1f24,15,user_d023a78e,0.656217
user_d14b7d7b,1,user_107259c3,0.865827
user_d14b7d7b,2,user_baeb91b3,0.839165
user_d14b7d7b,3,user_ded778b8,0.825875
user_d14b7d7b,4,user_e2e59795,0.824332
user_d14b7d7b,5,user_70bbda36,0.824256
user_d14b7d7b,6,user_7c7220a4,0.810883
user_d14b7d7b,7,user_586752e4,0.805146
user_d14b7d7b,8,user_02016939,0.801324
user_d14b7d7b,9,user_df8dc9bb,0.791908
user_d14b7d7b,10,user_0d32f0ed,0.791766
user_d14b7d7b,11,user_124651ff,0.788421
user_d14b7d7b,12,user_5c9b579a,0.788052
user_d14b7d7b,13,user_b4f295b3,0.787056
user_d14b7d7b,14,user_500badda,0.778294
user_d14b7d7b,15,user_26fa9d90,0.778146
user_d1d16d30,1,user_6592f2e4,0.672982
user_d1d16d30,2,user_8739102b,0.635280
user_d1d16d30,3,user_fb8f46c8,0.630048
user_d1d16d30,4,user_ee8d5ec5,0.627221
user_d1d16d30,5,user_cf393213,0.626596
user_d1d16d30,6,user_acb51eed,0.624995
user_d1d16d30,7,user_8be3f554,0.613934
user_d1d16d30,8,user_2e05a7a0,0.613284
user_d1d16d30,9,user_a2480011,0.609382
user_d1d16d30,10,user_cdd86523,0.599592
user_d1d16d30,11,user_07ec3726,0.599228
user_d1d16d30,12,user_846d1f36,0.598156
user_d1d16d30,13,user_ba4a78fc,0.595760
user_d1d16d30,14,user_74d27419,0.595712
user_d1d16d30,15,user_2cb4b018,0.594577
user_d2c97c8e,1,user_82c86537,0.878750
user_d2c97c8e,2,user_7c3d63ce,0.866050
user_d2c97c8e,3,user_0bc8e727,0.850307
user_d2c97c8e,4,user_6d421600,0.849024
user_d2c97c8e,5,user_04f39d22,0.843219
user_d2c97c8e,6,user_d2c97c8e,0.843048
user_d2c97c8e,7,user_74cfb8ef,0.840534
user_d2c97c8e,8,user_7de6f343,0.837495
user_d2c97c8e,9,user_43049634,0.825110
user_d2c97c8e,10,user_83e45cc0,0.819460
user_d2c97c8e,11,user_a3a4a20a,0.815005
user_d2c97c8e,12,user_ba8b1c05,0.811477
user_d2c97c8e,13,user_4ea1ef09,0.811401
user_d2c97c8e,14,user_421ae417,0.811318
user_d2c97c8e,15,user_2c2a5c24,0.809506
user_d4b7e22e,1,user_ab30f0fb,0.760534
user_d4b7e22e,2,user_b4214db6,0.744542
user_d4b7e22e,3,user_423c81dc,0.721355
user_d4b7e22e,4,user_efa5697b,0.721261
user_d4b7e22e,5,user_0e82fe11,0.717620
user_d4b7e22e,6,user_a4a77a7d,0.714520
user_d4b7e22e,7,user_f4f9490d,0.713530
user_d4b7e22e,8,user_e4f8ab0c,0.711788
user_d4b7e22e,9,user_ed3091a2,0.711394
user_d4b7e22e,10,user_723406a0,0.708223
user_d4b7e22e,11,user_eb0927d1,0.707981
user_d4b7e22e,12,user_8f39f021,0.705916
user_d4b7e22e,13,user_0a245f61,0.705802
user_d4b7e22e,14,user_f930e37f,0.702561
user_d4b7e22e,15,user_9ee84e18,0.702024
user_d50d7985,1,user_70bbda36,0.783527
user_d50d7985,2,user_81a80789,0.764809
user_d50d7985,3,user_ac6d6bff,0.743470
user_d50d7985,4,user_ded778b8,0.736582
user_d50d7985,5,user_166a3647,0.728603
user_d50d7985,6,user_364bb955,0.714303
user_d50d7985,7,user_7b5f54c0,0.701145
user_d50d7985,8,user_0d32f0ed,0.696621
user_d50d7985,9,user_25798310,0.696267
user_d50d7985,10,user_d50d7985,0.692021
user_d50d7985,11,user_8713f22a,0.691436
user_d50d7985,12,user_3b1da5d9,0.687860
user_d50d7985,13,user_b4d7e69a,0.687070
user_d50d7985,14,user_02fecea2,0.686209
user_d50d7985,15,user_737dd050,0.684608
user_d5d4fc6e,1,user_9b517815,0.644782
user_d5d4fc6e,2,user_d5d4fc6e,0.557895
user_d5d4fc6e,3,user_c60d65b5,0.545459
user_d5d4fc6e,4,user_9ffdf5e5,0.541493
user_d5d4fc6e,5,user_88f46c7b,0.537548
user_d5d4fc6e,6,user_dc20c886,0.536027
user_d5d4fc6e,7,user_eafc973e,0.530351
user_d5d4fc6e,8,user_56980aa9,0.528601
user_d5d4fc6e,9,user_0ef44f54,0.521955
user_d5d4fc6e,10,user_e7a55eac,0.521672
user_d5d4fc6e,11,user_8afa3eba,0.521510
user_d5d4fc6e,12,user_6a0b0e92,0.516932
user_d5d4fc6e,13,user_5f4ee256,0.495299
user_d5d4fc6e,14,user_37cd2dc9,0.491685
user_d5d4fc6e,15,user_3a55606c,0.488480
user_d761140c,1,user_a4aab257,0.792542
user_d761140c,2,user_d14b7d7b,0.769649
user_d761140c,3,user_2c3eb234,0.725178
user_d761140c,4,user_8c0c7619,0.723590
user_d761140c,5,user_650da71b,0.707361
user_d761140c,6,user_63b4ae7a,0.690594
user_d761140c,7,user_4bf6a4a0,0.690425
user_d761140c,8,user_126670d7,0.667616
user_d761140c,9,user_4e42bf97,0.657588
user_d761140c,10,user_b429ec64,0.656556
user_d761140c,11,user_d20928cc,0.654690
user_d761140c,12,user_c0392523,0.637266
user_d761140c,13,user_0a3f46b9,0.636155
user_d761140c,14,user_c32db875,0.635635
user_d761140c,15,user_75251485,0.630710
user_d849ac6e,1,user_adab54a0,0.861743
user_d849ac6e,2,user_c35d6565,0.829876
user_d849ac6e,3,user_9dda4af9,0.827099
user_d849ac6e,4,user_5c5a0b40,0.825117
user_d849ac6e,5,user_4db0d490,0.821229
user_d849ac6e,6,user_daf37424,0.816130
user_d849ac6e,7,user_7aa3746b,0.815698
user_d849ac6e,8,user_bdcc6e7d,0.814463
user_d849ac6e,9,user_29cd4556,0.812235
user_d849ac6e,10,user_15179955,0.810291
user_d849ac6e,11,user_b16e0cf8,0.810215
user_d849ac6e,12,user_8a760553,0.808091
user_d849ac6e,13,user_69df6330,0.804140
user_d849ac6e,14,user_3f2fbc90,0.800618
user_d849ac6e,15,user_f654c33b,0.798361
user_d955d7e2,1,user_7d6962d9,0.637878
user_d955d7e2,2,user_d955d7e2,0.606047
user_d955d7e2,3,user_91f807b9,0.569304
user_d955d7e2,4,user_b45d0d20,0.555101
user_d955d7e2,5,user_33f2a818,0.535788
user_d955d7e2,6,user_0fefc28e,0.533970
user_d955d7e2,7,user_79a1811b,0.533181
user_d955d7e2,8,user_b2dd04c8,0.529286
user_d955d7e2,9,user_91f5e7af,0.527198
user_d955d7e2,10,user_c6f50d12,0.524313
user_d955d7e2,11,user_f75c71f0,0.522849
user_d955d7e2,12,user_89e04335,0.519115
user_d955d7e2,13,user_51779823,0.516145
user_d955d7e2,14,user_7fd91653,0.511531
user_d955d7e2,15,user_8d22714e,0.509504
user_da51dede,1,user_81c4dae1,0.864521
user_da51dede,2,user_e6dd44b0,0.853332
user_da51dede,3,user_da51dede,0.850270
user_da51dede,4,user_500badda,0.844815
user_da51dede,5,user_7de6f343,0.842066
user_da51dede,6,user_ae306850,0.841097
user_da51dede,7,user_25652863,0.840944
user_da51dede,8,user_40efa894,0.835759
user_da51dede,9,user_cc1c8897,0.833325
user_da51dede,10,user_476670f9,0.828567
user_da51dede,11,user_a3a4a20a,0.827781
user_da51dede,12,user_74cfb8ef,0.825586
user_da51dede,13,user_6fa47d61,0.823773
user_da51dede,14,user_2efde048,0.820611
user_da51dede,15,user_0898fc4b,0.817919
user_dac2c359,1,user_0669bdf6,0.838751
user_dac2c359,2,user_dac2c359,0.830610
user_dac2c359,3,user_3f2fbc90,0.808350
user_dac2c359,4,user_a4a77a7d,0.806993
user_dac2c359,5,user_8d22714e,0.771795
user_dac2c359,6,user_058d9dc1,0.769939
user_dac2c359,7,user_e4f8ab0c,0.760448
user_dac2c359,8,user_2a704b9c,0.759374
user_dac2c359,9,user_14a2d3c6,0.756442
user_dac2c359,10,user_e8a7be73,0.754795
user_dac2c359,11,user_0cc626ee,0.749546
user_dac2c359,12,user_165a2706,0.748882
user_dac2c359,13,user_83afc7b2,0.746764
user_dac2c359,14,user_29cd4556,0.744973
user_dac2c359,15,user_f27da10a,0.743019
user_daf37424,1,user_8a669dcd,0.720611
user_daf37424,2,user_5d1b0daf,0.698643
user_daf37424,3,user_515ae840,0.698297
user_daf37424,4,user_2b03934e,0.694781
user_daf37424,5,user_d20928cc,0.687509
user_daf37424,6,user_4bf6a4a0,0.664858
user_daf37424,7,user_b7f60e64,0.642834
user_daf37424,8,user_39939c54,0.642423
user_daf37424,9,user_b2dd04c8,0.639045
user_daf37424,10,user_1b460965,0.635993
user_daf37424,11,user_111cfe7d,0.635269
user_daf37424,12,user_9ce96cbf,0.634137
user_daf37424,13,user_f14dc486,0.633051
user_daf37424,14,user_6427334a,0.631309
user_daf37424,15,user_6d2cb415,0.630811
user_db4c3fb9,1,user_db4c3fb9,0.868784
user_db4c3fb9,2,user_b9d253e8,0.830173
user_db4c3fb9,3,user_3ff88cf0,0.827133
user_db4c3fb9,4,user_ae306850,0.825099
user_db4c3fb9,5,user_cc1c8897,0.819095
user_db4c3fb9,6,user_43049634,0.813511
user_db4c3fb9,7,user_74e32d78,0.803359
user_db4c3fb9,8,user_81c4dae1,0.796708
user_db4c3fb9,9,user_b14ec02b,0.795033
user_db4c3fb9,10,user_40efa894,0.792083
user_db4c3fb9,11,user_b563e90b,0.784124
user_db4c3fb9,12,user_3850eb9e,0.781827
user_db4c3fb9,13,user_a01f16ac,0.781411
user_db4c3fb9,14,user_da51dede,0.779809
user_db4c3fb9,15,user_95d648bc,0.779261
user_dbbf562e,1,user_8a3bbeb2,0.740703
user_dbbf562e,2,user_c7beef01,0.669054
user_dbbf562e,3,user_0bd8ba7c,0.665577
user_dbbf562e,4,user_9818dcae,0.662555
user_dbbf562e,5,user_397cfe20,0.658693
user_dbbf562e,6,user_9b6481e4,0.653015
user_dbbf562e,7,user_07ec3726,0.651435
user_dbbf562e,8,user_32934d38,0.630876
user_dbbf562e,9,user_52f895f1,0.628424
user_dbbf562e,10,user_3666402b,0.617243
user_dbbf562e,11,user_fe922ad0,0.609195
user_dbbf562e,12,user_ffe2efae,0.606700
user_dbbf562e,13,user_942ff21e,0.603551
user_dbbf562e,14,user_3bc84c13,0.598276
user_dbbf562e,15,user_ab8e847b,0.594253
user_dc326993,1,user_886f7373,0.837303
user_dc326993,2,user_dc326993,0.833473
user_dc326993,3,user_394c25cc,0.826048
user_dc326993,4,user_b23aa915,0.816557
user_dc326993,5,user_38dc2894,0.815511
user_dc326993,6,user_80dc757f,0.810920
user_dc326993,7,user_e5a6abbe,0.802260
user_dc326993,8,user_433bdef0,0.793813
user_dc326993,9,user_e802076d,0.793494
user_dc326993,10,user_959adfc8,0.793446
user_dc326993,11,user_ef954c6e,0.792250
user_dc326993,12,user_4e800fa1,0.791985
user_dc326993,13,user_bf69de98,0.790482
user_dc326993,14,user_6d071251,0.784387
user_dc326993,15,user_5881b259,0.783741
user_dc32d458,1,user_dc32d458,0.858906
user_dc32d458,2,user_9600e8bf,0.844314
user_dc32d458,3,user_73f34c5d,0.832029
user_dc32d458,4,user_e6057285,0.829795
user_dc32d458,5,user_88b2faba,0.816589
user_dc32d458,6,user_5881b259,0.814266
user_dc32d458,7,user_e5a6abbe,0.813485
user_dc32d458,8,user_c204a1dd,0.807796
user_dc32d458,9,user_1f1dc5e0,0.805558
user_dc32d458,10,user_03969305,0.804880
user_dc32d458,11,user_96013176,0.802622
user_dc32d458,12,user_a57e47b1,0.802171
user_dc32d458,13,user_fba6bcd4,0.799979
user_dc32d458,14,user_8292753c,0.798957
user_dc32d458,15,user_8a760553,0.797174
user_dca78fea,1,user_8006727d,0.752889
user_dca78fea,2,user_cf393213,0.745522
user_dca78fea,3,user_5159d3a1,0.744400
user_dca78fea,4,user_8f8346ad,0.743405
user_dca78fea,5,user_6fbf6191,0.736763
user_dca78fea,6,user_46bb5302,0.730357
user_dca78fea,7,user_126670d7,0.724192
user_dca78fea,8,user_55058479,0.722208
user_dca78fea,9,user_74d27419,0.722137
user_dca78fea,10,user_69a4dd06,0.712476
user_dca78fea,11,user_c8f82360,0.709895
user_dca78fea,12,user_2e05a7a0,0.708595
user_dca78fea,13,user_9bee2a7c,0.702326
user_dca78fea,14,user_c4c70447,0.700651
user_dca78fea,15,user_33b2b77f,0.700352
user_dd0bd02d,1,user_723406a0,0.833254
user_dd0bd02d,2,user_8d22714e,0.793671
user_dd0bd02d,3,user_d955d7e2,0.785461
user_dd0bd02d,4,user_ed3091a2,0.784073
user_dd0bd02d,5,user_0e82fe11,0.772539
user_dd0bd02d,6,user_91f807b9,0.763102
user_dd0bd02d,7,user_f930e37f,0.747517
user_dd0bd02d,8,user_d758a0a1,0.742604
user_dd0bd02d,9,user_f27da10a,0.736272
user_dd0bd02d,10,user_0cc626ee,0.736223
user_dd0bd02d,11,user_9351238d,0.735677
user_dd0bd02d,12,user_b4214db6,0.730063
user_dd0bd02d,13,user_dd0bd02d,0.729733
user_dd0bd02d,14,user_884ffdb2,0.724114
user_dd0bd02d,15,user_5881b259,0.723125
user_df8dc9bb,1,user_df8dc9bb,0.863990
user_df8dc9bb,2,user_e802076d,0.859221
user_df8dc9bb,3,user_f0cf195f,0.857737
user_df8dc9bb,4,user_7b052f32,0.842263
user_df8dc9bb,5,user_5349c6cf,0.829955
user_df8dc9bb,6,user_0898fc4b,0.825000
user_df8dc9bb,7,user_03969305,0.819429
user_df8dc9bb,8,user_f60a09b3,0.819038
user_df8dc9bb,9,user_5881b259,0.814143
user_df8dc9bb,10,user_e6057285,0.813616
user_df8dc9bb,11,user_ded778b8,0.812245
user_df8dc9bb,12,user_d1d16d30,0.810397
user_df8dc9bb,13,user_d96972e5,0.810117
user_df8dc9bb,14,user_6fc85c06,0.808736
user_df8dc9bb,15,user_7fd91653,0.808347
user_dffc0da5,1,user_e6057285,0.868537
user_dffc0da5,2,user_e802076d,0.852396
user_dffc0da5,3,user_0521a7ac,0.849093
user_dffc0da5,4,user_5881b259,0.848556
user_dffc0da5,5,user_eb0927d1,0.848157
user_dffc0da5,6,user_886f7373,0.844724
user_dffc0da5,7,user_1936a7c3,0.840903
user_dffc0da5,8,user_d1d16d30,0.840596
user_dffc0da5,9,user_3049510b,0.838450
user_dffc0da5,10,user_5993b36a,0.834696
user_dffc0da5,11,user_a01f16ac,0.831382
user_dffc0da5,12,user_394c25cc,0.830495
user_dffc0da5,13,user_1f1dc5e0,0.828692
user_dffc0da5,14,user_80dc757f,0.826412
user_dffc0da5,15,user_a743aff9,0.826065
user_e0c65725,1,user_81a80789,0.862629
user_e0c65725,2,user_25798310,0.859520
user_e0c65725,3,user_70bbda36,0.859237
user_e0c65725,4,user_7b5f54c0,0.853776
user_e0c65725,5,user_1246b252,0.853700
user_e0c65725,6,user_2c69b83e,0.852447
user_e0c65725,7,user_166a3647,0.850897
user_e0c65725,8,user_b63ea1d4,0.850593
user_e0c65725,9,user_02fecea2,0.850549
user_e0c65725,10,user_aabd2642,0.840746
user_e0c65725,11,user_3b1da5d9,0.837228
user_e0c65725,12,user_364bb955,0.833873
user_e0c65725,13,user_147d1bbb,0.832041
user_e0c65725,14,user_cbabbcee,0.828455
user_e0c65725,15,user_df8dc9bb,0.827961
user_e10c98bb,1,user_18892460,0.758624
user_e10c98bb,2,user_e6057285,0.752767
user_e10c98bb,3,user_ef05ad51,0.733768
user_e10c98bb,4,user_89e04335,0.727262
user_e10c98bb,5,user_a6c5a10c,0.726800
user_e10c98bb,6,user_72b93300,0.726765
user_e10c98bb,7,user_ef954c6e,0.720549
user_e10c98bb,8,user_95d648bc,0.719993
user_e10c98bb,9,user_1b7f8c56,0.719923
user_e10c98bb,10,user_5993b36a,0.719704
user_e10c98bb,11,user_aabd2642,0.719686
user_e10c98bb,12,user_394c25cc,0.715082
user_e10c98bb,13,user_1f1dc5e0,0.714451
user_e10c98bb,14,user_36d44add,0.708617
user_e10c98bb,15,user_d691d016,0.706612
user_e14b88a8,1,user_e14b88a8,0.855988
user_e14b88a8,2,user_2e81a539,0.745291
user_e14b88a8,3,user_4144252d,0.734202
user_e14b88a8,4,user_7b4c75ab,0.727638
user_e14b88a8,5,user_f5fea76f,0.711291
user_e14b88a8,6,user_f10e7063,0.695269
user_e14b88a8,7,user_858fa00c,0.694872
user_e14b88a8,8,user_eda37c14,0.692692
user_e14b88a8,9,user_7a8f7f3e,0.690002
user_e14b88a8,10,user_1246b252,0.687994
user_e14b88a8,11,user_bd05225b,0.687576
user_e14b88a8,12,user_36d44add,0.683937
user_e14b88a8,13,user_18c333c6,0.682220
user_e14b88a8,14,user_59d9db83,0.671701
user_e14b88a8,15,user_14a2d3c6,0.671475
user_e1730a9c,1,user_e1730a9c,0.862219
user_e1730a9c,2,user_fde2d265,0.757695
user_e1730a9c,3,user_7924afc9,0.739430
user_e1730a9c,4,user_d1d16d30,0.729755
user_e1730a9c,5,user_c06d9b71,0.729548
user_e1730a9c,6,user_84e93af7,0.726782
user_e1730a9c,7,user_50e2a836,0.721044
user_e1730a9c,8,user_b49274ca,0.718356
user_e1730a9c,9,user_7fd91653,0.716239
user_e1730a9c,10,user_69df6330,0.714144
user_e1730a9c,11,user_a743aff9,0.707287
user_e1730a9c,12,user_9c5071dd,0.706675
user_e1730a9c,13,user_5a283043,0.706444
user_e1730a9c,14,user_0a0bcaa6,0.701513
user_e1730a9c,15,user_5881b259,0.700174
user_e409a56d,1,user_7de6f343,0.891484
user_e409a56d,2,user_421ae417,0.887326
user_e409a56d,3,user_ba8b1c05,0.886315
user_e409a56d,4,user_74cfb8ef,0.873526
user_e409a56d,5,user_40efa894,0.864872
user_e409a56d,6,user_eced69e7,0.863806
user_e409a56d,7,user_6fa47d61,0.850497
user_e409a56d,8,user_25652863,0.848586
user_e409a56d,9,user_04f39d22,0.834838
user_e409a56d,10,user_7c3d63ce,0.832339
user_e409a56d,11,user_0bc8e727,0.828211
user_e409a56d,12,user_4ea1ef09,0.826223
user_e409a56d,13,user_2c2a5c24,0.824420
user_e409a56d,14,user_82c86537,0.820848
user_e409a56d,15,user_53b85563,0.820340
user_e4ab67b6,1,user_a2c3ed1f,0.821858
user_e4ab67b6,2,user_233fda02,0.722737
user_e4ab67b6,3,user_6fc85c06,0.704800
user_e4ab67b6,4,user_8e5e899b,0.701904
user_e4ab67b6,5,user_87e5d9b0,0.698849
user_e4ab67b6,6,user_5ac1a174,0.693051
user_e4ab67b6,7,user_d96972e5,0.691984
user_e4ab67b6,8,user_f368b9da,0.684693
user_e4ab67b6,9,user_858fa00c,0.681535
user_e4ab67b6,10,user_dc20c886,0.677970
user_e4ab67b6,11,user_9ee84e18,0.674375
user_e4ab67b6,12,user_058c1800,0.666543
user_e4ab67b6,13,user_3b90fb53,0.666273
user_e4ab67b6,14,user_d758a0a1,0.664900
user_e4ab67b6,15,user_f6188968,0.664646
user_e4f8ab0c,1,user_e4f8ab0c,0.893444
user_e4f8ab0c,2,user_9ee84e18,0.818549
user_e4f8ab0c,3,user_03969305,0.817743
user_e4f8ab0c,4,user_bd05225b,0.817475
user_e4f8ab0c,5,user_d758a0a1,0.813427
user_e4f8ab0c,6,user_0cc626ee,0.800316
user_e4f8ab0c,7,user_a4a77a7d,0.798097
user_e4f8ab0c,8,user_5526cbfd,0.795559
user_e4f8ab0c,9,user_e59c000f,0.789855
user_e4f8ab0c,10,user_5c9b579a,0.788935
user_e4f8ab0c,11,user_737dd050,0.788398
user_e4f8ab0c,12,user_14a2d3c6,0.788354
user_e4f8ab0c,13,user_586752e4,0.787137
user_e4f8ab0c,14,user_058c1800,0.786904
user_e4f8ab0c,15,user_4144252d,0.784379
user_e51692a6,1,user_66772d98,0.715731
user_e51692a6,2,user_ee05ee55,0.712821
user_e51692a6,3,user_3971c3e6,0.709466
user_e51692a6,4,user_acb899e9,0.705082
user_e51692a6,5,user_ba085464,0.702739
user_e51692a6,6,user_d2c97c8e,0.699578
user_e51692a6,7,user_0521a7ac,0.698448
user_e51692a6,8,user_394c25cc,0.697000
user_e51692a6,9,user_02016939,0.696878
user_e51692a6,10,user_93cdb7a1,0.694620
user_e51692a6,11,user_3239132f,0.691183
user_e51692a6,12,user_500badda,0.687725
user_e51692a6,13,user_03410579,0.687296
user_e51692a6,14,user_3e284ba5,0.686859
user_e51692a6,15,user_70bbda36,0.685610
user_e59c000f,1,user_e59c000f,0.873326
user_e59c000f,2,user_5c9b579a,0.836873
user_e59c000f,3,user_2e81a539,0.833760
user_e59c000f,4,user_586752e4,0.826386
user_e59c000f,5,user_03969305,0.826299
user_e59c000f,6,user_6fc85c06,0.824695
user_e59c000f,7,user_96013176,0.821113
user_e59c000f,8,user_5c82df31,0.818420
user_e59c000f,9,user_e6057285,0.816339
user_e59c000f,10,user_df8dc9bb,0.815664
user_e59c000f,11,user_107259c3,0.814260
user_e59c000f,12,user_b350e22b,0.812095
user_e59c000f,13,user_daf37424,0.810002
user_e59c000f,14,user_9571d0d5,0.805680
user_e59c000f,15,user_bd05225b,0.803055
user_e5f67397,1,user_9fe4e0f5,0.679931
user_e5f67397,2,user_1f636ddc,0.672303
user_e5f67397,3,user_63b4be5f,0.670957
user_e5f67397,4,user_7f623d19,0.655633
user_e5f67397,5,user_aa4cc34a,0.644436
user_e5f67397,6,user_94cad3a5,0.639180
user_e5f67397,7,user_107259c3,0.638053
user_e5f67397,8,user_0d32f0ed,0.633764
user_e5f67397,9,user_9c88ee3d,0.631081
user_e5f67397,10,user_baeb91b3,0.629221
user_e5f67397,11,user_7f56f9a5,0.623206
user_e5f67397,12,user_7709815a,0.620428
user_e5f67397,13,user_87e5d9b0,0.619560
user_e5f67397,14,user_ea67f9c6,0.615840
user_e5f67397,15,user_943e4045,0.615539
user_e64d80ba,1,user_e64d80ba,0.902623
user_e64d80ba,2,user_b4f295b3,0.828666
user_e64d80ba,3,user_0ff0b922,0.795301
user_e64d80ba,4,user_2b79ef0b,0.736026
user_e64d80ba,5,user_c34e791e,0.735731
user_e64d80ba,6,user_9571d0d5,0.717181
user_e64d80ba,7,user_ded778b8,0.711999
user_e64d80ba,8,user_70bbda36,0.708757
user_e64d80ba,9,user_b2aba63a,0.703077
user_e64d80ba,10,user_9a307ebe,0.697260
user_e64d80ba,11,user_500badda,0.693185
user_e64d80ba,12,user_107259c3,0.688634
user_e64d80ba,13,user_124651ff,0.686962
user_e64d80ba,14,user_586752e4,0.685073
user_e64d80ba,15,user_7c7220a4,0.685064
user_e6dd44b0,1,user_69df6330,0.826204
user_e6dd44b0,2,user_cdd86523,0.805453
user_e6dd44b0,3,user_84e93af7,0.791940
user_e6dd44b0,4,user_1b7f8c56,0.791210
user_e6dd44b0,5,user_2c69b83e,0.790116
user_e6dd44b0,6,user_c39d41d7,0.788870
user_e6dd44b0,7,user_e8d15537,0.788061
user_e6dd44b0,8,user_f930e37f,0.787792
user_e6dd44b0,9,user_c60d65b5,0.786828
user_e6dd44b0,10,user_5526cbfd,0.781677
user_e6dd44b0,11,user_723406a0,0.781294
user_e6dd44b0,12,user_fde2d265,0.781070
user_e6dd44b0,13,user_3ff3188b,0.780507
user_e6dd44b0,14,user_c5f32c0d,0.779144
user_e6dd44b0,15,user_c4c70447,0.778794
user_e7a55eac,1,user_c5f32c0d,0.846798
user_e7a55eac,2,user_ef954c6e,0.834066
user_e7a55eac,3,user_5881b259,0.820686
user_e7a55eac,4,user_69df6330,0.817323
user_e7a55eac,5,user_e6057285,0.815358
user_e7a55eac,6,user_e5a6abbe,0.814590
user_e7a55eac,7,user_54c1ebee,0.814324
user_e7a55eac,8,user_5526cbfd,0.813288
user_e7a55eac,9,user_e802076d,0.812984
user_e7a55eac,10,user_a151ddab,0.811256
user_e7a55eac,11,user_886f7373,0.810759
user_e7a55eac,12,user_394c25cc,0.810031
user_e7a55eac,13,user_a4a77a7d,0.809859
user_e7a55eac,14,user_b16e0cf8,0.809584
user_e7a55eac,15,user_5c5a0b40,0.808200
user_e802076d,1,user_e802076d,0.866756
user_e802076d,2,user_fde2d265,0.766537
user_e802076d,3,user_df8dc9bb,0.762557
user_e802076d,4,user_cdd86523,0.760366
user_e802076d,5,user_0a3bcf86,0.752266
user_e802076d,6,user_147d1bbb,0.750688
user_e802076d,7,user_3ac315cb,0.748807
user_e802076d,8,user_15179955,0.748131
user_e802076d,9,user_111cfe7d,0.745735
user_e802076d,10,user_03969305,0.745524
user_e802076d,11,user_adab54a0,0.743703
user_e802076d,12,user_4db0d490,0.740553
user_e802076d,13,user_1a2755b3,0.738733
user_e802076d,14,user_2dd5b531,0.735420
user_e802076d,15,user_0ff0b922,0.735147
user_e838707b,1,user_e838707b,0.790979
user_e838707b,2,user_aa2fbe83,0.784885
user_e838707b,3,user_1fb8e9e5,0.774151
user_e838707b,4,user_41d0c897,0.772018
user_e838707b,5,user_1b7f8c56,0.768962
user_e838707b,6,user_ef954c6e,0.766226
user_e838707b,7,user_45926b89,0.762101
user_e838707b,8,user_cf393213,0.761457
user_e838707b,9,user_d2c97c8e,0.757294
user_e838707b,10,user_9a307ebe,0.755732
user_e838707b,11,user_2dd5b531,0.755022
user_e838707b,12,user_fdc08e26,0.753353
user_e838707b,13,user_e696f3ae,0.752914
user_e838707b,14,user_89e04335,0.747238
user_e838707b,15,user_8f8346ad,0.747026
user_e8613813,1,user_ed1aaed8,0.823863
user_e8613813,2,user_4bd9303b,0.801521
user_e8613813,3,user_1df51301,0.793139
user_e8613813,4,user_7f56f9a5,0.781278
user_e8613813,5,user_c994138f,0.780350
user_e8613813,6,user_586752e4,0.770436
user_e8613813,7,user_f54058d0,0.767783
user_e8613813,8,user_e696f3ae,0.767416
user_e8613813,9,user_f930e37f,0.765872
user_e8613813,10,user_147d1bbb,0.764986
user_e8613813,11,user_54c1ebee,0.764833
user_e8613813,12,user_daf37424,0.763847
user_e8613813,13,user_03969305,0.759613
user_e8613813,14,user_8dd20d7f,0.755793
user_e8613813,15,user_885e8708,0.754101
user_e88c308b,1,user_a3a4a20a,0.776722
user_e88c308b,2,user_e9d1886c,0.772467
user_e88c308b,3,user_bf69de98,0.763189
user_e88c308b,4,user_e696f3ae,0.757442
user_e88c308b,5,user_9a307ebe,0.755871
user_e88c308b,6,user_98f18241,0.755455
user_e88c308b,7,user_1b7f8c56,0.753782
user_e88c308b,8,user_500badda,0.748706
user_e88c308b,9,user_205d25f3,0.748061
user_e88c308b,10,user_fdcaaf41,0.746980
user_e88c308b,11,user_6476648d,0.746952
user_e88c308b,12,user_88b2faba,0.745791
user_e88c308b,13,user_04f39d22,0.745356
user_e88c308b,14,user_74cfb8ef,0.744519
user_e88c308b,15,user_6deada35,0.742180
user_e8a7be73,1,user_84c14a6f,0.642618
user_e8a7be73,2,user_f6c0aefc,0.634371
user_e8a7be73,3,user_a6a094cf,0.630597
user_e8a7be73,4,user_8285a696,0.628999
user_e8a7be73,5,user_f54058d0,0.625806
user_e8a7be73,6,user_4d4f73a6,0.618123
user_e8a7be73,7,user_78eff25f,0.615362
user_e8a7be73,8,user_17355c30,0.614647
user_e8a7be73,9,user_e8a7be73,0.609347
user_e8a7be73,10,user_14a2d3c6,0.609304
user_e8a7be73,11,user_32f31383,0.609042
user_e8a7be73,12,user_5c82df31,0.608484
user_e8a7be73,13,user_587b57d5,0.604815
user_e8a7be73,14,user_cbabbcee,0.602643
user_e8a7be73,15,user_8d22714e,0.602532
user_e8e9acac,1,user_e8e9acac,0.844743
user_e8e9acac,2,user_1022be44,0.812086
user_e8e9acac,3,user_4d4f73a6,0.810318
user_e8e9acac,4,user_9ee84e18,0.787918
user_e8e9acac,5,user_02fecea2,0.770768
user_e8e9acac,6,user_5c9b579a,0.765654
user_e8e9acac,7,user_9d9fba70,0.760373
user_e8e9acac,8,user_b2aba63a,0.758164
user_e8e9acac,9,user_3b79395c,0.756276
user_e8e9acac,10,user_67acd9b1,0.756121
user_e8e9acac,11,user_91db6e48,0.753142
user_e8e9acac,12,user_58bfeaad,0.749149
user_e8e9acac,13,user_f54058d0,0.743631
user_e8e9acac,14,user_233fda02,0.741812
user_e8e9acac,15,user_c73333a5,0.741620
user_e9d1886c,1,user_e9d1886c,0.687351
user_e9d1886c,2,user_b2aba63a,0.650226
user_e9d1886c,3,user_46bb5302,0.649156
user_e9d1886c,4,user_2f1085dd,0.637238
user_e9d1886c,5,user_d2c97c8e,0.623111
user_e9d1886c,6,user_e5f67397,0.622679
user_e9d1886c,7,user_daf59045,0.611293
user_e9d1886c,8,user_5159d3a1,0.609753
user_e9d1886c,9,user_a0f5ae47,0.609352
user_e9d1886c,10,user_04f39d22,0.603137
user_e9d1886c,11,user_0e408c4a,0.602771
user_e9d1886c,12,user_e88c308b,0.601710
user_e9d1886c,13,user_1f09455f,0.599990
user_e9d1886c,14,user_476670f9,0.599602
user_e9d1886c,15,user_3850eb9e,0.597822
user_ea67f9c6,1,user_b45d0d20,0.909625
user_ea67f9c6,2,user_33f2a818,0.709830
user_ea67f9c6,3,user_7d6962d9,0.680395
user_ea67f9c6,4,user_aae78e0d,0.643715
user_ea67f9c6,5,user_3ce4c1f8,0.633815
user_ea67f9c6,6,user_1fb646f2,0.581866
user_ea67f9c6,7,user_f14dc486,0.578774
user_ea67f9c6,8,user_79a1811b,0.566415
user_ea67f9c6,9,user_80da26a6,0.561417
user_ea67f9c6,10,user_829844fd,0.554661
user_ea67f9c6,11,user_2f766c23,0.532743
user_ea67f9c6,12,user_567057e7,0.527478
user_ea67f9c6,13,user_0f006eec,0.508162
user_ea67f9c6,14,user_192a215d,0.506535
user_ea67f9c6,15,user_18522854,0.500388
user_ebe17c78,1,user_126670d7,0.747565
user_ebe17c78,2,user_d20928cc,0.746473
user_ebe17c78,3,user_46bb5302,0.744716
user_ebe17c78,4,user_cf393213,0.731424
user_ebe17c78,5,user_61f90240,0.728711
user_ebe17c78,6,user_8006727d,0.719025
user_ebe17c78,7,user_6fbf6191,0.716486
user_ebe17c78,8,user_5d1b0daf,0.715291
user_ebe17c78,9,user_b429ec64,0.714415
user_ebe17c78,10,user_39939c54,0.708527
user_ebe17c78,11,user_18522854,0.706152
user_ebe17c78,12,user_a6c2e760,0.704629
user_ebe17c78,13,user_63b4ae7a,0.704138
user_ebe17c78,14,user_67acd9b1,0.702108
user_ebe17c78,15,user_ba4a78fc,0.700038
user_ec574395,1,user_8fe14601,0.855223
user_ec574395,2,user_79f04645,0.854974
user_ec574395,3,user_29cd4556,0.834276
user_ec574395,4,user_954805d7,0.829759
user_ec574395,5,user_fde2d265,0.827032
user_ec574395,6,user_c39d41d7,0.825212
user_ec574395,7,user_ec574395,0.812056
user_ec574395,8,user_adab54a0,0.810540
user_ec574395,9,user_17607ebc,0.809804
user_ec574395,10,user_7aa3746b,0.806927
user_ec574395,11,user_d93b53bd,0.800647
user_ec574395,12,user_dd1d7b22,0.800559
user_ec574395,13,user_9d65649f,0.799758
user_ec574395,14,user_b16e0cf8,0.795400
user_ec574395,15,user_f654c33b,0.794280
user_ecba8131,1,user_96d9cb9a,0.837548
user_ecba8131,2,user_89e04335,0.767475
user_ecba8131,3,user_69df6330,0.761262
user_ecba8131,4,user_394c25cc,0.760402
user_ecba8131,5,user_1cfedba8,0.758607
user_ecba8131,6,user_a743aff9,0.754112
user_ecba8131,7,user_5c82df31,0.750008
user_ecba8131,8,user_38dc2894,0.747564
user_ecba8131,9,user_36d44add,0.745337
user_ecba8131,10,user_f0b144fc,0.742278
user_ecba8131,11,user_5526cbfd,0.737995
user_ecba8131,12,user_ef954c6e,0.737476
user_ecba8131,13,user_c5f32c0d,0.736579
user_ecba8131,14,user_0a245f61,0.736367
user_ecba8131,15,user_5993b36a,0.736105
user_ecc1ca0a,1,user_8285a696,0.722912
user_ecc1ca0a,2,user_6a0b0e92,0.701852
user_ecc1ca0a,3,user_ecc1ca0a,0.701094
user_ecc1ca0a,4,user_058d9dc1,0.699774
user_ecc1ca0a,5,user_eafc973e,0.691167
user_ecc1ca0a,6,user_423c81dc,0.688899
user_ecc1ca0a,7,user_835666af,0.682904
user_ecc1ca0a,8,user_e8cdb142,0.670976
user_ecc1ca0a,9,user_ab30f0fb,0.670356
user_ecc1ca0a,10,user_0669bdf6,0.659897
user_ecc1ca0a,11,user_d5b21e00,0.658958
user_ecc1ca0a,12,user_7d944883,0.652531
user_ecc1ca0a,13,user_e4f8ab0c,0.651713
user_ecc1ca0a,14,user_78eff25f,0.649619
user_ecc1ca0a,15,user_86685a27,0.648673
user_ed1aaed8,1,user_56e6d0cd,0.843030
user_ed1aaed8,2,user_57c1d6c0,0.821958
user_ed1aaed8,3,user_b6d05d1d,0.818462
user_ed1aaed8,4,user_c2f18cf7,0.790345
user_ed1aaed8,5,user_c34e791e,0.784649
user_ed1aaed8,6,user_67acd9b1,0.783179
user_ed1aaed8,7,user_25b48a9a,0.758886
user_ed1aaed8,8,user_04f39d22,0.757301
user_ed1aaed8,9,user_33b2b77f,0.754370
user_ed1aaed8,10,user_8be3f554,0.753950
user_ed1aaed8,11,user_e696f3ae,0.751164
user_ed1aaed8,12,user_e409a56d,0.750552
user_ed1aaed8,13,user_dae4304f,0.746580
user_ed1aaed8,14,user_54b19b29,0.738066
user_ed1aaed8,15,user_b2aba63a,0.735530
user_ee05ee55,1,user_ee05ee55,0.795037
user_ee05ee55,2,user_5738db35,0.752344
user_ee05ee55,3,user_9ee84e18,0.743072
user_ee05ee55,4,user_5c9b579a,0.718833
user_ee05ee55,5,user_c81fae29,0.715023
user_ee05ee55,6,user_fcf93ee8,0.714232
user_ee05ee55,7,user_f070eee7,0.710734
user_ee05ee55,8,user_5fddc7f1,0.702664
user_ee05ee55,9,user_17054ec7,0.695770
user_ee05ee55,10,user_1a7d6cd5,0.694923
user_ee05ee55,11,user_e8e9acac,0.690278
user_ee05ee55,12,user_a5e548ce,0.686816
user_ee05ee55,13,user_6169d3b8,0.684111
user_ee05ee55,14,user_233fda02,0.677892
user_ee05ee55,15,user_02fecea2,0.677321
user_ee14f818,1,user_2dd5b531,0.834152
user_ee14f818,2,user_30802254,0.833060
user_ee14f818,3,user_8a760553,0.826429
user_ee14f818,4,user_cf393213,0.816486
user_ee14f818,5,user_9600e8bf,0.811345
user_ee14f818,6,user_cdd86523,0.796572
user_ee14f818,7,user_886f7373,0.794800
user_ee14f818,8,user_41d0c897,0.791892
user_ee14f818,9,user_e802076d,0.791758
user_ee14f818,10,user_0eb2abf1,0.791218
user_ee14f818,11,user_45926b89,0.788662
user_ee14f818,12,user_15179955,0.787455
user_ee14f818,13,user_89e04335,0.781479
user_ee14f818,14,user_03969305,0.780240
user_ee14f818,15,user_394c25cc,0.776676
user_ee8d5ec5,1,user_1d775dd8,0.689995
user_ee8d5ec5,2,user_8292753c,0.659888
user_ee8d5ec5,3,user_7f56f9a5,0.656394
user_ee8d5ec5,4,user_f930e37f,0.650630
user_ee8d5ec5,5,user_5c9b579a,0.639770
user_ee8d5ec5,6,user_9ee84e18,0.638436
user_ee8d5ec5,7,user_058c1800,0.631584
user_ee8d5ec5,8,user_f54058d0,0.624307
user_ee8d5ec5,9,user_b350e22b,0.623607
user_ee8d5ec5,10,user_03969305,0.622523
user_ee8d5ec5,11,user_e931b2cd,0.622063
user_ee8d5ec5,12,user_e4f8ab0c,0.619976
user_ee8d5ec5,13,user_ed1aaed8,0.618813
user_ee8d5ec5,14,user_d691d016,0.618253
user_ee8d5ec5,15,user_a04b2a78,0.617612
user_ef954c6e,1,user_872311db,0.830764
user_ef954c6e,2,user_15179955,0.781832
user_ef954c6e,3,user_45926b89,0.777347
user_ef954c6e,4,user_ef954c6e,0.774609
user_ef954c6e,5,user_b49274ca,0.772275
user_ef954c6e,6,user_40a0bad3,0.772074
user_ef954c6e,7,user_e5a6abbe,0.766929
user_ef954c6e,8,user_5c5a0b40,0.763507
user_ef954c6e,9,user_111cfe7d,0.758851
user_ef954c6e,10,user_4db0d490,0.756202
user_ef954c6e,11,user_adab54a0,0.752273
user_ef954c6e,12,user_0eb2abf1,0.749849
user_ef954c6e,13,user_405db206,0.749692
user_ef954c6e,14,user_fde2d265,0.746467
user_ef954c6e,15,user_9dda4af9,0.743710
user_efcacf59,1,user_f14dc486,0.794228
user_efcacf59,2,user_515ae840,0.711550
user_efcacf59,3,user_d20928cc,0.705865
user_efcacf59,4,user_79a1811b,0.702642
user_efcacf59,5,user_efcacf59,0.701158
user_efcacf59,6,user_9ce96cbf,0.692554
user_efcacf59,7,user_2b03934e,0.688032
user_efcacf59,8,user_c32db875,0.687415
user_efcacf59,9,user_26565155,0.686201
user_efcacf59,10,user_23ecc36a,0.676040
user_efcacf59,11,user_4bf6a4a0,0.666706
user_efcacf59,12,user_66a7ce5a,0.659164
user_efcacf59,13,user_829844fd,0.658456
user_efcacf59,14,user_b2dd04c8,0.640876
user_efcacf59,15,user_0eeab432,0.638222
user_f030b951,1,user_d20928cc,0.782299
user_f030b951,2,user_515ae840,0.781447
user_f030b951,3,user_f6c0aefc,0.724338
user_f030b951,4,user_4e42bf97,0.709246
user_f030b951,5,user_b2dd04c8,0.702189
user_f030b951,6,user_24668d84,0.691934
user_f030b951,7,user_c32db875,0.685669
user_f030b951,8,user_829844fd,0.684487
user_f030b951,9,user_b7f60e64,0.681637
user_f030b951,10,user_b1c16312,0.673654
user_f030b951,11,user_b8f24804,0.665168
user_f030b951,12,user_f14dc486,0.661741
user_f030b951,13,user_1b460965,0.652273
user_f030b951,14,user_2c3eb234,0.643202
user_f030b951,15,user_23ecc36a,0.643047
user_f070eee7,1,user_f070eee7,0.905215
user_f070eee7,2,user_7c7220a4,0.829998
user_f070eee7,3,user_107259c3,0.822160
user_f070eee7,4,user_6169d3b8,0.791860
user_f070eee7,5,user_fcf93ee8,0.783215
user_f070eee7,6,user_5c9b579a,0.773594
user_f070eee7,7,user_500badda,0.756123
user_f070eee7,8,user_5a6f92a6,0.754486
user_f070eee7,9,user_7a8f7f3e,0.753361
user_f070eee7,10,user_5738db35,0.746301
user_f070eee7,11,user_9a307ebe,0.743059
user_f070eee7,12,user_1a7d6cd5,0.737032
user_f070eee7,13,user_bd47000f,0.735351
user_f070eee7,14,user_586752e4,0.734029
user_f070eee7,15,user_83afc7b2,0.730852
user_f0b144fc,1,user_6bf0e007,0.848255
user_f0b144fc,2,user_5349c6cf,0.827466
user_f0b144fc,3,user_fde2d265,0.812671
user_f0b144fc,4,user_79f04645,0.808606
user_f0b144fc,5,user_29cd4556,0.806749
user_f0b144fc,6,user_df8dc9bb,0.804044
user_f0b144fc,7,user_7b052f32,0.801466
user_f0b144fc,8,user_03969305,0.799327
user_f0b144fc,9,user_e802076d,0.789337
user_f0b144fc,10,user_4f3b6241,0.788793
user_f0b144fc,11,user_14a2d3c6,0.786887
user_f0b144fc,12,user_a4a77a7d,0.784352
user_f0b144fc,13,user_7aa3746b,0.784067
user_f0b144fc,14,user_d758a0a1,0.782924
user_f0b144fc,15,user_fdcaaf41,0.777911
user_f0cf195f,1,user_f0cf195f,0.755863
user_f0cf195f,2,user_3a39cc49,0.669875
user_f0cf195f,3,user_529e3009,0.638233
user_f0cf195f,4,user_cbabbcee,0.624146
user_f0cf195f,5,user_c90ad79a,0.603044
user_f0cf195f,6,user_0b64b183,0.600117
user_f0cf195f,7,user_50e2a836,0.599627
user_f0cf195f,8,user_a6c2e760,0.589971
user_f0cf195f,9,user_b337cb0c,0.588552
user_f0cf195f,10,user_e6dd44b0,0.587520
user_f0cf195f,11,user_ef954c6e,0.585443
user_f0cf195f,12,user_032e5bc8,0.584243
user_f0cf195f,13,user_2cb4b018,0.582597
user_f0cf195f,14,user_e5a6abbe,0.581064
user_f0cf195f,15,user_aabd2642,0.580348
user_f107081e,1,user_1e302679,0.648892
user_f107081e,2,user_89f449b4,0.573038
user_f107081e,3,user_e5beda2b,0.551073
user_f107081e,4,user_9991e1d8,0.540104
user_f107081e,5,user_7c8639cd,0.537098
user_f107081e,6,user_b8f24804,0.501317
user_f107081e,7,user_529e3009,0.480194
user_f107081e,8,user_a57a04fa,0.464933
user_f107081e,9,user_2c3eb234,0.450479
user_f107081e,10,user_ebe17c78,0.393907
user_f107081e,11,user_f107081e,0.389045
user_f107081e,12,user_39f8897b,0.383846
user_f107081e,13,user_c8f82360,0.377645
user_f107081e,14,user_8a3bbeb2,0.372079
user_f107081e,15,user_48669fd6,0.367514
user_f27da10a,1,user_70bbda36,0.727887
user_f27da10a,2,user_67acd9b1,0.727503
user_f27da10a,3,user_9a5457b0,0.726654
user_f27da10a,4,user_9818dcae,0.698787
user_f27da10a,5,user_bbb0205e,0.698433
user_f27da10a,6,user_9351238d,0.697056
user_f27da10a,7,user_ffe2efae,0.696686
user_f27da10a,8,user_02fecea2,0.696603
user_f27da10a,9,user_8006727d,0.693999
user_f27da10a,10,user_fdc08e26,0.691472
user_f27da10a,11,user_94cad3a5,0.690503
user_f27da10a,12,user_9b6481e4,0.686426
user_f27da10a,13,user_16ac4154,0.683725
user_f27da10a,14,user_586752e4,0.683064
user_f27da10a,15,user_3bc84c13,0.682147
user_f3377028,1,user_08c32973,0.921401
user_f3377028,2,user_6fa47d61,0.863630
user_f3377028,3,user_e409a56d,0.858763
user_f3377028,4,user_7de6f343,0.839908
user_f3377028,5,user_2efde048,0.838285
user_f3377028,6,user_1a4bec69,0.837837
user_f3377028,7,user_f3377028,0.833658
user_f3377028,8,user_04f39d22,0.832806
user_f3377028,9,user_4ea1ef09,0.828185
user_f3377028,10,user_f5e1eee0,0.824494
user_f3377028,11,user_421ae417,0.823653
user_f3377028,12,user_2c2a5c24,0.821962
user_f3377028,13,user_25652863,0.819811
user_f3377028,14,user_81c4dae1,0.819610
user_f3377028,15,user_58bfeaad,0.819253
user_f368b9da,1,user_17607ebc,0.870679
user_f368b9da,2,user_d70942c1,0.842226
user_f368b9da,3,user_43a979d2,0.835137
user_f368b9da,4,user_79f04645,0.807284
user_f368b9da,5,user_8fe14601,0.787372
user_f368b9da,6,user_38ab51d4,0.784392
user_f368b9da,7,user_9d65649f,0.780940
user_f368b9da,8,user_b5af9db9,0.780108
user_f368b9da,9,user_954805d7,0.776193
user_f368b9da,10,user_636ad58f,0.774378
user_f368b9da,11,user_bd19a016,0.765822
user_f368b9da,12,user_0cee87f3,0.760322
user_f368b9da,13,user_5349c6cf,0.759135
user_f368b9da,14,user_73f34c5d,0.757147
user_f368b9da,15,user_dd1d7b22,0.757145
user_f43d6008,1,user_b49274ca,0.819742
user_f43d6008,2,user_e1730a9c,0.814179
user_f43d6008,3,user_69df6330,0.801665
user_f43d6008,4,user_f43d6008,0.798804
user_f43d6008,5,user_94f185bc,0.798139
user_f43d6008,6,user_ec574395,0.797853
user_f43d6008,7,user_56980aa9,0.791566
user_f43d6008,8,user_8f8346ad,0.788938
user_f43d6008,9,user_45926b89,0.784657
user_f43d6008,10,user_fde2d265,0.779279
user_f43d6008,11,user_74d27419,0.779190
user_f43d6008,12,user_2dd5b531,0.777718
user_f43d6008,13,user_e8d15537,0.775918
user_f43d6008,14,user_cf393213,0.773050
user_f43d6008,15,user_fc1cfe0b,0.769794
user_f4f9490d,1,user_4144252d,0.810626
user_f4f9490d,2,user_8e5e899b,0.809863
user_f4f9490d,3,user_df8dc9bb,0.804354
user_f4f9490d,4,user_5ac1a174,0.804020
user_f4f9490d,5,user_87e5d9b0,0.803554
user_f4f9490d,6,user_29266f60,0.802314
user_f4f9490d,7,user_bd05225b,0.791924
user_f4f9490d,8,user_f4f9490d,0.786259
user_f4f9490d,9,user_8e97a154,0.785518
user_f4f9490d,10,user_233fda02,0.781249
user_f4f9490d,11,user_5a6f92a6,0.780750
user_f4f9490d,12,user_14a2d3c6,0.778859
user_f4f9490d,13,user_858fa00c,0.777213
user_f4f9490d,14,user_0669bdf6,0.774234
user_f4f9490d,15,user_83afc7b2,0.773038
user_f5138e15,1,user_f5138e15,0.876724
user_f5138e15,2,user_ba085464,0.816067
user_f5138e15,3,user_fa60616d,0.702486
user_f5138e15,4,user_1e3084a6,0.691532
user_f5138e15,5,user_dca78fea,0.684519
user_f5138e15,6,user_02016939,0.682068
user_f5138e15,7,user_fba6bcd4,0.679768
user_f5138e15,8,user_bd6a40d5,0.675240
user_f5138e15,9,user_3ff3188b,0.673599
user_f5138e15,10,user_124651ff,0.665095
user_f5138e15,11,user_ded778b8,0.665088
user_f5138e15,12,user_7bbd1543,0.659840
user_f5138e15,13,user_c39d41d7,0.658160
user_f5138e15,14,user_4f755977,0.657942
user_f5138e15,15,user_6ae9ce92,0.655408
user_f52ced02,1,user_e3f9409b,0.686220
user_f52ced02,2,user_2c940ff8,0.674854
user_f52ced02,3,user_858fa00c,0.665411
user_f52ced02,4,user_f10e7063,0.656957
user_f52ced02,5,user_6fc85c06,0.651368
user_f52ced02,6,user_45be01a5,0.647555
user_f52ced02,7,user_0f006eec,0.626708
user_f52ced02,8,user_6ab8f7d4,0.625042
user_f52ced02,9,user_f52ced02,0.624132
user_f52ced02,10,user_3eb49f37,0.624008
user_f52ced02,11,user_48669fd6,0.618933
user_f52ced02,12,user_d758a0a1,0.617608
user_f52ced02,13,user_f60a09b3,0.602077
user_f52ced02,14,user_7fd91653,0.601828
user_f52ced02,15,user_ab30f0fb,0.594299
user_f54058d0,1,user_f54058d0,0.852521
user_f54058d0,2,user_ed1aaed8,0.772499
user_f54058d0,3,user_4bd9303b,0.745558
user_f54058d0,4,user_ab439a92,0.722126
user_f54058d0,5,user_43049634,0.707081
user_f54058d0,6,user_c50a487d,0.701142
user_f54058d0,7,user_96a45b45,0.700967
user_f54058d0,8,user_1022be44,0.686397
user_f54058d0,9,user_9351238d,0.686242
user_f54058d0,10,user_98f18241,0.682940
user_f54058d0,11,user_3b79395c,0.680835
user_f54058d0,12,user_3b1da5d9,0.679766
user_f54058d0,13,user_b2aba63a,0.676223
user_f54058d0,14,user_58bfeaad,0.674286
user_f54058d0,15,user_9a5457b0,0.672752
user_f5e2976e,1,user_f5e2976e,0.852664
user_f5e2976e,2,user_1c7b7780,0.771543
user_f5e2976e,3,user_68349053,0.719871
user_f5e2976e,4,user_417702c5,0.652175
user_f5e2976e,5,user_0e408c4a,0.628325
user_f5e2976e,6,user_d9b8914f,0.607901
user_f5e2976e,7,user_e51692a6,0.607351
user_f5e2976e,8,user_be018f9d,0.595594
user_f5e2976e,9,user_1f09455f,0.585901
user_f5e2976e,10,user_33b2b77f,0.578669
user_f5e2976e,11,user_40efa894,0.576665
user_f5e2976e,12,user_ed1aaed8,0.567100
user_f5e2976e,13,user_e6dd44b0,0.565883
user_f5e2976e,14,user_75905116,0.565328
user_f5e2976e,15,user_16ac4154,0.557875
user_f5fea76f,1,user_f5fea76f,0.797936
user_f5fea76f,2,user_22adb798,0.775592
user_f5fea76f,3,user_92fe4471,0.761674
user_f5fea76f,4,user_eda37c14,0.742365
user_f5fea76f,5,user_979ee068,0.737896
user_f5fea76f,6,user_9fc3c829,0.699983
user_f5fea76f,7,user_414a6eaf,0.698443
user_f5fea76f,8,user_737d3148,0.697653
user_f5fea76f,9,user_7b4c75ab,0.694925
user_f5fea76f,10,user_a7f8db34,0.684409
user_f5fea76f,11,user_8e5e899b,0.677830
user_f5fea76f,12,user_858fa00c,0.669628
user_f5fea76f,13,user_ff39b6cf,0.657329
user_f5fea76f,14,user_233fda02,0.656871
user_f5fea76f,15,user_587b57d5,0.652698
user_f60a09b3,1,user_f60a09b3,0.811253
user_f60a09b3,2,user_6fc85c06,0.770666
user_f60a09b3,3,user_f827c7dd,0.761265
user_f60a09b3,4,user_9571d0d5,0.744057
user_f60a09b3,5,user_f10e7063,0.741621
user_f60a09b3,6,user_df8dc9bb,0.726120
user_f60a09b3,7,user_8d22714e,0.719826
user_f60a09b3,8,user_acb51eed,0.718120
user_f60a09b3,9,user_bd05225b,0.716535
user_f60a09b3,10,user_90e5fee6,0.714507
user_f60a09b3,11,user_858fa00c,0.714030
user_f60a09b3,12,user_0cc626ee,0.713269
user_f60a09b3,13,user_e59c000f,0.710706
user_f60a09b3,14,user_6a0b0e92,0.707842
user_f60a09b3,15,user_0669bdf6,0.707135
user_f7538815,1,user_f7538815,0.864362
user_f7538815,2,user_e6dd44b0,0.743054
user_f7538815,3,user_b6350ec1,0.737561
user_f7538815,4,user_cbabbcee,0.722565
user_f7538815,5,user_07cb458d,0.713621
user_f7538815,6,user_0b64b183,0.712658
user_f7538815,7,user_7b5f54c0,0.709444
user_f7538815,8,user_d6175d39,0.709074
user_f7538815,9,user_a3a4a20a,0.706122
user_f7538815,10,user_3e1f9dc1,0.699941
user_f7538815,11,user_c39d41d7,0.698909
user_f7538815,12,user_fba6bcd4,0.694313
user_f7538815,13,user_166a3647,0.693956
user_f7538815,14,user_1a2755b3,0.693746
user_f7538815,15,user_fa60616d,0.693171
user_f75c71f0,1,user_f75c71f0,0.794504
user_f75c71f0,2,user_d2bd9832,0.775025
user_f75c71f0,3,user_7a7dda35,0.759126
user_f75c71f0,4,user_2e81a539,0.745192
user_f75c71f0,5,user_394c25cc,0.742252
user_f75c71f0,6,user_ebddf9c1,0.740667
user_f75c71f0,7,user_1936a7c3,0.738397
user_f75c71f0,8,user_aabd2642,0.732735
user_f75c71f0,9,user_5993b36a,0.732252
user_f75c71f0,10,user_fba6bcd4,0.730258
user_f75c71f0,11,user_1f1dc5e0,0.727830
user_f75c71f0,12,user_e6057285,0.727585
user_f75c71f0,13,user_a743aff9,0.726417
user_f75c71f0,14,user_a151ddab,0.724093
user_f75c71f0,15,user_fc1cfe0b,0.723257
user_f7bb8af1,1,user_56e6d0cd,0.867005
user_f7bb8af1,2,user_b6d05d1d,0.799902
user_f7bb8af1,3,user_c994138f,0.791288
user_f7bb8af1,4,user_c2f18cf7,0.785909
user_f7bb8af1,5,user_e8e9acac,0.785329
user_f7bb8af1,6,user_daf37424,0.777254
user_f7bb8af1,7,user_54b19b29,0.771919
user_f7bb8af1,8,user_dae4304f,0.771598
user_f7bb8af1,9,user_c34e791e,0.770568
user_f7bb8af1,10,user_25b48a9a,0.762071
user_f7bb8af1,11,user_57c1d6c0,0.761964
user_f7bb8af1,12,user_dd6e7bcb,0.761918
user_f7bb8af1,13,user_8be3f554,0.761005
user_f7bb8af1,14,user_3b79395c,0.760559
user_f7bb8af1,15,user_9dda4af9,0.759986
user_f7fd2885,1,user_04f39d22,0.899332
user_f7fd2885,2,user_421ae417,0.889706
user_f7fd2885,3,user_7de6f343,0.878489
user_f7fd2885,4,user_6fa47d61,0.869556
user_f7fd2885,5,user_74cfb8ef,0.864753
user_f7fd2885,6,user_2c2a5c24,0.860308
user_f7fd2885,7,user_40efa894,0.859312
user_f7fd2885,8,user_83e45cc0,0.858646
user_f7fd2885,9,user_e409a56d,0.853518
user_f7fd2885,10,user_f3377028,0.849376
user_f7fd2885,11,user_bf30f80d,0.843287
user_f7fd2885,12,user_ba8b1c05,0.842061
user_f7fd2885,13,user_daf59045,0.841164
user_f7fd2885,14,user_53b85563,0.837036
user_f7fd2885,15,user_81c4dae1,0.835898
user_f827c7dd,1,user_f827c7dd,0.781360
user_f827c7dd,2,user_ed3091a2,0.737159
user_f827c7dd,3,user_3a55606c,0.713076
user_f827c7dd,4,user_0cc626ee,0.710060
user_f827c7dd,5,user_9ee84e18,0.705029
user_f827c7dd,6,user_17355c30,0.694730
user_f827c7dd,7,user_5ac1a174,0.692723
user_f827c7dd,8,user_4d4f73a6,0.683057
user_f827c7dd,9,user_90e5fee6,0.682659
user_f827c7dd,10,user_d758a0a1,0.677830
user_f827c7dd,11,user_1bcbacb3,0.676208
user_f827c7dd,12,user_858fa00c,0.675853
user_f827c7dd,13,user_058c1800,0.675790
user_f827c7dd,14,user_a6a094cf,0.674991
user_f827c7dd,15,user_6a0b0e92,0.670514
user_f8e2246f,1,user_9c5cd7fa,0.727137
user_f8e2246f,2,user_daf53db6,0.700916
user_f8e2246f,3,user_f8e2246f,0.691000
user_f8e2246f,4,user_c41de62b,0.684597
user_f8e2246f,5,user_08aa624b,0.683567
user_f8e2246f,6,user_71b9b8e0,0.679840
user_f8e2246f,7,user_33c6501d,0.678753
user_f8e2246f,8,user_6011e674,0.676394
user_f8e2246f,9,user_6bb64984,0.675906
user_f8e2246f,10,user_2dc10d2d,0.672405
user_f8e2246f,11,user_4f864d55,0.670864
user_f8e2246f,12,user_b78601b5,0.664629
user_f8e2246f,13,user_d10d1f24,0.662977
user_f8e2246f,14,user_417702c5,0.658641
user_f8e2246f,15,user_b6b89f00,0.657071
user_f930e37f,1,user_e802076d,0.812993
user_f930e37f,2,user_147d1bbb,0.797868
user_f930e37f,3,user_bd05225b,0.793560
user_f930e37f,4,user_88b2faba,0.788610
user_f930e37f,5,user_0f0ad720,0.781723
user_f930e37f,6,user_dd6e7bcb,0.779653
user_f930e37f,7,user_c39d41d7,0.776293
user_f930e37f,8,user_daf37424,0.774432
user_f930e37f,9,user_e6dd44b0,0.772187
user_f930e37f,10,user_03969305,0.768941
user_f930e37f,11,user_c5f32c0d,0.767026
user_f930e37f,12,user_e5a6abbe,0.764955
user_f930e37f,13,user_3ac315cb,0.764105
user_f930e37f,14,user_a3a4a20a,0.763608
user_f930e37f,15,user_25798310,0.759267
user_f959eee4,1,user_636d1da4,0.617394
user_f959eee4,2,user_0cd29f02,0.608883
user_f959eee4,3,user_2cb4b018,0.552429
user_f959eee4,4,user_9c5071dd,0.552266
user_f959eee4,5,user_cdd86523,0.549679
user_f959eee4,6,user_5a283043,0.547175
user_f959eee4,7,user_fde2d265,0.535718
user_f959eee4,8,user_f51339f8,0.534640
user_f959eee4,9,user_d2bd9832,0.532769
user_f959eee4,10,user_a57e47b1,0.529912
user_f959eee4,11,user_a743aff9,0.527590
user_f959eee4,12,user_c4c70447,0.526872
user_f959eee4,13,user_1b7f8c56,0.522287
user_f959eee4,14,user_dbc4828c,0.521490
user_f959eee4,15,user_72b93300,0.520309
user_fa60616d,1,user_e59c000f,0.838267
user_fa60616d,2,user_f60a09b3,0.828318
user_fa60616d,3,user_03969305,0.828016
user_fa60616d,4,user_dc326993,0.823115
user_fa60616d,5,user_0898fc4b,0.812153
user_fa60616d,6,user_c5f32c0d,0.810991
user_fa60616d,7,user_e6057285,0.809962
user_fa60616d,8,user_5881b259,0.802909
user_fa60616d,9,user_e802076d,0.802863
user_fa60616d,10,user_70bbda36,0.802020
user_fa60616d,11,user_68d19df8,0.801829
user_fa60616d,12,user_586752e4,0.800716
user_fa60616d,13,user_02016939,0.799960
user_fa60616d,14,user_fa60616d,0.799239
user_fa60616d,15,user_df8dc9bb,0.797251
user_fa69a385,1,user_1a7d6cd5,0.881513
user_fa69a385,2,user_fcf93ee8,0.843372
user_fa69a385,3,user_3b79395c,0.824662
user_fa69a385,4,user_c50a487d,0.824276
user_fa69a385,5,user_03410579,0.816608
user_fa69a385,6,user_500badda,0.814838
user_fa69a385,7,user_3e284ba5,0.806951
user_fa69a385,8,user_02fecea2,0.802624
user_fa69a385,9,user_4144252d,0.802170
user_fa69a385,10,user_e8ff8a9a,0.799698
user_fa69a385,11,user_13fb2e34,0.797927
user_fa69a385,12,user_1246b252,0.795916
user_fa69a385,13,user_8fb63eca,0.794407
user_fa69a385,14,user_89571ce8,0.792071
user_fa69a385,15,user_a4893af1,0.788028
user_fb427339,1,user_da51dede,0.826692
user_fb427339,2,user_03410579,0.803249
user_fb427339,3,user_b0129d9e,0.791579
user_fb427339,4,user_900ffd5c,0.789255
user_fb427339,5,user_7a8f7f3e,0.783560
user_fb427339,6,user_0c578ab5,0.771724
user_fb427339,7,user_bb8be7e3,0.771222
user_fb427339,8,user_5c9b579a,0.754660
user_fb427339,9,user_7b5f54c0,0.753666
user_fb427339,10,user_93cdb7a1,0.751981
user_fb427339,11,user_70bbda36,0.751928
user_fb427339,12,user_25798310,0.749131
user_fb427339,13,user_e2e59795,0.748863
user_fb427339,14,user_107259c3,0.747215
user_fb427339,15,user_166a3647,0.746951
user_fb64cb55,1,user_b63ea1d4,0.811231
user_fb64cb55,2,user_586752e4,0.803217
user_fb64cb55,3,user_737dd050,0.801418
user_fb64cb55,4,user_9a5457b0,0.800168
user_fb64cb55,5,user_0128a546,0.798397
user_fb64cb55,6,user_16ac4154,0.788809
user_fb64cb55,7,user_2c69b83e,0.786298
user_fb64cb55,8,user_ea67f9c6,0.784353
user_fb64cb55,9,user_9351238d,0.783395
user_fb64cb55,10,user_9ee84e18,0.781163
user_fb64cb55,11,user_858fa00c,0.776440
user_fb64cb55,12,user_25798310,0.769222
user_fb64cb55,13,user_fb64cb55,0.767178
user_fb64cb55,14,user_67acd9b1,0.763772
user_fb64cb55,15,user_b4f295b3,0.763414
user_fb8f46c8,1,user_3b79395c,0.845287
user_fb8f46c8,2,user_67acd9b1,0.780148
user_fb8f46c8,3,user_9a5457b0,0.774349
user_fb8f46c8,4,user_b2aba63a,0.765669
user_fb8f46c8,5,user_02fecea2,0.761494
user_fb8f46c8,6,user_476670f9,0.758911
user_fb8f46c8,7,user_1a7d6cd5,0.751538
user_fb8f46c8,8,user_e8e9acac,0.750575
user_fb8f46c8,9,user_94cad3a5,0.745441
user_fb8f46c8,10,user_c50a487d,0.745426
user_fb8f46c8,11,user_9351238d,0.741590
user_fb8f46c8,12,user_815b7baf,0.739213
user_fb8f46c8,13,user_166a3647,0.736518
user_fb8f46c8,14,user_e696f3ae,0.735246
user_fb8f46c8,15,user_ea67f9c6,0.735166
user_fbed237d,1,user_62b122b9,0.788392
user_fbed237d,2,user_0bc8e727,0.771459
user_fbed237d,3,user_586752e4,0.766802
user_fbed237d,4,user_5c9b579a,0.763162
user_fbed237d,5,user_93cdb7a1,0.758695
user_fbed237d,6,user_66772d98,0.749943
user_fbed237d,7,user_ba085464,0.746704
user_fbed237d,8,user_a61b0d31,0.744921
user_fbed237d,9,user_acb899e9,0.744220
user_fbed237d,10,user_b4214db6,0.743371
user_fbed237d,11,user_2e81a539,0.741565
user_fbed237d,12,user_96013176,0.738574
user_fbed237d,13,user_f75c71f0,0.734951
user_fbed237d,14,user_02016939,0.733353
user_fbed237d,15,user_03969305,0.733328
user_fc1cfe0b,1,user_56980aa9,0.747376
user_fc1cfe0b,2,user_9571d0d5,0.745078
user_fc1cfe0b,3,user_454733da,0.735010
user_fc1cfe0b,4,user_9ee84e18,0.720190
user_fc1cfe0b,5,user_b9036662,0.710254
user_fc1cfe0b,6,user_f75c71f0,0.709088
user_fc1cfe0b,7,user_f930e37f,0.707895
user_fc1cfe0b,8,user_9ff844ba,0.706878
user_fc1cfe0b,9,user_3b90fb53,0.703809
user_fc1cfe0b,10,user_6fc85c06,0.703254
user_fc1cfe0b,11,user_eafc973e,0.698974
user_fc1cfe0b,12,user_233fda02,0.698938
user_fc1cfe0b,13,user_e8e9acac,0.695118
user_fc1cfe0b,14,user_cdd86523,0.691570
user_fc1cfe0b,15,user_d023a78e,0.683730
user_fca58a87,1,user_fca58a87,0.849197
user_fca58a87,2,user_165a2706,0.773504
user_fca58a87,3,user_e7ff2beb,0.762430
user_fca58a87,4,user_835666af,0.746230
user_fca58a87,5,user_fb64cb55,0.745654
user_fca58a87,6,user_5881b259,0.740538
user_fca58a87,7,user_69193575,0.740135
user_fca58a87,8,user_bd05225b,0.739561
user_fca58a87,9,user_f0cf195f,0.736888
user_fca58a87,10,user_5a283043,0.729544
user_fca58a87,11,user_1b7f8c56,0.729386
user_fca58a87,12,user_a743aff9,0.726456
user_fca58a87,13,user_f60a09b3,0.725805
user_fca58a87,14,user_90e5fee6,0.725530
user_fca58a87,15,user_5993b36a,0.725389
user_fcf93ee8,1,user_6169d3b8,0.788297
user_fcf93ee8,2,user_1ae8e7f5,0.754154
user_fcf93ee8,3,user_107259c3,0.743222
user_fcf93ee8,4,user_81a80789,0.727811
user_fcf93ee8,5,user_ea67f9c6,0.727284
user_fcf93ee8,6,user_8713f22a,0.721836
user_fcf93ee8,7,user_166a3647,0.719999
user_fcf93ee8,8,user_ab434739,0.716477
user_fcf93ee8,9,user_76638121,0.715811
user_fcf93ee8,10,user_7f623d19,0.714205
user_fcf93ee8,11,user_1a7d6cd5,0.705861
user_fcf93ee8,12,user_02fecea2,0.705419
user_fcf93ee8,13,user_f070eee7,0.703159
user_fcf93ee8,14,user_1f636ddc,0.702322
user_fcf93ee8,15,user_b4f295b3,0.701812
user_fdc08e26,1,user_9a5457b0,0.821293
user_fdc08e26,2,user_f930e37f,0.817301
user_fdc08e26,3,user_3431c049,0.809323
user_fdc08e26,4,user_67acd9b1,0.807200
user_fdc08e26,5,user_4f3b6241,0.806375
user_fdc08e26,6,user_fdc08e26,0.806222
user_fdc08e26,7,user_02fecea2,0.804705
user_fdc08e26,8,user_9351238d,0.804058
user_fdc08e26,9,user_16ac4154,0.803020
user_fdc08e26,10,user_03969305,0.801077
user_fdc08e26,11,user_efb27a8e,0.797312
user_fdc08e26,12,user_b63ea1d4,0.796137
user_fdc08e26,13,user_2c69b83e,0.791723
user_fdc08e26,14,user_3bc84c13,0.791374
user_fdc08e26,15,user_ab86ab82,0.790202
user_fdcaaf41,1,user_107259c3,0.865816
user_fdcaaf41,2,user_586752e4,0.824202
user_fdcaaf41,3,user_7c7220a4,0.805772
user_fdcaaf41,4,user_b1d0760b,0.803560
user_fdcaaf41,5,user_f070eee7,0.800829
user_fdcaaf41,6,user_5c9b579a,0.799885
user_fdcaaf41,7,user_8e97a154,0.797989
user_fdcaaf41,8,user_ea67f9c6,0.797145
user_fdcaaf41,9,user_d4c7b4c0,0.796819
user_fdcaaf41,10,user_5a6f92a6,0.794470
user_fdcaaf41,11,user_b4f295b3,0.792932
user_fdcaaf41,12,user_6169d3b8,0.787253
user_fdcaaf41,13,user_737dd050,0.785312
user_fdcaaf41,14,user_baeb91b3,0.784920
user_fdcaaf41,15,user_166a3647,0.782063
user_fde2d265,1,user_2e05a7a0,0.799269
user_fde2d265,2,user_69a4dd06,0.790146
user_fde2d265,3,user_380ddd3f,0.776956
user_fde2d265,4,user_9bee2a7c,0.748004
user_fde2d265,5,user_74d27419,0.741878
user_fde2d265,6,user_8f8346ad,0.741501
user_fde2d265,7,user_ec574395,0.734186
user_fde2d265,8,user_650da71b,0.733432
user_fde2d265,9,user_cf393213,0.721480
user_fde2d265,10,user_a8dc91a3,0.718621
user_fde2d265,11,user_4a57e449,0.718439
user_fde2d265,12,user_6bf0e007,0.709071
user_fde2d265,13,user_94f185bc,0.704535
user_fde2d265,14,user_ee8d5ec5,0.703844
user_fde2d265,15,user_ab86ab82,0.701445
user_fe922ad0,1,user_a151ddab,0.823575
user_fe922ad0,2,user_e5a6abbe,0.816089
user_fe922ad0,3,user_3971c3e6,0.814406
user_fe922ad0,4,user_c5f32c0d,0.813474
user_fe922ad0,5,user_147d1bbb,0.813125
user_fe922ad0,6,user_88b2faba,0.808206
user_fe922ad0,7,user_886f7373,0.804223
user_fe922ad0,8,user_e59c000f,0.803408
user_fe922ad0,9,user_032e5bc8,0.797726
user_fe922ad0,10,user_6deada35,0.796553
user_fe922ad0,11,user_0898fc4b,0.796465
user_fe922ad0,12,user_586752e4,0.795292
user_fe922ad0,13,user_df8dc9bb,0.793552
user_fe922ad0,14,user_a4a77a7d,0.793423
user_fe922ad0,15,user_b16e0cf8,0.791912
user_ff39b6cf,1,user_c59ebe9c,0.710442
user_ff39b6cf,2,user_87e5d9b0,0.701008
user_ff39b6cf,3,user_29266f60,0.689665
user_ff39b6cf,4,user_4144252d,0.673234
user_ff39b6cf,5,user_5ac1a174,0.636882
user_ff39b6cf,6,user_3b1da5d9,0.635576
user_ff39b6cf,7,user_fdcaaf41,0.630905
user_ff39b6cf,8,user_233fda02,0.624350
user_ff39b6cf,9,user_ff39b6cf,0.621858
user_ff39b6cf,10,user_885e8708,0.618888
user_ff39b6cf,11,user_b0129d9e,0.618340
user_ff39b6cf,12,user_8e5e899b,0.614867
user_ff39b6cf,13,user_6a13946a,0.614148
user_ff39b6cf,14,user_3b90fb53,0.612175
user_ff39b6cf,15,user_7f56f9a5,0.609396
user_ff591131,1,user_ff591131,0.802397
user_ff591131,2,user_5c82df31,0.739494
user_ff591131,3,user_524450e9,0.733807
user_ff591131,4,user_226be32f,0.712100
user_ff591131,5,user_3239132f,0.710185
user_ff591131,6,user_82d93459,0.709891
user_ff591131,7,user_d691d016,0.705336
user_ff591131,8,user_3e284ba5,0.702494
user_ff591131,9,user_1cfedba8,0.695633
user_ff591131,10,user_032e5bc8,0.693463
user_ff591131,11,user_39b3eda0,0.691563
user_ff591131,12,user_02d8a1f8,0.682905
user_ff591131,13,user_b350e22b,0.679629
user_ff591131,14,user_a6c5a10c,0.673505
user_ff591131,15,user_6fc85c06,0.672442
